0.669,0.573,0.434,0.415,0.355,0.473,0.5579999999999999,0.828,0.725,0.495,0.528,0.68,0.56,0.58,0.381,0.32299999999999995,0.341,0.389,0.726,0.914,0.821,0.603,0.728,0.534,0.32,0.424,0.5710000000000001,0.433,0.461,0.473
0.11666666699999999,0.0,0.0,0.0,0.0,0.0,0.0,0.035,0.01,0.0,0.0,0.0,0.0,0.0,0.0,0.0,0.0,0.0,0.15833333300000002,0.03,0.0,0.0,0.093333333,0.006666666999999999,0.0,0.0,0.0,0.0,0.0,0.001333333
1.0,0.0,0.0,0.0,0.0,0.0,0.0,1.0,1.0,0.0,0.0,0.0,0.0,0.0,0.0,0.0,0.0,0.0,1.0,1.0,1.0,0.0,1.0,1.0,0.0,0.0,0.0,0.0,0.0,1.0
0.33166666699999997,0.37,0.36166666700000005,0.34,0.34833333299999997,0.438333333,0.5066666670000001,0.47833333299999997,0.45333333299999995,0.39833333299999996,0.42166666700000005,0.425,0.47333333299999997,0.44833333299999995,0.47666666700000004,0.5033333329999999,0.533333333,0.556666667,0.44,0.40666666700000004,0.465,0.578333333,0.5016666670000001,0.44833333299999995,0.5033333329999999,0.533333333,0.581666667,0.6316666670000001,0.6266666670000001,0.635
0.40666666700000004,0.46333333299999996,0.45333333299999995,0.41,0.456666667,0.543333333,0.6233333329999999,0.531666667,0.54,0.456666667,0.5016666670000001,0.523333333,0.611666667,0.548333333,0.578333333,0.605,0.655,0.6466666670000001,0.5216666670000001,0.45,0.538333333,0.693333333,0.595,0.53,0.6216666670000001,0.6183333329999999,0.688333333,0.74,0.721666667,0.735
0.268333333,0.286666667,0.301666667,0.29333333300000003,0.26,0.32666666699999997,0.428333333,0.441666667,0.40166666700000003,0.33833333299999996,0.373333333,0.34833333299999997,0.365,0.37,0.375,0.40333333299999996,0.45333333299999995,0.47666666700000004,0.40833333299999997,0.381666667,0.40166666700000003,0.45333333299999995,0.425,0.38333333299999994,0.38,0.48,0.483333333,0.5066666670000001,0.538333333,0.566666667
0.619,0.621,0.5035,0.4245,0.385,0.414,0.5155,0.693,0.7765,0.61,0.5115,0.604,0.62,0.57,0.4805,0.35200000000000004,0.332,0.365,0.5575,0.82,0.8675,0.7120000000000001,0.6655,0.631,0.42700000000000005,0.37200000000000005,0.4975,0.502,0.447,0.467
0.095,0.058333333,0.0,0.0,0.0,0.0,0.0,0.0175,0.0225,0.005,0.0,0.0,0.0,0.0,0.0,0.0,0.0,0.0,0.079166667,0.094166667,0.015,0.0,0.046666667,0.05,0.003333333,0.0,0.0,0.0,0.0,0.000666667
1.0,0.5,0.0,0.0,0.0,0.0,0.0,0.5,1.0,0.5,0.0,0.0,0.0,0.0,0.0,0.0,0.0,0.0,0.5,1.0,1.0,0.5,0.5,1.0,0.5,0.0,0.0,0.0,0.0,0.5
0.36,0.35083333299999997,0.365833333,0.35083333299999997,0.34416666700000004,0.39333333299999995,0.4725,0.4925,0.46583333299999996,0.425833333,0.41,0.423333333,0.449166667,0.46083333299999996,0.4625,0.49,0.518333333,0.545,0.498333333,0.423333333,0.435833333,0.5216666670000001,0.54,0.475,0.47583333299999997,0.518333333,0.5575,0.606666667,0.629166667,0.630833333
0.44583333299999994,0.435,0.45833333299999995,0.431666667,0.433333333,0.5,0.583333333,0.5775,0.535833333,0.498333333,0.47916666700000005,0.5125,0.5675,0.58,0.563333333,0.591666667,0.63,0.650833333,0.5841666670000001,0.485833333,0.494166667,0.615833333,0.644166667,0.5625,0.575833333,0.62,0.653333333,0.714166667,0.730833333,0.7283333329999999
0.288333333,0.2775,0.294166667,0.2975,0.276666667,0.29333333300000003,0.3775,0.435,0.42166666700000005,0.37,0.355833333,0.360833333,0.35666666700000005,0.3675,0.3725,0.389166667,0.428333333,0.465,0.4425,0.395,0.391666667,0.4275,0.439166667,0.40416666700000003,0.381666667,0.43,0.48166666700000005,0.495,0.5225,0.5525
0.5063333329999999,0.603666667,0.558666667,0.474,0.40133333299999996,0.41433333299999997,0.462,0.6196666670000001,0.703666667,0.682666667,0.582666667,0.567666667,0.589333333,0.606666667,0.507,0.428,0.34833333299999997,0.35100000000000003,0.485333333,0.676333333,0.820333333,0.779333333,0.717333333,0.6216666670000001,0.527333333,0.426,0.438333333,0.47600000000000003,0.488333333,0.455666667
0.06333333299999999,0.06333333299999999,0.038888888999999996,0.0,0.0,0.0,0.0,0.011666667,0.015,0.015,0.003333333,0.0,0.0,0.0,0.0,0.0,0.0,0.0,0.052777778,0.06277777799999999,0.06277777799999999,0.01,0.031111111,0.033333333,0.033333333,0.0022222220000000003,0.0,0.0,0.0,0.000444444
0.666666667,0.666666667,0.333333333,0.0,0.0,0.0,0.0,0.333333333,0.666666667,0.666666667,0.333333333,0.0,0.0,0.0,0.0,0.0,0.0,0.0,0.333333333,0.666666667,1.0,0.666666667,0.666666667,0.666666667,0.666666667,0.333333333,0.0,0.0,0.0,0.333333333
0.348888889,0.363333333,0.35444444399999997,0.35722222200000003,0.35,0.375555556,0.431111111,0.47444444399999997,0.47944444399999997,0.443333333,0.424444444,0.415,0.44,0.44888888899999996,0.466111111,0.47611111100000003,0.504444444,0.531111111,0.51,0.467777778,0.43722222200000005,0.483333333,0.515,0.509444444,0.484444444,0.495,0.539444444,0.5822222220000001,0.6133333329999999,0.6311111110000001
0.43277777799999995,0.451666667,0.441111111,0.44222222200000005,0.44,0.47,0.541111111,0.566111111,0.565,0.509444444,0.499444444,0.493888889,0.545555556,0.561111111,0.579444444,0.5772222220000001,0.612777778,0.635555556,0.607777778,0.539444444,0.5033333329999999,0.5605555560000001,0.6088888889999999,0.606111111,0.5822222220000001,0.59,0.642777778,0.682222222,0.716666667,0.732222222
0.278888889,0.287777778,0.285555556,0.293888889,0.285,0.29333333300000003,0.33833333299999996,0.39888888899999997,0.423888889,0.39388888899999996,0.371111111,0.35333333299999997,0.36222222200000004,0.36111111100000004,0.37,0.38277777799999996,0.410555556,0.444444444,0.446111111,0.42222222200000004,0.397222222,0.412222222,0.42666666700000005,0.420555556,0.396111111,0.41444444399999997,0.44777777799999996,0.49,0.509444444,0.537222222
0.47575,0.523,0.56125,0.52275,0.44425,0.41925,0.45025,0.5535,0.6459999999999999,0.6515,0.644,0.607,0.56575,0.5870000000000001,0.55025,0.461,0.40625,0.3585,0.44475,0.5925,0.7125,0.7659999999999999,0.7665,0.6715,0.54625,0.5015,0.46225,0.43700000000000006,0.47225,0.4845
0.0475,0.0475,0.0475,0.029166667,0.0,0.0,0.0,0.00875,0.01125,0.01125,0.01125,0.0025,0.0,0.0,0.0,0.0,0.0,0.0,0.039583333,0.047083333,0.047083333,0.047083333,0.030833332999999997,0.025,0.025,0.025,0.0016666670000000001,0.0,0.0,0.00033333300000000006
0.75,0.5,0.5,0.25,0.0,0.0,0.0,0.25,0.5,0.5,0.5,0.25,0.0,0.0,0.0,0.0,0.0,0.0,0.25,0.5,0.75,0.75,0.75,0.75,0.5,0.5,0.25,0.0,0.0,0.25
0.34666666700000004,0.35416666700000005,0.362916667,0.35083333299999997,0.355,0.37208333299999996,0.40833333299999997,0.44291666700000004,0.46916666700000004,0.45916666700000003,0.43791666700000004,0.42458333299999995,0.42958333299999996,0.44208333299999997,0.45583333299999995,0.475416667,0.49041666700000003,0.5175,0.5083333329999999,0.48416666700000005,0.467083333,0.4725,0.487916667,0.498333333,0.507916667,0.496666667,0.5166666670000001,0.5625,0.593333333,0.61875
0.42916666700000006,0.44041666700000004,0.452083333,0.433333333,0.44583333299999994,0.46583333299999996,0.5083333329999999,0.53875,0.559583333,0.5379166670000001,0.5075,0.505416667,0.523333333,0.54625,0.565416667,0.585833333,0.596666667,0.62125,0.607083333,0.568333333,0.539166667,0.5508333329999999,0.5691666670000001,0.589166667,0.61,0.59125,0.614583333,0.667083333,0.692083333,0.72125
0.282083333,0.280833333,0.29125,0.2875,0.285416667,0.29541666699999997,0.32708333300000003,0.36416666700000005,0.399583333,0.4025,0.38875,0.36541666700000003,0.35625,0.36416666700000005,0.36458333299999995,0.378333333,0.400416667,0.42708333299999995,0.43541666700000003,0.43,0.41708333299999995,0.41125,0.415416667,0.41583333299999997,0.410416667,0.41708333299999995,0.431666667,0.4625,0.502083333,0.52375
0.5276,0.4952,0.5052,0.532,0.4892,0.45,0.447,0.5258,0.5878,0.6158,0.6268,0.6512,0.5976,0.5686,0.5458,0.5048,0.43700000000000006,0.4028,0.43200000000000005,0.5386,0.6382,0.6906,0.7584,0.72,0.6012,0.5218,0.5154,0.4564,0.4418,0.4724
0.038066667,0.038,0.038,0.038,0.023333332999999998,0.0,0.0,0.006999999999999999,0.009000000000000001,0.009000000000000001,0.009000000000000001,0.009000000000000001,0.002,0.0,0.0,0.0,0.0,0.0,0.031666667,0.037666667,0.037666667,0.037666667,0.056333333,0.026000000000000002,0.02,0.02,0.02,0.001333333,0.0,0.000266667
0.8,0.6,0.4,0.4,0.2,0.0,0.0,0.2,0.4,0.4,0.4,0.4,0.2,0.0,0.0,0.0,0.0,0.0,0.2,0.4,0.6,0.6,0.8,0.8,0.6,0.4,0.4,0.2,0.0,0.2
0.357333333,0.35133333299999997,0.35566666700000005,0.358333333,0.35033333299999997,0.371666667,0.39899999999999997,0.422333333,0.445,0.455,0.451666667,0.435333333,0.434333333,0.433333333,0.449,0.46533333299999996,0.48700000000000004,0.5036666670000001,0.502,0.488,0.480333333,0.489333333,0.47833333299999997,0.48,0.499333333,0.513,0.5136666670000001,0.539666667,0.575333333,0.601666667
0.433,0.436,0.44299999999999995,0.443666667,0.43799999999999994,0.46533333299999996,0.497333333,0.513,0.539,0.539,0.530666667,0.5106666670000001,0.526666667,0.528333333,0.552666667,0.573333333,0.599666667,0.606666667,0.601333333,0.575666667,0.562333333,0.57,0.559666667,0.561333333,0.595666667,0.611666667,0.610666667,0.6396666670000001,0.6779999999999999,0.700666667
0.295,0.28300000000000003,0.285,0.291666667,0.282,0.293666667,0.322,0.35,0.371666667,0.38733333299999995,0.39666666700000003,0.380666667,0.365333333,0.359,0.366333333,0.372333333,0.39333333299999995,0.41566666700000005,0.423333333,0.42466666700000005,0.424333333,0.424333333,0.414,0.409,0.40866666700000004,0.424333333,0.430333333,0.446666667,0.47766666700000004,0.515
0.534666667,0.535166667,0.485,0.49016666700000006,0.5025,0.4865,0.46799999999999997,0.5105,0.5589999999999999,0.572333333,0.601166667,0.6356666670000001,0.636,0.594666667,0.537333333,0.5086666670000001,0.4775,0.429,0.456666667,0.512333333,0.585666667,0.6323333329999999,0.6968333329999999,0.721,0.653333333,0.571666667,0.53,0.5016666670000001,0.457166667,0.447
0.031722222,0.031722222,0.031666667,0.031666667,0.031666667,0.019444443999999998,0.0,0.0058333330000000004,0.0075,0.0075,0.0075,0.0075,0.0075,0.0016666670000000001,0.0,0.0,0.0,0.0,0.026388889,0.031388888999999996,0.031388888999999996,0.031388888999999996,0.046944444,0.048055556,0.021666667,0.016666667,0.016666667,0.016666667,0.0011111110000000001,0.000222222
0.833333333,0.666666667,0.5,0.333333333,0.333333333,0.166666667,0.0,0.166666667,0.333333333,0.333333333,0.333333333,0.333333333,0.333333333,0.166666667,0.0,0.0,0.0,0.0,0.166666667,0.333333333,0.5,0.5,0.666666667,0.833333333,0.666666667,0.5,0.333333333,0.333333333,0.166666667,0.166666667
0.371666667,0.359444444,0.353055556,0.353055556,0.35666666700000005,0.365,0.394166667,0.412222222,0.4275,0.43722222200000005,0.449444444,0.447222222,0.441666667,0.436666667,0.440555556,0.45805555600000003,0.47666666700000004,0.498611111,0.493055556,0.48611111100000004,0.48416666700000005,0.496666667,0.491388889,0.47333333299999997,0.483888889,0.505,0.524444444,0.533333333,0.5541666670000001,0.5852777779999999
0.4475,0.438055556,0.438888889,0.4375,0.44583333299999994,0.45555555600000003,0.49166666700000006,0.5030555560000001,0.5175,0.525277778,0.5327777779999999,0.529444444,0.5275,0.530277778,0.536666667,0.561388889,0.586944444,0.6075,0.5925,0.576111111,0.5694444439999999,0.5841666670000001,0.5741666670000001,0.554722222,0.571388889,0.599444444,0.624444444,0.632222222,0.653333333,0.6875
0.303888889,0.29361111100000004,0.28611111100000003,0.286388889,0.286388889,0.28944444399999997,0.316111111,0.34194444399999996,0.35861111100000004,0.366111111,0.385,0.388611111,0.378055556,0.366111111,0.36166666700000005,0.3725,0.38583333299999995,0.407222222,0.41444444399999997,0.416388889,0.420833333,0.42916666700000006,0.424444444,0.408888889,0.40416666700000003,0.420555556,0.434166667,0.443055556,0.461944444,0.4925
0.538857143,0.540142857,0.520714286,0.475,0.470857143,0.498285714,0.496714286,0.5194285710000001,0.541142857,0.549857143,0.5660000000000001,0.612428571,0.624857143,0.628,0.564142857,0.506714286,0.484714286,0.464857143,0.471428571,0.522,0.556428571,0.588142857,0.6459999999999999,0.6735714290000001,0.663714286,0.620571429,0.571571429,0.5161428570000001,0.49585714299999994,0.459428571
0.027190476,0.027190476,0.027190476,0.027142857000000003,0.027142857000000003,0.027142857000000003,0.016666667,0.005,0.006428571,0.006428571,0.006428571,0.006428571,0.006428571,0.006428571,0.001428571,0.0,0.0,0.0,0.022619048,0.026904762000000002,0.026904762000000002,0.026904762000000002,0.040238095,0.041190476000000004,0.041190476000000004,0.018571429,0.014285714,0.014285714,0.014285714,0.001142857
0.7142857140000001,0.7142857140000001,0.571428571,0.428571429,0.28571428600000004,0.28571428600000004,0.14285714300000002,0.14285714300000002,0.28571428600000004,0.28571428600000004,0.28571428600000004,0.28571428600000004,0.28571428600000004,0.28571428600000004,0.14285714300000002,0.0,0.0,0.0,0.14285714300000002,0.28571428600000004,0.428571429,0.428571429,0.571428571,0.7142857140000001,0.7142857140000001,0.571428571,0.428571429,0.28571428600000004,0.28571428600000004,0.28571428600000004
0.378333333,0.37142857100000004,0.359761905,0.35119047600000003,0.352380952,0.368333333,0.385238095,0.406190476,0.418095238,0.423333333,0.435,0.445952381,0.450952381,0.44261904799999996,0.44238095200000005,0.44952381,0.468809524,0.488095238,0.490238095,0.480714286,0.483095238,0.49761904799999995,0.49738095200000004,0.485238095,0.477619048,0.490952381,0.515952381,0.539761905,0.546666667,0.5657142860000001
0.456904762,0.449761905,0.440238095,0.434761905,0.440238095,0.459761905,0.47952381,0.49738095200000004,0.5083333329999999,0.508809524,0.521904762,0.531428571,0.541190476,0.53047619,0.5371428570000001,0.546428571,0.574761905,0.59547619,0.595238095,0.572142857,0.570714286,0.587142857,0.585714286,0.567857143,0.5642857139999999,0.578095238,0.612142857,0.640952381,0.645,0.665
0.311428571,0.30142857100000003,0.294761905,0.287142857,0.282619048,0.292142857,0.309285714,0.33404761899999996,0.35047619,0.355714286,0.36714285700000004,0.379761905,0.385238095,0.376904762,0.36738095200000004,0.36761904799999995,0.384047619,0.39880952399999997,0.407380952,0.409761905,0.41428571399999997,0.42547619,0.428571429,0.418571429,0.404761905,0.415,0.42952381,0.44452381,0.456666667,0.47690476200000004
0.5435,0.543125,0.526875,0.5075,0.46,0.471125,0.50575,0.538125,0.545125,0.535375,0.547125,0.58025,0.605875,0.61925,0.597125,0.534,0.486,0.47275,0.4975,0.52675,0.559375,0.56225,0.605625,0.632,0.629375,0.63375,0.614375,0.55425,0.50925,0.493
0.023791667000000002,0.023791667000000002,0.023791667000000002,0.023791667000000002,0.02375,0.02375,0.02375,0.018958333,0.005625,0.005625,0.005625,0.005625,0.005625,0.005625,0.005625,0.00125,0.0,0.0,0.019791667,0.023541667000000002,0.023541667000000002,0.023541667000000002,0.035208333,0.036041667,0.036041667,0.036041667,0.01625,0.0125,0.0125,0.012666667
0.625,0.625,0.625,0.5,0.375,0.25,0.25,0.25,0.25,0.25,0.25,0.25,0.25,0.25,0.25,0.125,0.0,0.0,0.125,0.25,0.375,0.375,0.5,0.625,0.625,0.625,0.5,0.375,0.25,0.375
0.375625,0.37729166700000005,0.37020833299999995,0.35729166700000003,0.35083333299999997,0.363125,0.385625,0.396875,0.412083333,0.415625,0.423125,0.43375,0.449375,0.450625,0.446875,0.45,0.46,0.47979166700000003,0.48208333299999995,0.47979166700000003,0.47875,0.495,0.498125,0.49125,0.4875,0.48458333299999995,0.502291667,0.530416667,0.550625,0.557708333
0.45375,0.45770833299999997,0.45020833299999996,0.436458333,0.4375,0.453125,0.480208333,0.486041667,0.502708333,0.501875,0.507916667,0.522083333,0.541458333,0.542083333,0.536458333,0.545625,0.56,0.58375,0.58625,0.5770833329999999,0.567916667,0.586041667,0.588125,0.57875,0.574583333,0.571041667,0.591875,0.628125,0.651041667,0.65625
0.305833333,0.308333333,0.301458333,0.294583333,0.28375,0.288125,0.309166667,0.325833333,0.3425,0.34895833299999995,0.357916667,0.36479166700000004,0.37791666700000004,0.38333333299999994,0.376666667,0.371875,0.378333333,0.395625,0.4,0.40416666700000003,0.40875,0.41916666700000005,0.425416667,0.422916667,0.41375,0.41416666700000004,0.423541667,0.439166667,0.45625,0.470416667
0.525666667,0.5467777779999999,0.531,0.514444444,0.490555556,0.461444444,0.480777778,0.541555556,0.558888889,0.539555556,0.534555556,0.561888889,0.578,0.603,0.592777778,0.566666667,0.512555556,0.475222222,0.500888889,0.5437777779999999,0.5594444439999999,0.564222222,0.580666667,0.597666667,0.597333333,0.606555556,0.626777778,0.5942222220000001,0.543888889,0.505222222
0.021148148,0.021148148,0.021148148,0.021148148,0.021148148,0.021111111000000002,0.021111111000000002,0.025,0.017962963000000002,0.005,0.005,0.005,0.005,0.005,0.005,0.005,0.0011111110000000001,0.0,0.017592593,0.020925926,0.020925926,0.020925926,0.031296296,0.032037037000000004,0.032037037000000004,0.032037037000000004,0.032037037000000004,0.014444443999999999,0.011111111000000002,0.011259258999999999
0.5555555560000001,0.5555555560000001,0.5555555560000001,0.5555555560000001,0.444444444,0.333333333,0.222222222,0.333333333,0.333333333,0.222222222,0.222222222,0.222222222,0.222222222,0.222222222,0.222222222,0.222222222,0.111111111,0.0,0.111111111,0.222222222,0.333333333,0.333333333,0.444444444,0.5555555560000001,0.5555555560000001,0.5555555560000001,0.5555555560000001,0.444444444,0.333333333,0.333333333
0.368888889,0.375,0.375555556,0.36685185200000003,0.356296296,0.360555556,0.379074074,0.39592592600000004,0.403148148,0.410555556,0.416296296,0.423333333,0.43814814799999996,0.44925925899999997,0.453518519,0.453148148,0.459259259,0.470740741,0.47537037,0.473703704,0.478148148,0.489814815,0.49574074100000004,0.49259259299999997,0.49259259299999997,0.49259259299999997,0.49537037,0.5166666670000001,0.541111111,0.56
0.447222222,0.454814815,0.457222222,0.445740741,0.43870370399999997,0.44925925899999997,0.47203703700000005,0.485925926,0.492037037,0.49759259299999997,0.501851852,0.50962963,0.532037037,0.542222222,0.546111111,0.544074074,0.557777778,0.56962963,0.576851852,0.571111111,0.572777778,0.581851852,0.587037037,0.581666667,0.583518519,0.579444444,0.584074074,0.6083333329999999,0.638518519,0.66037037
0.299259259,0.30370370399999996,0.307592593,0.300555556,0.290740741,0.288518519,0.30370370399999996,0.32388888899999996,0.334259259,0.34203703700000004,0.35166666700000004,0.356851852,0.364814815,0.377037037,0.38240740700000003,0.37962963,0.380925926,0.38925925899999997,0.39703703700000004,0.39796296299999995,0.403888889,0.413703704,0.419814815,0.42074074100000003,0.418148148,0.42111111100000004,0.421851852,0.43277777799999995,0.450185185,0.46851851899999997
0.5097,0.5304,0.5355,0.5194,0.4985,0.4888,0.4711,0.5155,0.5599,0.5525,0.5384,0.5491,0.5617,0.5782,0.5808,0.5658,0.5441,0.5002,0.5003,0.5422,0.5715,0.5638,0.5806,0.5760000000000001,0.5699,0.58,0.603,0.6074,0.5809,0.5368
0.019033333,0.019033333,0.019033333,0.019033333,0.019033333,0.019033333,0.019,0.0225,0.0235,0.016166667,0.0045,0.0045,0.0045,0.0045,0.0045,0.0045,0.0045,0.001,0.015833333,0.018833333,0.018833333,0.018833333,0.028166667000000003,0.028833333,0.028833333,0.028833333,0.028833333,0.028833333,0.013000000000000001,0.010133333000000001
0.5,0.5,0.5,0.5,0.5,0.4,0.3,0.3,0.4,0.3,0.2,0.2,0.2,0.2,0.2,0.2,0.2,0.1,0.1,0.2,0.3,0.3,0.4,0.5,0.5,0.5,0.5,0.5,0.4,0.4
0.363,0.369,0.373666667,0.37200000000000005,0.365,0.3645,0.375166667,0.389,0.40166666700000003,0.40266666700000003,0.41166666700000004,0.41716666700000005,0.428333333,0.439166667,0.452,0.4585,0.46116666700000003,0.469,0.46766666700000004,0.4685,0.47283333299999997,0.48816666700000005,0.491,0.491,0.493666667,0.496666667,0.5015,0.509,0.527666667,0.5505
0.440333333,0.44883333299999995,0.454666667,0.4525,0.44683333299999994,0.449166667,0.46666666700000003,0.478,0.491333333,0.4885,0.498,0.504,0.519833333,0.533666667,0.5458333329999999,0.552,0.5551666670000001,0.566666667,0.5648333329999999,0.5641666670000001,0.5678333329999999,0.584833333,0.5831666670000001,0.581333333,0.585666667,0.5870000000000001,0.590333333,0.599666667,0.6196666670000001,0.648166667
0.29583333300000003,0.298,0.3035,0.306166667,0.2965,0.29433333300000003,0.3025,0.3175,0.33166666699999997,0.334666667,0.34516666700000004,0.35133333299999997,0.35766666700000005,0.365333333,0.376833333,0.3845,0.387,0.3905,0.391166667,0.3955,0.39833333299999996,0.40883333299999997,0.41483333299999997,0.41616666700000005,0.41666666700000005,0.424333333,0.427333333,0.430333333,0.443333333,0.46183333299999996
0.512909091,0.515454545,0.521636364,0.524545455,0.504454545,0.496181818,0.49509090899999997,0.503545455,0.534545455,0.5539999999999999,0.5502727270000001,0.5512727270000001,0.550090909,0.5633636360000001,0.5602727270000001,0.557363636,0.545363636,0.53,0.520727273,0.5379090910000001,0.567545455,0.5743636360000001,0.5787272729999999,0.5763636360000001,0.552727273,0.5566363639999999,0.579181818,0.587545455,0.594090909,0.571090909
0.018363636000000003,0.01730303,0.01730303,0.01730303,0.01730303,0.01730303,0.01730303,0.020454545,0.021363636000000002,0.021363636000000002,0.01469697,0.004090909,0.004090909,0.004090909,0.004090909,0.004090909,0.004090909,0.004090909,0.01530303,0.017121212,0.017121212,0.017121212,0.025606061,0.026212121,0.026212121,0.026212121,0.026212121,0.026212121,0.026212121,0.011939393999999999
0.545454545,0.454545455,0.454545455,0.454545455,0.454545455,0.454545455,0.363636364,0.363636364,0.363636364,0.363636364,0.272727273,0.181818182,0.181818182,0.181818182,0.181818182,0.181818182,0.181818182,0.181818182,0.181818182,0.181818182,0.272727273,0.272727273,0.363636364,0.454545455,0.454545455,0.454545455,0.454545455,0.454545455,0.454545455,0.454545455
0.35772727299999996,0.363636364,0.368333333,0.37060606100000004,0.369848485,0.371666667,0.377424242,0.384545455,0.394848485,0.401363636,0.404393939,0.412878788,0.422272727,0.430151515,0.442575758,0.456666667,0.46530303,0.469848485,0.466363636,0.462121212,0.46818181799999997,0.482424242,0.489393939,0.487121212,0.49212121200000003,0.497272727,0.504393939,0.513333333,0.51969697,0.537424242
0.433484848,0.442424242,0.449242424,0.450606061,0.452878788,0.455606061,0.465,0.47257575799999996,0.483636364,0.488181818,0.48969697,0.50030303,0.513787879,0.522424242,0.537727273,0.551212121,0.561363636,0.563484848,0.5625757579999999,0.554393939,0.561818182,0.579242424,0.585757576,0.578333333,0.585,0.588636364,0.596212121,0.603939394,0.610757576,0.630151515
0.29393939399999996,0.295,0.29833333300000003,0.30257575800000003,0.301969697,0.299242424,0.306515152,0.315151515,0.325151515,0.332272727,0.33818181799999997,0.345454545,0.35257575799999996,0.358787879,0.366212121,0.37924242399999997,0.390757576,0.395151515,0.39212121200000005,0.39030303,0.39606060600000004,0.40333333299999996,0.41030303,0.411969697,0.412878788,0.422424242,0.42969697,0.434545455,0.440151515,0.454545455
0.5389166670000001,0.517916667,0.5086666670000001,0.51275,0.510416667,0.501833333,0.5013333329999999,0.522833333,0.522,0.53125,0.5518333329999999,0.561083333,0.552,0.552583333,0.548166667,0.5405,0.539333333,0.532333333,0.546333333,0.5535,0.5615,0.5705,0.587166667,0.575,0.555,0.542,0.5578333329999999,0.5670000000000001,0.5770000000000001,0.584
0.022944443999999998,0.016833333,0.015861111,0.015861111,0.015861111,0.015861111,0.015861111,0.018777778000000002,0.019583333,0.019583333,0.019583333,0.013472221999999999,0.00375,0.00375,0.00375,0.00375,0.00375,0.00375,0.016944444,0.016527778,0.015694444,0.015694444,0.023472222,0.024027778,0.024027778,0.024027778,0.024027778,0.024027778,0.024027778,0.024138889
0.583333333,0.5,0.41666666700000005,0.41666666700000005,0.41666666700000005,0.41666666700000005,0.41666666700000005,0.41666666700000005,0.41666666700000005,0.333333333,0.333333333,0.25,0.166666667,0.166666667,0.166666667,0.166666667,0.166666667,0.166666667,0.25,0.25,0.25,0.25,0.333333333,0.41666666700000005,0.41666666700000005,0.41666666700000005,0.41666666700000005,0.41666666700000005,0.41666666700000005,0.5
0.355694444,0.35875,0.363472222,0.365972222,0.36875,0.375555556,0.38291666700000004,0.38583333299999995,0.39027777799999996,0.395138889,0.40305555600000004,0.406111111,0.417916667,0.424444444,0.434027778,0.447638889,0.46305555600000003,0.472916667,0.467361111,0.46138888899999997,0.462361111,0.477361111,0.48402777799999996,0.485972222,0.488472222,0.495555556,0.504305556,0.515,0.5227777779999999,0.5293055560000001
0.431666667,0.435972222,0.443333333,0.44597222200000003,0.451111111,0.46041666700000006,0.469583333,0.47055555600000004,0.478194444,0.481388889,0.48930555600000003,0.4925,0.5095833329999999,0.5166666670000001,0.527083333,0.543333333,0.559861111,0.568472222,0.56,0.553194444,0.553055556,0.572777778,0.580555556,0.581111111,0.581944444,0.587777778,0.596944444,0.608194444,0.61375,0.621111111
0.293472222,0.29333333300000003,0.295555556,0.29791666699999997,0.299027778,0.304027778,0.31,0.317777778,0.32236111100000003,0.32625,0.335694444,0.33902777799999995,0.347083333,0.35402777799999996,0.36013888899999996,0.36930555600000003,0.38541666700000005,0.39791666700000006,0.39625,0.39125,0.39125,0.40083333299999996,0.405138889,0.40805555600000004,0.409305556,0.418472222,0.4275,0.436111111,0.44319444399999997,0.45069444399999997
0.538692308,0.541538462,0.5114615379999999,0.5014615379999999,0.500615385,0.5075384620000001,0.506153846,0.526461538,0.538384615,0.5199230770000001,0.531,0.5616923079999999,0.561,0.5541538460000001,0.539384615,0.530846154,0.525153846,0.5277692310000001,0.547230769,0.574615385,0.574076923,0.5646923079999999,0.582615385,0.583076923,0.555384615,0.544923077,0.544230769,0.548230769,0.558846154,0.569
0.021179487,0.021179487,0.015538462,0.014641026000000001,0.014641026000000001,0.014641026000000001,0.014641026000000001,0.017333333,0.018102563999999998,0.018076923,0.018076923,0.018076923,0.012435897,0.0034615379999999997,0.0034615379999999997,0.0034615379999999997,0.0034615379999999997,0.0034615379999999997,0.015641026000000002,0.017948718,0.01525641,0.014487179,0.021666667,0.022179487,0.022179487,0.022179487,0.022179487,0.022179487,0.022179487,0.022282051
0.615384615,0.538461538,0.46153846200000004,0.384615385,0.384615385,0.384615385,0.384615385,0.46153846200000004,0.46153846200000004,0.384615385,0.307692308,0.307692308,0.23076923100000002,0.153846154,0.153846154,0.153846154,0.153846154,0.153846154,0.23076923100000002,0.307692308,0.307692308,0.23076923100000002,0.307692308,0.384615385,0.384615385,0.384615385,0.384615385,0.384615385,0.384615385,0.46153846200000004
0.35756410299999997,0.35679487200000004,0.35897435899999997,0.36166666700000005,0.364615385,0.37410256399999997,0.385641026,0.39025641,0.39102564100000003,0.39089743600000004,0.39717948700000005,0.40474359,0.41128205100000004,0.42025641,0.428461538,0.43935897399999996,0.454230769,0.47025641,0.470384615,0.462692308,0.46166666700000003,0.47128205100000004,0.479230769,0.481282051,0.487307692,0.49192307700000004,0.502179487,0.514102564,0.523589744,0.531410256
0.432307692,0.43410256399999997,0.437307692,0.44076923100000004,0.446794872,0.45820512799999996,0.472948718,0.474358974,0.475897436,0.47653846200000005,0.48294871799999994,0.49192307700000004,0.5016666670000001,0.512564103,0.521410256,0.533076923,0.551923077,0.566538462,0.564871795,0.551538462,0.552051282,0.5638461539999999,0.574487179,0.576666667,0.584230769,0.58474359,0.595512821,0.6079487179999999,0.616923077,0.623076923
0.294358974,0.292948718,0.29397435899999996,0.295384615,0.295,0.301153846,0.313589744,0.320128205,0.324230769,0.323589744,0.329871795,0.33666666700000003,0.341025641,0.34884615399999996,0.355641026,0.363461538,0.37576923100000004,0.39243589700000003,0.39871794899999996,0.395128205,0.39205128200000006,0.39602564100000004,0.40269230799999994,0.40346153799999995,0.405897436,0.41474359,0.42346153799999997,0.433589744,0.443974359,0.452692308
0.5261428570000001,0.541142857,0.533857143,0.504571429,0.491,0.49864285700000005,0.5111428570000001,0.5291428570000001,0.540642857,0.535285714,0.5205,0.541642857,0.561571429,0.562357143,0.541785714,0.523928571,0.517285714,0.5154285710000001,0.541928571,0.573428571,0.592214286,0.576142857,0.576357143,0.579142857,0.5642857139999999,0.546,0.546785714,0.536285714,0.542,0.552714286
0.019666667,0.019666667,0.019666667,0.014428571000000001,0.013595238,0.013595238,0.013595238,0.016095238,0.016809524,0.016809524,0.016785714,0.016785714,0.016785714,0.011547618999999999,0.003214286,0.003214286,0.003214286,0.003214286,0.01452381,0.016666667,0.016666667,0.014166666999999999,0.020119048,0.020595238000000002,0.020595238000000002,0.020595238000000002,0.020595238000000002,0.020595238000000002,0.020595238000000002,0.020690476
0.571428571,0.571428571,0.5,0.428571429,0.35714285700000004,0.35714285700000004,0.35714285700000004,0.428571429,0.5,0.428571429,0.35714285700000004,0.28571428600000004,0.28571428600000004,0.214285714,0.14285714300000002,0.14285714300000002,0.14285714300000002,0.14285714300000002,0.214285714,0.28571428600000004,0.35714285700000004,0.28571428600000004,0.28571428600000004,0.35714285700000004,0.35714285700000004,0.35714285700000004,0.35714285700000004,0.35714285700000004,0.35714285700000004,0.428571429
0.355,0.35845238100000004,0.35714285700000004,0.357619048,0.360714286,0.36988095200000004,0.38357142899999996,0.392261905,0.394761905,0.39154761899999996,0.39309523799999996,0.39916666700000003,0.409642857,0.413928571,0.424285714,0.433809524,0.44607142899999996,0.46154761899999996,0.46809523799999997,0.46583333299999996,0.46285714299999997,0.47,0.47345238100000003,0.47702381,0.482857143,0.490595238,0.498333333,0.511428571,0.5221428570000001,0.531547619
0.431666667,0.43452381,0.43547619,0.43535714299999995,0.441904762,0.453690476,0.47,0.47714285700000003,0.479047619,0.47452381,0.47833333299999997,0.485833333,0.50047619,0.505,0.517261905,0.527380952,0.541785714,0.558690476,0.563333333,0.556666667,0.550595238,0.562142857,0.566071429,0.571309524,0.579880952,0.586666667,0.592142857,0.605833333,0.616071429,0.625357143
0.29059523800000003,0.293809524,0.293571429,0.293928571,0.292857143,0.297261905,0.310238095,0.322738095,0.325952381,0.325238095,0.327142857,0.331190476,0.338690476,0.34309523799999997,0.35071428600000004,0.359047619,0.36988095200000004,0.38297619,0.393571429,0.3975,0.39559523799999996,0.396428571,0.39809523799999996,0.401309524,0.40178571399999996,0.411190476,0.41964285700000004,0.42940476200000005,0.44107142899999996,0.452738095
0.511466667,0.529266667,0.534,0.525933333,0.4946,0.4898,0.5026,0.532266667,0.5422,0.5376,0.5348,0.531133333,0.5428666670000001,0.5628,0.550266667,0.5272,0.511733333,0.508733333,0.529466667,0.566733333,0.589933333,0.592933333,0.5862666670000001,0.573533333,0.561866667,0.5549333329999999,0.547666667,0.5392,0.531266667,0.5374
0.018355556000000002,0.018355556000000002,0.018355556000000002,0.018355556000000002,0.013466667,0.012688888999999998,0.012688888999999998,0.015022222,0.015688888999999998,0.015688888999999998,0.015688888999999998,0.015666667,0.015666667,0.015666667,0.010777778,0.003,0.003,0.003,0.013555556000000002,0.015555556000000002,0.015555556000000002,0.015555556000000002,0.019444443999999998,0.019222222,0.019222222,0.019222222,0.019222222,0.019222222,0.019222222,0.019311111000000002
0.533333333,0.533333333,0.533333333,0.46666666700000003,0.4,0.333333333,0.333333333,0.4,0.46666666700000003,0.46666666700000003,0.4,0.333333333,0.26666666699999997,0.26666666699999997,0.2,0.133333333,0.133333333,0.133333333,0.2,0.26666666699999997,0.333333333,0.333333333,0.333333333,0.333333333,0.333333333,0.333333333,0.333333333,0.333333333,0.333333333,0.4
0.35144444399999997,0.35600000000000004,0.35866666700000005,0.35600000000000004,0.35700000000000004,0.365888889,0.379,0.38988888899999996,0.39633333299999995,0.395,0.39355555600000003,0.395222222,0.404111111,0.412222222,0.41811111100000004,0.429555556,0.440444444,0.453444444,0.460111111,0.46399999999999997,0.465777778,0.47055555600000004,0.472111111,0.471777778,0.478777778,0.48622222200000004,0.496666667,0.507222222,0.5191111110000001,0.529666667
0.42877777799999994,0.43377777799999995,0.43577777799999995,0.43377777799999995,0.43677777799999995,0.448666667,0.465,0.47411111100000003,0.481333333,0.477555556,0.47633333299999997,0.481333333,0.49422222200000004,0.5036666670000001,0.509888889,0.523111111,0.535888889,0.5487777779999999,0.556222222,0.555777778,0.555444444,0.560111111,0.564333333,0.563666667,0.574666667,0.582444444,0.593444444,0.602,0.613555556,0.624
0.285777778,0.290333333,0.29433333300000003,0.293555556,0.291666667,0.29511111100000004,0.306,0.319,0.32799999999999996,0.326777778,0.328444444,0.328555556,0.333444444,0.340777778,0.345222222,0.35422222200000003,0.365333333,0.377,0.384666667,0.39277777799999997,0.39777777799999997,0.399444444,0.39833333299999996,0.397111111,0.39988888899999997,0.40700000000000003,0.41600000000000004,0.425444444,0.436666667,0.449444444
0.50325,0.5153125,0.5233125,0.5265625,0.51525,0.49325,0.4940625,0.5229375,0.5443125,0.53925,0.537,0.543875,0.5329375,0.5451875,0.5514375,0.5360625,0.5155625,0.5040625,0.5223125,0.5535,0.582625,0.59075,0.601375,0.583,0.5576875,0.55325,0.5559375,0.5405,0.5343125,0.527625
0.017208333,0.017208333,0.017208333,0.017208333,0.017208333,0.012625,0.011895833,0.014083333,0.014708333,0.014708333,0.014708333,0.014708333,0.0146875,0.0146875,0.0146875,0.010104166999999999,0.0028125,0.0028125,0.012708333,0.014583333,0.014583333,0.014583333,0.020416667,0.018645833,0.018020833,0.018020833,0.018020833,0.018020833,0.018020833,0.018104167
0.5,0.5,0.5,0.5,0.4375,0.375,0.3125,0.375,0.4375,0.4375,0.4375,0.375,0.3125,0.25,0.25,0.1875,0.125,0.125,0.1875,0.25,0.3125,0.3125,0.375,0.375,0.3125,0.3125,0.3125,0.3125,0.3125,0.375
0.348020833,0.352604167,0.35635416700000005,0.3575,0.355520833,0.36208333299999995,0.3746875,0.38520833299999996,0.39385416700000003,0.396458333,0.39666666700000003,0.39552083299999996,0.400104167,0.406875,0.41625,0.4234375,0.436041667,0.44770833299999996,0.45260416700000006,0.456770833,0.4640625,0.4728125,0.4725,0.470625,0.47375,0.4821875,0.4921875,0.505104167,0.5146875,0.526354167
0.42510416700000003,0.4309375,0.435,0.434166667,0.43520833299999995,0.4434375,0.459583333,0.46916666700000004,0.478229167,0.47979166700000003,0.4790625,0.47927083299999995,0.48947916700000005,0.49760416700000004,0.5083333329999999,0.515833333,0.531354167,0.5428125,0.547083333,0.549583333,0.5546875,0.5640625,0.562291667,0.5621875,0.567291667,0.577395833,0.5890625,0.6026041670000001,0.609479167,0.6211458329999999
0.283020833,0.285833333,0.291041667,0.294270833,0.291458333,0.293854167,0.3034375,0.314479167,0.324166667,0.328645833,0.3296875,0.3296875,0.330833333,0.33572916700000005,0.342916667,0.34885416700000005,0.360416667,0.37229166700000005,0.378958333,0.384479167,0.39333333299999995,0.40125,0.40104166700000005,0.397395833,0.39604166700000004,0.404895833,0.41177083299999995,0.42166666700000005,0.4325,0.44479166700000006
0.510588235,0.5073529410000001,0.510529412,0.516941176,0.516470588,0.512764706,0.497058824,0.513705882,0.534823529,0.541411765,0.538588235,0.545411765,0.544823529,0.535705882,0.535529412,0.5379999999999999,0.524588235,0.5081176470000001,0.5171176470000001,0.545352941,0.569235294,0.583823529,0.598823529,0.597411765,0.5675294120000001,0.549823529,0.554294118,0.548705882,0.535823529,0.530705882
0.016196078,0.016196078,0.016196078,0.016196078,0.016196078,0.016196078,0.011882353,0.013254901999999999,0.013843137,0.013843137,0.013843137,0.013843137,0.013843137,0.013823529,0.013823529,0.013823529,0.009509804,0.0026470590000000002,0.011960783999999999,0.01372549,0.01372549,0.01372549,0.019215686000000003,0.019607843,0.01754902,0.016960784,0.016960784,0.016960784,0.016960784,0.017039216
0.470588235,0.470588235,0.470588235,0.470588235,0.470588235,0.41176470600000004,0.352941176,0.352941176,0.41176470600000004,0.41176470600000004,0.41176470600000004,0.41176470600000004,0.352941176,0.294117647,0.235294118,0.235294118,0.176470588,0.117647059,0.176470588,0.235294118,0.294117647,0.294117647,0.352941176,0.41176470600000004,0.352941176,0.294117647,0.294117647,0.294117647,0.294117647,0.352941176
0.349019608,0.349313725,0.353137255,0.35539215700000004,0.356960784,0.36039215700000005,0.370588235,0.380784314,0.389215686,0.394117647,0.397941176,0.39833333299999996,0.40009803899999996,0.402941176,0.410980392,0.421372549,0.429901961,0.443137255,0.447254902,0.449901961,0.457254902,0.470784314,0.474509804,0.471078431,0.47254902,0.47725490200000004,0.488039216,0.5003921570000001,0.512254902,0.521764706
0.42607843100000004,0.42735294100000004,0.43225490200000005,0.433529412,0.435490196,0.44156862700000005,0.45401960799999996,0.463823529,0.47333333299999997,0.47696078399999997,0.48107843100000003,0.48166666700000005,0.487058824,0.49294117600000004,0.502352941,0.514019608,0.524019608,0.538137255,0.5415686270000001,0.541372549,0.548921569,0.562843137,0.565882353,0.560392157,0.565686275,0.570294118,0.583921569,0.597941176,0.6096078429999999,0.616862745
0.28323529399999997,0.28323529399999997,0.28676470600000004,0.291176471,0.292254902,0.293529412,0.301764706,0.311568627,0.319607843,0.325,0.33127451,0.33078431399999997,0.331764706,0.333137255,0.33803921600000003,0.34647058799999997,0.355,0.36725490200000005,0.374411765,0.379117647,0.385490196,0.396862745,0.402647059,0.4,0.39637254899999996,0.400980392,0.409509804,0.41735294100000003,0.42852941200000005,0.440392157
0.521888889,0.514055556,0.503277778,0.505222222,0.5079444439999999,0.514055556,0.515277778,0.515444444,0.525444444,0.532611111,0.540666667,0.546444444,0.546222222,0.5467777779999999,0.527111111,0.5237222220000001,0.527055556,0.517055556,0.520222222,0.539166667,0.560666667,0.571111111,0.591833333,0.5952222220000001,0.5820000000000001,0.5595555560000001,0.551,0.547555556,0.5438333329999999,0.532333333
0.015666667,0.015296296000000001,0.015296296000000001,0.015296296000000001,0.015296296000000001,0.015296296000000001,0.015296296000000001,0.013166667,0.013074074,0.013074074,0.013074074,0.013074074,0.013074074,0.013074074,0.013055556000000001,0.013055556000000001,0.013055556000000001,0.008981481,0.011296296,0.012962963000000001,0.012962963000000001,0.012962963000000001,0.018148148,0.018518519,0.018518519,0.016574073999999998,0.016018519,0.016018519,0.016018519,0.016092593
0.5,0.444444444,0.444444444,0.444444444,0.444444444,0.444444444,0.38888888899999996,0.38888888899999996,0.38888888899999996,0.38888888899999996,0.38888888899999996,0.38888888899999996,0.38888888899999996,0.333333333,0.27777777800000003,0.222222222,0.222222222,0.166666667,0.166666667,0.222222222,0.27777777800000003,0.27777777800000003,0.333333333,0.38888888899999996,0.38888888899999996,0.333333333,0.27777777800000003,0.27777777800000003,0.27777777800000003,0.333333333
0.353148148,0.350185185,0.35,0.352407407,0.355,0.361481481,0.368518519,0.376574074,0.384814815,0.389722222,0.395648148,0.399444444,0.4025,0.402777778,0.40703703700000005,0.41611111100000003,0.42759259299999997,0.436944444,0.442962963,0.445,0.450740741,0.46398148100000003,0.4725,0.473055556,0.47287037,0.475925926,0.483055556,0.496018519,0.507407407,0.5190740739999999
0.43120370399999997,0.42814814799999995,0.428796296,0.431018519,0.434814815,0.441481481,0.451666667,0.45833333299999995,0.46805555600000004,0.47240740700000006,0.47833333299999997,0.483425926,0.488888889,0.490462963,0.497685185,0.508055556,0.5218518520000001,0.530833333,0.537222222,0.536481481,0.541203704,0.556944444,0.56462963,0.563888889,0.563796296,0.5686111110000001,0.576851852,0.592592593,0.604814815,0.616574074
0.287685185,0.283425926,0.284259259,0.28712963,0.28944444399999997,0.294166667,0.301018519,0.309537037,0.316574074,0.320648148,0.327685185,0.332222222,0.332685185,0.33388888899999997,0.335462963,0.34166666700000003,0.352407407,0.361759259,0.369537037,0.374814815,0.38037037,0.38925925899999997,0.39842592600000004,0.401574074,0.39888888899999997,0.40101851899999996,0.40555555600000004,0.414907407,0.42407407399999997,0.43620370399999997
0.521315789,0.5245789470000001,0.509842105,0.498631579,0.497315789,0.5061052629999999,0.516368421,0.531736842,0.5264736839999999,0.523842105,0.532368421,0.5479999999999999,0.547157895,0.5479999999999999,0.538052632,0.516368421,0.5141052629999999,0.519789474,0.5280526320000001,0.540947368,0.5539999999999999,0.562894737,0.579368421,0.588789474,0.580736842,0.573684211,0.560157895,0.544789474,0.5429999999999999,0.540105263
0.01554386,0.014842105,0.014491228,0.014491228,0.014491228,0.014491228,0.014491228,0.016333333000000002,0.013000000000000001,0.012385965,0.012385965,0.012385965,0.012385965,0.012385965,0.012385965,0.012368421000000001,0.012368421000000001,0.012368421000000001,0.016842105,0.012280702,0.012280702,0.012280702,0.017192982,0.01754386,0.01754386,0.01754386,0.015701754,0.015175438999999999,0.015175438999999999,0.015245614
0.526315789,0.473684211,0.42105263200000004,0.42105263200000004,0.42105263200000004,0.42105263200000004,0.42105263200000004,0.42105263200000004,0.42105263200000004,0.36842105299999994,0.36842105299999994,0.36842105299999994,0.36842105299999994,0.36842105299999994,0.31578947399999996,0.263157895,0.21052631600000002,0.21052631600000002,0.21052631600000002,0.21052631600000002,0.263157895,0.263157895,0.31578947399999996,0.36842105299999994,0.36842105299999994,0.36842105299999994,0.31578947399999996,0.263157895,0.263157895,0.31578947399999996
0.35482456100000004,0.354035088,0.350789474,0.349473684,0.35219298200000004,0.359385965,0.36912280700000005,0.374298246,0.380614035,0.38552631600000004,0.391403509,0.397192982,0.40333333299999996,0.40491228100000004,0.40666666700000004,0.41210526299999994,0.422280702,0.434385965,0.43710526299999997,0.44105263200000006,0.446052632,0.45745614,0.465964912,0.47122807,0.47464912299999995,0.47605263200000003,0.481491228,0.490877193,0.502894737,0.514122807
0.432982456,0.43289473700000003,0.42947368399999997,0.427807018,0.432368421,0.44052631600000003,0.451052632,0.45587719299999996,0.46263157899999996,0.46745614,0.473947368,0.480701754,0.490175439,0.492017544,0.495087719,0.5033333329999999,0.515789474,0.528421053,0.530350877,0.532631579,0.5365789470000001,0.549210526,0.558947368,0.562807018,0.566929825,0.566666667,0.574912281,0.585438596,0.599385965,0.611666667
0.290701754,0.28763157899999997,0.284385965,0.284736842,0.285701754,0.291403509,0.30122807,0.308421053,0.314385965,0.317719298,0.323421053,0.32877193,0.333947368,0.334649123,0.336052632,0.339035088,0.34754386,0.358947368,0.36421052600000003,0.370175439,0.37622807,0.384210526,0.391140351,0.397631579,0.40043859600000004,0.403157895,0.40535087700000005,0.410877193,0.421403509,0.43157894700000005
0.51315,0.5239,0.52005,0.5051,0.49145,0.4961,0.5087,0.53195,0.5414,0.5249,0.52405,0.53975,0.5486,0.5488,0.53965,0.5273,0.5076,0.50785,0.5301,0.54735,0.55495,0.55645,0.57115,0.5771,0.57535,0.5729,0.57355,0.5538,0.5406,0.5395
0.014766666999999999,0.014766666999999999,0.0141,0.013766667,0.013766667,0.013766667,0.013766667,0.015516667,0.016016667,0.01235,0.011766667,0.011766667,0.011766667,0.011766667,0.011766667,0.011766667,0.01175,0.01175,0.019666667,0.0175,0.011666667,0.011666667,0.016333333000000002,0.016666667,0.016666667,0.016666667,0.016666667,0.014916667,0.014416667,0.014483333000000001
0.5,0.5,0.45,0.4,0.4,0.4,0.4,0.45,0.45,0.4,0.35,0.35,0.35,0.35,0.35,0.3,0.25,0.2,0.25,0.25,0.25,0.25,0.3,0.35,0.35,0.35,0.35,0.3,0.25,0.3
0.35416666700000005,0.35558333299999995,0.354416667,0.35025,0.349416667,0.3565,0.36675,0.37458333299999996,0.37825,0.3815,0.38733333299999995,0.393083333,0.401,0.405583333,0.4085,0.4115,0.41816666700000005,0.429,0.434666667,0.43558333299999996,0.44225,0.452666667,0.45966666700000003,0.465083333,0.47283333299999997,0.47758333299999994,0.481333333,0.489,0.497666667,0.5095
0.433666667,0.4345,0.43391666700000003,0.4285,0.42925,0.43791666700000004,0.449666667,0.455083333,0.460083333,0.46233333299999996,0.46916666700000004,0.476416667,0.48725,0.49308333299999996,0.496333333,0.500583333,0.510916667,0.522333333,0.528083333,0.526333333,0.5329166670000001,0.544416667,0.5515,0.5575,0.56575,0.5695,0.57275,0.5831666670000001,0.59225,0.606166667
0.28725,0.2905,0.288333333,0.284833333,0.2835,0.28775,0.29825,0.30825,0.313083333,0.315583333,0.3205,0.324666667,0.33058333300000003,0.33575,0.33666666700000003,0.339416667,0.34475,0.354,0.361416667,0.36508333299999995,0.37175,0.38008333299999997,0.38625,0.39075,0.39675,0.404416667,0.40716666700000004,0.410416667,0.41725,0.42866666700000006
0.522238095,0.516,0.5196190479999999,0.515047619,0.497952381,0.490571429,0.499047619,0.523904762,0.541142857,0.539190476,0.525047619,0.53147619,0.540714286,0.5500952379999999,0.5408095239999999,0.529333333,0.5184285710000001,0.5019523810000001,0.518238095,0.548380952,0.560380952,0.557238095,0.564619048,0.569380952,0.564857143,0.568142857,0.572809524,0.566857143,0.549380952,0.537380952
0.014063492,0.014063492,0.014063492,0.013428571,0.013111111000000002,0.013111111000000002,0.013111111000000002,0.014777778,0.015253968,0.015253968,0.011761905,0.011206348999999999,0.011206348999999999,0.011206348999999999,0.011206348999999999,0.011206348999999999,0.011206348999999999,0.011190476000000001,0.018730159,0.02015873,0.016666667,0.011111111000000002,0.015555556000000002,0.015873016,0.015873016,0.015873016,0.015873016,0.015873016,0.014206348999999998,0.013793651
0.523809524,0.47619047600000003,0.47619047600000003,0.428571429,0.380952381,0.380952381,0.380952381,0.428571429,0.47619047600000003,0.428571429,0.380952381,0.333333333,0.333333333,0.333333333,0.333333333,0.333333333,0.28571428600000004,0.23809523800000001,0.23809523800000001,0.28571428600000004,0.28571428600000004,0.23809523800000001,0.28571428600000004,0.333333333,0.333333333,0.333333333,0.333333333,0.333333333,0.28571428600000004,0.28571428600000004
0.35206349200000003,0.354920635,0.35587301600000004,0.353730159,0.35015873,0.353650794,0.363650794,0.37206349200000005,0.378333333,0.379206349,0.383412698,0.389126984,0.396904762,0.40325396799999996,0.408968254,0.413015873,0.41730158700000003,0.424761905,0.42952381,0.433333333,0.43698412700000006,0.44873015899999996,0.455,0.45912698399999996,0.46690476200000003,0.47571428600000004,0.482539683,0.488492063,0.495555556,0.5042063489999999
0.429603175,0.435079365,0.435396825,0.43277777799999995,0.42984127,0.43468254,0.446746032,0.45357142899999997,0.45912698399999996,0.459920635,0.46420634899999996,0.47174603200000004,0.482857143,0.49015873,0.49714285700000005,0.5015079370000001,0.507936508,0.517380952,0.5223015870000001,0.524365079,0.526904762,0.540555556,0.546825397,0.55047619,0.5605555560000001,0.5682539679999999,0.57515873,0.580714286,0.589761905,0.599047619
0.286904762,0.28722222199999997,0.29103174600000004,0.288571429,0.283650794,0.285555556,0.29444444399999997,0.305079365,0.312698413,0.314285714,0.318333333,0.321825397,0.32658730199999997,0.332460317,0.337619048,0.33984127,0.34484127,0.35103174600000003,0.35658730200000005,0.36238095200000003,0.36682539700000005,0.375634921,0.38222222200000006,0.386111111,0.390238095,0.40071428600000003,0.40817460299999997,0.41190476200000004,0.41650793700000005,0.424365079
0.521136364,0.524545455,0.512272727,0.5148636360000001,0.507772727,0.49681818200000005,0.493636364,0.514,0.533045455,0.539045455,0.5386818179999999,0.532090909,0.532772727,0.5425,0.542409091,0.530909091,0.520772727,0.512545455,0.512136364,0.536227273,0.560772727,0.562318182,0.565,0.563227273,0.558045455,0.558454545,0.568272727,0.566454545,0.562045455,0.5459090910000001
0.013424242,0.013424242,0.013424242,0.013424242,0.012818182,0.012515152,0.012515152,0.014106061000000001,0.014560606,0.014560606,0.014560606,0.011227273000000001,0.01069697,0.01069697,0.01069697,0.01069697,0.01069697,0.01069697,0.017878788,0.019242423999999998,0.019242423999999998,0.015909091,0.014848485,0.015151515,0.015151515,0.015151515,0.015151515,0.015151515,0.015151515,0.013621211999999999
0.5,0.5,0.454545455,0.454545455,0.409090909,0.363636364,0.363636364,0.409090909,0.454545455,0.454545455,0.409090909,0.363636364,0.318181818,0.318181818,0.318181818,0.318181818,0.318181818,0.272727273,0.272727273,0.272727273,0.318181818,0.272727273,0.272727273,0.318181818,0.318181818,0.318181818,0.318181818,0.318181818,0.318181818,0.318181818
0.34871212100000004,0.35287878799999994,0.35522727299999995,0.355151515,0.35348484799999996,0.35416666700000005,0.36060606100000003,0.368863636,0.37575757600000004,0.37924242399999997,0.381136364,0.38530303,0.392954545,0.399242424,0.406590909,0.413257576,0.41848484799999996,0.423636364,0.425454545,0.428484848,0.434772727,0.44340909100000003,0.451136364,0.45469697,0.46113636399999997,0.46992424200000005,0.480530303,0.48931818200000005,0.494772727,0.501893939
0.42643939399999997,0.431136364,0.435909091,0.43424242399999996,0.433863636,0.435,0.44325757600000004,0.450606061,0.4575,0.45901515200000004,0.461818182,0.466893939,0.478106061,0.485833333,0.494166667,0.502045455,0.5084848479999999,0.514242424,0.517575758,0.519015152,0.525,0.534469697,0.543030303,0.5460606060000001,0.553712121,0.563181818,0.573712121,0.582651515,0.587121212,0.596363636
0.282575758,0.286893939,0.287878788,0.291136364,0.287272727,0.285606061,0.292045455,0.301136364,0.309469697,0.313863636,0.316969697,0.31969697,0.323787879,0.32856060600000003,0.334393939,0.340606061,0.345,0.35083333299999997,0.353636364,0.35772727299999996,0.36416666700000005,0.37075757600000003,0.37787878799999997,0.38227272700000003,0.38583333299999995,0.394318182,0.404469697,0.412651515,0.417651515,0.423333333
0.515913043,0.523391304,0.520608696,0.5080434779999999,0.507913043,0.50626087,0.49947826100000003,0.5081739129999999,0.5231739129999999,0.531391304,0.538565217,0.544826087,0.5333043479999999,0.534826087,0.5354782610000001,0.532869565,0.522652174,0.5150434779999999,0.521826087,0.529608696,0.5486086960000001,0.562608696,0.569521739,0.563652174,0.552652174,0.552217391,0.5589999999999999,0.562391304,0.561869565,0.558173913
0.01284058,0.01284058,0.01284058,0.01284058,0.01284058,0.01226087,0.011971013999999999,0.013492754,0.013927536,0.013927536,0.013927536,0.013927536,0.01073913,0.010231884,0.010231884,0.010231884,0.010231884,0.010231884,0.017115942,0.018405796999999998,0.018405796999999998,0.018405796999999998,0.019275362,0.014492753999999998,0.014492753999999998,0.014492753999999998,0.014492753999999998,0.014492753999999998,0.014492753999999998,0.014550725
0.47826087,0.47826087,0.47826087,0.434782609,0.434782609,0.39130434799999997,0.347826087,0.39130434799999997,0.434782609,0.434782609,0.434782609,0.39130434799999997,0.347826087,0.304347826,0.304347826,0.304347826,0.304347826,0.304347826,0.304347826,0.304347826,0.304347826,0.304347826,0.304347826,0.304347826,0.304347826,0.304347826,0.304347826,0.304347826,0.304347826,0.347826087
0.34326087,0.34963768100000003,0.35326087,0.35456521700000004,0.35485507200000005,0.35717391299999995,0.360797101,0.365724638,0.372536232,0.37673913,0.381086957,0.383043478,0.389130435,0.39536231899999996,0.402608696,0.410797101,0.418478261,0.42449275399999997,0.42434782600000004,0.424637681,0.430072464,0.44101449299999995,0.44594202899999996,0.45101449299999996,0.456811594,0.464275362,0.47478260899999997,0.48710144899999996,0.495289855,0.500869565
0.42108695700000004,0.428043478,0.43210144899999997,0.434782609,0.435217391,0.438623188,0.44318840600000003,0.447101449,0.454492754,0.457463768,0.460869565,0.464492754,0.473188406,0.48115942,0.489855072,0.49898550700000005,0.508695652,0.5144927539999999,0.514565217,0.5146376810000001,0.519855072,0.532318841,0.537101449,0.542463768,0.549347826,0.556521739,0.568623188,0.580942029,0.5886956520000001,0.593550725
0.27702898600000003,0.282753623,0.287536232,0.288115942,0.28978260899999997,0.288985507,0.291811594,0.298550725,0.305507246,0.310724638,0.316449275,0.318333333,0.321666667,0.32579710100000003,0.33057971,0.337391304,0.345507246,0.350724638,0.35333333299999997,0.35485507200000005,0.35963768100000004,0.368043478,0.37311594200000003,0.37811594200000004,0.382173913,0.389927536,0.398188406,0.408913043,0.418115942,0.424130435
0.512333333,0.5182916670000001,0.5196666670000001,0.516208333,0.5016666670000001,0.506458333,0.508416667,0.513166667,0.517208333,0.522,0.53125,0.544458333,0.545458333,0.53525,0.528416667,0.526625,0.524875,0.517083333,0.523833333,0.538166667,0.54175,0.550875,0.5695,0.568041667,0.5535,0.547291667,0.5529999999999999,0.55375,0.5581666670000001,0.5581666670000001
0.012305556,0.012305556,0.012305556,0.012305556,0.012305556,0.012305556,0.01175,0.012930556000000001,0.013347221999999999,0.013347221999999999,0.013347221999999999,0.013347221999999999,0.013347221999999999,0.010291667,0.009805556,0.009805556,0.009805556,0.009805556,0.016402778,0.017652778,0.017638888999999998,0.017638888999999998,0.021527777999999997,0.01875,0.013888889,0.013888889,0.013888889,0.013888889,0.013888889,0.013944443999999999
0.5,0.45833333299999995,0.45833333299999995,0.45833333299999995,0.41666666700000005,0.41666666700000005,0.375,0.375,0.41666666700000005,0.41666666700000005,0.41666666700000005,0.41666666700000005,0.375,0.333333333,0.291666667,0.291666667,0.291666667,0.291666667,0.333333333,0.333333333,0.333333333,0.291666667,0.333333333,0.333333333,0.291666667,0.291666667,0.291666667,0.291666667,0.291666667,0.333333333
0.33770833299999997,0.344375,0.350138889,0.352708333,0.354305556,0.358333333,0.363402778,0.365694444,0.369375,0.373611111,0.378611111,0.38291666700000004,0.386805556,0.391597222,0.39875,0.406805556,0.415902778,0.424236111,0.42513888899999996,0.42361111100000004,0.426319444,0.43625,0.44354166700000003,0.44604166700000003,0.453194444,0.46,0.46916666700000004,0.481319444,0.49291666700000003,0.501111111
0.414861111,0.422847222,0.42909722200000006,0.431180556,0.43569444399999996,0.43972222200000005,0.446319444,0.446875,0.45097222200000003,0.454583333,0.459305556,0.46347222200000004,0.470625,0.476319444,0.485208333,0.49465277799999996,0.505486111,0.514444444,0.514791667,0.511875,0.515625,0.527083333,0.5349305560000001,0.536805556,0.545763889,0.552222222,0.5620138889999999,0.575763889,0.5868055560000001,0.5947916670000001
0.272708333,0.277430556,0.283541667,0.287777778,0.28694444399999997,0.291319444,0.294791667,0.298055556,0.30284722199999997,0.306875,0.313333333,0.317777778,0.320277778,0.323680556,0.327847222,0.333611111,0.342222222,0.35097222200000006,0.353125,0.35451388899999997,0.356805556,0.363541667,0.37041666700000003,0.373541667,0.37819444399999996,0.38625,0.39381944399999996,0.402708333,0.414305556,0.42430555600000003
0.51284,0.51476,0.5149199999999999,0.51548,0.50976,0.50052,0.50852,0.5212,0.52164,0.51632,0.5222399999999999,0.5372,0.54508,0.54684,0.52908,0.5202,0.5192,0.51944,0.52544,0.5394399999999999,0.54948,0.5442,0.55796,0.56808,0.55812,0.54832,0.54824,0.5482,0.55004,0.55476
0.011813333,0.011813333,0.011813333,0.011813333,0.011813333,0.011813333,0.011813333,0.01268,0.012813333,0.012813333,0.012813333,0.012813333,0.012813333,0.012813333,0.00988,0.009413333000000001,0.009413333000000001,0.009413333000000001,0.015746667,0.016946667,0.016946667,0.016933333000000002,0.020666667,0.020933333000000002,0.018000000000000002,0.013333333000000001,0.013333333000000001,0.013333333000000001,0.013333333000000001,0.013386667
0.48,0.48,0.44,0.44,0.44,0.4,0.4,0.4,0.4,0.4,0.4,0.4,0.4,0.36,0.32,0.28,0.28,0.28,0.32,0.36,0.36,0.32,0.32,0.36,0.32,0.28,0.28,0.28,0.28,0.32
0.3368,0.33899999999999997,0.34506666700000005,0.349733333,0.35253333299999995,0.35766666700000005,0.36426666700000004,0.368,0.3692,0.37053333299999996,0.37553333299999997,0.38046666700000004,0.386533333,0.389266667,0.395,0.40293333299999995,0.411866667,0.42153333299999995,0.42486666700000003,0.4244,0.42526666700000004,0.4324,0.43886666700000004,0.44373333299999995,0.44833333299999995,0.4564,0.464866667,0.47566666700000004,0.48713333299999995,0.4986
0.4142,0.4168,0.424066667,0.428333333,0.4322,0.44,0.44706666700000003,0.44973333299999996,0.4506,0.4512,0.45646666700000005,0.461866667,0.4694,0.473733333,0.4804,0.49,0.501066667,0.511133333,0.514733333,0.5122,0.512933333,0.522733333,0.5298,0.5347333329999999,0.5402,0.548666667,0.557666667,0.569133333,0.5816,0.592733333
0.272666667,0.273266667,0.2784,0.283933333,0.286666667,0.288533333,0.2968,0.300666667,0.3022,0.304266667,0.309533333,0.314733333,0.319666667,0.322266667,0.325733333,0.330866667,0.3384,0.3476,0.35326666700000003,0.35426666700000004,0.3564,0.36066666700000005,0.366,0.370933333,0.3738,0.382266667,0.39013333299999997,0.39833333299999996,0.408133333,0.4204
0.5119230770000001,0.515153846,0.511653846,0.511076923,0.509307692,0.5083461539999999,0.502730769,0.520807692,0.529038462,0.520615385,0.516769231,0.528307692,0.538076923,0.546423077,0.540461538,0.521153846,0.513307692,0.5141923079999999,0.527384615,0.540384615,0.550269231,0.551538462,0.551269231,0.5570384620000001,0.558538462,0.5529615379999999,0.549192308,0.543807692,0.544846154,0.547076923
0.011358973999999999,0.011358973999999999,0.011358973999999999,0.011358973999999999,0.011358973999999999,0.011358973999999999,0.011358973999999999,0.012705128000000001,0.012576923,0.012320513,0.012320513,0.012320513,0.012320513,0.012320513,0.012320513,0.0095,0.009051281999999999,0.009051281999999999,0.015141026,0.016294872,0.016294872,0.016294872,0.019871795,0.020128205,0.020128205,0.017307692,0.012820513,0.012820513,0.012820513,0.012871795
0.46153846200000004,0.46153846200000004,0.46153846200000004,0.423076923,0.423076923,0.423076923,0.384615385,0.423076923,0.423076923,0.384615385,0.384615385,0.384615385,0.384615385,0.384615385,0.346153846,0.307692308,0.269230769,0.269230769,0.307692308,0.346153846,0.384615385,0.346153846,0.346153846,0.346153846,0.346153846,0.307692308,0.269230769,0.269230769,0.269230769,0.307692308
0.335641026,0.338076923,0.339871795,0.344871795,0.349679487,0.355833333,0.363397436,0.368653846,0.371282051,0.37032051299999996,0.3725,0.377435897,0.384038462,0.388910256,0.392628205,0.39916666700000003,0.407948718,0.41743589700000006,0.42224359,0.42416666700000005,0.425961538,0.431153846,0.435064103,0.43923076899999997,0.44602564100000003,0.451602564,0.46121794899999996,0.47128205100000004,0.48147435899999996,0.49282051299999996
0.413717949,0.416089744,0.418205128,0.423525641,0.42942307700000004,0.436474359,0.44705128200000005,0.450320513,0.45320512799999996,0.45083333299999995,0.453141026,0.45903846200000004,0.467628205,0.47243589700000005,0.47775641,0.48519230799999996,0.496346154,0.5066666670000001,0.5115384620000001,0.51224359,0.513205128,0.519871795,0.525512821,0.529807692,0.538076923,0.543205128,0.5540384620000001,0.564679487,0.575,0.5875
0.27044871800000003,0.273205128,0.274358974,0.278974359,0.283012821,0.28820512800000003,0.29391025600000004,0.302371795,0.304551282,0.303589744,0.306923077,0.311025641,0.316666667,0.321602564,0.324294872,0.328717949,0.33557692299999997,0.34371794899999997,0.34993589700000005,0.354358974,0.356089744,0.360128205,0.36314102600000003,0.36666666700000006,0.371282051,0.377884615,0.386153846,0.394615385,0.40371794899999996,0.414230769
0.5106666670000001,0.514185185,0.512148148,0.5080740739999999,0.505296296,0.507962963,0.510185185,0.514777778,0.52837037,0.5277777779999999,0.520888889,0.522814815,0.529481481,0.53962963,0.5402962960000001,0.532407407,0.514481481,0.508703704,0.522037037,0.541703704,0.5507777779999999,0.552222222,0.558074074,0.55062963,0.5482592589999999,0.5535555560000001,0.55362963,0.544888889,0.540740741,0.542185185
0.010938271999999999,0.010938271999999999,0.010938271999999999,0.010938271999999999,0.010938271999999999,0.010938271999999999,0.010938271999999999,0.012234568000000001,0.012604938000000001,0.012111111,0.011864198000000001,0.011864198000000001,0.011864198000000001,0.011864198000000001,0.011864198000000001,0.011864198000000001,0.009148148,0.008716049,0.014580247,0.015691358,0.015691358,0.015691358,0.019148148,0.019382716,0.019382716,0.019382716,0.016666667,0.012345678999999998,0.012345678999999998,0.012395062
0.444444444,0.444444444,0.444444444,0.444444444,0.40740740700000005,0.40740740700000005,0.40740740700000005,0.40740740700000005,0.444444444,0.40740740700000005,0.37037037,0.37037037,0.37037037,0.37037037,0.37037037,0.333333333,0.296296296,0.25925925899999996,0.296296296,0.333333333,0.37037037,0.37037037,0.37037037,0.37037037,0.333333333,0.333333333,0.296296296,0.25925925899999996,0.25925925899999996,0.296296296
0.333703704,0.33691358,0.338950617,0.339876543,0.345,0.35296296299999996,0.36141975299999995,0.367654321,0.371790123,0.372283951,0.37222222200000005,0.374444444,0.380987654,0.386419753,0.39216049399999997,0.396728395,0.40413580200000004,0.41345679,0.418271605,0.42166666700000005,0.425679012,0.431604938,0.433765432,0.435555556,0.44160493799999995,0.44925925899999997,0.456419753,0.467530864,0.47703703700000005,0.487160494
0.41086419799999996,0.415555556,0.417469136,0.417901235,0.424753086,0.433641975,0.443395062,0.450185185,0.453641975,0.45333333299999995,0.452716049,0.455740741,0.46469135799999994,0.47061728399999997,0.476358025,0.482469136,0.491481481,0.50191358,0.507222222,0.509259259,0.513209877,0.519876543,0.522654321,0.525679012,0.533209877,0.5410493829999999,0.5485802470000001,0.560925926,0.5704938270000001,0.580925926
0.269506173,0.27104938300000003,0.274259259,0.275061728,0.278271605,0.28462963,0.293395062,0.299382716,0.306049383,0.30580246899999997,0.30617284,0.30845679,0.313024691,0.318641975,0.323580247,0.327222222,0.333333333,0.340802469,0.346111111,0.35111111100000003,0.35611111100000004,0.35969135799999996,0.362530864,0.363888889,0.367160494,0.375308642,0.381790123,0.390617284,0.39993827200000004,0.409753086
0.513892857,0.512892857,0.511321429,0.508678571,0.502607143,0.504142857,0.50975,0.521535714,0.522285714,0.527178571,0.527785714,0.526571429,0.5241428570000001,0.531285714,0.533964286,0.532535714,0.525571429,0.51,0.516464286,0.5360357139999999,0.5516785710000001,0.552642857,0.5585,0.557214286,0.5423928570000001,0.543821429,0.554178571,0.549321429,0.541892857,0.538321429
0.010547619,0.010547619,0.010547619,0.010547619,0.010547619,0.010547619,0.010547619,0.011797618999999999,0.012154762,0.012154762,0.011678571,0.011440476000000002,0.011440476000000002,0.011440476000000002,0.011440476000000002,0.011440476000000002,0.011440476000000002,0.008821429,0.014059523999999999,0.015130952,0.015130952,0.015130952,0.018464286,0.018702381,0.018690476,0.018690476,0.018690476,0.016071428999999998,0.011904762,0.011952381000000002
0.428571429,0.428571429,0.428571429,0.428571429,0.428571429,0.39285714299999996,0.39285714299999996,0.428571429,0.428571429,0.428571429,0.39285714299999996,0.35714285700000004,0.35714285700000004,0.35714285700000004,0.35714285700000004,0.35714285700000004,0.321428571,0.28571428600000004,0.28571428600000004,0.321428571,0.35714285700000004,0.35714285700000004,0.39285714299999996,0.39285714299999996,0.35714285700000004,0.321428571,0.321428571,0.28571428600000004,0.25,0.28571428600000004
0.3325,0.335,0.337797619,0.338988095,0.34017857100000004,0.34833333299999997,0.35845238100000004,0.365595238,0.370714286,0.372738095,0.374047619,0.374107143,0.37797619,0.38339285700000003,0.389642857,0.39613095200000004,0.40160714299999994,0.409583333,0.41440476200000004,0.417857143,0.423214286,0.431130952,0.434107143,0.434285714,0.43797619,0.44488095200000005,0.453988095,0.46267857100000004,0.47321428600000004,0.482678571
0.409702381,0.412738095,0.41690476200000004,0.417202381,0.419285714,0.428988095,0.44041666700000004,0.446547619,0.45339285700000004,0.45375,0.455059524,0.455238095,0.46130952399999997,0.467678571,0.474464286,0.48095238100000004,0.488630952,0.49702381,0.502619048,0.505178571,0.510297619,0.519642857,0.5225595239999999,0.5229166670000001,0.529107143,0.53625,0.546309524,0.555416667,0.566666667,0.576369048
0.268690476,0.27011904800000003,0.272142857,0.274940476,0.27452381,0.28,0.289761905,0.29869047600000004,0.303035714,0.307202381,0.308214286,0.307678571,0.31047619,0.315059524,0.320654762,0.326428571,0.33172619,0.338452381,0.34321428600000004,0.347380952,0.352916667,0.35958333299999995,0.36202381,0.36327381,0.364464286,0.371190476,0.379166667,0.38625,0.39589285700000004,0.40589285700000005
0.524310345,0.515931034,0.510172414,0.508,0.50337931,0.501586207,0.506,0.520724138,0.528551724,0.5213448279999999,0.527206897,0.533034483,0.527724138,0.526068966,0.526103448,0.526689655,0.525931034,0.520862069,0.517448276,0.530172414,0.545862069,0.553448276,0.558689655,0.557655172,0.549034483,0.538310345,0.544758621,0.55,0.546275862,0.539517241
0.01116092,0.010183908,0.010183908,0.010183908,0.010183908,0.010183908,0.010183908,0.011390805,0.011735632,0.011735632,0.011735632,0.011275862,0.011045977,0.011045977,0.011045977,0.011045977,0.011045977,0.011045977,0.013977011000000001,0.014609195,0.014609195,0.014609195,0.017827586,0.018057471000000002,0.018057471000000002,0.018045977,0.018045977,0.018045977,0.015517241000000001,0.01154023
0.448275862,0.413793103,0.413793103,0.413793103,0.413793103,0.413793103,0.379310345,0.413793103,0.448275862,0.413793103,0.413793103,0.379310345,0.344827586,0.344827586,0.344827586,0.344827586,0.344827586,0.310344828,0.310344828,0.310344828,0.344827586,0.344827586,0.379310345,0.413793103,0.379310345,0.344827586,0.310344828,0.310344828,0.275862069,0.275862069
0.33137931,0.333793103,0.33591954,0.337873563,0.339310345,0.34356321799999995,0.353793103,0.36258620700000005,0.36862069,0.371666667,0.37442528700000005,0.375804598,0.37752873600000003,0.380402299,0.386609195,0.393563218,0.400862069,0.40695402299999994,0.410632184,0.414137931,0.419482759,0.42856321799999997,0.433563218,0.434597701,0.436666667,0.44126436799999996,0.449597701,0.46011494299999994,0.46833333299999996,0.478793103
0.40683908,0.411551724,0.414137931,0.41666666700000005,0.41856321799999996,0.42356321799999996,0.435689655,0.443563218,0.449770115,0.453505747,0.455402299,0.45741379299999996,0.460632184,0.464310345,0.471494253,0.478965517,0.48695402299999996,0.49408046,0.49787356299999996,0.500804598,0.5063218389999999,0.516609195,0.522241379,0.522816092,0.526321839,0.5321839079999999,0.541494253,0.552988506,0.561149425,0.572471264
0.26908046,0.269310345,0.271206897,0.272873563,0.274425287,0.27632183899999996,0.285114943,0.295,0.302241379,0.304252874,0.309482759,0.309597701,0.309655172,0.31252873600000003,0.317126437,0.323505747,0.330804598,0.33672413799999995,0.340862069,0.34454023,0.349252874,0.35637931,0.36183908,0.362758621,0.363850575,0.368448276,0.37505747100000003,0.383563218,0.39149425299999996,0.401781609
0.529133333,0.525933333,0.5132,0.507,0.5029,0.502366667,0.503466667,0.516733333,0.5275333329999999,0.527433333,0.521566667,0.5323,0.533933333,0.529466667,0.521233333,0.519333333,0.5205,0.521366667,0.5277,0.530666667,0.5398666670000001,0.547766667,0.559266667,0.557866667,0.5497333329999999,0.5448666670000001,0.5394,0.541033333,0.547033333,0.5438333329999999
0.011566667,0.010788889,0.009844444,0.009844444,0.009844444,0.009844444,0.009844444,0.011011111,0.011344443999999999,0.011344443999999999,0.011344443999999999,0.011344443999999999,0.0109,0.010677778,0.010677778,0.010677778,0.010677778,0.010677778,0.015955556,0.014511111,0.014122222,0.014122222,0.017233333,0.017455556,0.017455556,0.017455556,0.017444444,0.017444444,0.017444444,0.015044443999999999
0.46666666700000003,0.433333333,0.4,0.4,0.4,0.4,0.4,0.4,0.433333333,0.433333333,0.4,0.4,0.36666666700000006,0.333333333,0.333333333,0.333333333,0.333333333,0.333333333,0.333333333,0.333333333,0.333333333,0.333333333,0.36666666700000006,0.4,0.4,0.36666666700000006,0.333333333,0.3,0.3,0.3
0.331611111,0.33266666699999997,0.334722222,0.33605555600000003,0.338222222,0.342611111,0.349,0.357944444,0.365611111,0.369611111,0.373333333,0.376111111,0.379055556,0.379888889,0.383611111,0.3905,0.398222222,0.40605555600000004,0.40805555600000004,0.4105,0.41583333299999997,0.424777778,0.431,0.434055556,0.436888889,0.439888889,0.445944444,0.455666667,0.46566666700000003,0.473888889
0.40633333299999996,0.408722222,0.41294444399999997,0.414,0.418,0.42272222200000004,0.43022222200000004,0.438888889,0.44677777799999996,0.45,0.455111111,0.457666667,0.46255555600000003,0.46355555600000004,0.468111111,0.47594444399999997,0.484833333,0.49227777799999994,0.495,0.49627777799999995,0.5020555560000001,0.512555556,0.519222222,0.5225,0.526111111,0.529388889,0.537388889,0.548111111,0.558611111,0.566944444
0.27016666699999997,0.26966666699999997,0.27038888899999997,0.271944444,0.272444444,0.276166667,0.281388889,0.290333333,0.298555556,0.303444444,0.306555556,0.310777778,0.311444444,0.311666667,0.314611111,0.32,0.327833333,0.33566666700000003,0.339111111,0.342222222,0.34644444399999996,0.35272222200000003,0.35866666700000005,0.362555556,0.363333333,0.36772222200000004,0.37227777799999995,0.379444444,0.388722222,0.39733333299999996
