,2015-11-13,2015-11-14,2015-11-15,2015-11-16,2015-11-17,2015-11-18,2015-11-19,2015-11-20,2015-11-21,2015-11-22,2015-11-23,2015-11-24,2015-11-25,2015-11-26,2015-11-27,2015-11-28,2015-11-29,2015-11-30,2015-12-01,2015-12-02,2015-12-03,2015-12-04,2015-12-05,2015-12-06,2015-12-07,2015-12-08,2015-12-09,2015-12-10,2015-12-11,2015-12-12
0,0.635,0.838,0.973,0.845,0.851,0.696,0.706,0.728,0.726,0.5589999999999999,0.665,0.809,0.695,0.868,0.638,0.591,0.708,0.879,0.691,0.5760000000000001,0.7140000000000001,0.7929999999999999,0.639,0.514,0.46399999999999997,0.511,0.5589999999999999,0.574,0.748,0.565
1,0.0,0.075,0.011666667,0.0,0.018333333,0.0,0.018333333,0.0,0.0,0.0,0.011666667,0.021666667,0.0016666670000000001,0.036666667,0.0,0.0,0.00033333300000000006,0.01,0.0,0.0,0.045,0.023666667000000002,0.0,0.0,0.0,0.0,0.0,0.0,0.001,0.0
2,0.0,1.0,1.0,0.0,1.0,0.0,1.0,0.0,0.0,0.0,1.0,1.0,1.0,1.0,1.0,0.0,1.0,1.0,0.0,0.0,1.0,1.0,0.0,0.0,0.0,0.0,0.0,0.0,1.0,0.0
3,0.49166666700000006,0.441666667,0.46333333299999996,0.47333333299999997,0.45333333299999995,0.48166666700000005,0.423333333,0.39833333299999996,0.41333333299999997,0.40333333299999996,0.42,0.391666667,0.34333333299999996,0.29,0.205,0.203333333,0.251666667,0.291666667,0.318333333,0.316666667,0.35,0.238333333,0.243333333,0.306666667,0.271666667,0.281666667,0.29833333300000003,0.333333333,0.38,0.35666666700000005
4,0.6,0.46833333299999996,0.48666666700000005,0.536666667,0.483333333,0.571666667,0.46,0.43,0.49,0.5066666670000001,0.5116666670000001,0.433333333,0.39666666700000003,0.33833333299999996,0.265,0.283333333,0.29333333300000003,0.315,0.391666667,0.423333333,0.391666667,0.305,0.301666667,0.37,0.38,0.36166666700000005,0.41,0.431666667,0.40333333299999996,0.45333333299999995
5,0.42,0.425,0.433333333,0.42666666700000005,0.428333333,0.433333333,0.39,0.36166666700000005,0.368333333,0.333333333,0.34833333299999997,0.358333333,0.295,0.265,0.17,0.128333333,0.205,0.26666666699999997,0.265,0.228333333,0.29833333300000003,0.196666667,0.176666667,0.26,0.21666666699999998,0.193333333,0.226666667,0.236666667,0.34666666700000004,0.305
6,0.6795,0.7365,0.9055,0.909,0.848,0.7735,0.701,0.7170000000000001,0.727,0.6425,0.612,0.737,0.752,0.7815,0.753,0.6145,0.6495,0.7935,0.785,0.6335,0.645,0.7535,0.716,0.5765,0.489,0.4875,0.535,0.5665,0.6609999999999999,0.6565
7,0.0,0.0375,0.043333332999999995,0.0058333330000000004,0.009166667,0.009166667,0.009166667,0.009166667,0.0,0.0,0.0058333330000000004,0.016666667,0.011666667,0.019166667,0.018333333,0.0,0.000166667,0.005166667,0.005,0.0,0.0225,0.034333333,0.011833333,0.0,0.0,0.0,0.0,0.0,0.0005,0.0005
8,0.0,0.5,1.0,0.5,0.5,0.5,0.5,0.5,0.0,0.0,0.5,1.0,1.0,1.0,1.0,0.5,0.5,1.0,0.5,0.0,0.5,1.0,0.5,0.0,0.0,0.0,0.0,0.0,0.5,0.5
9,0.4675,0.46666666700000003,0.4525,0.46833333299999996,0.46333333299999996,0.4675,0.4525,0.41083333299999997,0.40583333299999996,0.40833333299999997,0.41166666700000004,0.40583333299999996,0.3675,0.316666667,0.2475,0.204166667,0.2275,0.271666667,0.305,0.3175,0.333333333,0.294166667,0.240833333,0.275,0.289166667,0.276666667,0.29,0.315833333,0.35666666700000005,0.368333333
10,0.5725,0.534166667,0.4775,0.5116666670000001,0.51,0.5275,0.515833333,0.445,0.46,0.498333333,0.509166667,0.4725,0.415,0.3675,0.301666667,0.274166667,0.288333333,0.304166667,0.35333333299999997,0.4075,0.4075,0.34833333299999997,0.303333333,0.33583333299999996,0.375,0.370833333,0.38583333299999995,0.420833333,0.4175,0.428333333
11,0.39,0.4225,0.42916666700000006,0.43,0.4275,0.430833333,0.41166666700000004,0.375833333,0.365,0.35083333299999997,0.34083333299999996,0.35333333299999997,0.32666666699999997,0.28,0.2175,0.149166667,0.166666667,0.235833333,0.265833333,0.246666667,0.263333333,0.2475,0.18666666699999998,0.21833333300000002,0.238333333,0.205,0.21,0.231666667,0.291666667,0.325833333
12,0.719666667,0.7323333329999999,0.815333333,0.885333333,0.8896666670000001,0.797333333,0.7509999999999999,0.71,0.72,0.6709999999999999,0.65,0.677666667,0.723,0.790666667,0.733666667,0.6990000000000001,0.6456666670000001,0.726,0.7593333329999999,0.715333333,0.660333333,0.694333333,0.715333333,0.648666667,0.539,0.496333333,0.511333333,0.5479999999999999,0.627,0.629
13,0.0,0.025,0.028888888999999997,0.028888888999999997,0.01,0.006111111,0.012222222,0.006111111,0.006111111,0.0,0.0038888890000000004,0.011111111000000002,0.011666667,0.02,0.012777778,0.012222222,0.000111111,0.003444444,0.003444444,0.003333333,0.015,0.022888889,0.022888889,0.007888889,0.0,0.0,0.0,0.0,0.00033333300000000006,0.00033333300000000006
14,0.0,0.333333333,0.666666667,0.666666667,0.666666667,0.333333333,0.666666667,0.333333333,0.333333333,0.0,0.333333333,0.666666667,1.0,1.0,1.0,0.666666667,0.666666667,0.666666667,0.666666667,0.333333333,0.333333333,0.666666667,0.666666667,0.333333333,0.0,0.0,0.0,0.0,0.333333333,0.333333333
15,0.450555556,0.45888888899999997,0.46555555600000004,0.459444444,0.46333333299999996,0.46944444399999996,0.45277777799999996,0.434444444,0.41166666700000004,0.405,0.412222222,0.405,0.385,0.34166666700000003,0.27944444399999996,0.23277777800000002,0.22,0.24888888899999997,0.28722222199999997,0.308888889,0.328333333,0.301666667,0.277222222,0.262777778,0.27388888899999997,0.286666667,0.283888889,0.304444444,0.337222222,0.35666666700000005
16,0.54,0.5377777779999999,0.518333333,0.49722222200000005,0.502222222,0.530555556,0.505,0.48722222200000004,0.46,0.475555556,0.502777778,0.483888889,0.447222222,0.389444444,0.333333333,0.295555556,0.28055555600000004,0.297222222,0.333333333,0.376666667,0.402222222,0.373333333,0.332777778,0.325555556,0.350555556,0.370555556,0.383888889,0.401111111,0.415,0.429444444
17,0.386111111,0.40166666700000003,0.42611111100000004,0.428333333,0.429444444,0.429444444,0.41722222200000003,0.395,0.373333333,0.35444444399999997,0.35,0.34666666700000004,0.33388888899999997,0.306111111,0.243333333,0.187777778,0.16777777800000002,0.2,0.245555556,0.253333333,0.26388888899999996,0.24111111100000002,0.22388888899999998,0.21111111100000002,0.217777778,0.223333333,0.212222222,0.21888888899999998,0.27,0.29611111100000004
18,0.75875,0.74925,0.7925,0.82275,0.87675,0.84125,0.7745,0.74525,0.7140000000000001,0.67975,0.6695,0.68975,0.682,0.75925,0.7525,0.698,0.70125,0.7040000000000001,0.71725,0.7135,0.715,0.6935,0.6805,0.665,0.6025,0.532,0.512,0.527,0.598,0.6115
19,0.002916667,0.01875,0.021666667,0.021666667,0.02625,0.0075,0.009166667,0.009166667,0.004583333,0.004583333,0.002916667,0.008333333,0.00875,0.017916667,0.015,0.009583333000000001,0.00925,0.0025833329999999997,0.0025833329999999997,0.0025833329999999997,0.01375,0.017166667,0.017166667,0.017166667,0.005916667,0.0,0.0,0.0,0.00025,0.00025
20,0.25,0.25,0.5,0.5,0.75,0.5,0.5,0.5,0.25,0.25,0.25,0.5,0.75,1.0,1.0,0.75,0.75,0.75,0.5,0.5,0.5,0.5,0.5,0.5,0.25,0.0,0.0,0.0,0.25,0.25
21,0.44541666700000004,0.44833333299999995,0.46,0.4675,0.45791666700000005,0.467916667,0.45791666700000005,0.439166667,0.42916666700000006,0.409583333,0.40875,0.407083333,0.389583333,0.36125,0.3075,0.260416667,0.2375,0.237916667,0.26625,0.294583333,0.319166667,0.305833333,0.287083333,0.284583333,0.265,0.275833333,0.289583333,0.29625,0.323333333,0.342083333
22,0.517916667,0.522083333,0.525,0.5229166670000001,0.49375,0.5195833329999999,0.512916667,0.48625,0.487916667,0.47166666700000004,0.48458333299999995,0.485416667,0.462083333,0.42,0.358333333,0.320833333,0.295,0.289166667,0.320833333,0.355833333,0.38041666700000004,0.37791666700000004,0.355416667,0.342083333,0.33916666700000003,0.35333333299999997,0.38041666700000004,0.39583333299999995,0.40166666700000003,0.42458333299999995
23,0.39291666700000005,0.39583333299999995,0.409583333,0.42625,0.428333333,0.43041666700000003,0.41958333299999995,0.40333333299999996,0.38833333299999995,0.363333333,0.352916667,0.35208333299999994,0.33375,0.316666667,0.272083333,0.21458333300000001,0.192083333,0.1925,0.21625,0.24125,0.26458333300000003,0.24708333300000002,0.225,0.232916667,0.2125,0.211666667,0.224166667,0.21833333300000002,0.250833333,0.27875
24,0.7882,0.7746,0.794,0.8029999999999999,0.8284,0.8406,0.8142,0.7652,0.7414,0.6829999999999999,0.6768,0.6974,0.6908,0.7192,0.735,0.7202,0.7,0.7368,0.7014,0.6890000000000001,0.7136,0.7306,0.6826,0.6472,0.6248,0.5842,0.5374,0.5244,0.5712,0.5914
25,0.009333333000000001,0.017333333,0.017333333,0.017333333,0.021,0.021,0.009666667,0.007333333,0.007333333,0.003666667,0.006,0.006666666999999999,0.006999999999999999,0.014333333,0.014333333,0.012,0.007733333,0.0094,0.0020666670000000003,0.0020666670000000003,0.011066666999999999,0.015733333000000002,0.013733333,0.013733333,0.013733333,0.004733333,0.0,0.0,0.0002,0.0002
26,0.4,0.4,0.4,0.4,0.6,0.6,0.6,0.4,0.4,0.2,0.4,0.4,0.6,0.8,1.0,0.8,0.8,0.8,0.6,0.4,0.6,0.6,0.4,0.4,0.4,0.2,0.0,0.0,0.2,0.2
27,0.443333333,0.444666667,0.45133333299999995,0.46266666700000003,0.46466666700000003,0.46266666700000003,0.45899999999999996,0.446,0.434,0.424,0.41166666700000004,0.40533333299999996,0.39433333299999995,0.369666667,0.33,0.286666667,0.258666667,0.24833333300000002,0.254,0.276333333,0.305666667,0.303,0.29333333300000003,0.29100000000000004,0.282,0.268333333,0.280333333,0.29833333300000003,0.313,0.33
28,0.5036666670000001,0.508,0.515,0.527333333,0.515,0.5093333329999999,0.5076666670000001,0.496333333,0.48700000000000004,0.49166666700000006,0.47966666700000005,0.47433333299999997,0.46766666700000004,0.437333333,0.389,0.34333333299999996,0.315333333,0.299,0.309666667,0.34133333299999996,0.363,0.365333333,0.36266666700000005,0.358333333,0.34966666700000004,0.34366666700000004,0.36466666700000006,0.390666667,0.39733333299999996,0.41200000000000003
29,0.39866666700000003,0.39933333299999996,0.40333333299999996,0.413,0.42666666700000005,0.429333333,0.422333333,0.408,0.39633333299999995,0.377333333,0.360333333,0.354,0.34066666700000003,0.32,0.287333333,0.243333333,0.212666667,0.207,0.207,0.21866666699999998,0.252666667,0.251,0.233,0.23199999999999998,0.229666667,0.208666667,0.214666667,0.226666667,0.244,0.261666667
30,0.809333333,0.7965,0.807666667,0.8025,0.8109999999999999,0.806333333,0.8181666670000001,0.7998333329999999,0.7586666670000001,0.711,0.68,0.698833333,0.6970000000000001,0.720333333,0.705666667,0.711,0.718166667,0.729833333,0.729166667,0.6805,0.6931666670000001,0.726833333,0.715333333,0.6545,0.6166666670000001,0.605833333,0.58,0.5435,0.561666667,0.5701666670000001
31,0.021388888999999998,0.020277778,0.016388889,0.014444443999999999,0.0175,0.0175,0.020555556000000003,0.008055556,0.006111111,0.006111111,0.005,0.008611111,0.0058333330000000004,0.011944443999999999,0.011944443999999999,0.011944443999999999,0.010055556,0.008111110999999999,0.007833333,0.001722222,0.009222221999999999,0.013166667,0.013111111000000002,0.011444444,0.011444444,0.011444444,0.003944444,0.0,0.000166667,0.000166667
32,0.5,0.5,0.5,0.333333333,0.5,0.5,0.666666667,0.5,0.333333333,0.333333333,0.333333333,0.5,0.5,0.666666667,0.833333333,0.833333333,0.833333333,0.833333333,0.666666667,0.5,0.5,0.666666667,0.5,0.333333333,0.333333333,0.333333333,0.166666667,0.0,0.166666667,0.166666667
33,0.44027777799999995,0.443055556,0.44777777799999996,0.455,0.461111111,0.4675,0.456111111,0.44888888899999996,0.440555556,0.428888889,0.423333333,0.40833333299999997,0.395,0.376944444,0.342222222,0.308888889,0.280833333,0.26416666699999997,0.26,0.264444444,0.28861111100000003,0.29444444399999997,0.293055556,0.295555556,0.287777778,0.28194444399999996,0.273333333,0.289166667,0.311944444,0.320277778
34,0.493888889,0.49777777799999995,0.504444444,0.518611111,0.52,0.524444444,0.501111111,0.49472222200000004,0.49527777799999995,0.490277778,0.495,0.47194444399999996,0.46138888899999997,0.446111111,0.408611111,0.371388889,0.335,0.315277778,0.314444444,0.328611111,0.349722222,0.35333333299999997,0.35472222200000003,0.363888889,0.361944444,0.35166666700000004,0.35472222200000003,0.375833333,0.39277777799999997,0.40666666700000004
35,0.399722222,0.40305555600000004,0.405,0.407222222,0.415555556,0.427777778,0.422777778,0.412222222,0.40138888899999997,0.38583333299999995,0.3725,0.36,0.34416666700000004,0.328055556,0.295,0.260833333,0.23694444399999998,0.22166666699999998,0.21666666699999998,0.210555556,0.23194444399999997,0.243333333,0.23861111100000001,0.2375,0.229444444,0.223611111,0.211666667,0.21833333300000002,0.246666667,0.254166667
36,0.785,0.813428571,0.821714286,0.813,0.809428571,0.7945714290000001,0.792,0.805285714,0.789285714,0.730142857,0.7044285709999999,0.6984285709999999,0.6982857140000001,0.7214285709999999,0.708571429,0.689285714,0.710571429,0.741142857,0.7242857140000001,0.7072857140000001,0.685285714,0.7074285709999999,0.7142857140000001,0.686571429,0.627285714,0.6015714289999999,0.599142857,0.579142857,0.572714286,0.562142857
37,0.02047619,0.029047619,0.019047619,0.014047618999999999,0.015,0.015,0.017619048000000002,0.017619048000000002,0.006904761999999999,0.005238095,0.006904761999999999,0.007380952,0.007619048000000001,0.010238095,0.010238095,0.010238095,0.010285714,0.010047619,0.006952381,0.006714286,0.007904762,0.011285713999999999,0.011285713999999999,0.011238095,0.009809524,0.009809524,0.009809524,0.003380952,0.000142857,0.000142857
38,0.571428571,0.571428571,0.571428571,0.428571429,0.428571429,0.428571429,0.571428571,0.571428571,0.428571429,0.28571428600000004,0.428571429,0.428571429,0.571428571,0.571428571,0.7142857140000001,0.7142857140000001,0.857142857,0.857142857,0.7142857140000001,0.571428571,0.571428571,0.571428571,0.571428571,0.428571429,0.28571428600000004,0.28571428600000004,0.28571428600000004,0.14285714300000002,0.14285714300000002,0.14285714300000002
39,0.445238095,0.44047619,0.445952381,0.451428571,0.454761905,0.46404761899999997,0.461190476,0.44785714299999996,0.443809524,0.435238095,0.42761904799999995,0.418809524,0.39904761899999996,0.38,0.352380952,0.322380952,0.300714286,0.282380952,0.27190476199999997,0.268095238,0.276666667,0.281428571,0.287142857,0.295,0.292142857,0.286904762,0.28428571399999997,0.281904762,0.302142857,0.318333333
40,0.504761905,0.490238095,0.496190476,0.509047619,0.513571429,0.527380952,0.515238095,0.490952381,0.494047619,0.49690476200000006,0.493333333,0.48619047600000004,0.461190476,0.443809524,0.420238095,0.390714286,0.360238095,0.332142857,0.326190476,0.33,0.337619048,0.34333333299999996,0.34595238100000003,0.35690476200000004,0.36619047600000004,0.36190476200000005,0.36,0.365714286,0.379761905,0.401428571
41,0.401190476,0.40333333299999996,0.407380952,0.40809523799999997,0.410238095,0.418095238,0.42238095200000003,0.414047619,0.40595238100000003,0.391666667,0.38047619,0.37047619,0.35071428600000004,0.332857143,0.30547619,0.271190476,0.252857143,0.24119047600000001,0.227857143,0.21833333300000002,0.223095238,0.22690476199999998,0.233809524,0.241666667,0.23452381,0.224285714,0.22404761899999998,0.215238095,0.236666667,0.255
42,0.76675,0.791625,0.833375,0.824625,0.81775,0.79525,0.7835,0.784,0.795375,0.7605,0.722,0.7175,0.698,0.7195,0.711,0.693875,0.691625,0.731625,0.734875,0.70575,0.708125,0.69875,0.698875,0.68925,0.65875,0.61275,0.59625,0.596,0.60025,0.57175
43,0.017916667,0.027291667000000002,0.026875,0.016666667,0.014583333,0.013125,0.015416667,0.015416667,0.015416667,0.006041667,0.006041667,0.00875,0.006666666999999999,0.01125,0.008958333,0.008958333,0.009000000000000001,0.01025,0.008791667,0.006083333000000001,0.0115,0.009875,0.009875,0.009875,0.009833333,0.008583333,0.008583333,0.008583333,0.0030833329999999997,0.000125
44,0.5,0.625,0.625,0.5,0.5,0.375,0.5,0.5,0.5,0.375,0.375,0.5,0.5,0.625,0.625,0.625,0.75,0.875,0.75,0.625,0.625,0.625,0.5,0.5,0.375,0.25,0.25,0.25,0.25,0.125
45,0.44833333299999995,0.44479166700000006,0.443333333,0.449375,0.451666667,0.458125,0.458958333,0.45333333299999995,0.44354166700000003,0.43875,0.433333333,0.423125,0.409375,0.38541666700000005,0.358125,0.33375,0.31354166699999997,0.299583333,0.286875,0.2775,0.278333333,0.271875,0.276666667,0.289583333,0.292083333,0.290833333,0.288333333,0.290416667,0.294166667,0.30895833300000003
46,0.512916667,0.500208333,0.48979166700000004,0.50125,0.505833333,0.520833333,0.5189583329999999,0.504583333,0.490833333,0.495625,0.49875,0.485833333,0.475,0.44583333299999994,0.42145833299999996,0.403125,0.378541667,0.35458333299999995,0.339583333,0.33833333299999996,0.33770833299999997,0.333541667,0.338125,0.34895833299999995,0.35979166700000004,0.365625,0.36791666700000003,0.36895833299999997,0.37041666700000003,0.388958333
47,0.40020833299999997,0.40416666700000003,0.407083333,0.409791667,0.410625,0.413125,0.41458333299999994,0.41479166700000003,0.40833333299999997,0.396875,0.38625,0.37770833299999995,0.361041667,0.34,0.3125,0.283333333,0.262916667,0.254583333,0.244166667,0.227916667,0.228333333,0.219791667,0.220625,0.237083333,0.23854166699999999,0.229375,0.224583333,0.225625,0.231666667,0.245208333
48,0.7504444440000001,0.774666667,0.811777778,0.834666667,0.827555556,0.804222222,0.785333333,0.777333333,0.7775555559999999,0.769111111,0.7498888890000001,0.731666667,0.715,0.716888889,0.7104444440000001,0.697666667,0.695444444,0.7124444440000001,0.7271111109999999,0.7172222220000001,0.706666667,0.717555556,0.6921111109999999,0.678333333,0.664222222,0.642333333,0.606777778,0.593777778,0.6128888889999999,0.596333333
49,0.015925926,0.024259259,0.025555556,0.023888889,0.016851852,0.012962963000000001,0.013703703999999999,0.013703703999999999,0.013703703999999999,0.013703703999999999,0.006666666999999999,0.007777778000000001,0.007962963,0.01,0.01,0.007962963,0.008,0.009111111,0.009111111,0.007814815,0.010407406999999999,0.012851851999999999,0.008777778,0.008777778,0.008777778,0.008740741,0.00762963,0.00762963,0.007740741,0.0027407409999999997
50,0.444444444,0.5555555560000001,0.666666667,0.5555555560000001,0.5555555560000001,0.444444444,0.444444444,0.444444444,0.444444444,0.444444444,0.444444444,0.444444444,0.5555555560000001,0.5555555560000001,0.666666667,0.5555555560000001,0.666666667,0.7777777779999999,0.7777777779999999,0.666666667,0.666666667,0.666666667,0.5555555560000001,0.444444444,0.444444444,0.333333333,0.222222222,0.222222222,0.333333333,0.222222222
51,0.44888888899999996,0.447592593,0.44685185200000005,0.446666667,0.449814815,0.455,0.45425925899999997,0.452222222,0.44888888899999996,0.439074074,0.436666667,0.42870370399999996,0.414259259,0.396111111,0.36537037,0.340925926,0.32462963,0.311111111,0.301666667,0.290185185,0.285555556,0.27388888899999997,0.268703704,0.28,0.287592593,0.290925926,0.291666667,0.29333333300000003,0.30037037,0.30111111100000004
52,0.52037037,0.507962963,0.49870370399999997,0.495,0.499259259,0.513148148,0.5140740739999999,0.5090740739999999,0.502962963,0.49259259299999997,0.497407407,0.491481481,0.475925926,0.459814815,0.42574074100000003,0.406111111,0.39092592600000003,0.371481481,0.358703704,0.348888889,0.344259259,0.334074074,0.33,0.34166666700000003,0.352407407,0.36,0.370555556,0.375,0.37277777799999995,0.37962963
53,0.394259259,0.40296296299999995,0.40740740700000005,0.409259259,0.411851852,0.413148148,0.410555556,0.408703704,0.40962963,0.4,0.391481481,0.38314814799999997,0.368518519,0.35037037,0.321111111,0.292037037,0.27462963,0.263333333,0.255740741,0.242407407,0.235740741,0.224814815,0.215,0.225,0.234814815,0.23351851899999998,0.229074074,0.22592592600000003,0.239074074,0.239814815
54,0.743,0.7592,0.7945,0.8151,0.8363,0.8144,0.7944,0.7796,0.7722,0.7557,0.7587,0.7558,0.728,0.7303,0.7090000000000001,0.6985,0.6987,0.7138,0.7103,0.7120000000000001,0.7169,0.7153,0.7097,0.6743,0.6569,0.6489,0.634,0.6035,0.6092,0.6081
55,0.014333333,0.021833332999999996,0.023,0.023,0.023333332999999998,0.015166667,0.0135,0.012333333,0.012333333,0.012333333,0.0135,0.008166666999999999,0.007166667,0.010833333,0.009000000000000001,0.009000000000000001,0.0072,0.0082,0.0082,0.0082,0.011533333,0.011733333,0.011566667,0.0079,0.0079,0.0079,0.007866666999999999,0.006866667,0.006966666999999999,0.006966666999999999
56,0.4,0.5,0.6,0.6,0.6,0.5,0.5,0.4,0.4,0.4,0.5,0.5,0.5,0.6,0.6,0.6,0.6,0.7,0.7,0.7,0.7,0.7,0.6,0.5,0.4,0.4,0.3,0.2,0.3,0.3
57,0.448666667,0.448166667,0.449166667,0.4495,0.44733333299999994,0.45299999999999996,0.45183333299999995,0.448666667,0.44833333299999995,0.444333333,0.437166667,0.432166667,0.42016666700000005,0.40183333299999996,0.377,0.34916666700000004,0.332,0.321333333,0.311833333,0.303166667,0.296166667,0.280833333,0.270833333,0.2725,0.279166667,0.287,0.291666667,0.29583333300000003,0.302,0.306
58,0.5245,0.515166667,0.505833333,0.5025,0.493833333,0.5065,0.507833333,0.5056666670000001,0.507166667,0.5033333329999999,0.4945,0.491,0.48200000000000004,0.46216666700000003,0.440333333,0.4115,0.39483333299999995,0.38333333299999994,0.3735,0.36516666700000006,0.35316666700000005,0.34033333299999996,0.330833333,0.33399999999999996,0.3455,0.35333333299999997,0.365,0.376666667,0.377833333,0.380833333
59,0.39083333299999995,0.39733333299999996,0.406,0.40933333299999997,0.41116666700000004,0.414,0.41083333299999997,0.40566666700000004,0.40466666700000004,0.402,0.39483333299999995,0.388166667,0.374333333,0.35816666700000005,0.332333333,0.301833333,0.283333333,0.273833333,0.2635,0.253,0.248,0.231833333,0.22,0.2195,0.224166667,0.230666667,0.232833333,0.229833333,0.23800000000000002,0.245666667
60,0.730454545,0.7516363640000001,0.778636364,0.799090909,0.818363636,0.823545455,0.804545455,0.7883636359999999,0.774727273,0.7528181820000001,0.747454545,0.763272727,0.750272727,0.740727273,0.7219090909999999,0.698272727,0.699363636,0.715090909,0.7117272729999999,0.698090909,0.712181818,0.723818182,0.708363636,0.691909091,0.655181818,0.643636364,0.640727273,0.628545455,0.616636364,0.6051818179999999
61,0.013030303,0.019848485,0.020909091,0.020909091,0.022575757999999998,0.021212121,0.015454545,0.012272726999999999,0.011212121,0.011212121,0.012272726999999999,0.014242423999999998,0.007575758,0.009848485,0.009848485,0.008181818,0.008212121,0.007454545,0.007454545,0.007454545,0.011545455,0.012636363999999999,0.010666667,0.010515152,0.007181818,0.007181818,0.007181818,0.007151515,0.006333333000000001,0.006333333000000001
62,0.363636364,0.454545455,0.545454545,0.545454545,0.636363636,0.545454545,0.545454545,0.454545455,0.363636364,0.363636364,0.454545455,0.545454545,0.545454545,0.545454545,0.636363636,0.545454545,0.636363636,0.636363636,0.636363636,0.636363636,0.727272727,0.727272727,0.636363636,0.545454545,0.454545455,0.363636364,0.363636364,0.272727273,0.272727273,0.272727273
63,0.44696969700000005,0.44803030299999996,0.449545455,0.451363636,0.449848485,0.450454545,0.45030303,0.44696969700000005,0.445454545,0.44424242399999997,0.44212121200000004,0.43303030299999995,0.42409090899999996,0.40833333299999997,0.383939394,0.361212121,0.34030303,0.328333333,0.321060606,0.31227272699999997,0.307424242,0.290909091,0.277424242,0.274090909,0.272424242,0.279393939,0.288030303,0.295454545,0.30348484800000003,0.306969697
64,0.522575758,0.519393939,0.512575758,0.508636364,0.500757576,0.500909091,0.502272727,0.500757576,0.504242424,0.507121212,0.504090909,0.48893939399999997,0.482424242,0.468939394,0.44424242399999997,0.426060606,0.400757576,0.387575758,0.384090909,0.37803030299999996,0.367575758,0.34878787899999997,0.336818182,0.334393939,0.33818181799999997,0.346969697,0.35848484799999997,0.371060606,0.379090909,0.38469697
65,0.38727272700000004,0.393939394,0.400606061,0.407878788,0.411060606,0.413181818,0.41181818200000003,0.40636363600000003,0.40227272700000005,0.39818181799999997,0.39712121200000006,0.39151515200000003,0.37969697,0.364393939,0.341060606,0.313787879,0.293030303,0.281818182,0.27303030300000003,0.26030303,0.257121212,0.243333333,0.22681818199999998,0.22363636399999998,0.219242424,0.221363636,0.23030303,0.233181818,0.240454545,0.244090909
66,0.709916667,0.7394166670000001,0.770083333,0.784166667,0.803416667,0.8081666670000001,0.81375,0.798166667,0.783166667,0.75675,0.7455,0.752583333,0.757583333,0.760083333,0.732166667,0.711,0.6990833329999999,0.714333333,0.7130833329999999,0.700416667,0.699416667,0.718916667,0.71675,0.6921666670000001,0.6729166670000001,0.643166667,0.6365833329999999,0.635166667,0.6385,0.6123333329999999
67,0.011944443999999999,0.018194444,0.019166667,0.019166667,0.020694444,0.020694444,0.020972222000000002,0.014166666999999999,0.01125,0.010277778000000001,0.01125,0.013055556000000001,0.013194444,0.01,0.009027778,0.009027778,0.007527778000000001,0.008361111,0.0068333330000000005,0.0068333330000000005,0.010583333,0.012555556,0.011583333000000001,0.009777778,0.009638889,0.006583333,0.006583333,0.006583333,0.006638889,0.005805556
68,0.333333333,0.41666666700000005,0.5,0.5,0.583333333,0.583333333,0.583333333,0.5,0.41666666700000005,0.333333333,0.41666666700000005,0.5,0.583333333,0.583333333,0.583333333,0.583333333,0.583333333,0.666666667,0.583333333,0.583333333,0.666666667,0.75,0.666666667,0.583333333,0.5,0.41666666700000005,0.333333333,0.333333333,0.333333333,0.25
69,0.44027777799999995,0.446527778,0.449305556,0.451527778,0.451527778,0.4525,0.44819444399999997,0.44597222200000003,0.444166667,0.441944444,0.44222222200000005,0.43791666700000004,0.425555556,0.412916667,0.39138888899999996,0.368888889,0.35208333299999994,0.33625,0.3275,0.32069444399999997,0.315416667,0.301666667,0.28694444399999997,0.279861111,0.27388888899999997,0.273194444,0.280972222,0.291805556,0.3025,0.307916667
70,0.517361111,0.518055556,0.5166666670000001,0.5145833329999999,0.5065277779999999,0.5066666670000001,0.4975,0.49625,0.499861111,0.504444444,0.5075,0.49819444399999996,0.48125,0.470416667,0.451944444,0.430833333,0.415,0.393611111,0.38791666700000005,0.38736111100000004,0.379166667,0.362361111,0.344861111,0.339583333,0.338194444,0.340138889,0.35222222200000003,0.36458333299999995,0.37375,0.38527777799999996
71,0.377638889,0.39041666700000005,0.397222222,0.402777778,0.409583333,0.412916667,0.41125,0.407638889,0.403194444,0.396527778,0.394027778,0.39388888899999996,0.38347222200000003,0.37013888899999997,0.348194444,0.323333333,0.304722222,0.290833333,0.280416667,0.269305556,0.263472222,0.252083333,0.237777778,0.229583333,0.22305555600000002,0.21708333300000002,0.22180555600000001,0.230833333,0.242638889,0.24583333300000001
72,0.688,0.7197692309999999,0.757384615,0.775846154,0.7893076920000001,0.7951538459999999,0.8003076920000001,0.807153846,0.792615385,0.7659230770000001,0.749692308,0.750384615,0.7481538459999999,0.766076923,0.750692308,0.721307692,0.7107692309999999,0.712923077,0.712538462,0.702538462,0.701461538,0.706615385,0.7127692309999999,0.701153846,0.674615385,0.660461538,0.636692308,0.631769231,0.643846154,0.632846154
73,0.011025641000000001,0.016794872,0.017692308,0.017692308,0.019102564,0.019102564,0.020512821,0.019358973999999998,0.013076923,0.010384615,0.010384615,0.012051282,0.012179487,0.015,0.009230769,0.008333333,0.008358974,0.007717949,0.007717949,0.006307691999999999,0.009769231,0.011589743999999999,0.011589743999999999,0.010692308000000001,0.009025641,0.008897436,0.006076923000000001,0.006076923000000001,0.006153846,0.006128205
74,0.307692308,0.384615385,0.46153846200000004,0.46153846200000004,0.538461538,0.538461538,0.615384615,0.538461538,0.46153846200000004,0.384615385,0.384615385,0.46153846200000004,0.538461538,0.615384615,0.615384615,0.538461538,0.615384615,0.615384615,0.615384615,0.538461538,0.615384615,0.692307692,0.692307692,0.615384615,0.538461538,0.46153846200000004,0.384615385,0.307692308,0.384615385,0.307692308
75,0.43294871799999995,0.440384615,0.447820513,0.451153846,0.451666667,0.453846154,0.45025641,0.44435897399999996,0.443461538,0.441025641,0.44025641,0.438333333,0.43064102600000004,0.415128205,0.396923077,0.37692307700000005,0.359871795,0.34743589700000005,0.334871795,0.32666666699999997,0.322948718,0.309487179,0.297179487,0.288461538,0.279230769,0.27448717899999997,0.275128205,0.285,0.298589744,0.306666667
76,0.512564103,0.513589744,0.5156410260000001,0.518205128,0.512179487,0.5115384620000001,0.503076923,0.492307692,0.49576923100000003,0.500384615,0.505,0.5017948720000001,0.490384615,0.47025641,0.454615385,0.438974359,0.42025641,0.40730769200000005,0.39346153799999994,0.390641026,0.387692308,0.373461538,0.35769230799999996,0.34679487200000003,0.34269230799999995,0.34,0.345512821,0.358333333,0.367564103,0.379871795
77,0.36923076899999996,0.381282051,0.393717949,0.39948717899999997,0.40474359,0.41141025600000003,0.411153846,0.40743589700000005,0.404615385,0.397820513,0.392820513,0.391282051,0.386282051,0.374358974,0.35474359,0.331282051,0.31423076899999997,0.301794872,0.28884615399999997,0.276410256,0.271538462,0.258333333,0.246282051,0.239487179,0.22858974399999998,0.220769231,0.21782051300000002,0.22294871800000002,0.23974359,0.247435897
78,0.668714286,0.698714286,0.7378571429999999,0.763642857,0.781214286,0.782642857,0.7887857140000001,0.795142857,0.8013571429999999,0.7759285709999999,0.7587142859999999,0.753928571,0.7464285709999999,0.7567142859999999,0.756928571,0.7392857140000001,0.720357143,0.722785714,0.711357143,0.702785714,0.703357143,0.708,0.701785714,0.698571429,0.6842142859999999,0.662928571,0.653214286,0.6322142860000001,0.640071429,0.638214286
79,0.010238095,0.015595238,0.016428571,0.016428571,0.017738095,0.017738095,0.019047619,0.019047619,0.01797619,0.012142857,0.01047619,0.011190476000000001,0.011309524,0.013928571,0.013928571,0.008571429,0.007761905,0.00847619,0.007166667,0.007166667,0.009071429,0.010761905,0.010761905,0.010761905,0.009928571,0.008380951999999999,0.008261905,0.005642856999999999,0.005714286,0.005714286
80,0.28571428600000004,0.35714285700000004,0.428571429,0.428571429,0.5,0.5,0.571428571,0.571428571,0.5,0.428571429,0.428571429,0.428571429,0.5,0.571428571,0.642857143,0.571428571,0.571428571,0.642857143,0.571428571,0.571428571,0.571428571,0.642857143,0.642857143,0.642857143,0.571428571,0.5,0.428571429,0.35714285700000004,0.35714285700000004,0.35714285700000004
81,0.426309524,0.433571429,0.44202381,0.449642857,0.45130952399999996,0.45380952399999996,0.451666667,0.446547619,0.44214285700000006,0.44059523799999994,0.43952381,0.436785714,0.431547619,0.420595238,0.400119048,0.38309523799999995,0.36797619,0.355,0.345357143,0.333571429,0.328333333,0.316904762,0.304761905,0.297857143,0.287261905,0.279404762,0.276190476,0.27928571399999996,0.291785714,0.302738095
82,0.506190476,0.5094047620000001,0.5116666670000001,0.5171428570000001,0.515714286,0.5164285710000001,0.507857143,0.49785714299999995,0.49214285700000004,0.496547619,0.501190476,0.49988095200000005,0.494285714,0.47952381,0.45559523799999996,0.44238095200000005,0.428571429,0.412738095,0.406190476,0.39559523799999996,0.390714286,0.381785714,0.368333333,0.358571429,0.34916666700000004,0.34404761899999997,0.345,0.35166666700000004,0.361547619,0.373690476
83,0.362738095,0.373214286,0.385,0.396071429,0.40154761899999997,0.40678571399999996,0.409880952,0.407619048,0.404642857,0.39952381,0.394285714,0.39035714299999996,0.384404762,0.37761904799999996,0.359761905,0.338571429,0.322261905,0.310833333,0.299166667,0.28452381,0.27797619,0.266190476,0.2525,0.247261905,0.23785714300000002,0.226071429,0.22119047600000002,0.21916666699999998,0.23178571399999998,0.244404762
84,0.6577333329999999,0.68,0.7170000000000001,0.745,0.769466667,0.7755333329999999,0.7775333329999999,0.7847333329999999,0.790533333,0.7852,0.7685333329999999,0.762066667,0.75,0.7545333329999999,0.7488,0.745866667,0.7372,0.730933333,0.720666667,0.702333333,0.703533333,0.709333333,0.7034,0.689266667,0.6829333329999999,0.672666667,0.6559999999999999,0.647933333,0.639933333,0.635066667
85,0.009666667,0.014555556,0.015333333000000001,0.015333333000000001,0.016555556000000003,0.016555556000000003,0.017777778,0.017777778,0.017777778,0.016777778,0.012111111,0.011222221999999999,0.010555556,0.013000000000000001,0.013000000000000001,0.013000000000000001,0.008022221999999999,0.007911111,0.007911111,0.006688889,0.009688889000000001,0.010044444,0.010044444,0.010044444,0.010044444,0.009266667,0.007822222,0.007711111,0.005333333000000001,0.005333333000000001
86,0.333333333,0.333333333,0.4,0.4,0.46666666700000003,0.46666666700000003,0.533333333,0.533333333,0.533333333,0.46666666700000003,0.46666666700000003,0.46666666700000003,0.46666666700000003,0.533333333,0.6,0.6,0.6,0.6,0.6,0.533333333,0.6,0.6,0.6,0.6,0.6,0.533333333,0.46666666700000003,0.4,0.4,0.333333333
87,0.423888889,0.427333333,0.435555556,0.444111111,0.44988888899999996,0.45333333299999995,0.45177777799999996,0.448111111,0.444333333,0.439555556,0.43922222200000005,0.436333333,0.430555556,0.42211111100000004,0.406222222,0.387,0.374333333,0.362888889,0.352555556,0.34344444399999996,0.334666667,0.322333333,0.312,0.304888889,0.29611111100000004,0.286888889,0.280666667,0.28,0.28600000000000003,0.29611111100000004
88,0.505444444,0.5036666670000001,0.507888889,0.513333333,0.514888889,0.519444444,0.5126666670000001,0.5026666670000001,0.497333333,0.493111111,0.497555556,0.496666667,0.493,0.483888889,0.465222222,0.444111111,0.432444444,0.42100000000000004,0.41133333299999997,0.40733333299999996,0.39533333299999995,0.385,0.376444444,0.368444444,0.36,0.35,0.34844444399999996,0.350777778,0.35511111100000003,0.367666667
89,0.358777778,0.366888889,0.37722222200000005,0.38777777799999996,0.398222222,0.40366666700000003,0.40566666700000004,0.40666666700000004,0.405,0.39988888899999997,0.396111111,0.39188888899999996,0.384,0.376444444,0.363777778,0.34433333299999996,0.32966666699999997,0.318555556,0.307777778,0.29444444399999997,0.28544444399999996,0.27255555600000003,0.260222222,0.253,0.245222222,0.234888889,0.226111111,0.222222222,0.227666667,0.236666667
90,0.64725,0.669,0.6983125,0.725,0.751625,0.764875,0.7711875,0.7744375,0.7810625,0.7760625,0.7776875,0.7710625,0.757875,0.757375,0.74725,0.7389375,0.7435,0.7460625,0.7284375,0.711625,0.7030625,0.709125,0.7049375,0.6915625,0.6751875,0.6721875,0.6655625,0.650875,0.6541875,0.63525
91,0.0090625,0.01375,0.014375,0.014375,0.015520833000000001,0.015520833000000001,0.016666667,0.016666667,0.016666667,0.016666667,0.016458333000000002,0.012708333,0.010625,0.0121875,0.0121875,0.0121875,0.012208333,0.008145833,0.007416666999999999,0.007416666999999999,0.009083333,0.0105625,0.009416667,0.009416667,0.009416667,0.009416667,0.0086875,0.007333333,0.007291667,0.005
92,0.3125,0.375,0.375,0.375,0.4375,0.4375,0.5,0.5,0.5,0.5,0.5,0.5,0.5,0.5,0.5625,0.5625,0.625,0.625,0.5625,0.5625,0.5625,0.625,0.5625,0.5625,0.5625,0.5625,0.5,0.4375,0.4375,0.375
93,0.423333333,0.425,0.42958333299999996,0.43791666700000004,0.4446875,0.451875,0.451458333,0.4484375,0.4459375,0.441770833,0.438333333,0.43625,0.430520833,0.42177083299999996,0.40854166700000005,0.39354166700000004,0.378541667,0.369166667,0.36010416700000003,0.3503125,0.34385416700000004,0.328645833,0.317395833,0.311666667,0.3028125,0.295208333,0.28760416699999997,0.283958333,0.28625,0.290416667
94,0.5059375,0.503125,0.502604167,0.5096875,0.511458333,0.5184375,0.515729167,0.5075,0.501875,0.49791666700000003,0.49427083299999997,0.493541667,0.49041666700000003,0.483333333,0.470208333,0.45385416700000003,0.4346875,0.42510416700000003,0.41916666700000005,0.412083333,0.40635416700000004,0.3896875,0.37979166700000005,0.376041667,0.369166667,0.36010416700000003,0.35375,0.35364583299999997,0.3540625,0.36125
95,0.3578125,0.362916667,0.371041667,0.3803125,0.3903125,0.400416667,0.4028125,0.402916667,0.404270833,0.40052083299999997,0.39666666700000003,0.39375,0.38583333299999995,0.3765625,0.363541667,0.3490625,0.335625,0.325729167,0.315208333,0.3028125,0.2946875,0.279895833,0.2665625,0.260208333,0.250729167,0.241979167,0.234375,0.226770833,0.23,0.2325
96,0.649941176,0.658470588,0.686882353,0.706941176,0.732411765,0.7483529409999999,0.761411765,0.7686470590000001,0.771588235,0.768,0.769529412,0.779529412,0.766588235,0.764352941,0.7503529409999999,0.7380588240000001,0.737117647,0.751470588,0.742823529,0.719470588,0.711764706,0.7083529409999999,0.705,0.693705882,0.6781764709999999,0.665529412,0.665529412,0.660176471,0.656588235,0.648941176
97,0.01372549,0.012941176,0.013627451,0.013529412,0.014607843,0.014607843,0.015686275,0.015686275,0.015686275,0.015686275,0.016372549,0.016764706,0.012058824,0.012156863,0.011470588,0.011470588,0.011490196000000001,0.012078431,0.007666666999999999,0.006980391999999999,0.009627451,0.009941176,0.009941176,0.008862745,0.008862745,0.008862745,0.008862745,0.008176471,0.006960784,0.006862745
98,0.352941176,0.352941176,0.41176470600000004,0.352941176,0.41176470600000004,0.41176470600000004,0.470588235,0.470588235,0.470588235,0.470588235,0.529411765,0.529411765,0.529411765,0.529411765,0.529411765,0.529411765,0.588235294,0.647058824,0.588235294,0.529411765,0.588235294,0.588235294,0.588235294,0.529411765,0.529411765,0.529411765,0.529411765,0.470588235,0.470588235,0.41176470600000004
99,0.425,0.424411765,0.42725490200000005,0.43215686299999995,0.438823529,0.446862745,0.45019607799999994,0.44833333299999995,0.446372549,0.44343137299999996,0.440490196,0.435588235,0.430784314,0.42225490200000004,0.409019608,0.39647058799999996,0.385196078,0.37343137299999996,0.366176471,0.35754902,0.350294118,0.33764705899999997,0.323627451,0.316764706,0.309313725,0.301568627,0.295392157,0.290294118,0.28960784300000003,0.290392157
100,0.506470588,0.50372549,0.502156863,0.504607843,0.508137255,0.515,0.515,0.510686275,0.506470588,0.502156863,0.49872549,0.490686275,0.48784313700000004,0.481470588,0.470490196,0.459215686,0.444411765,0.427647059,0.423137255,0.419411765,0.410882353,0.400392157,0.384509804,0.379215686,0.37627451,0.36872549,0.363039216,0.358333333,0.356568627,0.359901961
101,0.359019608,0.361764706,0.367058824,0.374313725,0.383137255,0.392843137,0.39980392200000003,0.400392157,0.40088235299999997,0.40009803899999996,0.39745098,0.394411765,0.387941176,0.37872549,0.364411765,0.349705882,0.340588235,0.331568627,0.322156863,0.310098039,0.30254902,0.288921569,0.273823529,0.266176471,0.257647059,0.24735294100000002,0.241078431,0.234509804,0.23382352899999997,0.234411765
102,0.650944444,0.660388889,0.6759444440000001,0.695666667,0.714944444,0.7303888890000001,0.746,0.7595555559999999,0.766277778,0.759777778,0.762277778,0.7717222220000001,0.774833333,0.772222222,0.7573333329999999,0.7415,0.7363888890000001,0.745,0.7481111109999999,0.7335555559999999,0.719166667,0.7162777779999999,0.7045,0.6943888890000001,0.6809444440000001,0.668888889,0.659611111,0.660444444,0.665055556,0.6515
103,0.013333333000000001,0.01712963,0.01287037,0.01287037,0.013796296000000001,0.013796296000000001,0.014814815,0.014814815,0.014814815,0.014814815,0.015462963,0.016666667,0.015925926,0.013425926000000001,0.011481481000000002,0.010833333,0.010851852,0.011407407,0.011407407,0.007240741,0.009092593000000001,0.010407406999999999,0.009388889000000001,0.009388889000000001,0.00837037,0.00837037,0.00837037,0.00837037,0.007777778000000001,0.006574074
104,0.38888888899999996,0.38888888899999996,0.38888888899999996,0.38888888899999996,0.38888888899999996,0.38888888899999996,0.444444444,0.444444444,0.444444444,0.444444444,0.5,0.5555555560000001,0.5555555560000001,0.5555555560000001,0.5555555560000001,0.5,0.5555555560000001,0.611111111,0.611111111,0.5555555560000001,0.5555555560000001,0.611111111,0.5555555560000001,0.5555555560000001,0.5,0.5,0.5,0.5,0.5,0.444444444
105,0.42916666700000006,0.425925926,0.42657407399999997,0.429814815,0.433333333,0.441203704,0.445555556,0.447314815,0.446388889,0.443981481,0.44212963,0.43777777799999995,0.430462963,0.42296296299999997,0.410185185,0.397592593,0.38842592600000003,0.38,0.37037037,0.363425926,0.35712963,0.344074074,0.332407407,0.322685185,0.31425925899999996,0.307777778,0.301388889,0.2975,0.295277778,0.29333333300000003
106,0.5095370370000001,0.504351852,0.502777778,0.504074074,0.503425926,0.5116666670000001,0.5119444439999999,0.510277778,0.5095370370000001,0.506481481,0.502685185,0.49509259299999997,0.48546296299999997,0.47953703700000005,0.46944444399999996,0.460092593,0.45,0.43722222200000005,0.42564814799999995,0.42314814799999995,0.41787037,0.405,0.39490740700000004,0.383703704,0.37925925899999996,0.375462963,0.371018519,0.36685185200000003,0.360833333,0.361944444
107,0.36407407399999997,0.362685185,0.36574074100000004,0.37037037,0.377314815,0.38592592600000003,0.392685185,0.397685185,0.398611111,0.39712963,0.397222222,0.39527777799999997,0.38888888899999996,0.381111111,0.36712963,0.351296296,0.34166666700000003,0.336481481,0.32787037,0.316944444,0.309444444,0.296666667,0.282685185,0.27305555600000003,0.26342592600000003,0.254074074,0.246203704,0.240833333,0.240740741,0.237777778
108,0.643526316,0.660789474,0.676842105,0.684842105,0.703842105,0.7139473679999999,0.729105263,0.745052632,0.7577894740000001,0.7553684209999999,0.7547894740000001,0.764736842,0.767684211,0.779736842,0.765157895,0.748578947,0.739736842,0.7438947370000001,0.742157895,0.739052632,0.732526316,0.723052632,0.7122105259999999,0.6944736840000001,0.6822631579999999,0.672,0.663105263,0.6551052629999999,0.665052632,0.659789474
109,0.012631578999999999,0.016578947,0.016842105,0.012192982,0.013157895,0.013070175,0.014035088000000001,0.014035088000000001,0.014035088000000001,0.014035088000000001,0.014649123,0.015789473999999998,0.015877193,0.017017544,0.012719298,0.010877193,0.010280702,0.010807018,0.010807018,0.010807018,0.00922807,0.009859649,0.009859649,0.008894737,0.008894737,0.007929825,0.007929825,0.007929825,0.007982456,0.007368421
110,0.36842105299999994,0.42105263200000004,0.42105263200000004,0.36842105299999994,0.42105263200000004,0.36842105299999994,0.42105263200000004,0.42105263200000004,0.42105263200000004,0.42105263200000004,0.473684211,0.526315789,0.578947368,0.578947368,0.578947368,0.526315789,0.526315789,0.578947368,0.578947368,0.578947368,0.578947368,0.578947368,0.578947368,0.526315789,0.526315789,0.473684211,0.473684211,0.473684211,0.526315789,0.473684211
111,0.43403508799999996,0.429824561,0.427894737,0.42903508799999995,0.43105263200000005,0.435877193,0.440263158,0.443070175,0.44552631600000003,0.444122807,0.442719298,0.439473684,0.432807018,0.423070175,0.411491228,0.399298246,0.389912281,0.38333333299999994,0.376754386,0.36754386,0.36271929799999997,0.350877193,0.33877193,0.331052632,0.32,0.31254386,0.307280702,0.303070175,0.301842105,0.298508772
112,0.515877193,0.507368421,0.503421053,0.5045614039999999,0.502982456,0.507017544,0.508947368,0.507631579,0.509210526,0.509385965,0.506754386,0.49903508799999996,0.489912281,0.47771929799999996,0.468245614,0.459649123,0.45131578899999997,0.44289473700000004,0.434824561,0.425526316,0.421491228,0.411929825,0.399561404,0.393596491,0.38350877200000005,0.378333333,0.377280702,0.374210526,0.36877193,0.365701754
113,0.36868421100000004,0.367280702,0.36640350899999996,0.368947368,0.37342105299999995,0.380263158,0.386140351,0.391052632,0.396140351,0.39517543899999996,0.394561404,0.39517543899999996,0.39,0.382368421,0.37,0.35456140399999997,0.343596491,0.33771929799999995,0.332719298,0.322631579,0.315964912,0.303508772,0.290350877,0.281491228,0.270087719,0.25973684199999997,0.252631579,0.245701754,0.246403509,0.244122807
114,0.64355,0.65325,0.6764,0.68525,0.69315,0.70345,0.71355,0.72905,0.7441,0.74785,0.75085,0.7575,0.76125,0.7727,0.77265,0.75645,0.74655,0.7467,0.74125,0.73385,0.7378,0.73555,0.71885,0.7023,0.68295,0.6737,0.66635,0.65865,0.65975,0.66005
115,0.01375,0.01575,0.016333333000000002,0.016,0.0125,0.0125,0.013333333000000001,0.013333333000000001,0.013333333000000001,0.013333333000000001,0.013916666999999999,0.015,0.015083333,0.016916667,0.016166667,0.012083333,0.01035,0.010266667,0.010266667,0.010266667,0.012516666999999999,0.00995,0.009366667,0.009366667,0.00845,0.00845,0.0075333330000000006,0.0075333330000000006,0.007583333,0.007583333
116,0.4,0.4,0.45,0.4,0.4,0.4,0.4,0.4,0.4,0.4,0.45,0.5,0.55,0.6,0.6,0.55,0.55,0.55,0.55,0.55,0.6,0.6,0.55,0.55,0.5,0.5,0.45,0.45,0.5,0.5
117,0.43891666700000004,0.43441666700000003,0.4315,0.430166667,0.43025,0.43358333299999996,0.43525,0.438166667,0.44158333299999997,0.44341666700000004,0.44291666700000004,0.440166667,0.434666667,0.42566666700000005,0.41216666700000004,0.401083333,0.39191666700000005,0.385,0.38008333299999997,0.37375,0.36666666700000006,0.3565,0.3455,0.33716666700000003,0.32808333300000003,0.318083333,0.311833333,0.308583333,0.306916667,0.304583333
118,0.520916667,0.5135,0.5063333329999999,0.505083333,0.5035,0.506416667,0.5046666670000001,0.505,0.50675,0.509083333,0.5095,0.503083333,0.49391666700000003,0.482333333,0.467083333,0.45899999999999996,0.45133333299999995,0.4445,0.440333333,0.43425,0.423833333,0.41566666700000005,0.406416667,0.398083333,0.39291666700000005,0.38241666700000004,0.37991666700000004,0.38,0.375666667,0.373
119,0.37375,0.3715,0.37058333299999996,0.36941666700000003,0.37191666700000003,0.37641666700000004,0.38075,0.38491666700000005,0.38991666700000005,0.39299999999999996,0.39283333299999995,0.39275,0.390166667,0.38375,0.37175,0.357916667,0.347083333,0.33975,0.334083333,0.3275,0.321416667,0.31,0.297166667,0.288833333,0.27825,0.26625,0.258083333,0.251833333,0.25075,0.24933333300000002
120,0.645809524,0.652809524,0.66847619,0.684428571,0.693142857,0.693285714,0.703571429,0.714238095,0.728904762,0.7352857140000001,0.743904762,0.753619048,0.75452381,0.766333333,0.766285714,0.764,0.754142857,0.752857143,0.744047619,0.733380952,0.732904762,0.7404285709999999,0.7309523809999999,0.709095238,0.6909523809999999,0.674761905,0.668238095,0.661952381,0.662904762,0.655238095
121,0.013095238,0.016666667,0.015555556000000002,0.015555556000000002,0.016111111,0.011904762,0.012777778,0.012698413,0.012698413,0.012698413,0.013253968,0.014285714,0.014365079,0.016111111,0.016111111,0.015396825,0.01152381,0.010333333,0.009777778,0.009777778,0.011920635,0.013047619,0.00947619,0.008920635,0.008920635,0.008047619,0.008047619,0.007174603000000001,0.0072222219999999995,0.0072222219999999995
122,0.380952381,0.428571429,0.428571429,0.428571429,0.428571429,0.380952381,0.428571429,0.380952381,0.380952381,0.380952381,0.428571429,0.47619047600000003,0.523809524,0.571428571,0.6190476189999999,0.571428571,0.571428571,0.571428571,0.523809524,0.523809524,0.571428571,0.6190476189999999,0.571428571,0.523809524,0.523809524,0.47619047600000003,0.47619047600000003,0.428571429,0.47619047600000003,0.47619047600000003
123,0.443809524,0.439047619,0.435793651,0.433492063,0.43126984100000004,0.43269841299999995,0.433095238,0.433492063,0.43698412700000006,0.439761905,0.44230158700000005,0.44047619,0.435555556,0.427777778,0.41515873,0.402222222,0.39396825399999996,0.387142857,0.381825397,0.37706349200000006,0.37261904799999995,0.360555556,0.35111111100000003,0.343650794,0.33404761899999996,0.325873016,0.317142857,0.312857143,0.311984127,0.309285714
124,0.525,0.518412698,0.512222222,0.507777778,0.504047619,0.506746032,0.5042063489999999,0.501111111,0.504285714,0.506746032,0.509206349,0.505873016,0.498015873,0.48650793700000006,0.47198412700000003,0.45833333299999995,0.451111111,0.44484127,0.441984127,0.43952381,0.43222222200000004,0.418174603,0.410238095,0.40468254,0.397222222,0.391428571,0.38373015899999996,0.38238095200000005,0.381111111,0.379365079
125,0.379920635,0.376190476,0.374444444,0.373253968,0.37222222200000005,0.37484127,0.37706349200000006,0.37984127,0.384126984,0.387222222,0.390873016,0.391190476,0.38809523799999995,0.384206349,0.373571429,0.36015873,0.350634921,0.34325396799999996,0.336190476,0.32904761899999996,0.326111111,0.31547619,0.303650794,0.295396825,0.285396825,0.27420634899999996,0.264365079,0.257063492,0.256349206,0.253333333
126,0.645909091,0.654545455,0.667363636,0.6765,0.6920000000000001,0.693272727,0.6938636359999999,0.704681818,0.714772727,0.7211818179999999,0.7320909090000001,0.7468636359999999,0.750954545,0.759681818,0.7605,0.758318182,0.761454545,0.7598181820000001,0.750045455,0.736409091,0.7325,0.7356363640000001,0.735818182,0.7210909090000001,0.697954545,0.682772727,0.6695,0.663954545,0.665863636,0.658454545
127,0.0125,0.015909091,0.016439394,0.014848485,0.015681818,0.015378788000000001,0.01219697,0.01219697,0.012121212,0.012121212,0.012651515,0.013636364,0.013712121,0.015378788000000001,0.015378788000000001,0.015378788000000001,0.014712121000000002,0.011454545,0.009863636,0.009333333000000001,0.011378788,0.012454545,0.012454545,0.009045455,0.008515152,0.008515152,0.007681818000000001,0.007681818000000001,0.006893939,0.006893939
128,0.363636364,0.409090909,0.454545455,0.409090909,0.454545455,0.409090909,0.409090909,0.409090909,0.363636364,0.363636364,0.409090909,0.454545455,0.5,0.545454545,0.590909091,0.590909091,0.590909091,0.590909091,0.545454545,0.5,0.545454545,0.590909091,0.590909091,0.545454545,0.5,0.5,0.454545455,0.454545455,0.454545455,0.454545455
129,0.448257576,0.443712121,0.440151515,0.4375,0.434393939,0.433560606,0.432272727,0.431515152,0.432575758,0.435454545,0.438863636,0.44,0.436060606,0.428939394,0.417651515,0.405530303,0.395378788,0.389318182,0.384015152,0.378863636,0.375833333,0.366515152,0.35522727299999995,0.349090909,0.340378788,0.33166666699999997,0.324621212,0.317878788,0.31590909100000003,0.314015152
130,0.53,0.522424242,0.5169696970000001,0.513333333,0.5066666670000001,0.507121212,0.504621212,0.500833333,0.500606061,0.504393939,0.506969697,0.505757576,0.500909091,0.49075757600000003,0.47643939399999996,0.463409091,0.45083333299999995,0.444924242,0.442424242,0.441136364,0.437348485,0.42643939399999997,0.412878788,0.408409091,0.403560606,0.395606061,0.39227272700000004,0.38590909100000004,0.38333333299999994,0.38439393899999996
131,0.385,0.38196969700000005,0.378787879,0.37681818200000006,0.37575757600000004,0.375,0.37553030299999995,0.376363636,0.379318182,0.381818182,0.385454545,0.38939393899999997,0.386818182,0.3825,0.37446969700000005,0.362424242,0.353106061,0.34681818200000003,0.33969697,0.331287879,0.327651515,0.32022727300000003,0.309166667,0.301666667,0.291818182,0.28121212100000004,0.272045455,0.263106061,0.261136364,0.258560606
132,0.649347826,0.65426087,0.668391304,0.675086957,0.684086957,0.692173913,0.693826087,0.6953478259999999,0.705608696,0.708,0.71873913,0.735434783,0.7446086959999999,0.7560434779999999,0.7543913040000001,0.753130435,0.756130435,0.766565217,0.756826087,0.7424782609999999,0.735434783,0.735130435,0.731434783,0.726173913,0.709913043,0.689826087,0.677391304,0.665347826,0.6676086960000001,0.6614782610000001
133,0.011956521999999999,0.015217391,0.015724638,0.015724638,0.015,0.015,0.015507246,0.011666667,0.011666667,0.011594203,0.012101448999999998,0.013043478,0.013115942,0.014710145,0.014710145,0.014710145,0.014724638,0.014507246000000001,0.010956522,0.009434783,0.010884058,0.011913043,0.011913043,0.011913043,0.008652174,0.008144928000000001,0.008144928000000001,0.007347826,0.0073913040000000005,0.006594203000000001
134,0.347826087,0.39130434799999997,0.434782609,0.434782609,0.434782609,0.434782609,0.434782609,0.39130434799999997,0.39130434799999997,0.347826087,0.39130434799999997,0.434782609,0.47826087,0.52173913,0.565217391,0.565217391,0.608695652,0.608695652,0.565217391,0.52173913,0.52173913,0.565217391,0.565217391,0.565217391,0.52173913,0.47826087,0.47826087,0.434782609,0.47826087,0.434782609
135,0.45260869600000003,0.447971014,0.444565217,0.44159420299999996,0.43818840600000003,0.436449275,0.43311594200000003,0.430797101,0.430724638,0.43130434799999995,0.434782609,0.43681159399999997,0.435797101,0.429710145,0.41920289899999996,0.40833333299999997,0.39884058,0.390869565,0.38623188399999997,0.381086957,0.377608696,0.369855072,0.36115942,0.353115942,0.345724638,0.33782608700000005,0.330217391,0.325,0.32057971,0.317681159
136,0.534275362,0.527318841,0.520869565,0.517826087,0.512028986,0.5094927539999999,0.5050724639999999,0.5013768120000001,0.5003623189999999,0.500869565,0.504710145,0.503768116,0.501014493,0.49384058,0.480942029,0.46804347799999996,0.45601449299999997,0.444927536,0.442608696,0.44159420299999996,0.43898550700000005,0.43159420299999995,0.421014493,0.411014493,0.40717391299999994,0.40173913,0.396231884,0.393985507,0.386666667,0.386376812
137,0.389202899,0.38673913,0.384202899,0.380869565,0.379057971,0.37826087,0.375652174,0.374927536,0.37601449299999995,0.377318841,0.380362319,0.384275362,0.385289855,0.38152173899999997,0.37326087,0.36376811600000003,0.35557971,0.34934782600000003,0.34326087,0.334855072,0.32985507199999997,0.32195652199999997,0.313985507,0.307028986,0.297971014,0.287536232,0.27884058,0.27050724600000003,0.26673913,0.263043478
138,0.65125,0.6572083329999999,0.6675416670000001,0.67575,0.682416667,0.684583333,0.69275,0.69525,0.696625,0.6995,0.706208333,0.7225,0.73375,0.74975,0.751125,0.747583333,0.75125,0.76125,0.763416667,0.749291667,0.741291667,0.737833333,0.731125,0.722375,0.71525,0.701625,0.684375,0.673083333,0.668791667,0.663333333
139,0.011458333000000001,0.014583333,0.015069444,0.015069444,0.015833333,0.014375,0.015138888999999999,0.014861111000000002,0.011180556000000001,0.011180556000000001,0.011597221999999999,0.0125,0.012569443999999999,0.014097222,0.014097222,0.014097222,0.014111111,0.014527778,0.013902778000000001,0.0105,0.010916667,0.011416667,0.011416667,0.011416667,0.011416667,0.008291666999999999,0.007805556,0.007805556,0.007083333000000001,0.007083333000000001
140,0.333333333,0.375,0.41666666700000005,0.41666666700000005,0.45833333299999995,0.41666666700000005,0.45833333299999995,0.41666666700000005,0.375,0.375,0.375,0.41666666700000005,0.45833333299999995,0.5,0.541666667,0.541666667,0.583333333,0.625,0.583333333,0.541666667,0.541666667,0.541666667,0.541666667,0.541666667,0.541666667,0.5,0.45833333299999995,0.45833333299999995,0.45833333299999995,0.45833333299999995
141,0.457222222,0.452152778,0.448611111,0.44576388899999997,0.44208333299999997,0.44,0.435902778,0.431666667,0.43006944399999997,0.42958333299999996,0.430833333,0.432986111,0.43291666700000003,0.42972222200000004,0.420347222,0.410208333,0.401805556,0.394375,0.38784722200000005,0.38333333299999994,0.37979166700000005,0.37180555600000004,0.36458333299999995,0.358888889,0.349722222,0.34305555600000004,0.336180556,0.330347222,0.327291667,0.322083333
142,0.539861111,0.531527778,0.525625,0.5215277779999999,0.516388889,0.514513889,0.507430556,0.5019444439999999,0.5009027779999999,0.500625,0.501319444,0.501736111,0.49930555600000004,0.49423611100000003,0.484305556,0.472708333,0.460763889,0.450138889,0.44270833299999995,0.441805556,0.439513889,0.433402778,0.426180556,0.418888889,0.409722222,0.405277778,0.402083333,0.39770833299999997,0.394375,0.389444444
143,0.394097222,0.390694444,0.388680556,0.38597222200000003,0.38284722200000004,0.381319444,0.37875,0.375069444,0.37465277799999996,0.37423611100000004,0.376111111,0.379444444,0.380555556,0.38027777799999996,0.37270833299999995,0.363055556,0.35715277799999995,0.351875,0.34583333299999997,0.33847222200000004,0.333333333,0.324305556,0.315902778,0.31173611100000004,0.303263889,0.29361111100000004,0.285,0.277083333,0.273680556,0.268333333
144,0.6521600000000001,0.65872,0.66984,0.67464,0.68276,0.68296,0.6854399999999999,0.69416,0.69648,0.69112,0.69812,0.71032,0.7214,0.73912,0.74528,0.7447199999999999,0.746,0.75636,0.75844,0.75592,0.74788,0.74336,0.73388,0.72244,0.71204,0.70708,0.69592,0.67996,0.67608,0.66464
145,0.011000000000000001,0.013999999999999999,0.014466666999999999,0.014466666999999999,0.0152,0.0152,0.014533333,0.014533333,0.014266667,0.010733333000000001,0.0112,0.012,0.012066667,0.013533333,0.013533333,0.013533333,0.013546667,0.013946667,0.013946667,0.013346667,0.01188,0.011426667,0.01096,0.01096,0.01096,0.01096,0.00796,0.0074933330000000005,0.0075333330000000006,0.0068
146,0.32,0.36,0.4,0.4,0.44,0.44,0.44,0.44,0.4,0.36,0.4,0.4,0.44,0.48,0.52,0.52,0.56,0.6,0.6,0.56,0.56,0.56,0.52,0.52,0.52,0.52,0.48,0.44,0.48,0.44
147,0.461,0.4566,0.4526,0.4496,0.44606666700000003,0.443666667,0.439333333,0.4344,0.430933333,0.429,0.4292,0.42926666700000005,0.4294,0.4272,0.420733333,0.41166666700000004,0.403866667,0.3974,0.39133333299999995,0.385,0.382,0.37413333299999996,0.36666666700000006,0.36226666700000004,0.3554,0.34700000000000003,0.341266667,0.33606666700000004,0.332333333,0.328466667
148,0.5442,0.537,0.5297333329999999,0.526066667,0.52,0.5186,0.512333333,0.5043333329999999,0.501466667,0.501133333,0.501066667,0.4986,0.49753333299999997,0.49286666700000004,0.485066667,0.47626666700000003,0.465533333,0.454933333,0.4478,0.441933333,0.4398,0.43413333299999995,0.42813333299999995,0.42393333299999997,0.417333333,0.4078,0.405466667,0.403266667,0.39793333299999994,0.39673333299999997
149,0.3974,0.39533333299999995,0.3924,0.3902,0.387666667,0.38486666700000005,0.381666667,0.378066667,0.3748,0.373,0.3732,0.3754,0.376066667,0.375933333,0.37186666700000004,0.36293333299999997,0.356733333,0.35353333299999995,0.3484,0.341133333,0.336866667,0.327866667,0.3184,0.313666667,0.30793333300000003,0.298866667,0.290933333,0.283066667,0.279866667,0.274933333
150,0.652115385,0.6593076920000001,0.670807692,0.6765769229999999,0.681423077,0.6832692309999999,0.683846154,0.687076923,0.695384615,0.691192308,0.690115385,0.702384615,0.7097307690000001,0.727038462,0.7352307690000001,0.739346154,0.743307692,0.751115385,0.7538461540000001,0.751423077,0.754307692,0.749615385,0.739346154,0.7254230770000001,0.7125,0.704307692,0.701384615,0.691230769,0.682576923,0.671807692
151,0.010576923,0.013461538,0.013910256000000001,0.013910256000000001,0.014615385,0.014615385,0.015320513000000001,0.013974358999999999,0.013974358999999999,0.013717948999999998,0.010769231,0.011602564,0.011602564,0.013012821,0.013012821,0.013012821,0.013025641000000001,0.013410256,0.013410256,0.013410256,0.014564103,0.012333333,0.010987179,0.010538462,0.010538462,0.010538462,0.010538462,0.007653846,0.00724359,0.00724359
152,0.307692308,0.346153846,0.384615385,0.384615385,0.423076923,0.423076923,0.46153846200000004,0.423076923,0.423076923,0.384615385,0.384615385,0.423076923,0.423076923,0.46153846200000004,0.5,0.5,0.538461538,0.576923077,0.576923077,0.576923077,0.576923077,0.576923077,0.538461538,0.5,0.5,0.5,0.5,0.46153846200000004,0.46153846200000004,0.46153846200000004
153,0.464358974,0.46025641,0.456858974,0.45339743600000004,0.44974359,0.447435897,0.442884615,0.43775641,0.433589744,0.429871795,0.428653846,0.42775641,0.425961538,0.424038462,0.418653846,0.412371795,0.405512821,0.399551282,0.394358974,0.388461538,0.383653846,0.376474359,0.36910256399999997,0.364358974,0.358782051,0.35256410299999996,0.345128205,0.34096153799999995,0.33775641,0.333269231
154,0.548397436,0.541282051,0.535064103,0.53,0.524423077,0.521987179,0.516346154,0.509166667,0.5037820510000001,0.5016666670000001,0.5015384620000001,0.498461538,0.49467948700000003,0.491410256,0.48410256399999996,0.477307692,0.469230769,0.45974359,0.4525,0.44685897399999996,0.44,0.434615385,0.429038462,0.425897436,0.42224359,0.41519230799999995,0.407884615,0.406474359,0.403269231,0.40006410299999995
155,0.39967948700000006,0.39846153799999995,0.396794872,0.393717949,0.391666667,0.389423077,0.385064103,0.38089743600000003,0.377692308,0.373205128,0.37205128200000004,0.372628205,0.372307692,0.37179487200000005,0.368012821,0.3625,0.356858974,0.353269231,0.350128205,0.34378205100000003,0.339487179,0.331474359,0.322051282,0.316153846,0.309935897,0.303525641,0.296089744,0.28884615399999997,0.285512821,0.280833333
156,0.651962963,0.659,0.670925926,0.6772592590000001,0.6830370370000001,0.6819629629999999,0.684111111,0.685481481,0.688518519,0.690333333,0.690222222,0.6945185190000001,0.7021111109999999,0.715592593,0.723740741,0.729888889,0.738185185,0.7483333329999999,0.7488888890000001,0.747259259,0.750037037,0.755740741,0.7455185190000001,0.731,0.715740741,0.705037037,0.6989259259999999,0.696666667,0.693333333,0.678222222
157,0.010185185,0.012962963000000001,0.013395062,0.013395062,0.014074073999999999,0.014074073999999999,0.014753086,0.014753086,0.01345679,0.01345679,0.013641975,0.01117284,0.011234568,0.012530864,0.012530864,0.012530864,0.01254321,0.01291358,0.01291358,0.01291358,0.014580247,0.014901235,0.011876543,0.010580247,0.010148148000000001,0.010148148000000001,0.010148148000000001,0.010148148000000001,0.0074074069999999995,0.006975309
158,0.296296296,0.333333333,0.37037037,0.37037037,0.40740740700000005,0.40740740700000005,0.444444444,0.444444444,0.40740740700000005,0.40740740700000005,0.40740740700000005,0.40740740700000005,0.444444444,0.444444444,0.481481481,0.481481481,0.518518519,0.5555555560000001,0.5555555560000001,0.5555555560000001,0.592592593,0.592592593,0.5555555560000001,0.518518519,0.481481481,0.481481481,0.481481481,0.481481481,0.481481481,0.444444444
159,0.46796296299999995,0.46351851899999996,0.46037037,0.457469136,0.453395062,0.45092592600000003,0.44654321,0.441234568,0.43685185200000004,0.43246913600000003,0.429506173,0.427283951,0.42462963,0.420925926,0.415925926,0.410679012,0.406419753,0.401296296,0.39654321,0.391481481,0.38703703700000003,0.378271605,0.37154321,0.36679012299999997,0.360925926,0.355925926,0.350555556,0.34469135799999995,0.34240740700000005,0.33845679
160,0.5537654320000001,0.545432099,0.5392592589999999,0.5351234570000001,0.528271605,0.52617284,0.519691358,0.513148148,0.50845679,0.503888889,0.502037037,0.499012346,0.49469135799999997,0.488888889,0.483024691,0.47666666700000004,0.47049382700000003,0.46351851899999996,0.457222222,0.451419753,0.444814815,0.435,0.42969135799999997,0.42685185200000003,0.424197531,0.42,0.415,0.40876543200000004,0.406358025,0.405123457
161,0.40179012299999994,0.40061728399999996,0.39975308600000004,0.397901235,0.395,0.39320987700000004,0.389444444,0.38419753100000004,0.38043209899999997,0.37604938299999996,0.372283951,0.37154321,0.369753086,0.368333333,0.36432098799999996,0.359135802,0.35666666700000005,0.353518519,0.35,0.34561728399999997,0.342098765,0.334197531,0.325740741,0.319753086,0.31246913600000004,0.305617284,0.30067901199999997,0.293888889,0.290987654,0.286234568
162,0.6540357139999999,0.658607143,0.670214286,0.677142857,0.683464286,0.6835,0.6828214290000001,0.685678571,0.6869285709999999,0.683892857,0.689428571,0.694464286,0.694535714,0.7080357140000001,0.712821429,0.7190000000000001,0.729107143,0.743214286,0.7462857140000001,0.7427142859999999,0.746071429,0.7515714290000001,0.7515714290000001,0.73725,0.7214642859999999,0.7084285709999999,0.6998214290000001,0.694464286,0.6985,0.68875
163,0.009821429,0.0125,0.012916667,0.012916667,0.013571429,0.013571429,0.01422619,0.01422619,0.01422619,0.01297619,0.013392857,0.013928571,0.010833333,0.012142857,0.012083333,0.012083333,0.012095238000000001,0.012452381,0.012452381,0.012452381,0.014059523999999999,0.014904762,0.014369048,0.011452381000000001,0.010202381,0.009785714000000001,0.009785714000000001,0.009785714000000001,0.009821429,0.007142857
164,0.28571428600000004,0.321428571,0.35714285700000004,0.35714285700000004,0.39285714299999996,0.39285714299999996,0.428571429,0.428571429,0.428571429,0.39285714299999996,0.428571429,0.428571429,0.428571429,0.46428571399999996,0.46428571399999996,0.46428571399999996,0.5,0.535714286,0.535714286,0.535714286,0.571428571,0.607142857,0.571428571,0.535714286,0.5,0.46428571399999996,0.46428571399999996,0.46428571399999996,0.5,0.46428571399999996
165,0.47059523799999997,0.46702381,0.463511905,0.46083333299999996,0.457321429,0.454404762,0.44994047600000003,0.444821429,0.440238095,0.43565476200000003,0.43202381,0.428154762,0.424285714,0.41982142899999997,0.41321428600000004,0.40833333299999997,0.405,0.402321429,0.39833333299999996,0.393690476,0.39,0.38172619,0.373452381,0.36922619,0.363392857,0.358095238,0.35386904799999996,0.349940476,0.34595238100000003,0.342916667
166,0.557321429,0.550714286,0.543333333,0.539166667,0.53327381,0.529821429,0.523809524,0.516488095,0.512321429,0.508392857,0.504166667,0.49958333299999996,0.49535714299999994,0.48910714299999997,0.480892857,0.475892857,0.470119048,0.464940476,0.460952381,0.456011905,0.449285714,0.439821429,0.430238095,0.42755952399999997,0.425178571,0.421964286,0.41964285700000004,0.415595238,0.408571429,0.408035714
167,0.40422619,0.402619048,0.40178571399999996,0.40071428600000003,0.398988095,0.39636904799999995,0.39309523799999996,0.388452381,0.383630952,0.37875,0.375059524,0.371785714,0.368809524,0.366011905,0.36125,0.355892857,0.35363095200000005,0.35345238100000004,0.350357143,0.345654762,0.343928571,0.336904762,0.32857142899999997,0.323392857,0.31607142899999996,0.308214286,0.30279761899999996,0.298392857,0.29577381,0.291488095
168,0.6528965520000001,0.66037931,0.669448276,0.676241379,0.683137931,0.683896552,0.684275862,0.68437931,0.6870689659999999,0.6825172409999999,0.683241379,0.6935517240000001,0.694482759,0.7005172409999999,0.70562069,0.70862069,0.71862069,0.7342758620000001,0.741413793,0.740413793,0.7417241379999999,0.747689655,0.747689655,0.74337931,0.727827586,0.7142068970000001,0.703275862,0.695482759,0.696310345,0.693896552
169,0.009482759,0.012068966,0.012471264,0.012471264,0.013103448,0.013103448,0.013735632,0.013735632,0.013735632,0.013735632,0.012931034,0.013678161000000001,0.013505747,0.011724138,0.011724138,0.011666667,0.011678161000000001,0.012022989,0.012022989,0.012022989,0.013574713,0.014390805,0.014390805,0.013873563,0.011057471000000001,0.009850575,0.009448276,0.009448276,0.009482759,0.009482759
170,0.275862069,0.310344828,0.344827586,0.344827586,0.379310345,0.379310345,0.413793103,0.413793103,0.413793103,0.413793103,0.413793103,0.448275862,0.448275862,0.448275862,0.482758621,0.448275862,0.482758621,0.517241379,0.517241379,0.517241379,0.551724138,0.5862068970000001,0.5862068970000001,0.551724138,0.517241379,0.482758621,0.448275862,0.448275862,0.482758621,0.482758621
171,0.47327586200000005,0.46959770100000003,0.466896552,0.463850575,0.46057471299999997,0.45816092,0.45333333299999995,0.44816092,0.44373563200000005,0.438965517,0.435114943,0.430632184,0.425229885,0.419655172,0.412413793,0.405977011,0.40293103399999997,0.401091954,0.399425287,0.395517241,0.39218390799999997,0.384770115,0.37695402299999997,0.371149425,0.365862069,0.360574713,0.35603448299999996,0.35316092,0.350977011,0.34632183899999996
172,0.561724138,0.554252874,0.548505747,0.543103448,0.537241379,0.534597701,0.527413793,0.520574713,0.515574713,0.512126437,0.5085057470000001,0.5017241379999999,0.49603448299999997,0.48994252899999996,0.48137931,0.47408046,0.46959770100000003,0.464770115,0.46241379299999996,0.45965517200000006,0.453793103,0.444310345,0.43505747100000003,0.42816092,0.42591954,0.42298850600000004,0.42155172399999996,0.420057471,0.415172414,0.41011494299999995
173,0.405862069,0.404942529,0.40367816100000004,0.40264367799999995,0.40166666700000003,0.400172414,0.396149425,0.39201149399999996,0.387758621,0.38189655200000006,0.37770114899999996,0.374482759,0.36913793100000003,0.365229885,0.359252874,0.353218391,0.350689655,0.35063218399999996,0.350402299,0.346149425,0.344022989,0.338850575,0.33137931,0.326206897,0.319712644,0.31183908,0.305402299,0.300517241,0.300057471,0.296091954
174,0.652666667,0.659066667,0.6708,0.6753,0.6820666670000001,0.683566667,0.684633333,0.685733333,0.685766667,0.6828,0.6819333329999999,0.687433333,0.6936,0.7002666670000001,0.698433333,0.7018,0.7086,0.723966667,0.732833333,0.7359,0.739533333,0.7434333329999999,0.744066667,0.7399,0.734066667,0.7206,0.7090333329999999,0.698966667,0.697233333,0.6919333329999999
175,0.009166667,0.011666667,0.012055556,0.012055556,0.012666667,0.012666667,0.013277778,0.013277778,0.013277778,0.013277778,0.013666667,0.013222221999999999,0.013277778,0.014277778,0.011333333000000001,0.011333333000000001,0.011288889,0.011622222,0.011622222,0.011622222,0.013122222,0.013911111,0.013911111,0.013911111,0.013411111000000002,0.010688888999999998,0.009522222,0.009133333,0.009166667,0.009166667
176,0.26666666699999997,0.3,0.333333333,0.333333333,0.36666666700000006,0.36666666700000006,0.4,0.4,0.4,0.4,0.433333333,0.433333333,0.46666666700000003,0.46666666700000003,0.46666666700000003,0.46666666700000003,0.46666666700000003,0.5,0.5,0.5,0.533333333,0.566666667,0.566666667,0.566666667,0.533333333,0.5,0.46666666700000003,0.433333333,0.46666666700000003,0.46666666700000003
177,0.47533333299999997,0.472222222,0.469388889,0.467111111,0.4635,0.46127777799999997,0.457,0.4515,0.447,0.442388889,0.438333333,0.433666667,0.42772222200000004,0.42072222200000003,0.4125,0.40544444399999996,0.40083333299999996,0.399222222,0.39833333299999996,0.39666666700000003,0.39399999999999996,0.387055556,0.380055556,0.374611111,0.367833333,0.363055556,0.3585,0.355277778,0.354055556,0.35116666700000004
178,0.564944444,0.558611111,0.552,0.548111111,0.541111111,0.538388889,0.532111111,0.524166667,0.519555556,0.515277778,0.5121111110000001,0.506,0.49822222200000005,0.490777778,0.482444444,0.474777778,0.46805555600000004,0.464444444,0.46233333299999996,0.461111111,0.45738888899999997,0.44883333299999995,0.439555556,0.432888889,0.426555556,0.423777778,0.422555556,0.421888889,0.4195,0.41644444399999997
179,0.406722222,0.4065,0.405888889,0.40444444399999996,0.4035,0.402722222,0.39983333299999996,0.395,0.391222222,0.385944444,0.38077777799999996,0.377055556,0.371833333,0.36566666700000006,0.35872222200000004,0.351555556,0.348277778,0.347888889,0.347777778,0.34633333299999997,0.34455555600000004,0.339111111,0.333444444,0.32899999999999996,0.322555556,0.3155,0.309,0.303111111,0.302055556,0.300222222
