0.306,0.539,0.899,0.72,0.695,0.45399999999999996,0.319,0.748,0.753,0.46,0.47,0.41100000000000003,0.38299999999999995,0.313,0.376,0.39299999999999996,0.386,0.77,0.5660000000000001,0.588,0.644,0.904,0.45899999999999996,0.379,0.363,0.35600000000000004,0.643,0.55,0.396,0.621
0.0,0.021666667,0.035,0.003333333,0.023333332999999998,0.0,0.0,0.04,0.018333333,0.0,0.0,0.0,0.0,0.0,0.0,0.0,0.0,0.011666667,0.0,0.0,0.0016666670000000001,0.011666667,0.0,0.0,0.0,0.0,0.0,0.0,0.0,0.046666667
0.0,1.0,1.0,1.0,1.0,0.0,1.0,1.0,1.0,0.0,1.0,0.0,0.0,0.0,0.0,0.0,1.0,1.0,0.0,0.0,1.0,1.0,0.0,0.0,0.0,0.0,0.0,0.0,0.0,1.0
0.498333333,0.45,0.365,0.435,0.415,0.425,0.5033333329999999,0.49166666700000006,0.45333333299999995,0.483333333,0.48666666700000005,0.49166666700000006,0.5116666670000001,0.515,0.538333333,0.558333333,0.588333333,0.533333333,0.6033333329999999,0.6,0.595,0.555,0.518333333,0.48666666700000005,0.5066666670000001,0.525,0.528333333,0.543333333,0.568333333,0.556666667
0.59,0.543333333,0.38333333299999994,0.533333333,0.496666667,0.518333333,0.645,0.538333333,0.53,0.598333333,0.595,0.585,0.63,0.6333333329999999,0.656666667,0.665,0.698333333,0.556666667,0.721666667,0.703333333,0.683333333,0.576666667,0.585,0.581666667,0.6166666670000001,0.65,0.6283333329999999,0.65,0.681666667,0.651666667
0.40166666700000003,0.373333333,0.34666666700000004,0.34333333299999996,0.365,0.33,0.33666666700000003,0.436666667,0.42166666700000005,0.378333333,0.405,0.38333333299999994,0.423333333,0.40333333299999996,0.415,0.46166666700000003,0.455,0.513333333,0.5016666670000001,0.515,0.513333333,0.535,0.45833333299999995,0.38833333299999995,0.41333333299999997,0.42666666700000005,0.445,0.46,0.475,0.49
0.3495,0.4225,0.7190000000000001,0.8095,0.7075,0.5745,0.3865,0.5335,0.7505,0.6065,0.465,0.4405,0.397,0.348,0.3445,0.3845,0.3895,0.578,0.6679999999999999,0.5770000000000001,0.616,0.774,0.6815,0.419,0.371,0.3595,0.4995,0.5965,0.473,0.5085
0.0,0.010833333,0.028333333,0.019166667,0.013333333000000001,0.011666667,0.0,0.02,0.029166667,0.009166667,0.0,0.0,0.0,0.0,0.0,0.0,0.0,0.0058333330000000004,0.0058333330000000004,0.0,0.000833333,0.006666666999999999,0.0058333330000000004,0.0,0.0,0.0,0.0,0.0,0.0,0.023333332999999998
0.0,0.5,1.0,1.0,1.0,0.5,0.5,1.0,1.0,0.5,0.5,0.5,0.0,0.0,0.0,0.0,0.5,1.0,0.5,0.0,0.5,1.0,0.5,0.0,0.0,0.0,0.0,0.0,0.0,0.5
0.48666666700000005,0.47416666700000004,0.4075,0.4,0.425,0.42,0.46416666700000003,0.4975,0.4725,0.46833333299999996,0.485,0.48916666700000005,0.5016666670000001,0.513333333,0.526666667,0.548333333,0.573333333,0.5608333329999999,0.568333333,0.601666667,0.5975,0.575,0.536666667,0.5025,0.496666667,0.515833333,0.526666667,0.535833333,0.5558333329999999,0.5625
0.5925,0.566666667,0.46333333299999996,0.45833333299999995,0.515,0.5075,0.581666667,0.591666667,0.534166667,0.5641666670000001,0.596666667,0.59,0.6075,0.6316666670000001,0.645,0.660833333,0.681666667,0.6275,0.639166667,0.7125,0.693333333,0.63,0.580833333,0.583333333,0.599166667,0.6333333329999999,0.639166667,0.639166667,0.6658333329999999,0.666666667
0.381666667,0.3875,0.36,0.345,0.35416666700000005,0.3475,0.333333333,0.386666667,0.42916666700000006,0.4,0.391666667,0.394166667,0.40333333299999996,0.41333333299999997,0.40916666700000004,0.438333333,0.45833333299999995,0.48416666700000005,0.5075,0.5083333329999999,0.514166667,0.524166667,0.496666667,0.423333333,0.40083333299999996,0.42,0.435833333,0.4525,0.4675,0.4825
0.368,0.41266666700000004,0.581333333,0.719333333,0.771333333,0.623,0.489333333,0.507,0.606666667,0.653666667,0.561,0.447,0.421333333,0.369,0.357333333,0.36066666700000005,0.385,0.516333333,0.574,0.641333333,0.599333333,0.7120000000000001,0.669,0.580666667,0.40033333299999996,0.366,0.45399999999999996,0.516333333,0.529666667,0.522333333
0.0,0.0072222219999999995,0.018888889,0.02,0.020555556000000003,0.008888889,0.007777778000000001,0.013333333000000001,0.019444443999999998,0.019444443999999998,0.006111111,0.0,0.0,0.0,0.0,0.0,0.0,0.0038888890000000004,0.0038888890000000004,0.0038888890000000004,0.000555556,0.0044444440000000005,0.0044444440000000005,0.0038888890000000004,0.0,0.0,0.0,0.0,0.0,0.015555556000000002
0.0,0.333333333,0.666666667,1.0,1.0,0.666666667,0.666666667,0.666666667,1.0,0.666666667,0.666666667,0.333333333,0.333333333,0.0,0.0,0.0,0.333333333,0.666666667,0.666666667,0.333333333,0.333333333,0.666666667,0.666666667,0.333333333,0.0,0.0,0.0,0.0,0.0,0.333333333
0.472222222,0.47444444399999997,0.43777777799999995,0.41666666700000005,0.405,0.425,0.44777777799999996,0.47333333299999997,0.482777778,0.47611111100000003,0.47444444399999997,0.48722222200000004,0.496666667,0.5061111110000001,0.5216666670000001,0.537222222,0.561666667,0.56,0.575,0.578888889,0.599444444,0.583333333,0.556111111,0.52,0.503888889,0.5061111110000001,0.52,0.532222222,0.546666667,0.556111111
0.585,0.576111111,0.505555556,0.48666666700000005,0.471111111,0.5161111110000001,0.553333333,0.567222222,0.571111111,0.5555555560000001,0.5744444439999999,0.592777778,0.6033333329999999,0.616111111,0.64,0.651666667,0.673333333,0.64,0.658888889,0.660555556,0.702777778,0.654444444,0.615,0.581111111,0.594444444,0.616111111,0.6316666670000001,0.642777778,0.653333333,0.661111111
0.363333333,0.378888889,0.373888889,0.35444444399999997,0.35166666700000004,0.346111111,0.343888889,0.36777777799999994,0.39833333299999996,0.412222222,0.40166666700000003,0.38888888899999996,0.403888889,0.40333333299999996,0.413888889,0.42666666700000005,0.443888889,0.47666666700000004,0.49,0.51,0.51,0.521111111,0.502222222,0.46055555600000003,0.42,0.40944444399999996,0.428333333,0.443888889,0.46,0.475
0.3835,0.41075,0.53425,0.616,0.71325,0.6920000000000001,0.547,0.5539999999999999,0.5685,0.57,0.60775,0.5235,0.431,0.39425,0.37075,0.36625,0.36700000000000005,0.48125,0.52875,0.5775,0.642,0.6755,0.64875,0.5965,0.52625,0.38925,0.43525,0.478,0.48625,0.5525
0.0,0.005416666999999999,0.014166666999999999,0.015,0.020833333,0.015416667,0.006666666999999999,0.015833333,0.014583333,0.014583333,0.014583333,0.004583333,0.0,0.0,0.0,0.0,0.0,0.002916667,0.002916667,0.002916667,0.003333333,0.003333333,0.003333333,0.003333333,0.002916667,0.0,0.0,0.0,0.0,0.011666667
0.0,0.25,0.5,0.75,1.0,0.75,0.75,0.75,0.75,0.75,0.75,0.5,0.25,0.25,0.0,0.0,0.25,0.5,0.5,0.5,0.5,0.5,0.5,0.5,0.25,0.0,0.0,0.0,0.0,0.25
0.456666667,0.46666666700000003,0.44708333299999997,0.43708333299999996,0.41625,0.41,0.44458333299999997,0.45875,0.46833333299999996,0.482916667,0.47875,0.47875,0.493333333,0.50125,0.514166667,0.530833333,0.55,0.554583333,0.5708333329999999,0.58125,0.582916667,0.588333333,0.567083333,0.53875,0.5166666670000001,0.509166667,0.5116666670000001,0.525833333,0.54125,0.549166667
0.5691666670000001,0.574583333,0.5279166670000001,0.5125,0.48916666700000005,0.482916667,0.548333333,0.549583333,0.557916667,0.577916667,0.565416667,0.5770833329999999,0.6020833329999999,0.610833333,0.62625,0.64625,0.663333333,0.644166667,0.660416667,0.67,0.66625,0.67125,0.637083333,0.606666667,0.59,0.6083333329999999,0.619166667,0.63625,0.6525,0.6529166670000001
0.35083333299999997,0.365833333,0.370833333,0.36625,0.35708333299999995,0.34625,0.34375,0.36708333299999996,0.38125,0.39333333299999995,0.410416667,0.397083333,0.3975,0.40375,0.40625,0.425833333,0.43375,0.46125,0.482916667,0.49625,0.510833333,0.51625,0.505416667,0.47375,0.44875,0.42166666700000005,0.418333333,0.43625,0.451666667,0.4675
0.4118,0.4146,0.5084,0.5714,0.6318,0.6614,0.6174,0.5872,0.5938,0.5468,0.55,0.5684,0.4954,0.4074,0.3906,0.3752,0.3702,0.4476,0.4982,0.5406,0.5908,0.6944,0.6322,0.5948,0.5498,0.4922,0.44,0.4582,0.4616,0.5132
0.0,0.004333333,0.011333333000000001,0.012,0.016666667,0.016666667,0.012333333,0.013333333000000001,0.016333333000000002,0.011666667,0.011666667,0.011666667,0.003666667,0.0,0.0,0.0,0.0,0.002333333,0.002333333,0.002333333,0.002666667,0.005,0.002666667,0.002666667,0.002666667,0.002333333,0.0,0.0,0.0,0.009333333000000001
0.0,0.2,0.4,0.6,0.8,0.8,0.8,0.8,0.8,0.6,0.8,0.6,0.4,0.2,0.2,0.0,0.2,0.4,0.4,0.4,0.6,0.6,0.4,0.4,0.4,0.2,0.0,0.0,0.0,0.2
0.44299999999999995,0.45533333299999995,0.44633333299999994,0.444666667,0.432666667,0.418,0.42866666700000006,0.45399999999999996,0.457666667,0.47133333299999997,0.48366666700000005,0.481333333,0.485333333,0.497666667,0.5086666670000001,0.523,0.542333333,0.546666667,0.564333333,0.576666667,0.584,0.577333333,0.574333333,0.551,0.532333333,0.518333333,0.513,0.518,0.534333333,0.544333333
0.551,0.564,0.536333333,0.529,0.5093333329999999,0.495,0.515333333,0.546333333,0.545666667,0.5660000000000001,0.581333333,0.569333333,0.587666667,0.6083333329999999,0.62,0.634,0.656666667,0.642,0.659666667,0.669,0.672666667,0.648333333,0.654,0.626,0.608666667,0.602,0.6123333329999999,0.6253333329999999,0.645333333,0.652333333
0.34233333299999996,0.355333333,0.36200000000000004,0.365333333,0.366,0.35166666700000004,0.34433333299999996,0.362333333,0.37799999999999995,0.380666667,0.395666667,0.405,0.40233333299999996,0.39866666700000003,0.406,0.417333333,0.431666667,0.449666667,0.46933333299999996,0.489333333,0.499666667,0.5156666670000001,0.5046666670000001,0.48200000000000004,0.46166666700000003,0.444333333,0.426333333,0.42666666700000005,0.444,0.45933333299999995
0.442333333,0.433,0.495333333,0.543666667,0.5920000000000001,0.602166667,0.6043333329999999,0.639166667,0.614833333,0.5715,0.534,0.526833333,0.5375,0.465,0.40216666700000003,0.391,0.377,0.436833333,0.46733333299999996,0.513166667,0.5578333329999999,0.643,0.655166667,0.59,0.5561666670000001,0.5175,0.517333333,0.45833333299999995,0.44783333299999994,0.48816666700000005
0.0,0.0036111109999999997,0.009444444,0.01,0.013888889,0.013888889,0.013888889,0.016944444,0.014166666999999999,0.013611111,0.009722221999999999,0.009722221999999999,0.009722221999999999,0.0030555559999999996,0.0,0.0,0.0,0.001944444,0.001944444,0.001944444,0.0022222220000000003,0.004166667,0.004166667,0.0022222220000000003,0.0022222220000000003,0.0022222220000000003,0.001944444,0.0,0.0,0.007777778000000001
0.166666667,0.166666667,0.333333333,0.5,0.666666667,0.666666667,0.833333333,0.833333333,0.833333333,0.666666667,0.666666667,0.666666667,0.5,0.333333333,0.166666667,0.166666667,0.166666667,0.333333333,0.333333333,0.333333333,0.5,0.666666667,0.5,0.333333333,0.333333333,0.333333333,0.166666667,0.0,0.0,0.166666667
0.434166667,0.444166667,0.44027777799999995,0.444444444,0.43972222200000005,0.431388889,0.43222222200000004,0.439166667,0.45388888899999996,0.461944444,0.473888889,0.485,0.486388889,0.490277778,0.504444444,0.516944444,0.533888889,0.5408333329999999,0.556111111,0.570277778,0.579722222,0.5791666670000001,0.5675,0.559722222,0.543611111,0.531111111,0.52,0.518055556,0.526388889,0.538055556
0.5347222220000001,0.549722222,0.533888889,0.535833333,0.523611111,0.510833333,0.52,0.519166667,0.543611111,0.554444444,0.5708333329999999,0.581944444,0.579444444,0.5952777779999999,0.616388889,0.6275,0.6447222220000001,0.64,0.655277778,0.666944444,0.671388889,0.656666667,0.637777778,0.641944444,0.624444444,0.615555556,0.606388889,0.618611111,0.6347222220000001,0.646388889
0.342222222,0.3475,0.353888889,0.358888889,0.365277778,0.36,0.34916666700000004,0.35972222200000004,0.37222222200000005,0.378055556,0.384722222,0.393611111,0.40805555600000004,0.4025,0.40138888899999997,0.415277778,0.42361111100000004,0.44527777799999996,0.45833333299999995,0.47694444399999997,0.493333333,0.505555556,0.5061111110000001,0.485277778,0.47055555600000004,0.45583333299999995,0.444444444,0.431944444,0.43472222200000005,0.451666667
0.45885714299999997,0.456142857,0.499571429,0.5274285710000001,0.5652857139999999,0.572285714,0.5617142860000001,0.624857143,0.655428571,0.592714286,0.557,0.5164285710000001,0.506285714,0.505428571,0.452285714,0.40085714299999997,0.390285714,0.43314285700000005,0.455285714,0.484571429,0.531857143,0.607285714,0.616714286,0.615714286,0.557571429,0.527571429,0.535428571,0.522,0.449428571,0.472571429
0.0,0.0030952379999999997,0.008095238000000001,0.008571429,0.011904762,0.011904762,0.011904762,0.017619048000000002,0.017142857,0.012142857,0.011666667,0.008333333,0.008333333,0.008333333,0.0026190479999999997,0.0,0.0,0.0016666670000000001,0.0016666670000000001,0.0016666670000000001,0.0019047620000000002,0.003571429,0.003571429,0.003571429,0.0019047620000000002,0.0019047620000000002,0.0019047620000000002,0.0016666670000000001,0.0,0.006666666999999999
0.14285714300000002,0.28571428600000004,0.28571428600000004,0.428571429,0.571428571,0.571428571,0.7142857140000001,0.857142857,0.857142857,0.7142857140000001,0.7142857140000001,0.571428571,0.571428571,0.428571429,0.28571428600000004,0.14285714300000002,0.28571428600000004,0.28571428600000004,0.28571428600000004,0.28571428600000004,0.428571429,0.571428571,0.571428571,0.428571429,0.28571428600000004,0.28571428600000004,0.28571428600000004,0.14285714300000002,0.0,0.14285714300000002
0.43238095200000004,0.436428571,0.43285714299999994,0.43952381,0.440238095,0.43761904799999995,0.441666667,0.440714286,0.441190476,0.45809523799999996,0.46547619,0.476428571,0.488809524,0.49047619,0.49714285700000005,0.5121428570000001,0.5271428570000001,0.533809524,0.549761905,0.562380952,0.573809524,0.5761904760000001,0.57047619,0.555952381,0.552142857,0.540952381,0.530714286,0.523333333,0.525238095,0.530714286
0.530714286,0.535952381,0.525952381,0.533809524,0.530238095,0.522857143,0.53,0.5226190479999999,0.520714286,0.551428571,0.560238095,0.572857143,0.588809524,0.587142857,0.604047619,0.6233333329999999,0.637619048,0.6321428570000001,0.651666667,0.6621428570000001,0.669285714,0.657857143,0.6464285710000001,0.629761905,0.638333333,0.628095238,0.617380952,0.612619048,0.627619048,0.6371428570000001
0.34547619,0.34666666700000004,0.347380952,0.352380952,0.359761905,0.360238095,0.35666666700000005,0.36166666700000005,0.368571429,0.373095238,0.381904762,0.38452381,0.39785714299999997,0.407380952,0.40428571399999996,0.41,0.42095238100000004,0.436428571,0.45333333299999995,0.466428571,0.48214285700000004,0.499285714,0.498809524,0.489285714,0.475,0.46428571399999996,0.454285714,0.446666667,0.438095238,0.44261904799999996
0.495375,0.468875,0.5115,0.527125,0.548375,0.551375,0.540625,0.585,0.640875,0.631,0.577375,0.53875,0.49975,0.482125,0.48925,0.444875,0.39899999999999997,0.43775,0.44975,0.471875,0.5045,0.578375,0.58875,0.5870000000000001,0.584125,0.532375,0.542,0.53725,0.50625,0.470875
0.000208333,0.002708333,0.007083333000000001,0.0075,0.010416667,0.010416667,0.010416667,0.015416667,0.017708333,0.015,0.010625,0.010208333,0.007291667,0.007291667,0.007291667,0.0022916670000000003,0.0,0.0014583329999999998,0.0014583329999999998,0.0014583329999999998,0.0016666670000000001,0.003125,0.003125,0.003125,0.003125,0.0016666670000000001,0.0016666670000000001,0.0016666670000000001,0.0014583329999999998,0.0058333330000000004
0.25,0.25,0.375,0.375,0.5,0.5,0.625,0.75,0.875,0.75,0.75,0.625,0.5,0.5,0.375,0.25,0.25,0.375,0.25,0.25,0.375,0.5,0.5,0.5,0.375,0.25,0.25,0.25,0.125,0.125
0.43145833299999997,0.43458333299999996,0.4275,0.433125,0.436458333,0.438333333,0.44583333299999994,0.44791666700000005,0.44229166700000005,0.446458333,0.46166666700000003,0.46875,0.480833333,0.49208333299999996,0.496458333,0.504791667,0.5216666670000001,0.5279166670000001,0.5425,0.556041667,0.5664583329999999,0.5714583329999999,0.568958333,0.56,0.549791667,0.54875,0.539375,0.5322916670000001,0.528958333,0.529166667
0.521041667,0.5322916670000001,0.516875,0.526875,0.529166667,0.52875,0.538125,0.531041667,0.523541667,0.530416667,0.556875,0.563333333,0.58,0.594375,0.595833333,0.611666667,0.632708333,0.6275,0.643333333,0.658125,0.664791667,0.657708333,0.64875,0.638333333,0.628125,0.639791667,0.628125,0.621458333,0.62125,0.630625
0.35458333299999995,0.34895833299999995,0.34666666700000004,0.346875,0.35395833299999996,0.356041667,0.35729166700000003,0.36666666700000006,0.369166667,0.36979166700000005,0.37708333299999997,0.38208333299999997,0.389375,0.39854166700000004,0.40833333299999997,0.41145833299999995,0.415625,0.4325,0.44458333299999997,0.46104166700000004,0.472291667,0.48875,0.494166667,0.485,0.47979166700000003,0.46895833299999995,0.461875,0.455,0.45020833299999996,0.44458333299999997
0.493666667,0.500222222,0.5166666670000001,0.534666667,0.5457777779999999,0.537888889,0.525555556,0.563666667,0.603666667,0.620777778,0.613111111,0.558888889,0.521444444,0.479,0.47033333299999996,0.478555556,0.438333333,0.44022222200000005,0.452,0.465111111,0.491,0.548888889,0.565111111,0.5654444439999999,0.562111111,0.558777778,0.544666667,0.542888889,0.521555556,0.519
0.000185185,0.002592593,0.006296296,0.006666666999999999,0.009259259,0.009259259,0.009259259,0.013703703999999999,0.015740741000000003,0.015740741000000003,0.013333333000000001,0.009444444,0.009074074,0.006481481,0.006481481,0.006481481,0.0020370370000000002,0.001296296,0.001296296,0.001296296,0.001481481,0.002777778,0.002777778,0.002777778,0.002777778,0.002777778,0.001481481,0.001481481,0.001481481,0.006481481
0.333333333,0.333333333,0.333333333,0.444444444,0.444444444,0.444444444,0.5555555560000001,0.666666667,0.7777777779999999,0.7777777779999999,0.7777777779999999,0.666666667,0.5555555560000001,0.444444444,0.444444444,0.333333333,0.333333333,0.333333333,0.333333333,0.222222222,0.333333333,0.444444444,0.444444444,0.444444444,0.444444444,0.333333333,0.222222222,0.222222222,0.222222222,0.222222222
0.43629629600000003,0.433518519,0.42685185200000003,0.428333333,0.431111111,0.435185185,0.445555556,0.45092592600000003,0.448518519,0.44685185200000005,0.45092592600000003,0.465,0.47351851899999997,0.48462963,0.49722222200000005,0.5033333329999999,0.5140740739999999,0.522962963,0.5362962960000001,0.548888889,0.56037037,0.565185185,0.5655555560000001,0.559814815,0.554074074,0.5470370370000001,0.546481481,0.539814815,0.5362962960000001,0.532037037
0.525185185,0.523518519,0.515740741,0.518703704,0.523518519,0.527962963,0.541666667,0.538148148,0.530925926,0.5318518520000001,0.537592593,0.56,0.570740741,0.585925926,0.601296296,0.603518519,0.621296296,0.624259259,0.637962963,0.65,0.660925926,0.655,0.64962963,0.641296296,0.635925926,0.630555556,0.638518519,0.630555556,0.628148148,0.62462963
0.359444444,0.35666666700000005,0.348703704,0.346296296,0.348888889,0.351296296,0.353888889,0.366111111,0.37277777799999995,0.370185185,0.37370370399999997,0.37777777799999995,0.386666667,0.39092592600000003,0.40037037,0.414259259,0.416296296,0.426481481,0.440185185,0.45240740700000004,0.466851852,0.479259259,0.48537037,0.482407407,0.47703703700000005,0.473888889,0.466296296,0.46166666700000003,0.457222222,0.45462963
0.5277,0.4982,0.5401,0.537,0.5507,0.5366,0.516,0.5478,0.5826,0.5893,0.6057,0.5929,0.5413,0.5006,0.4687,0.4626,0.4693,0.4715,0.4528,0.4656,0.483,0.5323,0.5399,0.5465,0.5452,0.5415,0.5672,0.5452,0.5282,0.5315
0.001333333,0.002333333,0.0058333330000000004,0.006,0.008333333,0.008333333,0.008333333,0.012333333,0.014166666999999999,0.014166666999999999,0.014166666999999999,0.012,0.0085,0.008166666999999999,0.0058333330000000004,0.0058333330000000004,0.0058333330000000004,0.003,0.001166667,0.001166667,0.001333333,0.0025,0.0025,0.0025,0.0025,0.0025,0.0025,0.001333333,0.001333333,0.006
0.4,0.4,0.4,0.4,0.5,0.4,0.5,0.6,0.7,0.7,0.8,0.7,0.6,0.5,0.4,0.4,0.4,0.4,0.3,0.3,0.3,0.4,0.4,0.4,0.4,0.4,0.3,0.2,0.2,0.3
0.435333333,0.437666667,0.42666666700000005,0.42766666700000006,0.42700000000000005,0.4305,0.442,0.450166667,0.451166667,0.452,0.45083333299999995,0.455,0.46966666700000004,0.47766666700000004,0.49,0.5033333329999999,0.511833333,0.516,0.531,0.542666667,0.5535,0.5598333329999999,0.5605,0.557666667,0.5545,0.551166667,0.545166667,0.546166667,0.542666667,0.538333333
0.522833333,0.527,0.5095,0.5175,0.5165,0.523,0.539666667,0.541333333,0.537333333,0.537666667,0.538166667,0.542333333,0.5670000000000001,0.5770000000000001,0.593,0.607666667,0.613,0.614833333,0.634,0.6445,0.653333333,0.6525,0.648,0.642833333,0.638833333,0.637333333,0.6303333329999999,0.6396666670000001,0.6356666670000001,0.6305
0.36,0.360833333,0.35566666700000005,0.34816666700000004,0.34816666700000004,0.34700000000000003,0.34983333299999997,0.36216666700000005,0.371666667,0.373333333,0.373666667,0.374666667,0.382333333,0.38833333299999995,0.39333333299999995,0.4065,0.418333333,0.426,0.434,0.447666667,0.4585,0.47366666700000004,0.47716666700000004,0.47566666700000004,0.4755,0.47200000000000003,0.47100000000000003,0.46566666700000003,0.46299999999999997,0.4605
0.543818182,0.528727273,0.534636364,0.556454545,0.551363636,0.5419090910000001,0.5168181820000001,0.537090909,0.566454545,0.571454545,0.578454545,0.588,0.573818182,0.520545455,0.489272727,0.461818182,0.45563636399999996,0.496636364,0.480090909,0.465090909,0.48181818200000004,0.521272727,0.525636364,0.525272727,0.5298181820000001,0.528,0.550727273,0.565636364,0.531636364,0.536636364
0.00969697,0.003181818,0.00530303,0.005606061,0.007575758,0.007575758,0.007575758,0.011212121,0.012878788,0.012878788,0.012878788,0.012878788,0.010909091000000001,0.007727273000000001,0.007424241999999999,0.00530303,0.00530303,0.006363636,0.0027272729999999997,0.001060606,0.001212121,0.002272727,0.002272727,0.002272727,0.002272727,0.002272727,0.002272727,0.002272727,0.001212121,0.005454545
0.454545455,0.454545455,0.454545455,0.454545455,0.454545455,0.454545455,0.454545455,0.545454545,0.636363636,0.636363636,0.727272727,0.727272727,0.636363636,0.545454545,0.454545455,0.363636364,0.454545455,0.454545455,0.363636364,0.272727273,0.363636364,0.363636364,0.363636364,0.363636364,0.363636364,0.363636364,0.363636364,0.272727273,0.181818182,0.272727273
0.44090909100000003,0.436666667,0.431060606,0.427424242,0.426515152,0.42681818200000005,0.43712121200000004,0.446515152,0.450454545,0.454090909,0.455151515,0.454545455,0.460151515,0.47378787899999997,0.483181818,0.496212121,0.511060606,0.513787879,0.523939394,0.5372727270000001,0.5474242420000001,0.5536363639999999,0.5560606060000001,0.553787879,0.553030303,0.551818182,0.549090909,0.545,0.548181818,0.543939394
0.531060606,0.52469697,0.513939394,0.5116666670000001,0.5156060610000001,0.5166666670000001,0.534090909,0.539545455,0.54030303,0.542878788,0.542878788,0.5424242420000001,0.55030303,0.573030303,0.584242424,0.599545455,0.615909091,0.607878788,0.624545455,0.64030303,0.648030303,0.646363636,0.646363636,0.6419696970000001,0.640454545,0.639848485,0.6365151520000001,0.632121212,0.6434848479999999,0.637121212
0.36287878799999995,0.361212121,0.359545455,0.354545455,0.34969697,0.34651515200000005,0.346060606,0.35772727299999996,0.367575758,0.372272727,0.376212121,0.374545455,0.379090909,0.38424242399999997,0.390757576,0.399545455,0.410909091,0.42696969700000004,0.43287878799999996,0.441363636,0.45363636399999996,0.465454545,0.472272727,0.469090909,0.47,0.471060606,0.469545455,0.47,0.46651515200000004,0.465454545
0.555083333,0.543416667,0.559583333,0.550083333,0.568,0.54325,0.523333333,0.536083333,0.555083333,0.557583333,0.563,0.5645,0.570916667,0.552083333,0.5085,0.48125,0.4555,0.481833333,0.502416667,0.48908333299999995,0.48,0.517,0.516083333,0.513416667,0.51175,0.515333333,0.5375833329999999,0.550666667,0.5515,0.539083333
0.009583333000000001,0.010694443999999999,0.0058333330000000004,0.005138889000000001,0.007083333000000001,0.006944444,0.006944444,0.010277778000000001,0.011805556000000002,0.011805556000000002,0.011805556000000002,0.011805556000000002,0.011805556000000002,0.01,0.007083333000000001,0.006805556,0.0048611109999999996,0.0058333330000000004,0.0058333330000000004,0.0025,0.0011111110000000001,0.0020833329999999997,0.0020833329999999997,0.0020833329999999997,0.0020833329999999997,0.0020833329999999997,0.0020833329999999997,0.0020833329999999997,0.0020833329999999997,0.005
0.5,0.5,0.5,0.5,0.5,0.41666666700000005,0.5,0.5,0.583333333,0.583333333,0.666666667,0.666666667,0.666666667,0.583333333,0.5,0.41666666700000005,0.41666666700000005,0.5,0.41666666700000005,0.333333333,0.333333333,0.41666666700000005,0.333333333,0.333333333,0.333333333,0.333333333,0.333333333,0.333333333,0.25,0.25
0.44291666700000004,0.441666667,0.430694444,0.431388889,0.426388889,0.426388889,0.433194444,0.441666667,0.44708333299999997,0.453194444,0.456805556,0.458194444,0.459305556,0.464722222,0.47916666700000005,0.489444444,0.503888889,0.512916667,0.52125,0.530277778,0.542083333,0.548055556,0.550694444,0.550277778,0.549861111,0.550694444,0.549861111,0.548611111,0.546944444,0.548888889
0.532083333,0.532083333,0.512916667,0.515555556,0.510416667,0.515833333,0.527361111,0.534444444,0.53875,0.545138889,0.547222222,0.5463888889999999,0.549722222,0.557222222,0.58,0.590972222,0.607777778,0.610972222,0.617361111,0.6311111110000001,0.643888889,0.642083333,0.64125,0.640972222,0.639861111,0.64125,0.638888889,0.637638889,0.63625,0.644166667
0.367361111,0.36375,0.36,0.358194444,0.355416667,0.348055556,0.345694444,0.35361111100000003,0.363055556,0.368472222,0.375,0.37680555600000004,0.378611111,0.381111111,0.386805556,0.39666666700000003,0.40416666700000003,0.41944444399999997,0.433194444,0.43972222200000005,0.44736111100000003,0.46041666700000006,0.464861111,0.465277778,0.464444444,0.466388889,0.468888889,0.46875,0.470416667,0.46847222200000005
0.574384615,0.553846154,0.570769231,0.571923077,0.561230769,0.559230769,0.526,0.540615385,0.552769231,0.547769231,0.550846154,0.5513076920000001,0.550538462,0.551076923,0.538538462,0.499615385,0.473923077,0.47969230799999996,0.488307692,0.509,0.501,0.512615385,0.5125384620000001,0.5055384620000001,0.501846154,0.49976923100000004,0.525153846,0.538538462,0.538769231,0.556846154
0.009487179,0.010512821,0.012564103,0.0056410259999999995,0.006538461999999999,0.006538461999999999,0.006410256,0.009487179,0.010897436000000002,0.010897436000000002,0.010897436000000002,0.010897436000000002,0.010897436000000002,0.010897436000000002,0.009230769,0.006538461999999999,0.0062820509999999994,0.005384615,0.005384615,0.005384615,0.0024358970000000002,0.001923077,0.001923077,0.001923077,0.001923077,0.001923077,0.001923077,0.001923077,0.001923077,0.005512820999999999
0.538461538,0.538461538,0.538461538,0.538461538,0.538461538,0.46153846200000004,0.46153846200000004,0.538461538,0.538461538,0.538461538,0.615384615,0.615384615,0.615384615,0.615384615,0.538461538,0.46153846200000004,0.46153846200000004,0.46153846200000004,0.46153846200000004,0.384615385,0.384615385,0.384615385,0.384615385,0.307692308,0.307692308,0.307692308,0.307692308,0.307692308,0.307692308,0.307692308
0.444615385,0.443461538,0.43576923100000003,0.431025641,0.430128205,0.426282051,0.432307692,0.437692308,0.442564103,0.449871795,0.455769231,0.45948717899999997,0.46230769200000005,0.46358974399999997,0.470384615,0.48525641,0.49705128200000004,0.506153846,0.519871795,0.527307692,0.53525641,0.543076923,0.545769231,0.545769231,0.546923077,0.547948718,0.548974359,0.549358974,0.550128205,0.547692308
0.529487179,0.532948718,0.5206410260000001,0.514487179,0.514102564,0.511025641,0.5257692310000001,0.528205128,0.534102564,0.543333333,0.548974359,0.550128205,0.552820513,0.5561538460000001,0.564871795,0.586538462,0.5992307689999999,0.603846154,0.6194871789999999,0.623974359,0.635128205,0.638717949,0.637692308,0.6366666670000001,0.639102564,0.6406410260000001,0.64025641,0.63974359,0.641025641,0.637435897
0.371153846,0.36782051299999996,0.362435897,0.358717949,0.358717949,0.35346153799999996,0.347179487,0.35269230799999995,0.358846154,0.364230769,0.371282051,0.375641026,0.380384615,0.380512821,0.383717949,0.392564103,0.40115384600000004,0.41256410299999996,0.425769231,0.439487179,0.445384615,0.454102564,0.46025641,0.458974359,0.461282051,0.46153846200000004,0.46474359,0.46820512799999997,0.469230769,0.471923077
0.574357143,0.571857143,0.5785,0.581428571,0.580714286,0.553571429,0.5420714289999999,0.541857143,0.555785714,0.546142857,0.542214286,0.540857143,0.539285714,0.533571429,0.538571429,0.5281428570000001,0.4915,0.495071429,0.485857143,0.49542857100000004,0.518642857,0.529785714,0.508785714,0.503,0.49535714299999994,0.49142857100000004,0.51,0.526928571,0.5283571429999999,0.544642857
0.008809524000000001,0.010357143000000001,0.012261905,0.011904762,0.006904761999999999,0.006071429000000001,0.006071429000000001,0.008809524000000001,0.010119048,0.010119048,0.010119048,0.010119048,0.010119048,0.010119048,0.010119048,0.008571429,0.006071429000000001,0.006666666999999999,0.005,0.005,0.005119048,0.0030952379999999997,0.0017857139999999999,0.0017857139999999999,0.0017857139999999999,0.0017857139999999999,0.0017857139999999999,0.0017857139999999999,0.0017857139999999999,0.005119048
0.5,0.571428571,0.571428571,0.571428571,0.571428571,0.5,0.5,0.5,0.571428571,0.5,0.571428571,0.571428571,0.571428571,0.571428571,0.571428571,0.5,0.5,0.5,0.428571429,0.428571429,0.428571429,0.428571429,0.35714285700000004,0.35714285700000004,0.28571428600000004,0.28571428600000004,0.28571428600000004,0.28571428600000004,0.28571428600000004,0.35714285700000004
0.446428571,0.445,0.43785714299999995,0.435714286,0.42988095200000004,0.429761905,0.431785714,0.436547619,0.438809524,0.44547619,0.4525,0.45833333299999995,0.46321428600000003,0.466071429,0.468928571,0.47666666700000004,0.49261904799999995,0.49964285700000005,0.513095238,0.525595238,0.5321428570000001,0.536666667,0.541309524,0.541547619,0.54297619,0.5453571429999999,0.546547619,0.548571429,0.550714286,0.550595238
0.534285714,0.53047619,0.522261905,0.521547619,0.513214286,0.5144047620000001,0.520595238,0.526666667,0.528333333,0.538690476,0.54702381,0.5515476189999999,0.5558333329999999,0.558571429,0.563333333,0.57202381,0.59452381,0.596190476,0.612261905,0.62547619,0.6282142860000001,0.6309523810000001,0.634880952,0.6336904760000001,0.635238095,0.6398809520000001,0.639761905,0.640952381,0.642738095,0.641785714
0.36952381,0.371309524,0.366309524,0.361071429,0.35916666700000005,0.35666666700000005,0.352261905,0.353571429,0.357619048,0.360238095,0.36714285700000004,0.37214285700000005,0.379047619,0.38202381,0.38297619,0.389285714,0.39702381,0.40916666700000004,0.418928571,0.43214285700000005,0.444761905,0.451785714,0.454404762,0.45511904799999997,0.455714286,0.45880952399999997,0.46035714299999997,0.464404762,0.468690476,0.47071428600000004
0.577333333,0.5720000000000001,0.593666667,0.587933333,0.589,0.5722666670000001,0.537933333,0.5558,0.5559333329999999,0.5494,0.5410666670000001,0.533466667,0.530333333,0.5242,0.523066667,0.5288666670000001,0.5186666670000001,0.510066667,0.4998,0.492666667,0.5053333329999999,0.544333333,0.525066667,0.500133333,0.493666667,0.486066667,0.501533333,0.5126666670000001,0.5182,0.5345333329999999
0.008222222,0.009666667,0.012,0.011666667,0.012666667,0.0064444440000000006,0.005666666999999999,0.008333333,0.009444444,0.009444444,0.009444444,0.009444444,0.009444444,0.009444444,0.009444444,0.009444444,0.008,0.0064444440000000006,0.0062222219999999995,0.004666667,0.004777778,0.005555556,0.0028888890000000004,0.0016666670000000001,0.0016666670000000001,0.0016666670000000001,0.0016666670000000001,0.0016666670000000001,0.0016666670000000001,0.004777778
0.46666666700000003,0.533333333,0.6,0.6,0.6,0.533333333,0.533333333,0.533333333,0.533333333,0.533333333,0.533333333,0.533333333,0.533333333,0.533333333,0.533333333,0.533333333,0.533333333,0.533333333,0.46666666700000003,0.4,0.46666666700000003,0.46666666700000003,0.4,0.333333333,0.333333333,0.26666666699999997,0.26666666699999997,0.26666666699999997,0.26666666699999997,0.333333333
0.445,0.446666667,0.439666667,0.437666667,0.434333333,0.429555556,0.434666667,0.43577777799999995,0.437666667,0.44177777799999995,0.448222222,0.455111111,0.46188888899999997,0.46666666700000003,0.470888889,0.474888889,0.48411111100000004,0.495333333,0.506555556,0.518888889,0.530222222,0.533666667,0.535444444,0.537666667,0.539222222,0.5417777779999999,0.544222222,0.546333333,0.549888889,0.551111111
0.533666667,0.534888889,0.5206666670000001,0.523,0.519888889,0.513555556,0.523111111,0.521777778,0.526888889,0.5329999999999999,0.542444444,0.5495555560000001,0.556777778,0.561,0.565111111,0.570111111,0.580444444,0.5920000000000001,0.604555556,0.6183333329999999,0.6293333329999999,0.624777778,0.627888889,0.6313333329999999,0.632555556,0.636222222,0.6391111110000001,0.640444444,0.6436666670000001,0.643333333
0.369333333,0.36977777799999995,0.369666667,0.364777778,0.361333333,0.35722222200000003,0.355333333,0.357888889,0.35811111100000004,0.359,0.36322222200000004,0.36822222200000004,0.375555556,0.380666667,0.384222222,0.388222222,0.393666667,0.404777778,0.41533333299999997,0.425333333,0.437555556,0.45077777799999996,0.452222222,0.45,0.45233333299999995,0.45377777799999996,0.45788888899999997,0.46033333299999996,0.465111111,0.470111111
0.563125,0.5749375,0.5924375,0.6015625,0.594625,0.5805625,0.5564375,0.5510625,0.568125,0.5499375,0.5444375,0.5329375,0.5240625,0.51675,0.5149375,0.5149375,0.5199375,0.534375,0.5135625,0.5053125,0.502125,0.53025,0.539,0.5159375,0.4915625,0.4850625,0.495875,0.5045625,0.505375,0.524625
0.007708333,0.0090625,0.01125,0.011458333000000001,0.012395833,0.011875,0.006041667,0.0078125,0.008958333,0.008854167,0.008854167,0.008854167,0.008854167,0.008854167,0.008854167,0.008854167,0.008854167,0.008229166999999999,0.006041667,0.0058333330000000004,0.004479167,0.005208333,0.005208333,0.002708333,0.0015625,0.0015625,0.0015625,0.0015625,0.0015625,0.004479167
0.4375,0.5,0.5625,0.625,0.625,0.5625,0.5625,0.5625,0.5625,0.5,0.5625,0.5,0.5,0.5,0.5,0.5,0.5625,0.5625,0.5,0.4375,0.4375,0.5,0.4375,0.375,0.3125,0.3125,0.25,0.25,0.25,0.3125
0.44291666700000004,0.4453125,0.4415625,0.439375,0.43625,0.43375,0.434166667,0.43822916700000003,0.436875,0.44052083299999995,0.44458333299999997,0.4509375,0.45864583299999995,0.465208333,0.47114583299999996,0.47635416700000005,0.48197916700000004,0.4871875,0.502083333,0.512395833,0.523645833,0.5317708329999999,0.532708333,0.5323958329999999,0.5357291670000001,0.538333333,0.5409375,0.544166667,0.547708333,0.5503125
0.533645833,0.534270833,0.525416667,0.521458333,0.521354167,0.519791667,0.5217708329999999,0.5240625,0.5222916670000001,0.531354167,0.536875,0.5451041670000001,0.554583333,0.5615625,0.5669791670000001,0.5713541670000001,0.578125,0.578958333,0.600104167,0.610729167,0.622395833,0.6260416670000001,0.622291667,0.625,0.630416667,0.633645833,0.635729167,0.639791667,0.643020833,0.644166667
0.36447916700000005,0.36958333299999996,0.368333333,0.368020833,0.36479166700000004,0.359375,0.3559375,0.360416667,0.361875,0.359375,0.361875,0.36447916700000005,0.371666667,0.37729166700000005,0.3828125,0.3890625,0.39239583299999997,0.40114583299999995,0.41083333299999997,0.4215625,0.430833333,0.443645833,0.45125,0.44822916700000004,0.44770833299999996,0.45072916700000004,0.45322916700000004,0.45802083299999996,0.46125,0.46666666700000003
0.559705882,0.561705882,0.594,0.599941176,0.607058824,0.586352941,0.565176471,0.567705882,0.562941176,0.5617647060000001,0.545235294,0.536588235,0.5241176470000001,0.511647059,0.508470588,0.507764706,0.5073529410000001,0.534647059,0.536235294,0.517941176,0.513470588,0.525764706,0.526058824,0.529588235,0.506941176,0.483588235,0.494352941,0.499058824,0.498176471,0.512176471
0.007254902,0.008529412,0.010588235,0.010784314,0.012156863,0.011666667,0.011176471,0.008039216,0.008431373,0.008431373,0.008333333,0.008333333,0.008333333,0.008333333,0.008333333,0.008333333,0.008333333,0.009019608,0.007745098000000001,0.005686275,0.005588235,0.004901961,0.004901961,0.004901961,0.00254902,0.0014705879999999999,0.0014705879999999999,0.0014705879999999999,0.0014705879999999999,0.004215686
0.41176470600000004,0.470588235,0.529411765,0.588235294,0.647058824,0.588235294,0.588235294,0.588235294,0.588235294,0.529411765,0.529411765,0.529411765,0.470588235,0.470588235,0.470588235,0.470588235,0.529411765,0.588235294,0.529411765,0.470588235,0.470588235,0.470588235,0.470588235,0.41176470600000004,0.352941176,0.294117647,0.294117647,0.235294118,0.235294118,0.294117647
0.440490196,0.443333333,0.440588235,0.441176471,0.437941176,0.435588235,0.43784313700000005,0.43754902,0.43911764700000006,0.43960784299999994,0.443235294,0.447352941,0.45450980399999996,0.46196078399999996,0.469509804,0.47627451,0.482941176,0.485,0.49401960799999994,0.5078431370000001,0.517254902,0.525490196,0.530980392,0.53,0.530882353,0.535098039,0.5377450979999999,0.541078431,0.545588235,0.548235294
0.5328431370000001,0.534215686,0.5253921570000001,0.525882353,0.52,0.521176471,0.527156863,0.522745098,0.524411765,0.526764706,0.535098039,0.539705882,0.550098039,0.559215686,0.567156863,0.572745098,0.578823529,0.576862745,0.587352941,0.606176471,0.615,0.619705882,0.623627451,0.6199019610000001,0.624509804,0.631568627,0.6333333329999999,0.636568627,0.642254902,0.643529412
0.360882353,0.365,0.368235294,0.366862745,0.36784313700000004,0.362745098,0.358039216,0.360686275,0.364019608,0.36284313700000004,0.362058824,0.363137255,0.36794117600000004,0.373529412,0.379509804,0.38745098,0.392941176,0.39950980399999997,0.407058824,0.416960784,0.426960784,0.436960784,0.444509804,0.44754902,0.446176471,0.44647058799999995,0.450392157,0.453627451,0.45901960799999997,0.462941176
0.555,0.5585555560000001,0.580444444,0.601,0.605222222,0.598555556,0.5715,0.575333333,0.578,0.557222222,0.556666667,0.5377777779999999,0.528055556,0.512388889,0.5041111110000001,0.5020555560000001,0.501,0.521944444,0.536388889,0.539111111,0.524944444,0.535166667,0.522055556,0.517888889,0.520333333,0.498555556,0.492444444,0.497444444,0.493333333,0.505
0.006851851999999999,0.008055556,0.01,0.010185185,0.011481481000000002,0.011481481000000002,0.011018519,0.012777778,0.008611111,0.007962963,0.007962963,0.00787037,0.00787037,0.00787037,0.00787037,0.00787037,0.00787037,0.008518519,0.008518519,0.007314815,0.005462963,0.005925926,0.00462963,0.00462963,0.00462963,0.0024074070000000003,0.001388889,0.001388889,0.001388889,0.003981480999999999
0.38888888899999996,0.444444444,0.5,0.5555555560000001,0.611111111,0.611111111,0.611111111,0.611111111,0.611111111,0.5555555560000001,0.5555555560000001,0.5,0.5,0.444444444,0.444444444,0.444444444,0.5,0.5555555560000001,0.5555555560000001,0.5,0.5,0.5,0.444444444,0.444444444,0.38888888899999996,0.333333333,0.27777777800000003,0.27777777800000003,0.222222222,0.27777777800000003
0.43722222200000005,0.441018519,0.438981481,0.44027777799999995,0.43972222200000005,0.43722222200000005,0.43935185200000004,0.440833333,0.438425926,0.441574074,0.44222222200000005,0.44592592600000003,0.45092592600000003,0.45787037,0.466203704,0.47444444399999997,0.4825,0.48574074100000003,0.49157407399999997,0.499907407,0.512685185,0.519351852,0.525092593,0.528518519,0.528703704,0.530555556,0.5347222220000001,0.538055556,0.542592593,0.546203704
0.530833333,0.533425926,0.525833333,0.525833333,0.524259259,0.519907407,0.528055556,0.5277777779999999,0.523148148,0.528518519,0.530555556,0.53787037,0.544722222,0.554722222,0.56462963,0.572592593,0.579722222,0.577592593,0.584907407,0.5937962960000001,0.610462963,0.61287037,0.617777778,0.621296296,0.619722222,0.625925926,0.631388889,0.634259259,0.6390740739999999,0.642777778
0.356203704,0.36157407399999997,0.363981481,0.36685185200000003,0.366759259,0.36574074100000004,0.361296296,0.362407407,0.36407407399999997,0.364814815,0.365185185,0.36324074100000003,0.366481481,0.369907407,0.375833333,0.384074074,0.391203704,0.39962963,0.405185185,0.413055556,0.422314815,0.432962963,0.43814814799999996,0.441388889,0.44564814799999997,0.445092593,0.446388889,0.45092592600000003,0.454814815,0.460740741
0.549947368,0.554157895,0.576473684,0.587789474,0.6059473679999999,0.597263158,0.583842105,0.580789474,0.584684211,0.571789474,0.552631579,0.5489999999999999,0.529631579,0.516736842,0.505210526,0.498263158,0.49594736799999994,0.515157895,0.524263158,0.539105263,0.544631579,0.544894737,0.531157895,0.514526316,0.509736842,0.511684211,0.506157895,0.49547368399999997,0.49210526299999996,0.500052632
0.006491228000000001,0.007631579,0.009473684,0.009649123,0.010877193,0.010877193,0.010877193,0.01254386,0.013070175,0.008157895,0.00754386,0.00754386,0.00745614,0.00745614,0.00745614,0.00745614,0.00745614,0.008070175,0.008070175,0.008070175,0.0070175440000000006,0.005789474,0.005614035,0.004385965,0.004385965,0.004385965,0.002280702,0.001315789,0.001315789,0.00377193
0.36842105299999994,0.42105263200000004,0.473684211,0.526315789,0.578947368,0.578947368,0.6315789470000001,0.6315789470000001,0.6315789470000001,0.578947368,0.578947368,0.526315789,0.473684211,0.473684211,0.42105263200000004,0.42105263200000004,0.473684211,0.526315789,0.526315789,0.526315789,0.526315789,0.526315789,0.473684211,0.42105263200000004,0.42105263200000004,0.36842105299999994,0.31578947399999996,0.263157895,0.263157895,0.263157895
0.433070175,0.43789473700000003,0.437017544,0.43877193,0.43894736799999995,0.43894736799999995,0.440701754,0.44210526299999997,0.44149122799999996,0.44078947399999996,0.44394736799999995,0.444824561,0.449385965,0.454298246,0.462105263,0.471052632,0.480438596,0.485175439,0.491929825,0.497280702,0.504912281,0.514912281,0.519298246,0.523070175,0.527368421,0.528508772,0.530438596,0.535175439,0.539649123,0.543333333
0.528508772,0.5314912279999999,0.525526316,0.52622807,0.524298246,0.523947368,0.5264912279999999,0.5285964910000001,0.527894737,0.5271052629999999,0.532017544,0.533421053,0.542719298,0.549385965,0.560087719,0.569912281,0.579210526,0.5785087720000001,0.585175439,0.5911403510000001,0.5985087720000001,0.608684211,0.611403509,0.615877193,0.621052632,0.621315789,0.626052632,0.632368421,0.636754386,0.639736842
0.350701754,0.35710526299999995,0.360789474,0.362894737,0.366754386,0.364824561,0.36421052600000003,0.365263158,0.365526316,0.364824561,0.366929825,0.36614035100000003,0.36640350899999996,0.36842105299999994,0.372280702,0.38035087700000003,0.38780701799999995,0.397631579,0.405,0.410964912,0.418333333,0.428245614,0.434298246,0.435526316,0.439912281,0.444649123,0.445087719,0.447105263,0.452192982,0.456666667
0.53885,0.5494,0.5714,0.58365,0.59315,0.59835,0.58335,0.59205,0.5894,0.57845,0.5667,0.54555,0.5407,0.5188,0.5097,0.4996,0.49265,0.50965,0.5177,0.52745,0.54435,0.5626,0.5406,0.52355,0.50695,0.50205,0.51825,0.50835,0.4905,0.49855
0.006166667,0.00725,0.009000000000000001,0.009166667,0.010333333,0.010333333,0.010333333,0.012333333,0.012833333,0.012416667,0.00775,0.007166667,0.007166667,0.007083333000000001,0.007083333000000001,0.007083333000000001,0.007083333000000001,0.007666666999999999,0.007666666999999999,0.007666666999999999,0.00775,0.00725,0.0055,0.005333333000000001,0.004166667,0.004166667,0.004166667,0.002166667,0.00125,0.0035833329999999997
0.35,0.4,0.45,0.5,0.55,0.55,0.6,0.65,0.65,0.6,0.6,0.55,0.5,0.45,0.45,0.4,0.45,0.5,0.5,0.5,0.55,0.55,0.5,0.45,0.4,0.4,0.35,0.3,0.25,0.3
0.42841666700000003,0.43391666700000003,0.43425,0.43691666700000004,0.43758333299999996,0.43825,0.442166667,0.44325,0.442666667,0.44358333299999997,0.44308333299999997,0.44633333299999994,0.448166667,0.452666667,0.4585,0.466916667,0.476916667,0.48308333299999995,0.49108333299999996,0.497333333,0.502166667,0.507416667,0.515083333,0.5176666670000001,0.52225,0.52725,0.5285,0.531083333,0.536833333,0.5405
0.5249166670000001,0.52925,0.524083333,0.5259166670000001,0.52475,0.524,0.53,0.527083333,0.528666667,0.531416667,0.5305,0.534666667,0.53825,0.54725,0.55475,0.565333333,0.576333333,0.5780833329999999,0.585666667,0.5910833329999999,0.59575,0.5974166670000001,0.6075,0.609916667,0.615916667,0.6225,0.6216666670000001,0.62725,0.634833333,0.6375
0.344916667,0.35183333299999997,0.35658333299999995,0.359916667,0.363,0.36491666700000003,0.363416667,0.367833333,0.36808333299999996,0.36616666700000006,0.366833333,0.36775,0.369,0.36825,0.37075,0.37675,0.38408333299999997,0.394083333,0.40283333299999996,0.4105,0.41608333299999994,0.42416666700000005,0.42975,0.43200000000000005,0.43441666700000003,0.43925,0.444666667,0.44583333299999994,0.4485,0.454083333
0.524761905,0.538857143,0.566047619,0.57847619,0.588952381,0.58652381,0.585047619,0.591190476,0.599714286,0.583238095,0.573285714,0.5592857139999999,0.537809524,0.529857143,0.512,0.504142857,0.494190476,0.505857143,0.512333333,0.521047619,0.5329999999999999,0.56147619,0.557666667,0.532904762,0.515904762,0.499761905,0.508761905,0.519761905,0.503,0.496714286
0.005873016,0.006904761999999999,0.008571429,0.008730159,0.00984127,0.00984127,0.00984127,0.011746032,0.012619048,0.012222222,0.011825397,0.007380952,0.0068253969999999995,0.0068253969999999995,0.006746032,0.006746032,0.006746032,0.007301586999999999,0.007301586999999999,0.007301586999999999,0.007380952,0.007936508,0.006904761999999999,0.005238095,0.005079365,0.003968254,0.003968254,0.003968254,0.002063492,0.003412698
0.333333333,0.380952381,0.428571429,0.47619047600000003,0.523809524,0.523809524,0.571428571,0.6190476189999999,0.666666667,0.6190476189999999,0.6190476189999999,0.571428571,0.523809524,0.47619047600000003,0.428571429,0.428571429,0.428571429,0.47619047600000003,0.47619047600000003,0.47619047600000003,0.523809524,0.571428571,0.523809524,0.47619047600000003,0.428571429,0.380952381,0.380952381,0.333333333,0.28571428600000004,0.28571428600000004
0.423571429,0.429444444,0.430634921,0.434285714,0.435873016,0.43698412700000006,0.441349206,0.44452381,0.44373015899999996,0.444603175,0.445634921,0.445396825,0.449444444,0.451349206,0.456746032,0.46325396799999996,0.472698413,0.479603175,0.488809524,0.496269841,0.5019841270000001,0.50468254,0.507936508,0.513730159,0.5171428570000001,0.522380952,0.5273015870000001,0.529206349,0.532857143,0.5377777779999999
0.51984127,0.525793651,0.5223015870000001,0.52452381,0.52452381,0.524444444,0.529761905,0.530396825,0.527222222,0.5319841270000001,0.534444444,0.5330952379999999,0.539206349,0.5427777779999999,0.552460317,0.56,0.571666667,0.575396825,0.584920635,0.591269841,0.59547619,0.59484127,0.596825397,0.606269841,0.610238095,0.617539683,0.622777778,0.6230158729999999,0.62984127,0.635634921
0.340396825,0.346269841,0.35158730200000005,0.35595238100000004,0.36015873,0.36142857100000003,0.363571429,0.36690476200000005,0.370396825,0.368571429,0.368015873,0.36761904799999995,0.370396825,0.370634921,0.37047619,0.375079365,0.38047619,0.390238095,0.39920634899999996,0.40817460299999997,0.415396825,0.42174603200000005,0.425793651,0.427777778,0.431111111,0.434047619,0.43952381,0.445396825,0.447222222,0.45047619
0.516045455,0.525409091,0.555227273,0.573045455,0.583772727,0.582818182,0.5743636360000001,0.592454545,0.598545455,0.593363636,0.5780909089999999,0.565909091,0.5512727270000001,0.5275909089999999,0.522863636,0.506590909,0.498772727,0.506727273,0.508590909,0.515772727,0.526636364,0.549863636,0.556818182,0.549545455,0.525181818,0.508636364,0.506272727,0.510636364,0.514136364,0.508363636
0.005606061,0.006590909,0.008181818,0.008333333,0.009393939,0.009393939,0.009393939,0.011212121,0.012045455,0.012045455,0.011666667,0.011287878999999999,0.007045455,0.006515152,0.006515152,0.006439394,0.006439394,0.0069696969999999995,0.0069696969999999995,0.0069696969999999995,0.007045455,0.007575758,0.007575758,0.006590909,0.005,0.004848485,0.003787879,0.003787879,0.003787879,0.004090909
0.318181818,0.363636364,0.409090909,0.454545455,0.5,0.5,0.545454545,0.590909091,0.636363636,0.636363636,0.636363636,0.590909091,0.545454545,0.5,0.454545455,0.409090909,0.454545455,0.454545455,0.454545455,0.454545455,0.5,0.545454545,0.545454545,0.5,0.454545455,0.409090909,0.363636364,0.363636364,0.318181818,0.318181818
0.42196969700000003,0.424772727,0.426515152,0.430833333,0.433409091,0.43537878799999996,0.44,0.443636364,0.444924242,0.44553030299999996,0.446515152,0.447727273,0.44840909100000004,0.45242424200000003,0.45530303,0.461363636,0.468939394,0.475454545,0.48522727299999996,0.493863636,0.500757576,0.504393939,0.50530303,0.506969697,0.513409091,0.5175,0.522651515,0.528030303,0.530984848,0.533939394
0.518863636,0.520909091,0.519318182,0.52280303,0.523257576,0.524242424,0.529924242,0.530151515,0.5303787879999999,0.530454545,0.534848485,0.5367424239999999,0.5375,0.543484848,0.547954545,0.5575757579999999,0.566287879,0.5709848479999999,0.582045455,0.59030303,0.595454545,0.5946212120000001,0.594393939,0.596136364,0.606742424,0.612045455,0.618030303,0.624015152,0.625681818,0.630833333
0.337954545,0.341893939,0.34628787899999997,0.351212121,0.35636363600000004,0.358787879,0.36030303,0.366893939,0.369393939,0.37075757600000003,0.37022727299999997,0.368712121,0.370151515,0.371893939,0.372651515,0.37462121200000004,0.378712121,0.38651515200000003,0.39530303,0.404469697,0.412954545,0.420833333,0.423409091,0.42409090899999996,0.42712121200000003,0.430909091,0.434545455,0.440454545,0.44674242399999997,0.449166667
0.5070869570000001,0.517043478,0.541652174,0.562391304,0.578347826,0.578130435,0.571347826,0.581913043,0.599434783,0.5925217389999999,0.588,0.570826087,0.557956522,0.540913043,0.521,0.517217391,0.501347826,0.510565217,0.509304348,0.5120434779999999,0.5213478260000001,0.543043478,0.545913043,0.549086957,0.5414347829999999,0.517826087,0.514478261,0.5081739129999999,0.505652174,0.518782609
0.005362319,0.006304348,0.007826086999999999,0.007971014,0.008985507,0.008985507,0.008985507,0.010724638,0.011521739,0.011521739,0.011521739,0.01115942,0.010797101000000002,0.00673913,0.006231884,0.006231884,0.00615942,0.006666666999999999,0.006666666999999999,0.006666666999999999,0.00673913,0.007246376999999999,0.007246376999999999,0.007246376999999999,0.006304348,0.004782609,0.004637680999999999,0.003623188,0.003623188,0.005652174
0.304347826,0.347826087,0.39130434799999997,0.434782609,0.47826087,0.47826087,0.52173913,0.565217391,0.608695652,0.608695652,0.6521739129999999,0.608695652,0.565217391,0.52173913,0.47826087,0.434782609,0.434782609,0.47826087,0.434782609,0.434782609,0.47826087,0.52173913,0.52173913,0.52173913,0.47826087,0.434782609,0.39130434799999997,0.347826087,0.347826087,0.347826087
0.422971014,0.423188406,0.42217391299999996,0.42688405799999996,0.430144928,0.433043478,0.438333333,0.442246377,0.444057971,0.44659420299999997,0.447318841,0.448478261,0.45050724600000003,0.45130434799999997,0.45615942,0.459782609,0.466884058,0.47173913,0.481014493,0.490217391,0.49826087,0.503115942,0.505,0.5044927539999999,0.5069565220000001,0.513913043,0.517971014,0.523550725,0.529782609,0.532101449
0.520072464,0.519927536,0.514927536,0.519927536,0.5216666670000001,0.523043478,0.529492754,0.530289855,0.530144928,0.533333333,0.53326087,0.537028986,0.540797101,0.541666667,0.548405797,0.553043478,0.563695652,0.565869565,0.577536232,0.587318841,0.594347826,0.594637681,0.594202899,0.59384058,0.597028986,0.6086231879999999,0.612753623,0.61942029,0.626521739,0.626811594
0.339130435,0.339492754,0.342101449,0.34615942,0.351811594,0.355217391,0.357826087,0.363623188,0.36927536200000005,0.369782609,0.372246377,0.370797101,0.37108695700000005,0.37159420299999996,0.37376811600000004,0.37652173899999997,0.37811594200000004,0.384565217,0.391521739,0.40050724600000004,0.409202899,0.41826087,0.42246376799999996,0.42188405799999995,0.423623188,0.42710144899999997,0.43152173899999996,0.435652174,0.441956522,0.44862318799999995
0.4995,0.508416667,0.532958333,0.549083333,0.567916667,0.5731666670000001,0.567333333,0.578708333,0.589041667,0.593625,0.5874166670000001,0.580625,0.563,0.54775,0.534041667,0.5156666670000001,0.51175,0.512541667,0.512875,0.5125833329999999,0.517541667,0.5372916670000001,0.5395416670000001,0.538958333,0.541333333,0.533708333,0.523041667,0.5159583329999999,0.5035,0.510458333
0.005138889000000001,0.006041667,0.0075,0.007638889,0.008611111,0.008611111,0.008611111,0.010277778000000001,0.011041667,0.011041667,0.011041667,0.011041667,0.010694443999999999,0.010347222,0.006458333,0.005972221999999999,0.005972221999999999,0.006388889,0.006388889,0.006388889,0.006458333,0.006944444,0.006944444,0.006944444,0.006944444,0.006041667,0.004583333,0.0044444440000000005,0.003472222,0.005416666999999999
0.291666667,0.333333333,0.375,0.41666666700000005,0.45833333299999995,0.45833333299999995,0.5,0.541666667,0.583333333,0.583333333,0.625,0.625,0.583333333,0.541666667,0.5,0.45833333299999995,0.45833333299999995,0.45833333299999995,0.45833333299999995,0.41666666700000005,0.45833333299999995,0.5,0.5,0.5,0.5,0.45833333299999995,0.41666666700000005,0.375,0.333333333,0.375
0.42506944399999996,0.42409722200000005,0.420763889,0.422708333,0.426388889,0.429930556,0.435972222,0.440555556,0.44270833299999995,0.44569444399999997,0.44826388899999997,0.449166667,0.451111111,0.453194444,0.45493055600000004,0.46041666700000006,0.465138889,0.469652778,0.47722222200000003,0.485972222,0.49458333299999996,0.500625,0.50375,0.504236111,0.504583333,0.507708333,0.514513889,0.519027778,0.525416667,0.530902778
0.524027778,0.521041667,0.514236111,0.515694444,0.5189583329999999,0.5215277779999999,0.528125,0.529861111,0.530277778,0.532986111,0.535902778,0.535416667,0.540902778,0.544652778,0.546458333,0.553263889,0.559097222,0.5634027779999999,0.572361111,0.582777778,0.591319444,0.593611111,0.5942361110000001,0.593680556,0.5947916670000001,0.599236111,0.609444444,0.614305556,0.622013889,0.627569444
0.340694444,0.34055555600000004,0.339791667,0.342152778,0.34694444399999996,0.35090277799999997,0.35444444399999997,0.36111111100000004,0.366041667,0.36965277799999996,0.37125,0.37270833299999995,0.372986111,0.372430556,0.373402778,0.37743055600000003,0.37979166700000005,0.38375,0.389444444,0.39666666700000003,0.405208333,0.41444444399999997,0.419930556,0.421041667,0.42152777799999996,0.42375,0.427847222,0.43270833299999995,0.43729166700000005,0.443958333
0.49988,0.50108,0.52404,0.5404399999999999,0.55492,0.5633600000000001,0.563,0.5745600000000001,0.58568,0.5838800000000001,0.58868,0.58036,0.57272,0.5529999999999999,0.54088,0.5284,0.51048,0.52208,0.51468,0.51588,0.51784,0.5329999999999999,0.5341600000000001,0.5331199999999999,0.53192,0.53392,0.53808,0.52412,0.5111600000000001,0.5082
0.004933333,0.0058,0.0072,0.007333333,0.008266667,0.008266667,0.008266667,0.009866666999999999,0.0106,0.0106,0.0106,0.0106,0.0106,0.010266667,0.009933333,0.0062,0.005733333,0.0062,0.006133333,0.006133333,0.0062,0.006666666999999999,0.006666666999999999,0.006666666999999999,0.006666666999999999,0.006666666999999999,0.0058,0.0044,0.004266667,0.0052
0.28,0.32,0.36,0.4,0.44,0.44,0.48,0.52,0.56,0.56,0.6,0.6,0.6,0.56,0.52,0.48,0.48,0.48,0.44,0.44,0.44,0.48,0.48,0.48,0.48,0.48,0.44,0.4,0.36,0.36
0.426333333,0.426066667,0.421733333,0.421333333,0.4224,0.426333333,0.43286666700000004,0.4382,0.441066667,0.444333333,0.44733333299999994,0.45,0.451666667,0.453666667,0.4566,0.45906666700000004,0.465533333,0.467866667,0.475,0.482133333,0.490333333,0.49700000000000005,0.5013333329999999,0.503066667,0.5043333329999999,0.5054,0.5085333329999999,0.5156666670000001,0.521,0.526666667
0.527066667,0.5248,0.5155333329999999,0.515,0.514933333,0.518933333,0.526466667,0.5285333329999999,0.5298666670000001,0.5329999999999999,0.535466667,0.5378666670000001,0.5392,0.5446,0.549133333,0.5512,0.5590666670000001,0.5589999999999999,0.569733333,0.5776,0.5868,0.590733333,0.5932666670000001,0.593733333,0.5946,0.597,0.6004,0.611066667,0.617,0.6232
0.3414,0.342,0.3408,0.33993333299999995,0.34306666700000005,0.34626666700000003,0.35033333299999997,0.357733333,0.36353333299999996,0.36653333299999996,0.371066667,0.37173333299999994,0.37473333299999995,0.3742,0.37413333299999996,0.376933333,0.380533333,0.38513333299999997,0.38846666700000004,0.39446666700000005,0.40133333299999996,0.4104,0.4162,0.41866666700000005,0.420733333,0.421733333,0.4246,0.42913333299999995,0.4344,0.4394
0.504307692,0.501384615,0.516384615,0.5315769229999999,0.546384615,0.5510384620000001,0.5539615379999999,0.570115385,0.5814230770000001,0.580846154,0.5795,0.581846154,0.572769231,0.562730769,0.546192308,0.535192308,0.5229230770000001,0.520461538,0.5237692310000001,0.5175,0.520807692,0.532692308,0.530153846,0.5281923079999999,0.5265769229999999,0.525153846,0.538115385,0.538538462,0.5191923079999999,0.515384615
0.004935897,0.005576923,0.006923077,0.007051282,0.007948718,0.007948718,0.007948718,0.009487179,0.010192308,0.010192308,0.010192308,0.010192308,0.010192308,0.010192308,0.009871795,0.009551282,0.005961538000000001,0.005961538000000001,0.005961538000000001,0.005897436,0.005961538000000001,0.006410256,0.006410256,0.006410256,0.006410256,0.006410256,0.006410256,0.005576923,0.0042307690000000005,0.005897436
0.307692308,0.307692308,0.346153846,0.384615385,0.423076923,0.423076923,0.46153846200000004,0.5,0.538461538,0.538461538,0.576923077,0.576923077,0.576923077,0.576923077,0.538461538,0.5,0.5,0.5,0.46153846200000004,0.423076923,0.46153846200000004,0.46153846200000004,0.46153846200000004,0.46153846200000004,0.46153846200000004,0.46153846200000004,0.46153846200000004,0.423076923,0.384615385,0.384615385
0.426410256,0.42724359,0.423717949,0.42224359,0.421089744,0.4225,0.42929487200000005,0.435128205,0.438782051,0.442692308,0.445961538,0.449038462,0.452371795,0.454102564,0.456923077,0.460512821,0.46403846200000004,0.468141026,0.473076923,0.479807692,0.48647435899999997,0.49282051299999996,0.49782051299999996,0.500769231,0.503205128,0.505128205,0.506282051,0.509871795,0.517692308,0.522371795
0.5256410260000001,0.527692308,0.519358974,0.516217949,0.514294872,0.5150641029999999,0.523782051,0.5269230770000001,0.528589744,0.5325,0.535384615,0.537371795,0.541410256,0.542820513,0.548910256,0.5535897439999999,0.556858974,0.558974359,0.56525641,0.574871795,0.581666667,0.586410256,0.590512821,0.5928205129999999,0.594615385,0.596730769,0.5982051279999999,0.602307692,0.613782051,0.6183333329999999
0.343269231,0.342628205,0.342179487,0.340897436,0.340897436,0.34256410299999995,0.345897436,0.353653846,0.36019230799999996,0.36410256399999996,0.368012821,0.371538462,0.373717949,0.375833333,0.37576923100000004,0.3775,0.379935897,0.385641026,0.389615385,0.39333333299999995,0.39903846200000004,0.406474359,0.41224359,0.415128205,0.41846153799999997,0.42096153799999997,0.422628205,0.425961538,0.430897436,0.436538462
0.504851852,0.5055925929999999,0.5161111110000001,0.523925926,0.53762963,0.542962963,0.542444444,0.561148148,0.576888889,0.576925926,0.5767407410000001,0.573259259,0.574481481,0.563148148,0.555814815,0.540518519,0.529666667,0.532074074,0.522148148,0.526148148,0.522185185,0.535,0.529962963,0.524555556,0.5220740739999999,0.520259259,0.529518519,0.538555556,0.5332592589999999,0.522962963
0.004753086,0.005555556,0.006666666999999999,0.006790123,0.0076543209999999995,0.0076543209999999995,0.0076543209999999995,0.009135802,0.009814815,0.009814815,0.009814815,0.009814815,0.009814815,0.009814815,0.009814815,0.009506173,0.009197531,0.00617284,0.005740741,0.005740741,0.005740741,0.00617284,0.00617284,0.00617284,0.00617284,0.00617284,0.00617284,0.00617284,0.00537037,0.005802469
0.333333333,0.333333333,0.333333333,0.37037037,0.40740740700000005,0.40740740700000005,0.444444444,0.481481481,0.518518519,0.518518519,0.5555555560000001,0.5555555560000001,0.5555555560000001,0.5555555560000001,0.5555555560000001,0.518518519,0.518518519,0.518518519,0.481481481,0.444444444,0.444444444,0.481481481,0.444444444,0.444444444,0.444444444,0.444444444,0.444444444,0.444444444,0.40740740700000005,0.40740740700000005
0.426481481,0.427283951,0.424938272,0.424135802,0.42197530899999997,0.421234568,0.42549382700000005,0.431604938,0.43580246899999997,0.44043209899999997,0.444320988,0.447654321,0.451358025,0.454691358,0.457222222,0.46067901200000005,0.465246914,0.46660493799999997,0.473148148,0.477777778,0.48407407399999997,0.48901234600000004,0.493765432,0.497407407,0.500987654,0.504012346,0.505987654,0.507654321,0.512037037,0.519135802
0.52537037,0.526296296,0.522345679,0.519876543,0.515493827,0.514444444,0.519876543,0.5243209879999999,0.527037037,0.53117284,0.534814815,0.537222222,0.540802469,0.544814815,0.5470370370000001,0.553209877,0.558950617,0.556851852,0.565,0.57037037,0.578888889,0.581481481,0.586358025,0.590185185,0.5937037039999999,0.596666667,0.597901235,0.600123457,0.605246914,0.615185185
0.344074074,0.34438271600000003,0.342777778,0.342222222,0.34179012299999995,0.340493827,0.34234567899999996,0.349259259,0.35617284,0.36086419799999997,0.365617284,0.368580247,0.37345679,0.374814815,0.377283951,0.37895061700000005,0.38037037,0.38487654299999996,0.38993827200000003,0.394259259,0.39777777799999997,0.404074074,0.40839506200000003,0.411358025,0.41506172799999996,0.41876543200000005,0.421851852,0.42401234600000004,0.427777778,0.43308642
0.502678571,0.506071429,0.519642857,0.523392857,0.5300357139999999,0.534642857,0.534964286,0.549785714,0.568,0.572714286,0.573107143,0.570821429,0.566464286,0.565142857,0.556464286,0.55,0.535,0.53825,0.533285714,0.5245,0.5303571429999999,0.535821429,0.532285714,0.524571429,0.518785714,0.5161428570000001,0.524642857,0.53025,0.5334642860000001,0.5363928570000001
0.004583333,0.005357143000000001,0.006607143,0.006547619,0.007380952,0.007380952,0.007380952,0.008809524000000001,0.009464286,0.009464286,0.009464286,0.009464286,0.009464286,0.009464286,0.009464286,0.009464286,0.009166667,0.009285714,0.005952381,0.005535714000000001,0.005595238000000001,0.005952381,0.005952381,0.005952381,0.005952381,0.005952381,0.005952381,0.005952381,0.005952381,0.006845238000000001
0.321428571,0.35714285700000004,0.35714285700000004,0.35714285700000004,0.39285714299999996,0.39285714299999996,0.428571429,0.46428571399999996,0.5,0.5,0.535714286,0.535714286,0.535714286,0.535714286,0.535714286,0.535714286,0.535714286,0.535714286,0.5,0.46428571399999996,0.46428571399999996,0.46428571399999996,0.46428571399999996,0.428571429,0.428571429,0.428571429,0.428571429,0.428571429,0.428571429,0.428571429
0.426011905,0.427321429,0.42505952399999997,0.42529761899999996,0.423809524,0.42208333299999995,0.42416666700000005,0.427857143,0.43238095200000004,0.4375,0.44208333299999997,0.446011905,0.44994047600000003,0.45363095200000003,0.45767857100000003,0.46083333299999996,0.465238095,0.467678571,0.471488095,0.477678571,0.481964286,0.48660714299999996,0.49005952399999997,0.493511905,0.497738095,0.5018452379999999,0.504880952,0.507321429,0.5098214289999999,0.5136309520000001
0.526607143,0.526011905,0.521190476,0.522738095,0.519047619,0.515595238,0.5191071429999999,0.520535714,0.52452381,0.5295833329999999,0.533452381,0.536607143,0.540535714,0.544107143,0.5488095239999999,0.55125,0.5583928570000001,0.5588690479999999,0.562738095,0.569940476,0.574404762,0.578809524,0.5816071429999999,0.586190476,0.591130952,0.595714286,0.597797619,0.599761905,0.603035714,0.606904762
0.341488095,0.345119048,0.344464286,0.342797619,0.343035714,0.34136904799999995,0.340357143,0.34571428600000004,0.35184523799999995,0.356964286,0.362440476,0.36625,0.37053571399999996,0.37452381,0.37625,0.380297619,0.381666667,0.38511904799999996,0.389047619,0.394404762,0.398511905,0.40267857100000004,0.406011905,0.407678571,0.411428571,0.41547619,0.419702381,0.423214286,0.425833333,0.43
0.499827586,0.5039310339999999,0.51962069,0.5265517239999999,0.529310345,0.527413793,0.527206897,0.542310345,0.556793103,0.564275862,0.569172414,0.567517241,0.564344828,0.557724138,0.55862069,0.550827586,0.544344828,0.543103448,0.539206897,0.5351724139999999,0.52862069,0.543241379,0.533172414,0.527,0.519,0.513172414,0.520517241,0.525517241,0.52562069,0.536482759
0.004425287,0.005172414,0.00637931,0.006494253,0.007126436999999999,0.007126436999999999,0.007126436999999999,0.008505747,0.009137931,0.009137931,0.009137931,0.009137931,0.009137931,0.009137931,0.009137931,0.009137931,0.009137931,0.009252874,0.008965517,0.005747126,0.005402299,0.005804598,0.005747126,0.005747126,0.005747126,0.005747126,0.005747126,0.005747126,0.005747126,0.007356321999999999
0.310344828,0.344827586,0.379310345,0.379310345,0.379310345,0.379310345,0.413793103,0.448275862,0.482758621,0.482758621,0.517241379,0.517241379,0.517241379,0.517241379,0.517241379,0.517241379,0.551724138,0.551724138,0.517241379,0.482758621,0.482758621,0.482758621,0.448275862,0.448275862,0.413793103,0.413793103,0.413793103,0.413793103,0.413793103,0.448275862
0.423103448,0.42683908,0.425172414,0.425402299,0.42494252899999996,0.423850575,0.424885057,0.426494253,0.42873563200000003,0.43413793100000003,0.439195402,0.44379310299999997,0.448275862,0.45218390799999997,0.456551724,0.461149425,0.465229885,0.46758620700000003,0.47235632200000005,0.47591954,0.48172413799999997,0.484482759,0.487701149,0.48994252899999996,0.493965517,0.498678161,0.502758621,0.506206897,0.509425287,0.511436782
0.524252874,0.5271839079999999,0.521091954,0.521609195,0.52183908,0.519022989,0.520057471,0.519770115,0.520862069,0.527068966,0.53183908,0.535229885,0.539827586,0.5437356320000001,0.547988506,0.552816092,0.556321839,0.558333333,0.564482759,0.5675862070000001,0.573850575,0.574482759,0.5790229889999999,0.581609195,0.587241379,0.59316092,0.59683908,0.599597701,0.602586207,0.604712644
0.33833333299999996,0.34258620700000003,0.345172414,0.344425287,0.34356321799999995,0.34258620700000003,0.341206897,0.34367816100000004,0.34833333299999997,0.352758621,0.35862069,0.36316092,0.36821839100000003,0.371666667,0.37591954,0.379195402,0.382873563,0.38620689700000005,0.389137931,0.393390805,0.398505747,0.403218391,0.40459770100000003,0.40540229899999997,0.407873563,0.41195402299999995,0.416494253,0.421091954,0.425,0.428045977
0.49363333299999995,0.501133333,0.5171,0.5263,0.532166667,0.5268,0.520466667,0.534566667,0.549333333,0.553566667,0.561133333,0.5639,0.561366667,0.5559666670000001,0.551666667,0.5531,0.545333333,0.551866667,0.5438666670000001,0.5408333329999999,0.5388,0.541133333,0.540433333,0.528033333,0.5215333329999999,0.513566667,0.5175,0.5215,0.5212,0.5288
0.004277778,0.005,0.006166667,0.006277778,0.007055556,0.0068888890000000005,0.0068888890000000005,0.008222222,0.008833333,0.008833333,0.008833333,0.008833333,0.008833333,0.008833333,0.008833333,0.008833333,0.008833333,0.009222221999999999,0.008944444000000001,0.008666667,0.005611110999999999,0.005611110999999999,0.005611110999999999,0.005555556,0.005555556,0.005555556,0.005555556,0.005555556,0.005555556,0.007111111
0.3,0.333333333,0.36666666700000006,0.4,0.4,0.36666666700000006,0.4,0.433333333,0.46666666700000003,0.46666666700000003,0.5,0.5,0.5,0.5,0.5,0.5,0.533333333,0.566666667,0.533333333,0.5,0.5,0.5,0.46666666700000003,0.433333333,0.433333333,0.4,0.4,0.4,0.4,0.433333333
0.41972222200000003,0.424,0.424777778,0.4255,0.425055556,0.424944444,0.4265,0.427111111,0.427388889,0.430555556,0.435888889,0.440944444,0.446055556,0.4505,0.455055556,0.459944444,0.465388889,0.4675,0.472111111,0.47661111100000003,0.479888889,0.48416666700000005,0.48561111100000004,0.48766666700000005,0.4905,0.495,0.499666667,0.5041111110000001,0.508277778,0.511
0.521555556,0.524888889,0.522388889,0.5215,0.520777778,0.5217222220000001,0.523222222,0.5206666670000001,0.5201111110000001,0.523444444,0.529333333,0.533611111,0.538388889,0.542944444,0.5475,0.551888889,0.557666667,0.556333333,0.563777778,0.569111111,0.5714444439999999,0.573944444,0.574833333,0.579111111,0.582777778,0.589333333,0.594333333,0.598611111,0.6023333329999999,0.604222222
0.334722222,0.3395,0.342722222,0.345111111,0.345111111,0.343111111,0.342388889,0.344388889,0.346277778,0.34933333299999997,0.3545,0.359444444,0.36516666700000006,0.369388889,0.373111111,0.37877777799999995,0.38172222200000006,0.387222222,0.390055556,0.39333333299999995,0.39738888899999997,0.40305555600000004,0.40505555600000004,0.40405555600000004,0.40566666700000004,0.4085,0.413055556,0.41794444399999997,0.422888889,0.42716666700000006
