0.5589999999999999,0.613,0.521,0.41100000000000003,0.526,0.833,0.495,0.489,0.42100000000000004,0.44299999999999995,0.473,0.515,0.541,0.575,0.5529999999999999,0.59,0.696,0.581,0.525,0.514,0.7929999999999999,0.853,0.628,0.34299999999999997,0.374,0.44,0.524,0.531,0.598,0.6629999999999999
0.0,0.0,0.0,0.0,0.0,0.075,0.0,0.0,0.0,0.0,0.0,0.0,0.0,0.0,0.0,0.0,0.0,0.0,0.0,0.0,0.016666667,0.066666667,0.0016666670000000001,0.0,0.0,0.0,0.0,0.0,0.0,0.0
0.0,0.0,0.0,0.0,0.0,1.0,0.0,0.0,0.0,0.0,0.0,0.0,0.0,0.0,0.0,0.0,0.0,0.0,0.0,0.0,1.0,1.0,1.0,0.0,0.0,0.0,0.0,0.0,0.0,1.0
0.576666667,0.583333333,0.6033333329999999,0.6133333329999999,0.58,0.531666667,0.496666667,0.46166666700000003,0.47166666700000004,0.48,0.498333333,0.523333333,0.525,0.5066666670000001,0.52,0.526666667,0.531666667,0.525,0.495,0.526666667,0.49,0.46666666700000003,0.496666667,0.436666667,0.40666666700000004,0.46333333299999996,0.5083333329999999,0.538333333,0.535,0.525
0.681666667,0.693333333,0.711666667,0.736666667,0.6416666670000001,0.575,0.56,0.543333333,0.551666667,0.596666667,0.6033333329999999,0.6166666670000001,0.586666667,0.6033333329999999,0.625,0.625,0.6133333329999999,0.6233333329999999,0.561666667,0.64,0.5116666670000001,0.531666667,0.585,0.496666667,0.5066666670000001,0.59,0.598333333,0.6,0.611666667,0.6183333329999999
0.49,0.493333333,0.496666667,0.5066666670000001,0.526666667,0.5083333329999999,0.42166666700000005,0.378333333,0.41,0.371666667,0.39,0.46166666700000003,0.46166666700000003,0.425,0.423333333,0.44833333299999995,0.456666667,0.456666667,0.428333333,0.428333333,0.46166666700000003,0.44,0.435,0.36666666700000006,0.315,0.32666666699999997,0.433333333,0.46833333299999996,0.49,0.446666667
0.529,0.586,0.5670000000000001,0.466,0.4685,0.6795,0.664,0.49200000000000005,0.455,0.43200000000000005,0.45799999999999996,0.494,0.528,0.5579999999999999,0.564,0.5715,0.643,0.6385,0.5529999999999999,0.5195,0.6535,0.823,0.7405,0.4855,0.3585,0.40700000000000003,0.48200000000000004,0.5275,0.5645,0.6305
0.0,0.0,0.0,0.0,0.0,0.0375,0.0375,0.0,0.0,0.0,0.0,0.0,0.0,0.0,0.0,0.0,0.0,0.0,0.0,0.0,0.008333333,0.041666667000000004,0.034166667000000005,0.000833333,0.0,0.0,0.0,0.0,0.0,0.0
0.0,0.0,0.0,0.0,0.0,0.5,0.5,0.0,0.0,0.0,0.0,0.0,0.0,0.0,0.0,0.0,0.0,0.0,0.0,0.0,0.5,1.0,1.0,0.5,0.0,0.0,0.0,0.0,0.0,0.5
0.575833333,0.58,0.593333333,0.6083333329999999,0.596666667,0.5558333329999999,0.514166667,0.47916666700000005,0.46666666700000003,0.47583333299999997,0.48916666700000005,0.510833333,0.524166667,0.515833333,0.513333333,0.523333333,0.529166667,0.528333333,0.51,0.510833333,0.5083333329999999,0.47833333299999997,0.48166666700000005,0.46666666700000003,0.42166666700000005,0.435,0.485833333,0.523333333,0.536666667,0.53
0.6825,0.6875,0.7025,0.724166667,0.6891666670000001,0.6083333329999999,0.5675,0.551666667,0.5475,0.5741666670000001,0.6,0.61,0.601666667,0.595,0.614166667,0.625,0.619166667,0.6183333329999999,0.5925,0.600833333,0.575833333,0.5216666670000001,0.558333333,0.5408333329999999,0.5016666670000001,0.548333333,0.594166667,0.599166667,0.605833333,0.615
0.4825,0.49166666700000006,0.495,0.5016666670000001,0.5166666670000001,0.5175,0.465,0.4,0.394166667,0.39083333299999995,0.380833333,0.425833333,0.46166666700000003,0.443333333,0.42416666700000005,0.435833333,0.4525,0.456666667,0.4425,0.428333333,0.445,0.45083333299999995,0.4375,0.40083333299999996,0.34083333299999996,0.320833333,0.38,0.45083333299999995,0.47916666700000005,0.46833333299999996
0.5186666670000001,0.557,0.564333333,0.515,0.486,0.59,0.618,0.605666667,0.46833333299999996,0.451,0.445666667,0.47700000000000004,0.5096666670000001,0.543666667,0.556333333,0.572666667,0.613,0.6223333329999999,0.600666667,0.54,0.610666667,0.72,0.758,0.608,0.44833333299999995,0.385666667,0.446,0.498333333,0.551,0.597333333
0.0,0.0,0.0,0.0,0.0,0.025,0.025,0.025,0.0,0.0,0.0,0.0,0.0,0.0,0.0,0.0,0.0,0.0,0.0,0.0,0.005555556,0.027777778,0.028333333,0.022777778,0.000555556,0.0,0.0,0.0,0.0,0.0
0.0,0.0,0.0,0.0,0.0,0.333333333,0.333333333,0.333333333,0.0,0.0,0.0,0.0,0.0,0.0,0.0,0.0,0.0,0.0,0.0,0.0,0.333333333,0.666666667,1.0,0.666666667,0.333333333,0.0,0.0,0.0,0.0,0.333333333
0.567777778,0.578333333,0.587777778,0.6,0.598888889,0.575,0.536111111,0.496666667,0.47666666700000004,0.471111111,0.483333333,0.500555556,0.515555556,0.518333333,0.517222222,0.517777778,0.526111111,0.5277777779999999,0.517222222,0.515555556,0.503888889,0.494444444,0.484444444,0.46666666700000003,0.446666667,0.435555556,0.459444444,0.5033333329999999,0.527222222,0.5327777779999999
0.675,0.686111111,0.695555556,0.713888889,0.696666667,0.651111111,0.5922222220000001,0.5594444439999999,0.551666667,0.563888889,0.583888889,0.605555556,0.6022222220000001,0.6022222220000001,0.605,0.617777778,0.621111111,0.620555556,0.599444444,0.6083333329999999,0.571111111,0.561111111,0.5427777779999999,0.5377777779999999,0.529444444,0.531111111,0.565,0.596111111,0.6033333329999999,0.61
0.471111111,0.48611111100000004,0.493333333,0.498888889,0.51,0.513888889,0.485555556,0.436111111,0.40333333299999996,0.386666667,0.390555556,0.407777778,0.43777777799999995,0.449444444,0.436666667,0.43222222200000004,0.44277777799999996,0.45388888899999996,0.447222222,0.43777777799999995,0.439444444,0.443333333,0.445555556,0.413888889,0.37222222200000005,0.336111111,0.358333333,0.40944444399999996,0.46388888899999997,0.46833333299999996
0.5,0.54225,0.5479999999999999,0.526,0.51775,0.57275,0.56625,0.58575,0.5595,0.462,0.4565,0.46299999999999997,0.493,0.526,0.546,0.56475,0.6035,0.605,0.598,0.579,0.60325,0.67125,0.6970000000000001,0.65425,0.5495,0.44625,0.42025,0.46725,0.52325,0.579
0.0,0.0,0.0,0.0,0.0,0.01875,0.01875,0.01875,0.01875,0.0,0.0,0.0,0.0,0.0,0.0,0.0,0.0,0.0,0.0,0.0,0.004166667,0.020833333,0.02125,0.02125,0.017083333,0.00041666699999999996,0.0,0.0,0.0,0.0
0.0,0.0,0.0,0.0,0.0,0.25,0.25,0.25,0.25,0.0,0.0,0.0,0.0,0.0,0.0,0.0,0.0,0.0,0.0,0.0,0.25,0.5,0.75,0.75,0.5,0.25,0.0,0.0,0.0,0.25
0.56375,0.571666667,0.584583333,0.594166667,0.595,0.5820833329999999,0.555416667,0.5175,0.49041666700000003,0.4775,0.477916667,0.493333333,0.5066666670000001,0.513333333,0.51875,0.5195833329999999,0.52125,0.525833333,0.5195833329999999,0.5195833329999999,0.509166667,0.49458333299999996,0.495,0.4725,0.451666667,0.45083333299999995,0.45375,0.47916666700000005,0.51125,0.526666667
0.66875,0.679583333,0.6925,0.705833333,0.6958333329999999,0.66625,0.6283333329999999,0.58,0.5575,0.562916667,0.57375,0.5920833329999999,0.600833333,0.6025,0.607916667,0.61,0.6166666670000001,0.6216666670000001,0.605833333,0.609583333,0.5841666670000001,0.56125,0.567083333,0.53125,0.53,0.544583333,0.5479166670000001,0.57375,0.6,0.607083333
0.4675,0.47666666700000004,0.48875,0.496666667,0.505833333,0.5095833329999999,0.490833333,0.45875,0.42958333299999996,0.39541666700000005,0.3875,0.40833333299999997,0.42125,0.43458333299999996,0.44291666700000004,0.43958333299999997,0.438333333,0.44625,0.4475,0.4425,0.44375,0.43958333299999997,0.44125,0.425833333,0.389166667,0.360833333,0.360416667,0.38583333299999995,0.42958333299999996,0.459583333
0.489,0.5226,0.5379999999999999,0.5206,0.526,0.5808,0.5572,0.5508,0.5528,0.5362,0.4642,0.4682,0.4786,0.5094,0.5314,0.5548,0.591,0.599,0.589,0.5812,0.6218,0.6532,0.6626,0.6262,0.5982,0.5276,0.4618,0.4424,0.4934,0.5512
0.0,0.0,0.0,0.0,0.0,0.015,0.015,0.015,0.015,0.015,0.0,0.0,0.0,0.0,0.0,0.0,0.0,0.0,0.0,0.0,0.003333333,0.016666667,0.017,0.017,0.017,0.013666667,0.00033333300000000006,0.0,0.0,0.0
0.0,0.0,0.0,0.0,0.0,0.2,0.2,0.2,0.2,0.2,0.0,0.0,0.0,0.0,0.0,0.0,0.0,0.0,0.0,0.0,0.2,0.4,0.6,0.6,0.6,0.4,0.2,0.0,0.0,0.2
0.56,0.567666667,0.578,0.590333333,0.591333333,0.582333333,0.565,0.536666667,0.5083333329999999,0.488333333,0.48166666700000005,0.48700000000000004,0.499666667,0.5066666670000001,0.5146666670000001,0.520333333,0.522,0.522,0.5196666670000001,0.521,0.5136666670000001,0.5006666670000001,0.495,0.483333333,0.45933333299999995,0.45399999999999996,0.46233333299999996,0.47066666700000004,0.490333333,0.514
0.662333333,0.673666667,0.6859999999999999,0.701333333,0.693,0.671666667,0.645,0.6113333329999999,0.574333333,0.565333333,0.5710000000000001,0.582333333,0.591,0.601333333,0.607,0.6113333329999999,0.610666667,0.618,0.609666667,0.612666667,0.59,0.573666667,0.5660000000000001,0.5529999999999999,0.526333333,0.542,0.555333333,0.558333333,0.581333333,0.603666667
0.46866666700000004,0.47266666700000004,0.48066666700000005,0.492333333,0.5026666670000001,0.5063333329999999,0.49200000000000005,0.46833333299999996,0.449,0.418,0.39433333299999995,0.40233333299999996,0.419,0.42200000000000004,0.432333333,0.444,0.44299999999999995,0.442,0.442666667,0.443666667,0.44633333299999994,0.44299999999999995,0.438666667,0.426333333,0.40366666700000003,0.376666667,0.375333333,0.382,0.40666666700000004,0.433
0.501,0.5096666670000001,0.522333333,0.516833333,0.5215,0.5771666670000001,0.5665,0.5458333329999999,0.529166667,0.5345,0.525666667,0.47266666700000004,0.480333333,0.494666667,0.5166666670000001,0.541166667,0.578333333,0.589333333,0.586666667,0.5765,0.6165,0.660333333,0.649,0.6093333329999999,0.5841666670000001,0.5718333329999999,0.527,0.47333333299999997,0.46833333299999996,0.5216666670000001
5.56e-05,0.0,0.0,0.0,0.0,0.0125,0.0125,0.0125,0.0125,0.0125,0.0125,0.0,0.0,0.0,0.0,0.0,0.0,0.0,0.0,0.0,0.002777778,0.013888889,0.014166666999999999,0.014166666999999999,0.014166666999999999,0.014166666999999999,0.011388889,0.000277778,0.0,0.0
0.166666667,0.0,0.0,0.0,0.0,0.166666667,0.166666667,0.166666667,0.166666667,0.166666667,0.166666667,0.0,0.0,0.0,0.0,0.0,0.0,0.0,0.0,0.0,0.166666667,0.333333333,0.5,0.5,0.5,0.5,0.333333333,0.166666667,0.0,0.166666667
0.555,0.563888889,0.5736111110000001,0.583888889,0.588611111,0.581388889,0.568055556,0.5477777779999999,0.525833333,0.503611111,0.49,0.48861111100000004,0.493333333,0.500833333,0.508888889,0.5166666670000001,0.522222222,0.5225,0.5175,0.520833333,0.515833333,0.505833333,0.5,0.485277778,0.47055555600000004,0.46,0.46305555600000003,0.475,0.481388889,0.496111111
0.644166667,0.6675,0.68,0.694444444,0.6913888890000001,0.673333333,0.653055556,0.6280555560000001,0.601388889,0.578055556,0.571666667,0.5786111110000001,0.583055556,0.593055556,0.6052777779999999,0.61,0.611666667,0.612777778,0.608611111,0.614722222,0.595833333,0.580277778,0.575555556,0.554444444,0.545277778,0.536944444,0.5513888889999999,0.562777778,0.567222222,0.5875
0.4725,0.472777778,0.47666666700000004,0.485,0.498055556,0.503611111,0.49222222200000004,0.473055556,0.458611111,0.436111111,0.41333333299999997,0.40555555600000004,0.412222222,0.42,0.42222222200000004,0.435,0.446111111,0.44527777799999996,0.43972222200000005,0.44027777799999995,0.446666667,0.44527777799999996,0.441666667,0.42666666700000005,0.407777778,0.39083333299999995,0.386111111,0.39083333299999995,0.4,0.41333333299999997
0.5194285710000001,0.517,0.511285714,0.506428571,0.5181428570000001,0.5660000000000001,0.565428571,0.555428571,0.528,0.516857143,0.525714286,0.5241428570000001,0.48242857100000003,0.49385714299999994,0.503,0.5271428570000001,0.5632857139999999,0.578714286,0.580142857,0.576285714,0.607428571,0.650285714,0.655714286,0.605285714,0.575714286,0.563571429,0.565,0.527571429,0.49114285700000004,0.49614285700000005
0.000285714,4.7600000000000005e-05,0.0,0.0,0.0,0.010714286000000002,0.010714286000000002,0.010714286000000002,0.010714286000000002,0.010714286000000002,0.010714286000000002,0.010714286000000002,0.0,0.0,0.0,0.0,0.0,0.0,0.0,0.0,0.002380952,0.011904762,0.012142857,0.012142857,0.012142857,0.012142857,0.012142857,0.009761905,0.000238095,0.0
0.28571428600000004,0.14285714300000002,0.0,0.0,0.0,0.14285714300000002,0.14285714300000002,0.14285714300000002,0.14285714300000002,0.14285714300000002,0.14285714300000002,0.14285714300000002,0.0,0.0,0.0,0.0,0.0,0.0,0.0,0.0,0.14285714300000002,0.28571428600000004,0.428571429,0.428571429,0.428571429,0.428571429,0.428571429,0.28571428600000004,0.14285714300000002,0.14285714300000002
0.561428571,0.559047619,0.56952381,0.579285714,0.583333333,0.58047619,0.5692857139999999,0.552857143,0.536904762,0.519285714,0.502857143,0.494761905,0.493809524,0.495238095,0.503571429,0.511428571,0.518809524,0.5226190479999999,0.518571429,0.518809524,0.5164285710000001,0.508809524,0.50452381,0.490952381,0.474047619,0.46952381,0.46690476200000003,0.473809524,0.483571429,0.48761904799999994
0.650714286,0.651190476,0.673809524,0.6880952379999999,0.6869047620000001,0.674761905,0.6571428570000001,0.637380952,0.617142857,0.600714286,0.581666667,0.578095238,0.579761905,0.585952381,0.597619048,0.608095238,0.61047619,0.6133333329999999,0.60547619,0.613095238,0.6,0.586666667,0.580952381,0.5642857139999999,0.5476190479999999,0.551666667,0.545714286,0.558333333,0.569761905,0.57452381
0.48238095200000003,0.47547619,0.47619047600000003,0.48095238100000004,0.490952381,0.49952381,0.49190476200000005,0.47595238100000004,0.46404761899999997,0.446190476,0.42952381,0.420238095,0.413571429,0.414047619,0.42047619,0.425952381,0.438095238,0.44761904799999996,0.44285714299999995,0.438095238,0.443333333,0.445714286,0.443809524,0.430952381,0.41071428600000004,0.396190476,0.396904762,0.39785714299999997,0.405,0.40666666700000004
0.5365,0.531125,0.5175,0.49875,0.508875,0.5575,0.557125,0.555875,0.538625,0.517375,0.511375,0.524375,0.52625,0.494,0.50125,0.513875,0.54825,0.5655,0.5720000000000001,0.571875,0.603375,0.638125,0.6475,0.616625,0.576375,0.55875,0.558625,0.56075,0.536375,0.512625
0.00025,0.00025,4.1700000000000004e-05,0.0,0.0,0.009375,0.009375,0.009375,0.009375,0.009375,0.009375,0.009375,0.009375,0.0,0.0,0.0,0.0,0.0,0.0,0.0,0.0020833329999999997,0.010416667,0.010625,0.010625,0.010625,0.010625,0.010625,0.010625,0.008541667,0.000208333
0.375,0.25,0.125,0.0,0.0,0.125,0.125,0.125,0.125,0.125,0.125,0.125,0.125,0.0,0.0,0.0,0.0,0.0,0.0,0.0,0.125,0.25,0.375,0.375,0.375,0.375,0.375,0.375,0.25,0.25
0.57625,0.5641666670000001,0.564583333,0.575,0.579375,0.576875,0.57,0.5558333329999999,0.542708333,0.529791667,0.5166666670000001,0.505416667,0.498541667,0.49541666700000003,0.498333333,0.506458333,0.5139583329999999,0.5195833329999999,0.519166667,0.5195833329999999,0.515208333,0.510208333,0.5072916670000001,0.496041667,0.480416667,0.472708333,0.474375,0.47583333299999997,0.48145833299999996,0.48875
0.6652083329999999,0.656041667,0.65875,0.681666667,0.682291667,0.6729166670000001,0.660416667,0.642916667,0.6266666670000001,0.614583333,0.6010416670000001,0.586041667,0.5791666670000001,0.582708333,0.590833333,0.6010416670000001,0.60875,0.612083333,0.606875,0.609791667,0.6004166670000001,0.591458333,0.5864583329999999,0.570416667,0.557083333,0.5529166670000001,0.5575,0.5525,0.565,0.575833333
0.498333333,0.48375,0.478125,0.48,0.48666666700000005,0.493125,0.48979166700000004,0.477708333,0.467708333,0.4525,0.439166667,0.433541667,0.425416667,0.415,0.415208333,0.42395833299999997,0.42979166700000004,0.44041666700000004,0.44520833299999996,0.441041667,0.441041667,0.44291666700000004,0.444375,0.434166667,0.41645833299999996,0.40020833299999997,0.40083333299999996,0.40583333299999996,0.409375,0.410208333
0.5525555560000001,0.545,0.53,0.5056666670000001,0.501777778,0.544888889,0.5505555560000001,0.5495555560000001,0.540888889,0.528,0.512444444,0.511777778,0.526222222,0.531666667,0.500555556,0.5111111110000001,0.534111111,0.551888889,0.561,0.5655555560000001,0.596444444,0.6311111110000001,0.637,0.613666667,0.589666667,0.561222222,0.554888889,0.5555555560000001,0.564888889,0.550444444
0.000222222,0.000222222,0.000222222,3.7e-05,0.0,0.008333333,0.008333333,0.008333333,0.008333333,0.008333333,0.008333333,0.008333333,0.008333333,0.008333333,0.0,0.0,0.0,0.0,0.0,0.0,0.0018518520000000002,0.009259259,0.009444444,0.009444444,0.009444444,0.009444444,0.009444444,0.009444444,0.009444444,0.007592593000000001
0.333333333,0.333333333,0.222222222,0.111111111,0.0,0.111111111,0.111111111,0.111111111,0.111111111,0.111111111,0.111111111,0.111111111,0.111111111,0.111111111,0.0,0.0,0.0,0.0,0.0,0.0,0.111111111,0.222222222,0.333333333,0.333333333,0.333333333,0.333333333,0.333333333,0.333333333,0.333333333,0.333333333
0.587407407,0.577037037,0.5685185189999999,0.57,0.575555556,0.574074074,0.5679629629999999,0.5579629629999999,0.546481481,0.535740741,0.526296296,0.517407407,0.5075925929999999,0.499444444,0.49814814799999996,0.501481481,0.509259259,0.515185185,0.5168518520000001,0.52,0.516296296,0.509814815,0.508703704,0.499444444,0.48611111100000004,0.478518519,0.47666666700000004,0.481481481,0.482407407,0.486296296
0.676851852,0.668333333,0.662222222,0.667407407,0.677222222,0.67037037,0.66037037,0.647407407,0.632777778,0.6233333329999999,0.6133333329999999,0.602777778,0.586111111,0.581851852,0.587407407,0.59462963,0.6024074070000001,0.61037037,0.606481481,0.610555556,0.598888889,0.592777778,0.5907407410000001,0.576481481,0.563333333,0.560740741,0.5579629629999999,0.562222222,0.559074074,0.570925926
0.510925926,0.49777777799999995,0.485185185,0.481296296,0.485185185,0.48907407399999997,0.485185185,0.477407407,0.470185185,0.45703703700000003,0.445555556,0.441666667,0.436666667,0.42537037,0.415925926,0.418888889,0.42759259299999997,0.43277777799999995,0.439074074,0.443333333,0.443333333,0.440925926,0.442037037,0.43574074100000004,0.420925926,0.40648148100000003,0.403888889,0.40833333299999997,0.415185185,0.413518519
0.5661,0.5586,0.5426,0.5181,0.5077,0.5349,0.5399,0.5444,0.5367,0.5311,0.5225,0.5127,0.5147,0.5311,0.5338,0.5095,0.5296,0.5388,0.5492,0.5563,0.5883,0.6221,0.6308,0.6076,0.5897,0.5747,0.5575,0.5525,0.5598,0.5747
0.0002,0.0002,0.0002,0.0002,3.3299999999999996e-05,0.0075,0.0075,0.0075,0.0075,0.0075,0.0075,0.0075,0.0075,0.0075,0.0075,0.0,0.0,0.0,0.0,0.0,0.0016666670000000001,0.008333333,0.0085,0.0085,0.0085,0.0085,0.0085,0.0085,0.0085,0.0085
0.3,0.3,0.3,0.2,0.1,0.1,0.1,0.1,0.1,0.1,0.1,0.1,0.1,0.1,0.1,0.0,0.0,0.0,0.0,0.0,0.1,0.2,0.3,0.3,0.3,0.3,0.3,0.3,0.3,0.4
0.5965,0.5870000000000001,0.579666667,0.573,0.5710000000000001,0.5711666670000001,0.566333333,0.557333333,0.549333333,0.5398333329999999,0.532,0.526,0.518166667,0.5075,0.5015,0.501,0.5045,0.510833333,0.513166667,0.517833333,0.517,0.511333333,0.5085,0.5015,0.49016666700000006,0.483833333,0.4815,0.482833333,0.486833333,0.48666666700000005
0.686333333,0.6785,0.672666667,0.669666667,0.6648333329999999,0.667,0.659333333,0.648666667,0.637833333,0.629166667,0.6213333329999999,0.613666667,0.601166667,0.587833333,0.586166667,0.591166667,0.5965,0.6045,0.6055,0.609833333,0.600666667,0.592166667,0.5920000000000001,0.581333333,0.5695,0.5660000000000001,0.5645,0.5621666670000001,0.5671666670000001,0.565
0.520166667,0.509166667,0.497666667,0.487333333,0.485833333,0.4875,0.482333333,0.4745,0.47066666700000004,0.46033333299999996,0.45033333299999995,0.447166667,0.443666667,0.4355,0.42516666700000005,0.41916666700000005,0.42266666700000005,0.4305,0.432333333,0.43799999999999994,0.445166667,0.44299999999999995,0.440333333,0.4345,0.42366666700000005,0.4115,0.40916666700000004,0.41033333299999997,0.4165,0.418333333
0.5790909089999999,0.5703636360000001,0.555181818,0.530636364,0.5188181820000001,0.5372727270000001,0.5312727270000001,0.5352727270000001,0.533181818,0.528181818,0.5258181820000001,0.5218181820000001,0.515272727,0.520181818,0.533090909,0.5389090910000001,0.526454545,0.5342727270000001,0.537545455,0.546,0.577818182,0.612363636,0.622636364,0.604636364,0.586363636,0.576090909,0.570090909,0.555090909,0.5566363639999999,0.569181818
0.00018181799999999999,0.00018181799999999999,0.00018181799999999999,0.00018181799999999999,0.00018181799999999999,0.006848485,0.006818182,0.006818182,0.006818182,0.006818182,0.006818182,0.006818182,0.006818182,0.006818182,0.006818182,0.006818182,0.0,0.0,0.0,0.0,0.001515152,0.007575758,0.007727273000000001,0.007727273000000001,0.007727273000000001,0.007727273000000001,0.007727273000000001,0.007727273000000001,0.007727273000000001,0.007727273000000001
0.272727273,0.272727273,0.272727273,0.272727273,0.181818182,0.181818182,0.090909091,0.090909091,0.090909091,0.090909091,0.090909091,0.090909091,0.090909091,0.090909091,0.090909091,0.090909091,0.0,0.0,0.0,0.0,0.090909091,0.181818182,0.272727273,0.272727273,0.272727273,0.272727273,0.272727273,0.272727273,0.272727273,0.363636364
0.601969697,0.59530303,0.588484848,0.5827272729999999,0.573636364,0.5674242420000001,0.564393939,0.556818182,0.549545455,0.543030303,0.536060606,0.531212121,0.525909091,0.517121212,0.508636364,0.503787879,0.503787879,0.506363636,0.509393939,0.514393939,0.51530303,0.512424242,0.51,0.501969697,0.49287878799999996,0.48772727299999996,0.486060606,0.48666666700000005,0.48757575799999997,0.49030303
0.689242424,0.686969697,0.681515152,0.678484848,0.6671212120000001,0.656666667,0.6572727270000001,0.648787879,0.639848485,0.634090909,0.6268181820000001,0.620909091,0.611212121,0.601363636,0.591212121,0.58969697,0.5931818179999999,0.598939394,0.600606061,0.608636364,0.600909091,0.594393939,0.591515152,0.583333333,0.574545455,0.5713636360000001,0.5689393939999999,0.5677272729999999,0.566666667,0.571818182
0.530151515,0.517727273,0.508030303,0.498484848,0.490909091,0.48787878799999995,0.48151515200000006,0.472878788,0.46863636399999997,0.46166666700000003,0.453939394,0.451363636,0.448484848,0.44196969700000005,0.434393939,0.427272727,0.42257575799999997,0.425757576,0.43030303,0.43196969700000004,0.440151515,0.44469697,0.44227272700000003,0.433636364,0.423636364,0.414848485,0.41348484799999996,0.414545455,0.41757575799999996,0.419242424
0.57275,0.581916667,0.56625,0.543166667,0.53025,0.545,0.53375,0.52775,0.52575,0.525666667,0.5235833329999999,0.5249166670000001,0.523416667,0.52025,0.5229166670000001,0.537833333,0.552,0.531,0.5335,0.5355833329999999,0.566583333,0.60075,0.613666667,0.599333333,0.5854166670000001,0.5741666670000001,0.57175,0.5668333329999999,0.558666667,0.5655
0.000166667,0.000166667,0.000166667,0.000166667,0.000166667,0.006416666999999999,0.006277778,0.00625,0.00625,0.00625,0.00625,0.00625,0.00625,0.00625,0.00625,0.00625,0.00625,0.0,0.0,0.0,0.001388889,0.006944444,0.007083333000000001,0.007083333000000001,0.007083333000000001,0.007083333000000001,0.007083333000000001,0.007083333000000001,0.007083333000000001,0.007083333000000001
0.25,0.25,0.25,0.25,0.25,0.25,0.166666667,0.083333333,0.083333333,0.083333333,0.083333333,0.083333333,0.083333333,0.083333333,0.083333333,0.083333333,0.083333333,0.0,0.0,0.0,0.083333333,0.166666667,0.25,0.25,0.25,0.25,0.25,0.25,0.25,0.333333333
0.607361111,0.6004166670000001,0.595972222,0.590555556,0.5825,0.570138889,0.561527778,0.5558333329999999,0.549722222,0.54375,0.539305556,0.535,0.530694444,0.5243055560000001,0.517361111,0.510138889,0.5061111110000001,0.505555556,0.505416667,0.510833333,0.512361111,0.51125,0.5111111110000001,0.503888889,0.494027778,0.49041666700000003,0.489444444,0.49041666700000003,0.490694444,0.490694444
0.695555556,0.689583333,0.6890277779999999,0.686111111,0.675416667,0.659444444,0.648611111,0.6477777779999999,0.640694444,0.63625,0.6315277779999999,0.625972222,0.6180555560000001,0.610555556,0.6033333329999999,0.594027778,0.591666667,0.5956944439999999,0.595833333,0.603888889,0.600555556,0.595138889,0.593611111,0.583611111,0.576944444,0.575833333,0.5736111110000001,0.571527778,0.571388889,0.5709722220000001
0.535833333,0.527083333,0.515972222,0.507916667,0.500833333,0.492361111,0.482361111,0.472916667,0.467638889,0.46055555600000003,0.455694444,0.454583333,0.452222222,0.446527778,0.44041666700000004,0.435555556,0.42972222200000004,0.425416667,0.425972222,0.43013888899999997,0.434444444,0.440138889,0.443888889,0.435972222,0.42375,0.415555556,0.416388889,0.418055556,0.420833333,0.42
0.582230769,0.5758461539999999,0.577230769,0.5543076920000001,0.541846154,0.553538462,0.541153846,0.530307692,0.519538462,0.519384615,0.521615385,0.5229230770000001,0.526153846,0.527384615,0.5227692310000001,0.528076923,0.55,0.554230769,0.530538462,0.532,0.555384615,0.588615385,0.602846154,0.592846154,0.5820000000000001,0.574230769,0.570307692,0.568615385,0.569230769,0.5666923079999999
0.000153846,0.000153846,0.000153846,0.000153846,0.000153846,0.005923077,0.005923077,0.0057948719999999995,0.005769231,0.005769231,0.005769231,0.005769231,0.005769231,0.005769231,0.005769231,0.005769231,0.005769231,0.005769231,0.0,0.0,0.001282051,0.006410256,0.006538461999999999,0.006538461999999999,0.006538461999999999,0.006538461999999999,0.006538461999999999,0.006538461999999999,0.006538461999999999,0.006538461999999999
0.307692308,0.23076923100000002,0.23076923100000002,0.23076923100000002,0.23076923100000002,0.307692308,0.23076923100000002,0.153846154,0.076923077,0.076923077,0.076923077,0.076923077,0.076923077,0.076923077,0.076923077,0.076923077,0.076923077,0.076923077,0.0,0.0,0.076923077,0.153846154,0.23076923100000002,0.23076923100000002,0.23076923100000002,0.23076923100000002,0.23076923100000002,0.23076923100000002,0.23076923100000002,0.307692308
0.60974359,0.605512821,0.600641026,0.597307692,0.58974359,0.578589744,0.564487179,0.553846154,0.549358974,0.544358974,0.54025641,0.538076923,0.534230769,0.528846154,0.523974359,0.518076923,0.5117948720000001,0.507564103,0.50474359,0.507051282,0.509230769,0.508846154,0.510128205,0.505384615,0.496410256,0.49166666700000006,0.49179487200000005,0.493205128,0.493846154,0.493333333
0.695897436,0.695384615,0.691282051,0.6926923079999999,0.682692308,0.667692308,0.6517948720000001,0.6405128210000001,0.640384615,0.637307692,0.633717949,0.630384615,0.622948718,0.616923077,0.611666667,0.605,0.595512821,0.5941025639999999,0.5930769229999999,0.5992307689999999,0.596794872,0.59525641,0.594358974,0.586153846,0.5776923079999999,0.5779487179999999,0.5775641029999999,0.575641026,0.574615385,0.575
0.539487179,0.532564103,0.52474359,0.51525641,0.509358974,0.501410256,0.48692307700000004,0.474358974,0.468076923,0.46025641,0.455128205,0.45615384600000003,0.455128205,0.450128205,0.44474359,0.441025641,0.43717948700000003,0.43179487200000005,0.42564102600000003,0.426153846,0.432564103,0.434871795,0.43974359,0.43794871799999996,0.42666666700000005,0.41628205100000004,0.41692307700000003,0.420384615,0.423589744,0.42282051299999995
0.595714286,0.584428571,0.571928571,0.565357143,0.552285714,0.562642857,0.5493571429999999,0.537428571,0.5225,0.514071429,0.516071429,0.5211428570000001,0.524214286,0.529642857,0.529214286,0.527571429,0.5400714289999999,0.552214286,0.552142857,0.5293571429999999,0.550642857,0.5766428570000001,0.591428571,0.584285714,0.577214286,0.571857143,0.5706428570000001,0.5675,0.570714286,0.5759285710000001
0.000142857,0.000142857,0.000142857,0.000142857,0.000142857,0.0055,0.0055,0.0055,0.005380952,0.005357143000000001,0.005357143000000001,0.005357143000000001,0.005357143000000001,0.005357143000000001,0.005357143000000001,0.005357143000000001,0.005357143000000001,0.005357143000000001,0.005357143000000001,0.0,0.001190476,0.005952381,0.006071429000000001,0.006071429000000001,0.006071429000000001,0.006071429000000001,0.006071429000000001,0.006071429000000001,0.006071429000000001,0.006071429000000001
0.35714285700000004,0.28571428600000004,0.214285714,0.214285714,0.214285714,0.28571428600000004,0.28571428600000004,0.214285714,0.14285714300000002,0.071428571,0.071428571,0.071428571,0.071428571,0.071428571,0.071428571,0.071428571,0.071428571,0.071428571,0.071428571,0.0,0.071428571,0.14285714300000002,0.214285714,0.214285714,0.214285714,0.214285714,0.214285714,0.214285714,0.214285714,0.28571428600000004
0.609285714,0.6078571429999999,0.605357143,0.601547619,0.596071429,0.585595238,0.572738095,0.557142857,0.54797619,0.544404762,0.5410714289999999,0.539047619,0.5371428570000001,0.532261905,0.528214286,0.524166667,0.519047619,0.512738095,0.5066666670000001,0.506309524,0.505833333,0.506190476,0.50797619,0.504880952,0.498333333,0.494047619,0.492857143,0.49511904799999995,0.496190476,0.496071429
0.6908333329999999,0.695714286,0.6965476190000001,0.69452381,0.6890476190000001,0.675,0.66,0.644047619,0.634166667,0.637261905,0.634880952,0.6325,0.627261905,0.621547619,0.6175,0.612619048,0.6055952379999999,0.5975,0.591785714,0.596428571,0.59297619,0.592142857,0.59452381,0.5873809520000001,0.58047619,0.578571429,0.579404762,0.5791666670000001,0.578214286,0.577738095
0.54202381,0.536190476,0.53,0.523452381,0.516071429,0.509285714,0.495714286,0.47916666700000005,0.469761905,0.461190476,0.455238095,0.45559523799999996,0.45654761899999996,0.45297619,0.448214286,0.445,0.44214285700000006,0.438571429,0.431547619,0.425833333,0.42869047600000004,0.433095238,0.43488095200000004,0.43452381,0.42916666700000006,0.41952381,0.4175,0.420595238,0.425357143,0.425238095
0.601733333,0.596866667,0.5802,0.5612,0.562733333,0.5710000000000001,0.558133333,0.545333333,0.529666667,0.5172,0.511333333,0.516,0.522466667,0.5276,0.5312,0.533266667,0.5388,0.5428,0.5504,0.5496,0.546933333,0.5708,0.580066667,0.574866667,0.5702666670000001,0.5680666670000001,0.568666667,0.568,0.569533333,0.576866667
0.000133333,0.000133333,0.000133333,0.000133333,0.000133333,0.0051333329999999995,0.0051333329999999995,0.0051333329999999995,0.0051333329999999995,0.005022222,0.005,0.005,0.005,0.005,0.005,0.005,0.005,0.005,0.005,0.005,0.0011111110000000001,0.005555556,0.005666666999999999,0.005666666999999999,0.005666666999999999,0.005666666999999999,0.005666666999999999,0.005666666999999999,0.005666666999999999,0.005666666999999999
0.333333333,0.333333333,0.26666666699999997,0.2,0.2,0.26666666699999997,0.26666666699999997,0.26666666699999997,0.2,0.133333333,0.066666667,0.066666667,0.066666667,0.066666667,0.066666667,0.066666667,0.066666667,0.066666667,0.066666667,0.066666667,0.066666667,0.133333333,0.2,0.2,0.2,0.2,0.2,0.2,0.2,0.26666666699999997
0.609222222,0.607555556,0.607555556,0.6058888889999999,0.600111111,0.591777778,0.579666667,0.565333333,0.551444444,0.543444444,0.541333333,0.539888889,0.538111111,0.535111111,0.531444444,0.528111111,0.524666667,0.519444444,0.511555556,0.508,0.505222222,0.503222222,0.505555556,0.503222222,0.498333333,0.496,0.495,0.495888889,0.49777777799999995,0.498111111
0.690777778,0.691,0.696777778,0.6992222220000001,0.691,0.681444444,0.667333333,0.652222222,0.637888889,0.6316666670000001,0.635,0.6336666670000001,0.629444444,0.6256666670000001,0.621777778,0.618,0.612666667,0.606777778,0.595111111,0.595,0.590777778,0.588888889,0.591666667,0.588,0.5820000000000001,0.581111111,0.579888889,0.580777778,0.581333333,0.580888889
0.542555556,0.5387777779999999,0.533555556,0.528444444,0.523666667,0.515555556,0.503444444,0.487888889,0.474555556,0.463222222,0.456444444,0.455666667,0.456,0.454444444,0.451,0.448222222,0.44577777799999996,0.443111111,0.437888889,0.431333333,0.42822222200000004,0.429444444,0.43322222200000005,0.430333333,0.426555556,0.422333333,0.420444444,0.420888889,0.42522222200000004,0.426777778
0.6113125,0.6024375,0.592125,0.569625,0.5589999999999999,0.579625,0.56625,0.5538125,0.5375625,0.52425,0.5144375,0.5115625,0.5175625,0.52575,0.5291875,0.534875,0.5434375,0.5414375,0.5416875,0.548125,0.5648125,0.5660625,0.574375,0.56525,0.5623125,0.562125,0.5653125,0.5663125,0.569875,0.575375
0.0006458330000000001,0.000125,0.000125,0.000125,0.000125,0.0048125,0.0048125,0.0048125,0.0048125,0.0048125,0.004708333,0.0046875,0.0046875,0.0046875,0.0046875,0.0046875,0.0046875,0.0046875,0.0046875,0.0046875,0.005729166999999999,0.005208333,0.0053125,0.0053125,0.0053125,0.0053125,0.0053125,0.0053125,0.0053125,0.0053125
0.375,0.3125,0.3125,0.25,0.1875,0.25,0.25,0.25,0.25,0.1875,0.125,0.0625,0.0625,0.0625,0.0625,0.0625,0.0625,0.0625,0.0625,0.0625,0.125,0.125,0.1875,0.1875,0.1875,0.1875,0.1875,0.1875,0.1875,0.25
0.6075,0.6076041670000001,0.607291667,0.607916667,0.604270833,0.595833333,0.585833333,0.572291667,0.559479167,0.546979167,0.540625,0.5402083329999999,0.538958333,0.536145833,0.534166667,0.531145833,0.528333333,0.5246875,0.517916667,0.5125,0.506875,0.5028125,0.5028125,0.50125,0.4971875,0.496145833,0.49677083299999997,0.49770833299999995,0.498333333,0.49947916700000006
0.684791667,0.6909375,0.692291667,0.6992708329999999,0.695625,0.68375,0.673854167,0.6595833329999999,0.6459375,0.6353125,0.629895833,0.6338541670000001,0.630729167,0.6278125,0.625625,0.621979167,0.6177083329999999,0.6133333329999999,0.603958333,0.597916667,0.5897916670000001,0.5870833329999999,0.588645833,0.585729167,0.582916667,0.5825,0.5821875,0.581145833,0.582708333,0.583645833
0.5440625,0.539479167,0.536145833,0.531875,0.528333333,0.522708333,0.5096875,0.495625,0.483020833,0.468125,0.45864583299999995,0.456770833,0.45604166700000004,0.4540625,0.4525,0.45083333299999995,0.44875,0.446458333,0.4421875,0.43729166700000005,0.433229167,0.42895833299999997,0.42979166700000004,0.4290625,0.423125,0.4203125,0.423020833,0.4234375,0.425208333,0.4265625
0.607,0.611411765,0.597647059,0.581470588,0.567058824,0.575117647,0.574647059,0.561705882,0.546,0.532,0.521235294,0.514470588,0.513294118,0.520941176,0.527352941,0.532764706,0.544352941,0.545647059,0.5404705879999999,0.5400588239999999,0.5625294120000001,0.581764706,0.569705882,0.5607647060000001,0.5539999999999999,0.555117647,0.559882353,0.563294118,0.568176471,0.575352941
0.0006078430000000001,0.0006078430000000001,0.00011764700000000001,0.00011764700000000001,0.00011764700000000001,0.004529412,0.004529412,0.004529412,0.004529412,0.004529412,0.004529412,0.004431373,0.004411765,0.004411765,0.004411765,0.004411765,0.004411765,0.004411765,0.004411765,0.004411765,0.005392157,0.009313725,0.005,0.005,0.005,0.005,0.005,0.005,0.005,0.005
0.41176470600000004,0.352941176,0.294117647,0.294117647,0.235294118,0.235294118,0.235294118,0.235294118,0.235294118,0.235294118,0.176470588,0.117647059,0.058823529000000006,0.058823529000000006,0.058823529000000006,0.058823529000000006,0.058823529000000006,0.058823529000000006,0.058823529000000006,0.058823529000000006,0.117647059,0.176470588,0.176470588,0.176470588,0.176470588,0.176470588,0.176470588,0.176470588,0.176470588,0.235294118
0.6083333329999999,0.606078431,0.607352941,0.6076470589999999,0.60627451,0.6,0.59,0.5785294120000001,0.566372549,0.5548039220000001,0.544117647,0.539607843,0.539313725,0.5370588239999999,0.535196078,0.53372549,0.531176471,0.528137255,0.522941176,0.518431373,0.511176471,0.504509804,0.50245098,0.498921569,0.495686275,0.495196078,0.496862745,0.499215686,0.499901961,0.499901961
0.684509804,0.685294118,0.692156863,0.6949019609999999,0.695882353,0.6885294120000001,0.6764705879999999,0.666176471,0.653235294,0.643039216,0.633431373,0.6291176470000001,0.631078431,0.6291176470000001,0.627647059,0.625588235,0.621470588,0.618039216,0.610294118,0.606078431,0.592843137,0.586372549,0.586960784,0.583235294,0.581078431,0.583333333,0.5834313729999999,0.583235294,0.5829411760000001,0.584803922
0.546764706,0.541078431,0.536960784,0.534411765,0.5315686270000001,0.527156863,0.516764706,0.501960784,0.490588235,0.476470588,0.46352941200000003,0.458823529,0.457058824,0.454215686,0.452254902,0.452254902,0.451176471,0.449215686,0.445392157,0.441372549,0.43872549,0.433627451,0.429313725,0.42607843100000004,0.42235294100000004,0.41745098,0.42107843100000003,0.425686275,0.42735294100000004,0.426470588
0.601,0.6073333329999999,0.606388889,0.5872777779999999,0.578388889,0.581833333,0.570666667,0.569888889,0.553888889,0.540277778,0.5287222220000001,0.520888889,0.515944444,0.5167222220000001,0.5227222220000001,0.530833333,0.5418333329999999,0.5463888889999999,0.5445,0.539,0.554111111,0.578666667,0.584333333,0.557111111,0.5503888889999999,0.547666667,0.5533888889999999,0.558277778,0.565222222,0.5734444439999999
0.000574074,0.000574074,0.000574074,0.000111111,0.000111111,0.004277778,0.004277778,0.004277778,0.004277778,0.004277778,0.004277778,0.004277778,0.004185185,0.004166667,0.004166667,0.004166667,0.004166667,0.004166667,0.004166667,0.004166667,0.005092593,0.008796296,0.008888889,0.004722222,0.004722222,0.004722222,0.004722222,0.004722222,0.004722222,0.004722222
0.38888888899999996,0.38888888899999996,0.333333333,0.27777777800000003,0.27777777800000003,0.27777777800000003,0.222222222,0.222222222,0.222222222,0.222222222,0.222222222,0.166666667,0.111111111,0.055555556,0.055555556,0.055555556,0.055555556,0.055555556,0.055555556,0.055555556,0.111111111,0.166666667,0.222222222,0.166666667,0.166666667,0.166666667,0.166666667,0.166666667,0.166666667,0.222222222
0.6093518520000001,0.606944444,0.6059259260000001,0.607685185,0.606111111,0.60212963,0.594259259,0.58287037,0.572592593,0.561574074,0.551666667,0.542962963,0.538796296,0.5375,0.536111111,0.5347222220000001,0.533611111,0.530833333,0.526296296,0.523148148,0.5168518520000001,0.508703704,0.504074074,0.49879629600000003,0.493796296,0.493888889,0.495925926,0.499166667,0.501203704,0.501296296
0.685648148,0.685,0.686759259,0.69462963,0.6919444440000001,0.6891666670000001,0.681388889,0.669074074,0.659814815,0.650092593,0.640833333,0.6325,0.626759259,0.6295370370000001,0.628888889,0.6275,0.624907407,0.621574074,0.614907407,0.611944444,0.600833333,0.589444444,0.586296296,0.581944444,0.578981481,0.5815740739999999,0.5841666670000001,0.5843518520000001,0.584814815,0.584907407
0.546481481,0.543796296,0.538611111,0.535277778,0.533981481,0.530277778,0.521296296,0.5090740739999999,0.49685185200000004,0.483981481,0.47166666700000004,0.463425926,0.458981481,0.45527777799999997,0.4525,0.45203703700000003,0.4525,0.451481481,0.448055556,0.444444444,0.4425,0.43879629600000003,0.43370370399999997,0.425833333,0.419907407,0.41703703700000005,0.418333333,0.42370370399999996,0.429259259,0.428425926
0.597,0.601631579,0.6027894739999999,0.596105263,0.584052632,0.591789474,0.5772631579999999,0.5663684210000001,0.562052632,0.548052632,0.536736842,0.528,0.521947368,0.5190526320000001,0.518631579,0.526263158,0.539526316,0.543894737,0.545263158,0.542894737,0.552368421,0.569842105,0.581263158,0.571631579,0.547473684,0.544578947,0.546421053,0.552210526,0.5603684210000001,0.5703684210000001
0.00054386,0.00054386,0.00054386,0.00054386,0.000105263,0.0040526320000000005,0.0040526320000000005,0.0040526320000000005,0.0040526320000000005,0.0040526320000000005,0.0040526320000000005,0.0040526320000000005,0.0040526320000000005,0.003964912,0.003947368,0.003947368,0.003947368,0.003947368,0.003947368,0.003947368,0.004824561,0.008333333,0.008421053000000001,0.008421053000000001,0.004473684,0.004473684,0.004473684,0.004473684,0.004473684,0.004473684
0.36842105299999994,0.36842105299999994,0.36842105299999994,0.31578947399999996,0.263157895,0.31578947399999996,0.263157895,0.21052631600000002,0.21052631600000002,0.21052631600000002,0.21052631600000002,0.21052631600000002,0.15789473699999998,0.10526315800000001,0.052631579000000005,0.052631579000000005,0.052631579000000005,0.052631579000000005,0.052631579000000005,0.052631579000000005,0.10526315800000001,0.15789473699999998,0.21052631600000002,0.21052631600000002,0.15789473699999998,0.15789473699999998,0.15789473699999998,0.15789473699999998,0.15789473699999998,0.21052631600000002
0.610964912,0.607982456,0.606754386,0.6063157889999999,0.60622807,0.602192982,0.596578947,0.587280702,0.5770175439999999,0.567719298,0.558245614,0.550175439,0.542017544,0.5371052629999999,0.5365789470000001,0.535614035,0.534561404,0.533157895,0.528947368,0.526315789,0.521403509,0.5142105260000001,0.508070175,0.500526316,0.493947368,0.49219298200000006,0.49464912299999997,0.498157895,0.501052632,0.50245614
0.687894737,0.686052632,0.686403509,0.689385965,0.691842105,0.685789474,0.682368421,0.674122807,0.662894737,0.6564912279999999,0.647631579,0.639561404,0.6300877189999999,0.625526316,0.6292982460000001,0.628684211,0.626754386,0.6248245610000001,0.6184210529999999,0.61622807,0.606666667,0.597192982,0.589210526,0.581578947,0.577982456,0.579561404,0.58245614,0.585,0.585789474,0.586578947
0.547368421,0.543684211,0.541315789,0.536929825,0.534824561,0.532631579,0.524561404,0.51377193,0.503859649,0.490263158,0.479035088,0.471140351,0.46333333299999996,0.457192982,0.453596491,0.45228070200000003,0.45228070200000003,0.452719298,0.450263158,0.447017544,0.44535087700000003,0.442368421,0.43859649100000003,0.430175439,0.42,0.415,0.417894737,0.420964912,0.42719298200000005,0.430175439
0.5951,0.5978,0.5976,0.5932,0.5926,0.5965,0.58695,0.57285,0.5591,0.5561,0.5443,0.53565,0.52865,0.5246,0.52075,0.5222,0.53475,0.5416,0.54295,0.5437,0.5554,0.5674,0.57275,0.56935,0.56175,0.5421,0.54355,0.54565,0.5545,0.5655
0.000516667,0.000516667,0.000516667,0.000516667,0.000516667,0.00385,0.00385,0.00385,0.00385,0.00385,0.00385,0.00385,0.00385,0.00385,0.003766667,0.00375,0.00375,0.00375,0.00375,0.00375,0.004583333,0.007916666999999999,0.008,0.008,0.008,0.00425,0.00425,0.00425,0.00425,0.00425
0.35,0.35,0.35,0.35,0.3,0.3,0.3,0.25,0.2,0.2,0.2,0.2,0.2,0.15,0.1,0.05,0.05,0.05,0.05,0.05,0.1,0.15,0.2,0.2,0.2,0.15,0.15,0.15,0.15,0.2
0.61275,0.609583333,0.60775,0.607083333,0.605,0.6025,0.596916667,0.589833333,0.5815,0.5721666670000001,0.56425,0.5565,0.5489166670000001,0.54025,0.53625,0.536083333,0.535416667,0.534083333,0.53125,0.528833333,0.5245,0.5186666670000001,0.513333333,0.5045,0.495833333,0.49241666700000003,0.493,0.496833333,0.5,0.50225
0.68975,0.6881666670000001,0.687333333,0.688916667,0.687,0.6859999999999999,0.6795,0.675416667,0.6679999999999999,0.6595833329999999,0.653833333,0.646083333,0.636916667,0.62875,0.6255,0.629083333,0.627916667,0.626583333,0.6216666670000001,0.6195,0.611,0.602916667,0.596583333,0.584583333,0.577833333,0.578583333,0.5805,0.583333333,0.586333333,0.5874166670000001
0.54875,0.544666667,0.541333333,0.5395833329999999,0.536416667,0.5335,0.527083333,0.51725,0.5085833329999999,0.49725,0.48525,0.47816666700000005,0.47066666700000004,0.461416667,0.4555,0.45333333299999995,0.4525,0.4525,0.4515,0.449166667,0.44775,0.44508333299999997,0.442,0.435,0.424416667,0.41533333299999997,0.415916667,0.420416667,0.424416667,0.42816666700000006
0.589428571,0.595952381,0.594142857,0.588714286,0.59,0.604047619,0.591666667,0.582285714,0.565619048,0.553571429,0.552142857,0.542904762,0.535904762,0.530857143,0.525952381,0.524047619,0.53047619,0.536952381,0.5408095239999999,0.541571429,0.555571429,0.569571429,0.5702857139999999,0.561809524,0.560047619,0.555952381,0.541238095,0.542952381,0.548142857,0.559666667
0.000492063,0.000492063,0.000492063,0.000492063,0.000492063,0.004063492,0.003666667,0.003666667,0.003666667,0.003666667,0.003666667,0.003666667,0.003666667,0.003666667,0.003666667,0.003587302,0.003571429,0.003571429,0.003571429,0.003571429,0.004365079,0.007539683,0.007619048000000001,0.007619048000000001,0.007619048000000001,0.007619048000000001,0.0040476190000000006,0.0040476190000000006,0.0040476190000000006,0.0040476190000000006
0.333333333,0.333333333,0.333333333,0.333333333,0.333333333,0.333333333,0.28571428600000004,0.28571428600000004,0.23809523800000001,0.19047619,0.19047619,0.19047619,0.19047619,0.19047619,0.14285714300000002,0.095238095,0.047619048,0.047619048,0.047619048,0.047619048,0.095238095,0.14285714300000002,0.19047619,0.19047619,0.19047619,0.19047619,0.14285714300000002,0.14285714300000002,0.14285714300000002,0.19047619
0.614285714,0.611349206,0.609285714,0.6080158729999999,0.605793651,0.601507937,0.597460317,0.59047619,0.584206349,0.576666667,0.568650794,0.562301587,0.555,0.546904762,0.539285714,0.535793651,0.535873016,0.534920635,0.532222222,0.531031746,0.5269841270000001,0.521746032,0.5176190479999999,0.50968254,0.49984127,0.494285714,0.493174603,0.49515873,0.498650794,0.501190476
0.692777778,0.689920635,0.689285714,0.68968254,0.686666667,0.681666667,0.68,0.673015873,0.66952381,0.664603175,0.656904762,0.652063492,0.643253968,0.63531746,0.628571429,0.62547619,0.6283333329999999,0.627698413,0.6234920629999999,0.622539683,0.614365079,0.607222222,0.602063492,0.591825397,0.580873016,0.578412698,0.57952381,0.581428571,0.58468254,0.5878571429999999
0.549920635,0.546111111,0.542380952,0.53968254,0.538968254,0.535079365,0.528174603,0.52,0.5121428570000001,0.502063492,0.49214285700000004,0.484126984,0.477380952,0.46849206299999996,0.459603175,0.45515873,0.45349206299999995,0.45269841299999997,0.451349206,0.450396825,0.449761905,0.44738095200000005,0.444603175,0.438412698,0.429285714,0.419761905,0.41619047600000003,0.41841269799999997,0.423730159,0.42547619
0.584454545,0.5905,0.592545455,0.585818182,0.585863636,0.601045455,0.599090909,0.5870000000000001,0.574954545,0.560045455,0.549909091,0.550454545,0.542818182,0.5376818179999999,0.531863636,0.528863636,0.531863636,0.532772727,0.536409091,0.539590909,0.5529999999999999,0.569090909,0.572227273,0.559954545,0.5532727270000001,0.554590909,0.5545,0.540772727,0.545454545,0.553363636
0.000469697,0.000469697,0.000469697,0.000469697,0.000469697,0.0038787879999999998,0.0038787879999999998,0.0035,0.0035,0.0035,0.0035,0.0035,0.0035,0.0035,0.0035,0.0035,0.003424242,0.003409091,0.003409091,0.003409091,0.004166667,0.00719697,0.007272727,0.007272727,0.007272727,0.007272727,0.007272727,0.0038636359999999997,0.0038636359999999997,0.0038636359999999997
0.318181818,0.318181818,0.318181818,0.318181818,0.318181818,0.363636364,0.318181818,0.272727273,0.272727273,0.22727272699999998,0.181818182,0.181818182,0.181818182,0.181818182,0.181818182,0.13636363599999998,0.090909091,0.045454545,0.045454545,0.045454545,0.090909091,0.13636363599999998,0.181818182,0.181818182,0.181818182,0.181818182,0.181818182,0.13636363599999998,0.13636363599999998,0.181818182
0.616742424,0.612878788,0.610984848,0.609469697,0.606742424,0.602424242,0.596742424,0.591287879,0.585075758,0.5794696970000001,0.573106061,0.566590909,0.560606061,0.55280303,0.5456818179999999,0.538712121,0.535606061,0.5353787879999999,0.533106061,0.5319696970000001,0.529166667,0.524242424,0.5206060610000001,0.513939394,0.505,0.49818181799999994,0.494924242,0.49522727299999997,0.49696969700000004,0.499848485
0.695909091,0.69280303,0.690909091,0.6914393940000001,0.6875,0.6815909090000001,0.6761363640000001,0.673787879,0.6675,0.666212121,0.661818182,0.655075758,0.649090909,0.6414393939999999,0.634848485,0.628409091,0.6249242420000001,0.628106061,0.62469697,0.624242424,0.6175,0.610606061,0.606212121,0.597272727,0.587954545,0.581287879,0.5793181820000001,0.580454545,0.58280303,0.586212121
0.551666667,0.547348485,0.543863636,0.540757576,0.539090909,0.537575758,0.529924242,0.521363636,0.515,0.505757576,0.49696969700000004,0.49075757600000003,0.48310606100000003,0.475,0.466439394,0.459090909,0.455227273,0.45363636399999996,0.451590909,0.45030303,0.45090909100000004,0.449318182,0.446818182,0.441060606,0.43280303,0.424621212,0.42037878799999995,0.418560606,0.42166666700000005,0.424772727
0.584304348,0.5856956520000001,0.587478261,0.584652174,0.583217391,0.596608696,0.596434783,0.594304348,0.579782609,0.569217391,0.55626087,0.548391304,0.550043478,0.544217391,0.538347826,0.534391304,0.536130435,0.534,0.532434783,0.535434783,0.5506086960000001,0.566043478,0.571652174,0.56226087,0.551869565,0.548347826,0.55326087,0.553478261,0.54326087,0.550565217
0.000449275,0.000449275,0.000449275,0.000449275,0.000449275,0.003710145,0.003710145,0.003710145,0.003347826,0.003347826,0.003347826,0.003347826,0.003347826,0.003347826,0.003347826,0.003347826,0.003347826,0.003275362,0.00326087,0.00326087,0.003985507,0.006884058,0.006956522,0.006956522,0.006956522,0.006956522,0.006956522,0.006956522,0.0036956520000000002,0.0036956520000000002
0.304347826,0.304347826,0.304347826,0.304347826,0.304347826,0.347826087,0.347826087,0.304347826,0.260869565,0.260869565,0.21739130399999998,0.17391304300000002,0.17391304300000002,0.17391304300000002,0.17391304300000002,0.17391304300000002,0.130434783,0.086956522,0.043478261,0.043478261,0.086956522,0.130434783,0.17391304300000002,0.17391304300000002,0.17391304300000002,0.17391304300000002,0.17391304300000002,0.17391304300000002,0.130434783,0.17391304300000002
0.620289855,0.615289855,0.612463768,0.611086957,0.608188406,0.603478261,0.5978260870000001,0.590869565,0.586086957,0.580507246,0.575942029,0.570942029,0.564782609,0.55826087,0.551376812,0.544855072,0.538405797,0.535144928,0.533623188,0.532826087,0.530144928,0.526449275,0.523043478,0.5169565220000001,0.509275362,0.503188406,0.498623188,0.49681159399999997,0.496956522,0.49818840600000003
0.7,0.6957971009999999,0.693623188,0.692898551,0.6892753620000001,0.682608696,0.6763043479999999,0.670362319,0.668478261,0.66442029,0.6634782610000001,0.659855072,0.652101449,0.647101449,0.640724638,0.63442029,0.6277536229999999,0.624855072,0.6252173910000001,0.6253623189999999,0.619347826,0.613768116,0.609492754,0.601449275,0.593333333,0.588043478,0.582028986,0.580217391,0.5818115939999999,0.584347826
0.5551449279999999,0.549130435,0.5451449279999999,0.542246377,0.540144928,0.537753623,0.532536232,0.523333333,0.516521739,0.508768116,0.500724638,0.495434783,0.489492754,0.48057971,0.47275362299999996,0.465652174,0.458985507,0.455289855,0.45253623200000004,0.45057971,0.45079710100000003,0.45043478299999995,0.44869565200000006,0.443333333,0.43557971,0.428188406,0.425,0.42246376799999996,0.42166666700000005,0.42275362299999997
0.586333333,0.5855,0.583,0.580125,0.582208333,0.593625,0.592375,0.591958333,0.5870833329999999,0.5740833329999999,0.565208333,0.5545416670000001,0.548083333,0.551083333,0.544583333,0.5405,0.541125,0.5379999999999999,0.533625,0.531666667,0.546166667,0.563208333,0.568625,0.562125,0.554416667,0.5472083329999999,0.547333333,0.552333333,0.555333333,0.54825
0.00043055599999999996,0.00043055599999999996,0.00043055599999999996,0.00043055599999999996,0.00043055599999999996,0.0035555559999999996,0.0035555559999999996,0.0035555559999999996,0.0035555559999999996,0.003208333,0.003208333,0.003208333,0.003208333,0.003208333,0.003208333,0.003208333,0.003208333,0.003208333,0.003138889,0.003125,0.0038194440000000004,0.006597222,0.006666666999999999,0.006666666999999999,0.006666666999999999,0.006666666999999999,0.006666666999999999,0.006666666999999999,0.006666666999999999,0.003541667
0.291666667,0.291666667,0.291666667,0.291666667,0.291666667,0.333333333,0.333333333,0.333333333,0.291666667,0.25,0.25,0.208333333,0.166666667,0.166666667,0.166666667,0.166666667,0.166666667,0.125,0.083333333,0.041666667000000004,0.083333333,0.125,0.166666667,0.166666667,0.166666667,0.166666667,0.166666667,0.166666667,0.166666667,0.166666667
0.623611111,0.61875,0.614791667,0.6125,0.609791667,0.605,0.599027778,0.592152778,0.585902778,0.581666667,0.5770833329999999,0.57375,0.5690277779999999,0.562361111,0.556666667,0.5503472220000001,0.544305556,0.537847222,0.533472222,0.533333333,0.531041667,0.5275,0.5252083329999999,0.519444444,0.512361111,0.507361111,0.503402778,0.500277778,0.498402778,0.498125
0.702847222,0.699722222,0.6964583329999999,0.695416667,0.6907638890000001,0.6845138890000001,0.6775,0.670763889,0.665416667,0.665486111,0.661875,0.661527778,0.656805556,0.650069444,0.646180556,0.640069444,0.633541667,0.627569444,0.622222222,0.625833333,0.620625,0.615694444,0.612569444,0.604791667,0.5975,0.593194444,0.588472222,0.582777778,0.581527778,0.583333333
0.558333333,0.552569444,0.546944444,0.5435416670000001,0.541597222,0.538819444,0.5329166670000001,0.526111111,0.518611111,0.510486111,0.503819444,0.499097222,0.494027778,0.48680555600000003,0.478194444,0.471736111,0.465277778,0.45888888899999997,0.454166667,0.451527778,0.45104166700000003,0.45034722200000005,0.449791667,0.44527777799999996,0.437986111,0.431041667,0.428402778,0.42680555600000003,0.425277778,0.422708333
0.58792,0.5874,0.58292,0.57612,0.57796,0.59224,0.58968,0.58824,0.58512,0.58132,0.57004,0.5632,0.5539999999999999,0.54916,0.55116,0.5464,0.54672,0.54272,0.5374800000000001,0.53284,0.5421199999999999,0.5584399999999999,0.5658,0.5596,0.5546,0.54984,0.54628,0.54668,0.55416,0.5596399999999999
0.00041333300000000005,0.00041333300000000005,0.00041333300000000005,0.00041333300000000005,0.00041333300000000005,0.0034133329999999997,0.0034133329999999997,0.0034133329999999997,0.0034133329999999997,0.0034133329999999997,0.0030800000000000003,0.0030800000000000003,0.0030800000000000003,0.0030800000000000003,0.0030800000000000003,0.0030800000000000003,0.0030800000000000003,0.0030800000000000003,0.0030800000000000003,0.003013333,0.003666667,0.006333333000000001,0.0064,0.0064,0.0064,0.0064,0.0064,0.0064,0.0064,0.0064
0.28,0.28,0.28,0.28,0.28,0.32,0.32,0.32,0.32,0.28,0.24,0.24,0.2,0.16,0.16,0.16,0.16,0.16,0.12,0.08,0.08,0.12,0.16,0.16,0.16,0.16,0.16,0.16,0.16,0.2
0.627266667,0.622,0.618133333,0.614733333,0.6112,0.606666667,0.600666667,0.593533333,0.587333333,0.581666667,0.578333333,0.5749333329999999,0.5718,0.566533333,0.560666667,0.555466667,0.5496,0.543533333,0.536133333,0.5332,0.5316,0.528466667,0.526266667,0.5216666670000001,0.514933333,0.5104,0.5074,0.5048,0.5016666670000001,0.49946666700000003
0.7066,0.702466667,0.7002,0.6980666670000001,0.6932666670000001,0.686133333,0.679533333,0.672133333,0.6659999999999999,0.662666667,0.6629999999999999,0.660066667,0.6585333329999999,0.654666667,0.649066667,0.645333333,0.639,0.633133333,0.624933333,0.622933333,0.621266667,0.617066667,0.6144666670000001,0.607933333,0.600866667,0.5972,0.5934,0.588933333,0.5839333329999999,0.583
0.561733333,0.5557333329999999,0.550333333,0.545333333,0.5428666670000001,0.540266667,0.534133333,0.5267333329999999,0.521466667,0.512733333,0.5056666670000001,0.502133333,0.4976,0.49126666700000005,0.48426666700000004,0.47700000000000004,0.471133333,0.46493333299999995,0.457666667,0.45313333299999997,0.451933333,0.4506,0.44973333299999996,0.44646666700000004,0.440066667,0.43353333299999997,0.43113333299999995,0.43,0.429333333,0.42613333299999995
0.5922307689999999,0.588884615,0.584846154,0.576307692,0.574192308,0.587769231,0.5885,0.585807692,0.581807692,0.579653846,0.577153846,0.567923077,0.562346154,0.554807692,0.5493076920000001,0.552653846,0.5521538460000001,0.5480384620000001,0.542038462,0.5365769229999999,0.542846154,0.554076923,0.561115385,0.557230769,0.552461538,0.550192308,0.548846154,0.545692308,0.548653846,0.558346154
0.001487179,0.000397436,0.000397436,0.000397436,0.000397436,0.003282051,0.003282051,0.003282051,0.003282051,0.003282051,0.003282051,0.0029615379999999997,0.0029615379999999997,0.0029615379999999997,0.0029615379999999997,0.0029615379999999997,0.0029615379999999997,0.0029615379999999997,0.0029615379999999997,0.0029615379999999997,0.003538462,0.006089744,0.006153846,0.006153846,0.006153846,0.006153846,0.006153846,0.006153846,0.006153846,0.006153846
0.307692308,0.269230769,0.269230769,0.269230769,0.269230769,0.307692308,0.307692308,0.307692308,0.307692308,0.307692308,0.269230769,0.23076923100000002,0.23076923100000002,0.192307692,0.153846154,0.153846154,0.153846154,0.153846154,0.153846154,0.115384615,0.115384615,0.115384615,0.153846154,0.153846154,0.153846154,0.153846154,0.153846154,0.153846154,0.153846154,0.192307692
0.630128205,0.625576923,0.621282051,0.617948718,0.613397436,0.608141026,0.602435897,0.595320513,0.588846154,0.583205128,0.578461538,0.576217949,0.5730128210000001,0.5692948720000001,0.56474359,0.559358974,0.554551282,0.548653846,0.541666667,0.5357692310000001,0.531538462,0.529102564,0.52724359,0.522820513,0.51724359,0.512948718,0.5103205129999999,0.508589744,0.505961538,0.502564103
0.709807692,0.706089744,0.7028205129999999,0.7016025640000001,0.695897436,0.688717949,0.6812820509999999,0.674294872,0.6675,0.663333333,0.660384615,0.661217949,0.65724359,0.656410256,0.653525641,0.648141026,0.644102564,0.638397436,0.630384615,0.625512821,0.6186538460000001,0.617820513,0.615833333,0.6099358970000001,0.604038462,0.600448718,0.59724359,0.593653846,0.589807692,0.58525641
0.56525641,0.559102564,0.553461538,0.548653846,0.544615385,0.541538462,0.5357051279999999,0.528141026,0.52224359,0.515705128,0.508012821,0.503974359,0.500576923,0.494807692,0.488653846,0.482884615,0.476217949,0.470576923,0.463525641,0.45653846200000003,0.453461538,0.451474359,0.45,0.446538462,0.441410256,0.435705128,0.433525641,0.432564103,0.432307692,0.43
0.598296296,0.593,0.58637037,0.578407407,0.5744444439999999,0.583777778,0.584333333,0.584814815,0.5797037039999999,0.576666667,0.575703704,0.574851852,0.566925926,0.562814815,0.554740741,0.550814815,0.5579629629999999,0.553222222,0.547185185,0.541,0.546074074,0.554333333,0.556814815,0.5530370370000001,0.550444444,0.548296296,0.549222222,0.548185185,0.54762963,0.552888889
0.001432099,0.001432099,0.00038271599999999996,0.00038271599999999996,0.00038271599999999996,0.0031604940000000002,0.0031604940000000002,0.0031604940000000002,0.0031604940000000002,0.0031604940000000002,0.0031604940000000002,0.0031604940000000002,0.002851852,0.002851852,0.002851852,0.002851852,0.002851852,0.002851852,0.002851852,0.002851852,0.003469136,0.0058765430000000006,0.005925926,0.005925926,0.005925926,0.005925926,0.005925926,0.005925926,0.005925926,0.005925926
0.296296296,0.296296296,0.25925925899999996,0.25925925899999996,0.25925925899999996,0.296296296,0.296296296,0.296296296,0.296296296,0.296296296,0.296296296,0.25925925899999996,0.222222222,0.222222222,0.185185185,0.148148148,0.148148148,0.148148148,0.148148148,0.148148148,0.148148148,0.148148148,0.148148148,0.148148148,0.148148148,0.148148148,0.148148148,0.148148148,0.148148148,0.185185185
0.6325925929999999,0.6283950620000001,0.624753086,0.620987654,0.61654321,0.61037037,0.604012346,0.5972222220000001,0.5907407410000001,0.584814815,0.580061728,0.5764197529999999,0.574320988,0.570555556,0.567469136,0.563333333,0.558333333,0.55345679,0.546666667,0.541111111,0.534074074,0.529135802,0.527901235,0.523888889,0.518518519,0.515246914,0.512777778,0.511358025,0.509567901,0.5066666670000001
0.711234568,0.7091975309999999,0.706296296,0.7040740740000001,0.6993827159999999,0.6914197529999999,0.683950617,0.67617284,0.669753086,0.664876543,0.661111111,0.658765432,0.65845679,0.655246914,0.655246914,0.652469136,0.6468518520000001,0.643333333,0.635555556,0.630740741,0.621296296,0.615432099,0.6166049379999999,0.611419753,0.606111111,0.603518519,0.60037037,0.597345679,0.594320988,0.590864198
0.568703704,0.562592593,0.556790123,0.551728395,0.547839506,0.543271605,0.537098765,0.529876543,0.523765432,0.5166666670000001,0.511049383,0.506296296,0.5024074070000001,0.49777777799999995,0.492160494,0.487160494,0.48191358,0.47549382700000004,0.469012346,0.462222222,0.456728395,0.452962963,0.450864198,0.44691358,0.441666667,0.437160494,0.435617284,0.434814815,0.43469135799999997,0.43283950600000004
0.600785714,0.598821429,0.590428571,0.580107143,0.576535714,0.583678571,0.5806071429999999,0.5809285710000001,0.578964286,0.574821429,0.572964286,0.573535714,0.5736428570000001,0.567214286,0.562464286,0.556,0.556,0.558785714,0.552214286,0.546,0.55,0.557035714,0.556964286,0.549178571,0.546642857,0.5465,0.547428571,0.548571429,0.549964286,0.55175
0.0013809520000000002,0.0013809520000000002,0.0013809520000000002,0.000369048,0.000369048,0.003047619,0.003047619,0.003047619,0.003047619,0.003047619,0.003047619,0.003047619,0.003047619,0.00275,0.00275,0.00275,0.00275,0.00275,0.00275,0.00275,0.003345238,0.00572619,0.00572619,0.005714286,0.005714286,0.005714286,0.005714286,0.005714286,0.005714286,0.005714286
0.28571428600000004,0.28571428600000004,0.28571428600000004,0.25,0.25,0.28571428600000004,0.28571428600000004,0.28571428600000004,0.28571428600000004,0.28571428600000004,0.28571428600000004,0.28571428600000004,0.25,0.214285714,0.214285714,0.17857142899999998,0.14285714300000002,0.14285714300000002,0.14285714300000002,0.14285714300000002,0.17857142899999998,0.17857142899999998,0.17857142899999998,0.14285714300000002,0.14285714300000002,0.14285714300000002,0.14285714300000002,0.14285714300000002,0.14285714300000002,0.17857142899999998
0.635178571,0.630833333,0.6275,0.624345238,0.61952381,0.613511905,0.6063095239999999,0.598928571,0.592738095,0.586785714,0.58172619,0.578035714,0.574583333,0.5719047620000001,0.56875,0.566011905,0.562202381,0.557142857,0.551369048,0.545952381,0.539285714,0.531666667,0.52797619,0.524642857,0.519702381,0.516547619,0.515,0.5136904760000001,0.512202381,0.510119048
0.7138095240000001,0.710595238,0.7092857140000001,0.7073809520000001,0.701845238,0.694940476,0.68672619,0.6789285709999999,0.67172619,0.667142857,0.662678571,0.65952381,0.656190476,0.656488095,0.654166667,0.654166667,0.651071429,0.646011905,0.640416667,0.635714286,0.626488095,0.618095238,0.614345238,0.612321429,0.607678571,0.605535714,0.6033333329999999,0.600357143,0.5978571429999999,0.595178571
0.571785714,0.566011905,0.560238095,0.555,0.5508333329999999,0.546428571,0.538928571,0.531428571,0.525595238,0.518333333,0.5121428570000001,0.509285714,0.504702381,0.49964285700000005,0.49511904799999995,0.490595238,0.486071429,0.481011905,0.473809524,0.467559524,0.462202381,0.45613095200000003,0.452321429,0.44785714299999996,0.44220238100000003,0.437559524,0.43702381,0.436785714,0.436785714,0.43511904799999995
0.600586207,0.6012068970000001,0.596137931,0.584241379,0.5782413789999999,0.58537931,0.58062069,0.577448276,0.575413793,0.574275862,0.571310345,0.570965517,0.572413793,0.573689655,0.566724138,0.5634137929999999,0.560827586,0.556862069,0.55762069,0.550896552,0.554517241,0.560448276,0.559482759,0.549586207,0.543137931,0.5429655170000001,0.545724138,0.546862069,0.550275862,0.553862069
0.001333333,0.001333333,0.001333333,0.001333333,0.00035632199999999995,0.002942529,0.002942529,0.002942529,0.002942529,0.002942529,0.002942529,0.002942529,0.002942529,0.002942529,0.002655172,0.002655172,0.002655172,0.002655172,0.002655172,0.002655172,0.003229885,0.005528735999999999,0.005586206999999999,0.005528735999999999,0.005517241,0.005517241,0.005517241,0.005517241,0.005517241,0.005517241
0.275862069,0.275862069,0.275862069,0.275862069,0.24137931,0.275862069,0.275862069,0.275862069,0.275862069,0.275862069,0.275862069,0.275862069,0.275862069,0.24137931,0.20689655199999998,0.20689655199999998,0.172413793,0.137931034,0.137931034,0.137931034,0.172413793,0.20689655199999998,0.20689655199999998,0.172413793,0.137931034,0.137931034,0.137931034,0.137931034,0.137931034,0.172413793
0.637758621,0.633390805,0.6298850570000001,0.627011494,0.622816092,0.6164942529999999,0.609482759,0.601321839,0.59454023,0.588850575,0.583735632,0.579712644,0.576206897,0.5722413789999999,0.570114943,0.567298851,0.564827586,0.56091954,0.555,0.550517241,0.544022989,0.5367816089999999,0.53045977,0.524827586,0.520574713,0.517758621,0.516264368,0.515804598,0.514425287,0.512643678
0.7157471259999999,0.7131034479999999,0.7106321840000001,0.710229885,0.705114943,0.697471264,0.6902873559999999,0.6817816090000001,0.67454023,0.669137931,0.664942529,0.661091954,0.657011494,0.654367816,0.655402299,0.65316092,0.652758621,0.650114943,0.643103448,0.640402299,0.6314367820000001,0.623218391,0.616954023,0.6102873560000001,0.608678161,0.607068966,0.605287356,0.603218391,0.600747126,0.598563218
0.5741954020000001,0.56908046,0.56362069,0.558390805,0.554022989,0.5493678160000001,0.5421264370000001,0.533390805,0.527241379,0.520287356,0.5139080460000001,0.510402299,0.507643678,0.5019540229999999,0.497011494,0.49350574700000005,0.48942528700000004,0.485057471,0.47919540200000005,0.47224137899999996,0.46735632200000005,0.46143678200000005,0.455402299,0.44936781600000003,0.443275862,0.43821839100000004,0.437413793,0.43810344799999995,0.43862069,0.43712643700000003
0.599733333,0.601,0.598533333,0.589966667,0.5823,0.586733333,0.5823666670000001,0.577566667,0.572233333,0.5710000000000001,0.5709,0.569433333,0.569966667,0.5725,0.573,0.5675,0.5678333329999999,0.5615,0.5558,0.5561666670000001,0.5589666670000001,0.564466667,0.5627,0.552266667,0.5437333329999999,0.5397,0.542333333,0.545233333,0.548566667,0.554033333
0.0012888889999999999,0.0012888889999999999,0.0012888889999999999,0.0012888889999999999,0.0012888889999999999,0.0028444440000000002,0.0028444440000000002,0.0028444440000000002,0.0028444440000000002,0.0028444440000000002,0.0028444440000000002,0.0028444440000000002,0.0028444440000000002,0.0028444440000000002,0.0028444440000000002,0.002566667,0.002566667,0.002566667,0.002566667,0.002566667,0.003122222,0.005344444,0.0054,0.0054,0.005344444,0.005333333000000001,0.005333333000000001,0.005333333000000001,0.005333333000000001,0.005333333000000001
0.26666666699999997,0.26666666699999997,0.26666666699999997,0.26666666699999997,0.26666666699999997,0.26666666699999997,0.26666666699999997,0.26666666699999997,0.26666666699999997,0.26666666699999997,0.26666666699999997,0.26666666699999997,0.26666666699999997,0.26666666699999997,0.233333333,0.2,0.2,0.166666667,0.133333333,0.133333333,0.166666667,0.2,0.233333333,0.2,0.166666667,0.133333333,0.133333333,0.133333333,0.133333333,0.166666667
0.6395,0.6359444439999999,0.632388889,0.6293333329999999,0.625444444,0.619777778,0.6125,0.604555556,0.597,0.590722222,0.585833333,0.581722222,0.577888889,0.573888889,0.5705,0.568666667,0.566111111,0.5635,0.558722222,0.554055556,0.5485,0.541444444,0.535444444,0.527333333,0.520888889,0.5186666670000001,0.517444444,0.517,0.516444444,0.514777778
0.7170555559999999,0.715,0.7130555559999999,0.7115,0.707944444,0.700777778,0.692888889,0.6853888890000001,0.677444444,0.6719444440000001,0.666944444,0.663333333,0.658611111,0.655222222,0.653388889,0.654388889,0.651833333,0.6517777779999999,0.647166667,0.643,0.6361111110000001,0.628111111,0.6219444439999999,0.612944444,0.606833333,0.608055556,0.606777778,0.605111111,0.6035,0.601333333
0.576277778,0.5715,0.566666667,0.561722222,0.557333333,0.5525,0.545111111,0.536666667,0.529277778,0.522055556,0.515944444,0.512166667,0.508777778,0.504888889,0.499333333,0.495388889,0.49227777799999994,0.488333333,0.48316666700000005,0.4775,0.471888889,0.46644444399999996,0.46055555600000003,0.452444444,0.444888889,0.439388889,0.438055556,0.438444444,0.439833333,0.438888889
