0.508,0.433,0.43,0.525,0.504,0.525,0.599,0.836,0.9229999999999999,0.889,0.8490000000000001,0.821,0.8590000000000001,0.6729999999999999,0.9229999999999999,0.8740000000000001,0.789,0.823,0.9209999999999999,0.768,0.6459999999999999,0.609,0.8490000000000001,0.841,0.835,0.804,0.903,0.879,0.856,0.895
0.003333333,0.0,0.0,0.0,0.0,0.0,0.0,0.053333333,0.136666667,0.035,0.123333333,0.133333333,0.038333333,0.0016666670000000001,0.59,0.15333333300000002,0.0,0.0,0.38333333299999994,0.0,0.0,0.0,0.141666667,0.043333332999999995,0.05,0.02,0.141666667,0.171666667,0.096666667,0.12666666699999998
1.0,0.0,1.0,0.0,0.0,0.0,0.0,1.0,1.0,1.0,1.0,1.0,1.0,1.0,1.0,1.0,0.0,1.0,1.0,0.0,0.0,0.0,1.0,1.0,1.0,1.0,1.0,1.0,1.0,1.0
0.67,0.691666667,0.665,0.658333333,0.693333333,0.693333333,0.651666667,0.6283333329999999,0.6166666670000001,0.578333333,0.555,0.57,0.57,0.651666667,0.6,0.6466666670000001,0.668333333,0.661666667,0.6266666670000001,0.625,0.655,0.676666667,0.6316666670000001,0.6233333329999999,0.643333333,0.653333333,0.6033333329999999,0.63,0.655,0.643333333
0.781666667,0.783333333,0.7716666670000001,0.731666667,0.798333333,0.783333333,0.7433333329999999,0.665,0.638333333,0.61,0.583333333,0.61,0.591666667,0.745,0.638333333,0.715,0.726666667,0.696666667,0.663333333,0.716666667,0.7616666670000001,0.77,0.671666667,0.66,0.713333333,0.723333333,0.6183333329999999,0.676666667,0.686666667,0.66
0.568333333,0.588333333,0.6183333329999999,0.596666667,0.595,0.6283333329999999,0.573333333,0.598333333,0.6033333329999999,0.56,0.541666667,0.536666667,0.555,0.553333333,0.578333333,0.6,0.62,0.6283333329999999,0.595,0.565,0.566666667,0.59,0.598333333,0.593333333,0.596666667,0.606666667,0.581666667,0.598333333,0.625,0.6216666670000001
0.542,0.4705,0.4315,0.4775,0.5145,0.5145,0.562,0.7175,0.8795,0.9059999999999999,0.8690000000000001,0.835,0.84,0.7659999999999999,0.7979999999999999,0.8985,0.8315,0.8059999999999999,0.872,0.8445,0.7070000000000001,0.6275,0.7290000000000001,0.845,0.838,0.8195,0.8535,0.8909999999999999,0.8675,0.8755
0.0016666670000000001,0.0016666670000000001,0.0,0.0,0.0,0.0,0.0,0.026666667,0.095,0.08583333300000001,0.079166667,0.128333333,0.08583333300000001,0.02,0.29583333300000003,0.371666667,0.07666666700000001,0.0,0.19166666699999999,0.19166666699999999,0.0,0.0,0.070833333,0.0925,0.046666667,0.035,0.080833333,0.15666666699999998,0.134166667,0.111666667
0.5,0.5,0.5,0.5,0.0,0.0,0.0,0.5,1.0,1.0,1.0,1.0,1.0,1.0,1.0,1.0,0.5,0.5,1.0,0.5,0.0,0.0,0.5,1.0,1.0,1.0,1.0,1.0,1.0,1.0
0.65,0.6808333329999999,0.678333333,0.661666667,0.6758333329999999,0.693333333,0.6725,0.64,0.6225,0.5975,0.566666667,0.5625,0.57,0.610833333,0.625833333,0.6233333329999999,0.6575,0.665,0.644166667,0.625833333,0.64,0.6658333329999999,0.654166667,0.6275,0.6333333329999999,0.648333333,0.6283333329999999,0.6166666670000001,0.6425,0.649166667
0.7616666670000001,0.7825,0.7775,0.7516666670000001,0.765,0.7908333329999999,0.763333333,0.7041666670000001,0.651666667,0.624166667,0.596666667,0.596666667,0.600833333,0.668333333,0.691666667,0.676666667,0.720833333,0.711666667,0.68,0.69,0.739166667,0.765833333,0.720833333,0.6658333329999999,0.686666667,0.718333333,0.6708333329999999,0.6475,0.681666667,0.673333333
0.549166667,0.578333333,0.6033333329999999,0.6075,0.595833333,0.611666667,0.600833333,0.585833333,0.600833333,0.581666667,0.5508333329999999,0.539166667,0.5458333329999999,0.5541666670000001,0.5658333329999999,0.589166667,0.61,0.624166667,0.611666667,0.58,0.5658333329999999,0.578333333,0.594166667,0.595833333,0.595,0.601666667,0.594166667,0.59,0.611666667,0.6233333329999999
0.594333333,0.5056666670000001,0.457,0.46266666700000003,0.486333333,0.518,0.542666667,0.653333333,0.7859999999999999,0.8826666670000001,0.887,0.853,0.843,0.784333333,0.818333333,0.823333333,0.862,0.828666667,0.844333333,0.837333333,0.778333333,0.674333333,0.701333333,0.766333333,0.841666667,0.826666667,0.847333333,0.862,0.8793333329999999,0.8766666670000001
0.0016666670000000001,0.0011111110000000001,0.0011111110000000001,0.0,0.0,0.0,0.0,0.017777778,0.06333333299999999,0.075,0.09833333300000001,0.097222222,0.09833333300000001,0.057777777999999995,0.21,0.24833333300000002,0.247777778,0.051111110999999994,0.127777778,0.127777778,0.127777778,0.0,0.047222222,0.061666667,0.078333333,0.037777778,0.07055555599999999,0.111111111,0.136666667,0.131666667
0.666666667,0.333333333,0.666666667,0.333333333,0.333333333,0.0,0.0,0.333333333,0.666666667,1.0,1.0,1.0,1.0,1.0,1.0,1.0,0.666666667,0.666666667,0.666666667,0.666666667,0.333333333,0.0,0.333333333,0.666666667,1.0,1.0,1.0,1.0,1.0,1.0
0.6333333329999999,0.663888889,0.675555556,0.671666667,0.672222222,0.681666667,0.679444444,0.6577777779999999,0.632222222,0.607777778,0.583333333,0.567777778,0.565,0.5972222220000001,0.607222222,0.632777778,0.638333333,0.658888889,0.652222222,0.637777778,0.635555556,0.652222222,0.654444444,0.643888889,0.632777778,0.64,0.6333333329999999,0.628888889,0.629444444,0.642777778
0.7405555559999999,0.7688888890000001,0.7788888890000001,0.762222222,0.767222222,0.771111111,0.775,0.730555556,0.682222222,0.637777778,0.610555556,0.601111111,0.595,0.648888889,0.658333333,0.699444444,0.693333333,0.712777778,0.695555556,0.692222222,0.713888889,0.7494444440000001,0.7344444440000001,0.700555556,0.681666667,0.698888889,0.685,0.6727777779999999,0.660555556,0.674444444
0.541666667,0.562222222,0.591666667,0.601111111,0.6033333329999999,0.606666667,0.598888889,0.6,0.591666667,0.5872222220000001,0.568333333,0.546111111,0.544444444,0.548333333,0.562222222,0.5772222220000001,0.599444444,0.616111111,0.614444444,0.596111111,0.575555556,0.573888889,0.585,0.593888889,0.596111111,0.598888889,0.595,0.595555556,0.601666667,0.615
0.5695,0.5539999999999999,0.48675,0.474,0.473,0.496,0.53825,0.616,0.72075,0.81175,0.87425,0.8705,0.8545,0.8005,0.8190000000000001,0.83225,0.81475,0.85225,0.85175,0.82525,0.7895,0.736,0.718,0.73625,0.7835,0.83225,0.84575,0.85525,0.8605,0.88325
0.00125,0.00125,0.000833333,0.000833333,0.0,0.0,0.0,0.013333333000000001,0.0475,0.05625,0.08708333300000001,0.107083333,0.0825,0.074166667,0.190833333,0.195833333,0.18625,0.18583333300000002,0.134166667,0.095833333,0.095833333,0.095833333,0.035416667,0.04625,0.05875,0.06375,0.06375,0.095833333,0.1075,0.134166667
0.75,0.5,0.5,0.5,0.25,0.25,0.0,0.25,0.5,0.75,1.0,1.0,1.0,1.0,1.0,1.0,0.75,0.75,0.75,0.5,0.5,0.25,0.25,0.5,0.75,1.0,1.0,1.0,1.0,1.0
0.635,0.6479166670000001,0.664166667,0.67125,0.677083333,0.6775,0.674166667,0.666666667,0.6475,0.61875,0.594583333,0.58,0.568333333,0.586666667,0.597916667,0.617083333,0.6416666670000001,0.644166667,0.650833333,0.645416667,0.642083333,0.645833333,0.647083333,0.6466666670000001,0.64375,0.637916667,0.630833333,0.6325,0.635416667,0.632916667
0.74375,0.75125,0.7695833329999999,0.767083333,0.77125,0.77125,0.764166667,0.7475,0.7075,0.664166667,0.624166667,0.6104166670000001,0.59875,0.6325,0.64625,0.6725,0.70625,0.6941666670000001,0.700416667,0.700833333,0.709583333,0.727916667,0.73,0.715833333,0.70375,0.692083333,0.67875,0.682916667,0.67625,0.660416667
0.5479166670000001,0.553333333,0.57625,0.592916667,0.599583333,0.609583333,0.598333333,0.59875,0.600833333,0.58375,0.575833333,0.560416667,0.548333333,0.546666667,0.5558333329999999,0.571666667,0.587916667,0.606666667,0.610833333,0.6020833329999999,0.58875,0.5791666670000001,0.58,0.5870833329999999,0.594583333,0.59875,0.594583333,0.595833333,0.602916667,0.606666667
0.5472,0.5422,0.5292,0.4944,0.48,0.4834,0.5166,0.5978,0.6774,0.7544,0.8192,0.8636,0.8682,0.8182,0.825,0.83,0.8236,0.8164,0.866,0.835,0.7894,0.7534,0.7586,0.7426,0.7559999999999999,0.7876,0.8464,0.8524,0.8554,0.8674
0.001,0.001,0.001,0.000666667,0.000666667,0.0,0.0,0.010666667,0.038,0.045,0.069666667,0.09633333300000001,0.093333333,0.066333333,0.177333333,0.18333333300000001,0.15666666699999998,0.149,0.225333333,0.107333333,0.07666666700000001,0.07666666700000001,0.105,0.037000000000000005,0.047,0.051,0.07933333299999999,0.08533333300000001,0.096,0.111333333
0.8,0.6,0.6,0.4,0.4,0.2,0.2,0.2,0.4,0.6,0.8,1.0,1.0,1.0,1.0,1.0,0.8,0.8,0.8,0.6,0.4,0.4,0.4,0.4,0.6,0.8,1.0,1.0,1.0,1.0
0.638,0.646333333,0.651333333,0.6629999999999999,0.675666667,0.680333333,0.672333333,0.665,0.656666667,0.6336666670000001,0.606,0.589666667,0.578,0.585,0.589333333,0.607666667,0.6273333329999999,0.6456666670000001,0.6406666670000001,0.6456666670000001,0.647333333,0.649,0.643,0.642333333,0.6459999999999999,0.6456666670000001,0.631,0.6306666670000001,0.637,0.637
0.7423333329999999,0.7516666670000001,0.7553333329999999,0.762,0.773333333,0.773666667,0.7656666670000001,0.7443333329999999,0.725666667,0.688,0.648,0.6213333329999999,0.606666667,0.628,0.6336666670000001,0.66,0.683333333,0.704333333,0.688,0.703666667,0.713,0.721666667,0.716666667,0.716,0.715333333,0.707666667,0.677333333,0.678333333,0.683666667,0.6729999999999999
0.557,0.556,0.566333333,0.580333333,0.593333333,0.6053333329999999,0.6023333329999999,0.598333333,0.599666667,0.592666667,0.575333333,0.568,0.559333333,0.549333333,0.5529999999999999,0.564666667,0.581333333,0.596,0.6043333329999999,0.601666667,0.595,0.589,0.583,0.582666667,0.589,0.597,0.595333333,0.595333333,0.601666667,0.606666667
0.575,0.528166667,0.5235,0.5285,0.496,0.4875,0.5026666670000001,0.5698333329999999,0.652,0.712666667,0.770166667,0.8195,0.862833333,0.835666667,0.835666667,0.8331666670000001,0.8231666670000001,0.8235,0.833833333,0.849666667,0.8035,0.7593333329999999,0.769333333,0.772333333,0.758,0.764,0.8068333329999999,0.851833333,0.853,0.862
0.000833333,0.000833333,0.000833333,0.000833333,0.000555556,0.000555556,0.0,0.008888889,0.031666667,0.0375,0.058055555999999994,0.080277778,0.08666666699999999,0.078055556,0.153611111,0.173333333,0.152777778,0.130555556,0.188055556,0.187777778,0.089444444,0.063888889,0.0875,0.094722222,0.039166667,0.0425,0.066111111,0.094722222,0.08722222199999999,0.10111111099999999
0.833333333,0.666666667,0.666666667,0.5,0.333333333,0.333333333,0.166666667,0.333333333,0.333333333,0.5,0.666666667,0.833333333,1.0,1.0,1.0,1.0,0.833333333,0.833333333,0.833333333,0.666666667,0.5,0.333333333,0.5,0.5,0.5,0.666666667,0.833333333,1.0,1.0,1.0
0.632777778,0.646944444,0.649444444,0.6525,0.668055556,0.6786111109999999,0.675555556,0.665,0.656944444,0.643611111,0.620555556,0.6,0.586388889,0.5902777779999999,0.5875,0.598888889,0.617777778,0.633055556,0.6425,0.638055556,0.647222222,0.652222222,0.646111111,0.6397222220000001,0.6425,0.647222222,0.638611111,0.630833333,0.6347222220000001,0.638055556
0.727777778,0.749166667,0.755,0.751388889,0.768055556,0.775,0.7686111109999999,0.7488888890000001,0.726666667,0.7063888890000001,0.670555556,0.6416666670000001,0.616388889,0.629722222,0.629722222,0.647222222,0.671111111,0.685555556,0.6975,0.692777778,0.713333333,0.7225,0.713333333,0.7072222220000001,0.715555556,0.716666667,0.692777778,0.677222222,0.679722222,0.679722222
0.555277778,0.562222222,0.566388889,0.571388889,0.582777778,0.599166667,0.6,0.601666667,0.599166667,0.593055556,0.5841666670000001,0.568888889,0.5658333329999999,0.558333333,0.5541666670000001,0.5608333329999999,0.573888889,0.589166667,0.595833333,0.597777778,0.595833333,0.594166667,0.590555556,0.584722222,0.585,0.591944444,0.594444444,0.595833333,0.6002777779999999,0.605
0.602142857,0.5547142860000001,0.5141428570000001,0.523714286,0.525,0.500142857,0.503428571,0.550285714,0.620285714,0.685857143,0.732142857,0.777428571,0.825142857,0.835714286,0.848142857,0.841142857,0.826857143,0.823142857,0.8374285709999999,0.8244285709999999,0.820571429,0.7757142859999999,0.7721428570000001,0.7795714290000001,0.781285714,0.7645714290000001,0.783857143,0.817142857,0.8524285709999999,0.8590000000000001
0.0007142860000000001,0.0007142860000000001,0.0007142860000000001,0.0007142860000000001,0.0007142860000000001,0.00047619,0.00047619,0.007619048000000001,0.027142857000000003,0.032142857000000004,0.049761905,0.068809524,0.074285714,0.07452381,0.151190476,0.153571429,0.148571429,0.130952381,0.166666667,0.161190476,0.160952381,0.07666666700000001,0.075,0.081190476,0.08833333300000001,0.036428571,0.056666667000000004,0.081190476,0.095,0.092857143
0.857142857,0.7142857140000001,0.7142857140000001,0.571428571,0.428571429,0.28571428600000004,0.28571428600000004,0.28571428600000004,0.428571429,0.428571429,0.571428571,0.7142857140000001,0.857142857,1.0,1.0,1.0,0.857142857,0.857142857,0.857142857,0.7142857140000001,0.571428571,0.428571429,0.428571429,0.571428571,0.571428571,0.571428571,0.7142857140000001,0.857142857,1.0,1.0
0.624285714,0.641190476,0.64952381,0.650714286,0.658333333,0.671666667,0.674761905,0.6688095239999999,0.6580952379999999,0.645714286,0.6309523810000001,0.6133333329999999,0.595714286,0.595714286,0.591666667,0.595952381,0.608809524,0.6240476189999999,0.6321428570000001,0.64,0.64047619,0.6514285710000001,0.649285714,0.642857143,0.640238095,0.644047619,0.640952381,0.637380952,0.634285714,0.6359523810000001
0.7119047620000001,0.735714286,0.752380952,0.7516666670000001,0.758095238,0.770238095,0.77047619,0.753809524,0.733095238,0.71,0.6888095240000001,0.661904762,0.63452381,0.634761905,0.6309523810000001,0.641904762,0.658571429,0.674761905,0.682380952,0.700238095,0.702619048,0.7214285709999999,0.715238095,0.705714286,0.708095238,0.716666667,0.702619048,0.69047619,0.6785714290000001,0.676904762
0.553333333,0.56,0.570238095,0.570714286,0.574761905,0.589285714,0.59547619,0.599761905,0.601904762,0.593571429,0.585714286,0.5773809520000001,0.5669047620000001,0.564047619,0.561190476,0.5607142860000001,0.5692857139999999,0.581666667,0.59,0.591428571,0.593333333,0.595,0.594761905,0.590952381,0.586428571,0.588095238,0.59047619,0.595,0.6,0.6033333329999999
0.596625,0.581,0.539125,0.5155,0.52125,0.525,0.5125,0.545,0.596875,0.653875,0.70625,0.74325,0.787625,0.806125,0.846625,0.851375,0.834625,0.826375,0.835375,0.82875,0.802125,0.794125,0.784875,0.78075,0.7865,0.784125,0.781875,0.79575,0.8220000000000001,0.85775
0.00125,0.000625,0.000625,0.000625,0.000625,0.000625,0.00041666699999999996,0.007083333000000001,0.02375,0.028125,0.043541667,0.060208332999999996,0.065,0.065208333,0.13895833300000002,0.151458333,0.134375,0.13,0.1625,0.145833333,0.14104166699999998,0.140833333,0.08479166699999999,0.071041667,0.07729166700000001,0.079791667,0.049583333,0.071041667,0.083125,0.09895833300000001
0.875,0.75,0.75,0.625,0.5,0.375,0.25,0.375,0.375,0.5,0.5,0.625,0.75,0.875,1.0,1.0,0.875,0.875,0.875,0.75,0.625,0.5,0.5,0.5,0.625,0.625,0.625,0.75,0.875,1.0
0.6233333329999999,0.632708333,0.644166667,0.650625,0.656041667,0.662708333,0.669166667,0.668958333,0.6622916670000001,0.648125,0.634375,0.6233333329999999,0.607916667,0.6027083329999999,0.59625,0.598541667,0.605,0.6154166670000001,0.624375,0.63125,0.641875,0.645,0.6489583329999999,0.646041667,0.642916667,0.641875,0.6389583329999999,0.6395833329999999,0.6395833329999999,0.635416667
0.7114583329999999,0.720833333,0.740208333,0.749791667,0.7575,0.76125,0.766875,0.7572916670000001,0.739375,0.7177083329999999,0.6941666670000001,0.678958333,0.653125,0.648333333,0.635208333,0.641458333,0.6525,0.663333333,0.673333333,0.686666667,0.707916667,0.711041667,0.715208333,0.708333333,0.706666667,0.71,0.704375,0.699375,0.69,0.67625
0.553333333,0.557708333,0.567291667,0.573541667,0.57375,0.5814583329999999,0.587291667,0.595833333,0.600208333,0.596666667,0.5870833329999999,0.579583333,0.574583333,0.565208333,0.5658333329999999,0.566041667,0.568125,0.576666667,0.583333333,0.586875,0.588333333,0.592916667,0.5954166670000001,0.594583333,0.591666667,0.588958333,0.587291667,0.591458333,0.59875,0.6027083329999999
0.5812222220000001,0.578444444,0.564222222,0.537555556,0.514222222,0.5216666670000001,0.533222222,0.548444444,0.5870000000000001,0.6293333329999999,0.675555556,0.7190000000000001,0.756111111,0.7748888890000001,0.8191111109999999,0.849666667,0.8444444440000001,0.833333333,0.836888889,0.827888889,0.808444444,0.780666667,0.800222222,0.791111111,0.7867777779999999,0.788444444,0.797333333,0.792666667,0.802444444,0.8301111109999999
0.0011111110000000001,0.0011111110000000001,0.000555556,0.000555556,0.000555556,0.000555556,0.000555556,0.006296296,0.021481481,0.025,0.038703704,0.053518519,0.057777777999999995,0.057962963,0.12351851900000001,0.140555556,0.13462963,0.119444444,0.15814814800000002,0.144444444,0.12962963,0.12537037,0.140925926,0.080185185,0.068703704,0.070925926,0.08666666699999999,0.063148148,0.073888889,0.087962963
0.8888888890000001,0.7777777779999999,0.7777777779999999,0.666666667,0.5555555560000001,0.444444444,0.333333333,0.333333333,0.444444444,0.444444444,0.5555555560000001,0.5555555560000001,0.666666667,0.7777777779999999,0.8888888890000001,1.0,0.8888888890000001,0.8888888890000001,0.8888888890000001,0.7777777779999999,0.666666667,0.5555555560000001,0.5555555560000001,0.5555555560000001,0.5555555560000001,0.666666667,0.666666667,0.666666667,0.7777777779999999,0.8888888890000001
0.620555556,0.630925926,0.636296296,0.645740741,0.65537037,0.660185185,0.661481481,0.66462963,0.663148148,0.652962963,0.637777778,0.627222222,0.6174074070000001,0.612777778,0.6024074070000001,0.601851852,0.606296296,0.611296296,0.6166666670000001,0.624444444,0.633888889,0.645740741,0.643518519,0.646111111,0.645740741,0.6440740739999999,0.6375925929999999,0.637962963,0.641296296,0.64
0.7094444440000001,0.7194444440000001,0.726481481,0.7392592590000001,0.755185185,0.76037037,0.759259259,0.7555555559999999,0.744074074,0.725,0.702777778,0.684814815,0.6692592589999999,0.663333333,0.647222222,0.6440740739999999,0.650925926,0.657407407,0.663333333,0.678148148,0.695,0.714814815,0.706666667,0.7090740740000001,0.708888889,0.7085185190000001,0.699814815,0.701296296,0.6979629629999999,0.686666667
0.549074074,0.557222222,0.5644444439999999,0.570555556,0.575925926,0.579814815,0.580555556,0.588518519,0.596666667,0.595740741,0.590555556,0.581481481,0.576851852,0.5722222220000001,0.566666667,0.56962963,0.5720370370000001,0.574814815,0.5787037039999999,0.581296296,0.58462963,0.588518519,0.593518519,0.595185185,0.594814815,0.593333333,0.5881481479999999,0.588518519,0.595185185,0.601296296
0.5736,0.5664,0.5636,0.5603,0.5342,0.5153,0.5294,0.5635,0.5859,0.6172,0.6513,0.6901,0.733,0.7478,0.7897,0.8246,0.8436,0.8423,0.8421,0.83,0.8097,0.7885,0.7875,0.8043,0.7955,0.7885,0.7999,0.8055,0.799,0.8117
0.001,0.001,0.001,0.0005,0.0005,0.0005,0.0005,0.0058333330000000004,0.019333333,0.022833332999999997,0.034833333,0.048166667,0.052000000000000005,0.052166667,0.111166667,0.1265,0.1265,0.12116666699999999,0.145833333,0.142333333,0.13,0.11666666699999999,0.127,0.131166667,0.07716666700000001,0.06383333299999999,0.078,0.095166667,0.0665,0.079166667
0.8,0.8,0.8,0.7,0.6,0.5,0.4,0.4,0.4,0.5,0.5,0.6,0.6,0.7,0.8,0.9,0.9,0.9,0.9,0.8,0.7,0.6,0.6,0.6,0.6,0.6,0.7,0.7,0.7,0.8
0.6183333329999999,0.6276666670000001,0.6343333329999999,0.6385,0.6505,0.659166667,0.659333333,0.658166667,0.659833333,0.654666667,0.643166667,0.631,0.6215,0.620833333,0.6115,0.606833333,0.6085,0.611833333,0.612833333,0.6175,0.6275,0.638166667,0.644333333,0.6415,0.645833333,0.6465,0.64,0.636833333,0.6396666670000001,0.6415
0.708333333,0.716833333,0.724666667,0.727,0.745166667,0.758,0.7586666670000001,0.749833333,0.743833333,0.730666667,0.710833333,0.6935,0.6755,0.6768333329999999,0.660833333,0.654,0.652333333,0.6555,0.6579999999999999,0.668666667,0.6865,0.7025,0.7105,0.7020000000000001,0.7095,0.710333333,0.6995,0.6975,0.699833333,0.6941666670000001
0.544666667,0.5529999999999999,0.563333333,0.567666667,0.573,0.5811666670000001,0.5791666670000001,0.582333333,0.59,0.593,0.590333333,0.5851666670000001,0.578833333,0.5745,0.572833333,0.57,0.574666667,0.577666667,0.576833333,0.577333333,0.579833333,0.5851666670000001,0.5895,0.5935,0.595333333,0.596,0.592166667,0.589166667,0.592166667,0.597833333
0.5783636360000001,0.560818182,0.5539999999999999,0.560090909,0.555181818,0.533363636,0.522909091,0.5572727270000001,0.5961818179999999,0.613454545,0.638272727,0.666727273,0.705454545,0.727545455,0.763727273,0.7973636359999999,0.821363636,0.8417272729999999,0.849454545,0.835363636,0.8132727270000001,0.791454545,0.794,0.7923636359999999,0.807090909,0.7962727270000001,0.798909091,0.807090909,0.810090909,0.807727273
0.0009090910000000001,0.0009090910000000001,0.0009090910000000001,0.0009090910000000001,0.000454545,0.000454545,0.000454545,0.00530303,0.017727273,0.020757576,0.031969697000000005,0.043787879,0.047272727,0.047424242,0.101060606,0.115,0.115,0.115,0.145,0.13257575800000002,0.129393939,0.11818181800000001,0.118939394,0.119393939,0.123787879,0.071969697,0.070909091,0.086515152,0.09530303,0.071969697
0.727272727,0.727272727,0.818181818,0.727272727,0.636363636,0.545454545,0.454545455,0.454545455,0.454545455,0.454545455,0.545454545,0.545454545,0.636363636,0.636363636,0.727272727,0.818181818,0.818181818,0.9090909090000001,0.9090909090000001,0.818181818,0.727272727,0.636363636,0.636363636,0.636363636,0.636363636,0.636363636,0.636363636,0.727272727,0.727272727,0.727272727
0.615757576,0.625,0.631060606,0.6365151520000001,0.6434848479999999,0.654393939,0.658484848,0.656515152,0.654393939,0.652424242,0.6456060610000001,0.6365151520000001,0.625454545,0.624242424,0.618939394,0.61469697,0.612424242,0.6133333329999999,0.6131818179999999,0.613939394,0.620909091,0.631969697,0.637575758,0.642424242,0.6416666670000001,0.646515152,0.642575758,0.639090909,0.6384848479999999,0.64
0.7077272729999999,0.715151515,0.721818182,0.72530303,0.733484848,0.7486363640000001,0.7566666670000001,0.750151515,0.73969697,0.731666667,0.717272727,0.701666667,0.684242424,0.681818182,0.673333333,0.665757576,0.660606061,0.656363636,0.656212121,0.663333333,0.6771212120000001,0.694090909,0.69969697,0.705909091,0.703030303,0.7107575759999999,0.701969697,0.6974242420000001,0.696515152,0.696212121
0.5422727270000001,0.5486363639999999,0.558939394,0.5663636360000001,0.570151515,0.578030303,0.580454545,0.580909091,0.584242424,0.587272727,0.588333333,0.585454545,0.582424242,0.576515152,0.574848485,0.57530303,0.574545455,0.579545455,0.579242424,0.575757576,0.5763636360000001,0.580757576,0.586363636,0.589848485,0.593787879,0.596363636,0.59469697,0.5927272729999999,0.592424242,0.594848485
0.594166667,0.56625,0.5499166670000001,0.551583333,0.555416667,0.552666667,0.538833333,0.5489999999999999,0.58775,0.620583333,0.633083333,0.6535,0.68275,0.70275,0.743833333,0.7729166670000001,0.796666667,0.8215,0.848333333,0.842666667,0.819583333,0.79625,0.79625,0.7979166670000001,0.7959166670000001,0.8068333329999999,0.8051666670000001,0.805583333,0.8111666670000001,0.8171666670000001
0.000972222,0.000833333,0.000833333,0.000833333,0.000833333,0.00041666699999999996,0.00041666699999999996,0.0048611109999999996,0.01625,0.019166667,0.029305556,0.040416667,0.043333332999999995,0.043472222000000005,0.092638889,0.10541666699999999,0.10541666699999999,0.10541666699999999,0.137361111,0.132916667,0.121527778,0.11861111099999999,0.120138889,0.112638889,0.113611111,0.11513888900000001,0.07777777799999999,0.079305556,0.08736111099999999,0.097916667
0.75,0.666666667,0.75,0.75,0.666666667,0.583333333,0.5,0.5,0.5,0.5,0.5,0.583333333,0.583333333,0.666666667,0.666666667,0.75,0.75,0.833333333,0.916666667,0.833333333,0.75,0.666666667,0.666666667,0.666666667,0.666666667,0.666666667,0.666666667,0.666666667,0.75,0.75
0.61125,0.622083333,0.6283333329999999,0.6333333329999999,0.64125,0.647638889,0.654166667,0.655972222,0.6531944439999999,0.648055556,0.6443055560000001,0.639305556,0.630972222,0.627638889,0.622222222,0.62125,0.619166667,0.6165277779999999,0.614444444,0.614166667,0.617361111,0.625555556,0.6319444439999999,0.636388889,0.6425,0.642638889,0.642916667,0.6415277779999999,0.640416667,0.638888889
0.70375,0.714027778,0.7198611109999999,0.7226388890000001,0.7313888890000001,0.7376388890000001,0.748194444,0.749027778,0.740833333,0.728888889,0.7193055559999999,0.708333333,0.6925,0.689305556,0.6781944440000001,0.6768055559999999,0.6708333329999999,0.663611111,0.656944444,0.66125,0.671527778,0.6848611109999999,0.692222222,0.6963888890000001,0.706527778,0.704722222,0.7030555559999999,0.6998611109999999,0.696527778,0.693472222
0.539861111,0.546111111,0.554444444,0.562083333,0.56875,0.575,0.5776388889999999,0.581944444,0.582777778,0.5822222220000001,0.583472222,0.5840277779999999,0.582916667,0.58,0.576666667,0.576944444,0.5790277779999999,0.5790277779999999,0.580833333,0.578055556,0.575,0.5775,0.5822222220000001,0.586944444,0.5904166670000001,0.594861111,0.595138889,0.595,0.5954166670000001,0.594861111
0.6,0.581769231,0.555769231,0.5479999999999999,0.547923077,0.553076923,0.556230769,0.5616923079999999,0.577769231,0.610923077,0.638153846,0.647538462,0.6693076920000001,0.682,0.719692308,0.7538461540000001,0.7741538459999999,0.798692308,0.829153846,0.842153846,0.827538462,0.803384615,0.8003076920000001,0.799692308,0.800769231,0.796538462,0.814230769,0.810846154,0.809461538,0.817615385
0.000897436,0.000897436,0.0007692310000000001,0.0007692310000000001,0.0007692310000000001,0.0007692310000000001,0.000384615,0.004487179,0.015,0.017692308,0.027179487000000002,0.037307692,0.04025641,0.040128205,0.085512821,0.09730769199999999,0.09730769199999999,0.09730769199999999,0.126794872,0.126794872,0.12269230800000001,0.112179487,0.120384615,0.11423076900000001,0.107820513,0.106410256,0.117179487,0.085,0.08064102599999999,0.090384615
0.692307692,0.692307692,0.692307692,0.692307692,0.692307692,0.615384615,0.538461538,0.538461538,0.538461538,0.538461538,0.538461538,0.538461538,0.615384615,0.615384615,0.692307692,0.692307692,0.692307692,0.7692307690000001,0.846153846,0.846153846,0.7692307690000001,0.692307692,0.692307692,0.692307692,0.692307692,0.692307692,0.692307692,0.692307692,0.692307692,0.7692307690000001
0.607820513,0.617435897,0.625384615,0.630641026,0.637948718,0.64525641,0.647948718,0.6521794870000001,0.652948718,0.647435897,0.640897436,0.638589744,0.633974359,0.632564103,0.625512821,0.624102564,0.624871795,0.622435897,0.617307692,0.61525641,0.617307692,0.621923077,0.626025641,0.631282051,0.6369230770000001,0.643333333,0.639615385,0.6419230770000001,0.642564103,0.6406410260000001
0.7006410259999999,0.709871795,0.718461538,0.7207692309999999,0.728461538,0.735384615,0.7380769229999999,0.741794872,0.7405128209999999,0.7307692309999999,0.717692308,0.710897436,0.699358974,0.696538462,0.685384615,0.681025641,0.680641026,0.672820513,0.663589744,0.661538462,0.668974359,0.679102564,0.683846154,0.68974359,0.6976923079999999,0.7078205129999999,0.698076923,0.701025641,0.698846154,0.6937179490000001
0.536025641,0.5435897439999999,0.551666667,0.557692308,0.564615385,0.573333333,0.574871795,0.579230769,0.583589744,0.581025641,0.5791025639999999,0.579871795,0.581794872,0.580641026,0.579871795,0.578461538,0.58025641,0.5828205129999999,0.58025641,0.579615385,0.577179487,0.576153846,0.5791025639999999,0.583076923,0.5876923079999999,0.591666667,0.593846154,0.595384615,0.597307692,0.597435897
0.609714286,0.588071429,0.570928571,0.553571429,0.544857143,0.546285714,0.5563571429999999,0.576214286,0.5875,0.6,0.627928571,0.651214286,0.662642857,0.669571429,0.6992142859999999,0.730714286,0.756357143,0.777642857,0.807428571,0.8247857140000001,0.828142857,0.8119285709999999,0.806642857,0.8032142859999999,0.8022142859999999,0.8009999999999999,0.804142857,0.818857143,0.8140714290000001,0.815571429
0.000833333,0.000833333,0.000833333,0.0007142860000000001,0.0007142860000000001,0.0007142860000000001,0.0007142860000000001,0.004166667,0.013928571,0.016428571,0.025238095,0.034761905,0.037380952,0.0375,0.079404762,0.090357143,0.090357143,0.090357143,0.117738095,0.117738095,0.117738095,0.11392857099999999,0.11428571400000001,0.114880952,0.109642857,0.101547619,0.108928571,0.12107142900000001,0.08583333300000001,0.083928571
0.642857143,0.642857143,0.7142857140000001,0.642857143,0.642857143,0.642857143,0.571428571,0.571428571,0.571428571,0.571428571,0.571428571,0.571428571,0.571428571,0.642857143,0.642857143,0.7142857140000001,0.642857143,0.7142857140000001,0.7857142859999999,0.7857142859999999,0.7857142859999999,0.7142857140000001,0.7142857140000001,0.7142857140000001,0.7142857140000001,0.7142857140000001,0.7142857140000001,0.7142857140000001,0.7142857140000001,0.7142857140000001
0.604880952,0.613809524,0.620833333,0.627738095,0.635119048,0.641904762,0.645714286,0.646547619,0.649642857,0.6476190479999999,0.640833333,0.635833333,0.6336904760000001,0.635238095,0.630238095,0.62702381,0.627261905,0.6275,0.622738095,0.6178571429999999,0.618095238,0.621547619,0.622619048,0.625833333,0.6321428570000001,0.638095238,0.64047619,0.638928571,0.642857143,0.6426190479999999
0.697857143,0.7065476190000001,0.7142857140000001,0.719404762,0.726309524,0.7323809520000001,0.7359523809999999,0.7328571429999999,0.734404762,0.731190476,0.720238095,0.71,0.7023809520000001,0.702619048,0.692380952,0.6875,0.684285714,0.6817857140000001,0.672142857,0.667380952,0.668690476,0.6761904759999999,0.6785714290000001,0.682142857,0.691428571,0.69952381,0.7014285709999999,0.6965476190000001,0.7,0.6960714290000001
0.533571429,0.539761905,0.548928571,0.554880952,0.560357143,0.5691666670000001,0.573333333,0.576547619,0.580952381,0.5819047620000001,0.578214286,0.576071429,0.578095238,0.579761905,0.58047619,0.581309524,0.581428571,0.583690476,0.583690476,0.5791666670000001,0.578690476,0.578095238,0.577738095,0.5801190479999999,0.584047619,0.589047619,0.590952381,0.594166667,0.5975,0.599047619
0.6203333329999999,0.597933333,0.577533333,0.567866667,0.550266667,0.543533333,0.5498,0.575,0.599333333,0.6076,0.6166,0.6408,0.6650666670000001,0.663333333,0.686466667,0.710866667,0.7346,0.7608,0.7872,0.8048,0.812866667,0.813533333,0.8144,0.8089333329999999,0.805333333,0.802333333,0.8078,0.809133333,0.821333333,0.819466667
0.005555556,0.000777778,0.000777778,0.000777778,0.000666667,0.000666667,0.000666667,0.004222222,0.013000000000000001,0.015333333000000001,0.023555556000000002,0.032444443999999996,0.035,0.035,0.074333333,0.08433333300000001,0.08433333300000001,0.08433333300000001,0.109888889,0.109888889,0.109888889,0.109888889,0.11577777800000001,0.109555556,0.110555556,0.10366666699999999,0.10422222199999999,0.113111111,0.119444444,0.088555556
0.666666667,0.6,0.666666667,0.666666667,0.6,0.6,0.6,0.6,0.6,0.6,0.6,0.6,0.6,0.6,0.666666667,0.666666667,0.666666667,0.666666667,0.7333333329999999,0.7333333329999999,0.7333333329999999,0.7333333329999999,0.7333333329999999,0.7333333329999999,0.7333333329999999,0.7333333329999999,0.7333333329999999,0.7333333329999999,0.7333333329999999,0.7333333329999999
0.6012222220000001,0.610666667,0.617222222,0.6233333329999999,0.6321111110000001,0.639,0.642555556,0.644555556,0.644555556,0.644888889,0.641444444,0.6361111110000001,0.631444444,0.634888889,0.632888889,0.6313333329999999,0.629777778,0.629555556,0.627444444,0.622888889,0.6203333329999999,0.622,0.622222222,0.6226666670000001,0.627,0.633555556,0.635777778,0.639777778,0.64,0.642888889
0.6920000000000001,0.703555556,0.710888889,0.7154444440000001,0.724666667,0.7301111109999999,0.7331111109999999,0.731222222,0.726555556,0.7261111109999999,0.721333333,0.712888889,0.7021111109999999,0.7052222220000001,0.698333333,0.693888889,0.6901111109999999,0.685111111,0.680555556,0.675111111,0.673666667,0.675444444,0.6758888890000001,0.677333333,0.684222222,0.693555556,0.6941111109999999,0.699777778,0.695888889,0.697333333
0.531,0.537222222,0.545,0.552111111,0.5575555560000001,0.564888889,0.5694444439999999,0.575,0.578333333,0.579555556,0.5792222220000001,0.5754444439999999,0.574666667,0.576444444,0.579666667,0.581777778,0.583888889,0.584555556,0.584444444,0.582444444,0.578333333,0.579444444,0.579444444,0.578777778,0.5812222220000001,0.585555556,0.588555556,0.591444444,0.5962222220000001,0.599111111
0.623125,0.608625,0.5874375,0.57425,0.563875,0.5486875,0.547,0.5676875,0.59675,0.6174375,0.6226875,0.629375,0.6544375,0.6655625,0.6795625,0.6981875,0.71575,0.740125,0.7708125,0.7859999999999999,0.794875,0.800125,0.81575,0.8160625,0.8105625,0.80525,0.808625,0.81225,0.8120625,0.8259375
0.006770833,0.005208333,0.000729167,0.000729167,0.000729167,0.000625,0.000625,0.003958333,0.0125,0.014375,0.022083332999999997,0.030416667,0.0328125,0.032916667000000004,0.0696875,0.079270833,0.0790625,0.0790625,0.103020833,0.103020833,0.103020833,0.103020833,0.111875,0.11125,0.105833333,0.10489583300000001,0.10604166699999999,0.1084375,0.11208333300000001,0.11989583300000001
0.6875,0.625,0.625,0.625,0.625,0.5625,0.5625,0.625,0.625,0.625,0.625,0.625,0.625,0.625,0.625,0.6875,0.625,0.6875,0.6875,0.6875,0.6875,0.6875,0.75,0.75,0.75,0.75,0.75,0.75,0.75,0.75
0.59875,0.606875,0.6140625,0.619791667,0.627708333,0.6359375,0.639791667,0.6416666670000001,0.6428125,0.640416667,0.639270833,0.636979167,0.631979167,0.632708333,0.632708333,0.63375,0.633645833,0.6317708329999999,0.629375,0.627291667,0.624895833,0.6238541670000001,0.622604167,0.622291667,0.6239583329999999,0.628645833,0.6316666670000001,0.635416667,0.640729167,0.640208333
0.6890625,0.697708333,0.7078125,0.7121875,0.720625,0.7283333329999999,0.7309375,0.728854167,0.7254166670000001,0.7192708329999999,0.7171875,0.714375,0.7053125,0.7047916670000001,0.701041667,0.699375,0.6959375,0.690520833,0.68375,0.6828125,0.680520833,0.6796875,0.6752083329999999,0.674895833,0.679583333,0.686666667,0.688854167,0.693020833,0.698958333,0.6936458329999999
0.5294791670000001,0.5345833329999999,0.542291667,0.548229167,0.554791667,0.5619791670000001,0.565416667,0.57125,0.576770833,0.5771875,0.5771875,0.5765625,0.5741666670000001,0.573333333,0.5765625,0.5809375,0.5841666670000001,0.586666667,0.585208333,0.583229167,0.5814583329999999,0.5790625,0.580625,0.5803125,0.5798958329999999,0.5828125,0.5853125,0.589166667,0.593541667,0.5978125
0.610941176,0.611941176,0.598117647,0.583764706,0.570117647,0.561588235,0.551647059,0.564,0.588588235,0.613941176,0.631058824,0.6343529410000001,0.642882353,0.655529412,0.680705882,0.691,0.7035294120000001,0.7220588240000001,0.7507647059999999,0.7706470590000001,0.7777647059999999,0.7839411759999999,0.8029999999999999,0.8172352940000001,0.8171764709999999,0.8101764709999999,0.8109999999999999,0.812764706,0.8148235290000001,0.8169411759999999
0.006372549,0.006372549,0.004901961,0.000686275,0.000686275,0.000686275,0.000588235,0.00372549,0.011764706000000002,0.013823529,0.020784313999999998,0.028627451,0.030882352999999998,0.030980392000000002,0.065686275,0.074607843,0.074607843,0.074411765,0.09696078400000001,0.09696078400000001,0.09696078400000001,0.09696078400000001,0.105294118,0.10784313699999999,0.107647059,0.100784314,0.107058824,0.10990196099999999,0.10774509800000001,0.11294117599999999
0.647058824,0.647058824,0.647058824,0.588235294,0.588235294,0.588235294,0.529411765,0.588235294,0.647058824,0.647058824,0.647058824,0.647058824,0.647058824,0.647058824,0.647058824,0.647058824,0.647058824,0.647058824,0.705882353,0.647058824,0.647058824,0.647058824,0.705882353,0.764705882,0.764705882,0.764705882,0.764705882,0.764705882,0.764705882,0.764705882
0.600490196,0.604215686,0.610294118,0.6166666670000001,0.624117647,0.631568627,0.636862745,0.6391176470000001,0.640196078,0.639019608,0.6353921570000001,0.635196078,0.633039216,0.633137255,0.630784314,0.633529412,0.635784314,0.635294118,0.631470588,0.6291176470000001,0.628921569,0.627941176,0.624313725,0.622647059,0.623529412,0.625686275,0.627156863,0.631568627,0.636568627,0.640882353
0.6907843140000001,0.694607843,0.7020588240000001,0.709215686,0.7172549020000001,0.724313725,0.729215686,0.7270588240000001,0.723529412,0.7186274509999999,0.71127451,0.710882353,0.707156863,0.707647059,0.700882353,0.701862745,0.7009803920000001,0.6959803920000001,0.688921569,0.685686275,0.68745098,0.6857843140000001,0.6792156859999999,0.674313725,0.677156863,0.682156863,0.6826470590000001,0.688137255,0.692647059,0.696666667
0.53127451,0.532941176,0.539509804,0.545490196,0.550980392,0.559117647,0.562647059,0.567352941,0.573137255,0.575784314,0.575098039,0.5748039220000001,0.575294118,0.572941176,0.573627451,0.5779411760000001,0.583235294,0.586764706,0.5871568629999999,0.584019608,0.5822549020000001,0.581960784,0.580196078,0.581372549,0.58127451,0.581470588,0.582745098,0.586078431,0.59127451,0.595196078
0.599444444,0.601055556,0.601833333,0.594055556,0.579333333,0.5676111110000001,0.563666667,0.5674444439999999,0.583944444,0.6052777779999999,0.627,0.641611111,0.646833333,0.644555556,0.6703888889999999,0.691444444,0.696444444,0.7101666670000001,0.7331111109999999,0.751722222,0.7637222220000001,0.768388889,0.7875555559999999,0.805111111,0.818222222,0.816444444,0.815333333,0.814777778,0.8151666670000001,0.819277778
0.006018519,0.006018519,0.006018519,0.00462963,0.000648148,0.000648148,0.000648148,0.0035185190000000003,0.011111111000000002,0.013055556000000001,0.019907407,0.027037037000000003,0.029166667,0.029259259,0.062037037,0.07055555599999999,0.070462963,0.070462963,0.091574074,0.091574074,0.091574074,0.091574074,0.099444444,0.10185185199999999,0.10462963,0.10277777800000001,0.10305555599999999,0.110648148,0.109166667,0.108796296
0.611111111,0.611111111,0.666666667,0.611111111,0.5555555560000001,0.5555555560000001,0.5555555560000001,0.5555555560000001,0.611111111,0.666666667,0.666666667,0.666666667,0.666666667,0.666666667,0.666666667,0.666666667,0.611111111,0.666666667,0.666666667,0.666666667,0.611111111,0.611111111,0.666666667,0.7222222220000001,0.7777777779999999,0.7777777779999999,0.7777777779999999,0.7777777779999999,0.7777777779999999,0.7777777779999999
0.603611111,0.605555556,0.607592593,0.612962963,0.620925926,0.627962963,0.632685185,0.636388889,0.63787037,0.636759259,0.634351852,0.631759259,0.631574074,0.6340740739999999,0.631296296,0.6316666670000001,0.6354629629999999,0.637222222,0.634814815,0.6311111110000001,0.630555556,0.631574074,0.628148148,0.624259259,0.623796296,0.625185185,0.624444444,0.627314815,0.63287037,0.6369444439999999
0.695185185,0.6959259259999999,0.698888889,0.703703704,0.714166667,0.7209259259999999,0.72537037,0.725648148,0.72212963,0.7172222220000001,0.7111111109999999,0.705648148,0.7042592590000001,0.7092592590000001,0.7037962959999999,0.701666667,0.7032407409999999,0.700740741,0.6941666670000001,0.690462963,0.6899074070000001,0.6920370370000001,0.685,0.678148148,0.6764814809999999,0.679722222,0.6786111109999999,0.682314815,0.6880555559999999,0.6908333329999999
0.532685185,0.534444444,0.537685185,0.542685185,0.548240741,0.555277778,0.5599074070000001,0.56462963,0.569351852,0.572407407,0.573888889,0.5729629629999999,0.573703704,0.574074074,0.573240741,0.5750925929999999,0.580277778,0.5857407410000001,0.5872222220000001,0.585925926,0.583055556,0.582685185,0.58287037,0.580925926,0.5822222220000001,0.582685185,0.581481481,0.583611111,0.588240741,0.592962963
0.593157895,0.590684211,0.592052632,0.5977894739999999,0.589315789,0.576473684,0.5692631579999999,0.578,0.586157895,0.6,0.618105263,0.637210526,0.6530526320000001,0.6482105260000001,0.659210526,0.681105263,0.696578947,0.703105263,0.721263158,0.7349473679999999,0.746157895,0.7555789470000001,0.772631579,0.7903684209999999,0.806684211,0.8174736840000001,0.821,0.818684211,0.816947368,0.819368421
0.005701754,0.005701754,0.005701754,0.005701754,0.004385965,0.000614035,0.000614035,0.003421053,0.010526316,0.012368421000000001,0.018859649,0.025877193,0.027631579,0.027719298,0.05877193,0.066842105,0.066842105,0.066754386,0.086929825,0.086754386,0.086754386,0.086754386,0.094210526,0.09649122800000001,0.099122807,0.100175439,0.104824561,0.10666666699999999,0.109912281,0.110087719
0.578947368,0.578947368,0.6315789470000001,0.6315789470000001,0.578947368,0.526315789,0.526315789,0.578947368,0.578947368,0.6315789470000001,0.684210526,0.684210526,0.684210526,0.684210526,0.684210526,0.684210526,0.6315789470000001,0.6315789470000001,0.684210526,0.6315789470000001,0.6315789470000001,0.578947368,0.6315789470000001,0.684210526,0.736842105,0.7894736840000001,0.7894736840000001,0.7894736840000001,0.7894736840000001,0.7894736840000001
0.604649123,0.608245614,0.608684211,0.610263158,0.6171929820000001,0.624736842,0.629210526,0.63245614,0.635350877,0.634736842,0.63245614,0.630964912,0.628508772,0.632631579,0.6322807020000001,0.6321052629999999,0.633596491,0.636842105,0.6366666670000001,0.6342982460000001,0.632368421,0.632982456,0.6315789470000001,0.627894737,0.625263158,0.625350877,0.624035088,0.624736842,0.62877193,0.633421053
0.697105263,0.6998245609999999,0.6999122809999999,0.700614035,0.7086842109999999,0.717807018,0.722105263,0.722192982,0.721052632,0.71622807,0.710175439,0.705789474,0.6996491229999999,0.706403509,0.7055263159999999,0.704385965,0.702982456,0.702894737,0.69877193,0.695350877,0.694210526,0.6941228070000001,0.690964912,0.683684211,0.68,0.678947368,0.6764912279999999,0.678508772,0.68254386,0.686578947
0.5315789470000001,0.535614035,0.5388596489999999,0.540789474,0.545438596,0.55245614,0.55622807,0.561929825,0.566666667,0.568859649,0.570789474,0.571929825,0.5720175439999999,0.572631579,0.574298246,0.5746491229999999,0.57745614,0.582807018,0.58622807,0.586052632,0.584912281,0.583421053,0.5835087720000001,0.583421053,0.5817543860000001,0.5835087720000001,0.582631579,0.582368421,0.585789474,0.59
0.59025,0.58515,0.58265,0.5887,0.5931,0.5861,0.5776,0.5826,0.59525,0.6013,0.61245,0.62825,0.6483,0.65405,0.66195,0.66995,0.6865,0.7029,0.7140000000000001,0.7236,0.7305,0.7393,0.76025,0.77605,0.7926,0.80655,0.82175,0.8239,0.82055,0.82085
0.005416666999999999,0.005416666999999999,0.005416666999999999,0.005416666999999999,0.005416666999999999,0.004166667,0.000583333,0.00325,0.010083333,0.01175,0.017916667,0.024583333,0.0265,0.026333332999999997,0.055833333,0.0635,0.0635,0.0635,0.082583333,0.082583333,0.082416667,0.082416667,0.0895,0.091666667,0.094166667,0.095166667,0.10225,0.108166667,0.10616666699999999,0.11075
0.55,0.55,0.6,0.6,0.6,0.55,0.5,0.55,0.6,0.6,0.65,0.7,0.7,0.7,0.7,0.7,0.65,0.65,0.65,0.65,0.6,0.6,0.6,0.65,0.7,0.75,0.8,0.8,0.8,0.8
0.603666667,0.609,0.611083333,0.611166667,0.6144166670000001,0.621,0.626083333,0.629166667,0.6316666670000001,0.6325,0.63075,0.6293333329999999,0.627916667,0.6296666670000001,0.631,0.633,0.633916667,0.635,0.636333333,0.636083333,0.635333333,0.6345833329999999,0.632916667,0.631166667,0.6286666670000001,0.6266666670000001,0.62425,0.6243333329999999,0.62625,0.6295
0.6951666670000001,0.701416667,0.703416667,0.7015,0.7055,0.7124166670000001,0.7190833329999999,0.71925,0.718,0.7155,0.709583333,0.7051666670000001,0.7000833329999999,0.701916667,0.703,0.706,0.7055,0.702666667,0.700916667,0.699666667,0.698666667,0.698,0.693,0.689416667,0.6851666670000001,0.6821666670000001,0.6759166670000001,0.6765,0.6789166670000001,0.681416667
0.5305,0.534416667,0.53975,0.54175,0.5435,0.549583333,0.5535,0.558333333,0.564,0.566333333,0.5675,0.569083333,0.5710833329999999,0.5710833329999999,0.572916667,0.575583333,0.576916667,0.58,0.583416667,0.5851666670000001,0.5850833329999999,0.5851666670000001,0.5841666670000001,0.584,0.5840833329999999,0.583,0.583416667,0.583416667,0.5845,0.587583333
0.584952381,0.582761905,0.577761905,0.5799047620000001,0.584666667,0.5898571429999999,0.586714286,0.5899047620000001,0.598809524,0.609238095,0.613095238,0.622380952,0.639238095,0.64947619,0.666857143,0.6720476190000001,0.6756190479999999,0.693,0.7132857140000001,0.716571429,0.719904762,0.724714286,0.74452381,0.764095238,0.778857143,0.793142857,0.811142857,0.82447619,0.8254285709999999,0.824095238
0.00515873,0.00515873,0.00515873,0.00515873,0.00515873,0.00515873,0.003968254,0.0030952379999999997,0.009603175,0.011269841000000001,0.017063492,0.023412698,0.025238095,0.02531746,0.053174603,0.06047619,0.06047619,0.06047619,0.07873015900000001,0.07865079400000001,0.07865079400000001,0.078492063,0.085238095,0.08730158699999999,0.08968254,0.090634921,0.09738095199999999,0.105555556,0.10761904800000001,0.107142857
0.571428571,0.523809524,0.571428571,0.571428571,0.571428571,0.571428571,0.523809524,0.523809524,0.571428571,0.6190476189999999,0.6190476189999999,0.666666667,0.7142857140000001,0.7142857140000001,0.7142857140000001,0.7142857140000001,0.666666667,0.666666667,0.666666667,0.6190476189999999,0.6190476189999999,0.571428571,0.6190476189999999,0.6190476189999999,0.666666667,0.7142857140000001,0.761904762,0.80952381,0.80952381,0.80952381
0.603253968,0.6078571429999999,0.611666667,0.6133333329999999,0.615079365,0.6181746029999999,0.622460317,0.626190476,0.628571429,0.629126984,0.628809524,0.627857143,0.6265079370000001,0.629047619,0.628253968,0.631746032,0.63468254,0.635238095,0.634603175,0.635793651,0.6369841270000001,0.6373015870000001,0.634444444,0.632460317,0.631746032,0.62984127,0.625555556,0.62452381,0.6257936510000001,0.627063492
0.693015873,0.6993650790000001,0.704761905,0.704761905,0.7061111109999999,0.709206349,0.713888889,0.716507937,0.715396825,0.7128571429999999,0.709206349,0.70484127,0.699761905,0.7022222220000001,0.698888889,0.703571429,0.706984127,0.705079365,0.7007936509999999,0.701666667,0.702619048,0.7020634920000001,0.6967460320000001,0.691428571,0.690555556,0.686984127,0.679126984,0.675952381,0.676984127,0.678015873
0.531349206,0.533253968,0.538412698,0.5424603170000001,0.544285714,0.547539683,0.550714286,0.555634921,0.56047619,0.563809524,0.56515873,0.5660317460000001,0.5684126979999999,0.570238095,0.571428571,0.574206349,0.577698413,0.579365079,0.580714286,0.5825396829999999,0.584285714,0.58531746,0.585793651,0.584603175,0.584603175,0.58515873,0.582936508,0.584126984,0.585396825,0.586269841
0.577181818,0.578045455,0.575818182,0.5753636360000001,0.576454545,0.581954545,0.590272727,0.598045455,0.605045455,0.612,0.6201363639999999,0.622545455,0.633136364,0.640772727,0.6619090910000001,0.6762727270000001,0.6773636359999999,0.682318182,0.703363636,0.715772727,0.713363636,0.7148636359999999,0.730363636,0.7489090909999999,0.767318182,0.78,0.7981363640000001,0.814227273,0.825909091,0.8285909090000001
0.0049242420000000005,0.0049242420000000005,0.0049242420000000005,0.0049242420000000005,0.0049242420000000005,0.0049242420000000005,0.0049242420000000005,0.006212121,0.009166667,0.010757576000000001,0.016363636,0.022348485,0.024090909,0.024166667000000003,0.050984848,0.057727272999999996,0.057727272999999996,0.057727272999999996,0.075151515,0.075151515,0.07507575799999999,0.07507575799999999,0.081363636,0.083333333,0.085606061,0.086515152,0.092954545,0.100757576,0.105151515,0.10848484800000001
0.545454545,0.545454545,0.545454545,0.545454545,0.545454545,0.545454545,0.545454545,0.545454545,0.545454545,0.590909091,0.636363636,0.636363636,0.681818182,0.727272727,0.727272727,0.727272727,0.681818182,0.681818182,0.681818182,0.636363636,0.590909091,0.590909091,0.590909091,0.636363636,0.636363636,0.681818182,0.727272727,0.772727273,0.818181818,0.818181818
0.6043939389999999,0.607272727,0.610454545,0.613787879,0.616969697,0.618636364,0.61969697,0.622727273,0.625757576,0.6262878789999999,0.625757576,0.626136364,0.6252272729999999,0.627651515,0.627727273,0.629090909,0.633409091,0.635909091,0.634848485,0.634166667,0.6366666670000001,0.638787879,0.637045455,0.633939394,0.632954545,0.632727273,0.628636364,0.625757576,0.625909091,0.626590909
0.694242424,0.697121212,0.702651515,0.7059848479999999,0.709015152,0.7096212120000001,0.7107575759999999,0.711666667,0.712954545,0.7106060609999999,0.706969697,0.70469697,0.69969697,0.701818182,0.6993181820000001,0.699621212,0.704621212,0.706515152,0.703181818,0.701515152,0.704393939,0.705681818,0.700681818,0.695075758,0.6924242420000001,0.692045455,0.6838636359999999,0.6790151520000001,0.6764393940000001,0.6762121209999999
0.531212121,0.533939394,0.5371212120000001,0.541060606,0.544848485,0.548106061,0.548712121,0.552878788,0.55780303,0.560454545,0.56280303,0.563863636,0.565530303,0.5677272729999999,0.570606061,0.5727272729999999,0.576287879,0.58,0.580075758,0.58,0.581818182,0.584545455,0.585909091,0.586136364,0.585151515,0.585606061,0.585,0.583636364,0.585984848,0.587045455
0.56926087,0.570913043,0.571608696,0.573608696,0.57226087,0.574217391,0.5826956520000001,0.600956522,0.612173913,0.617391304,0.622304348,0.628869565,0.632826087,0.634869565,0.653043478,0.671130435,0.681173913,0.683695652,0.692695652,0.706173913,0.71273913,0.708826087,0.7206956520000001,0.735173913,0.7526521740000001,0.768913043,0.785347826,0.8016521740000001,0.816043478,0.828913043
0.004710145,0.004710145,0.004710145,0.004710145,0.004710145,0.004710145,0.004710145,0.007028986,0.011884058000000001,0.010289855,0.015652173999999998,0.021449275,0.023043478,0.023115942,0.04876811599999999,0.055434783,0.055217391,0.055217391,0.071884058,0.071884058,0.071884058,0.071811594,0.077971014,0.079710145,0.081884058,0.082753623,0.08891304300000001,0.09637681199999999,0.10057971,0.106086957
0.52173913,0.52173913,0.565217391,0.52173913,0.52173913,0.52173913,0.52173913,0.565217391,0.565217391,0.565217391,0.608695652,0.6521739129999999,0.6521739129999999,0.695652174,0.739130435,0.739130435,0.695652174,0.695652174,0.695652174,0.6521739129999999,0.608695652,0.565217391,0.608695652,0.608695652,0.6521739129999999,0.6521739129999999,0.695652174,0.739130435,0.7826086959999999,0.826086957
0.604565217,0.608188406,0.609782609,0.6125362320000001,0.6172463770000001,0.620289855,0.6200724639999999,0.6200724639999999,0.6224637679999999,0.623695652,0.623188406,0.6233333329999999,0.623695652,0.6263768120000001,0.626449275,0.628550725,0.630797101,0.6346376810000001,0.635507246,0.63442029,0.635072464,0.638405797,0.638478261,0.636449275,0.6343478260000001,0.63384058,0.631449275,0.628695652,0.627028986,0.6266666670000001
0.6952173909999999,0.698115942,0.700362319,0.703913043,0.71,0.712246377,0.711086957,0.7087681159999999,0.7084782609999999,0.7084782609999999,0.705072464,0.702753623,0.6997826090000001,0.701666667,0.6990579709999999,0.7,0.7007971009999999,0.7042753620000001,0.7046376809999999,0.7037681159999999,0.704130435,0.707246377,0.7042028990000001,0.698913043,0.695869565,0.693768116,0.68884058,0.683550725,0.679347826,0.6757246379999999
0.529202899,0.533695652,0.537608696,0.539710145,0.543405797,0.548478261,0.549202899,0.550869565,0.555072464,0.557898551,0.559637681,0.561666667,0.563478261,0.565,0.568188406,0.571884058,0.574782609,0.578550725,0.580652174,0.57942029,0.57942029,0.582173913,0.585144928,0.586231884,0.586594203,0.586086957,0.585434783,0.58557971,0.585434783,0.587536232
0.564416667,0.563583333,0.565041667,0.569666667,0.570708333,0.570291667,0.57525,0.59325,0.614375,0.623708333,0.6270416670000001,0.630583333,0.638458333,0.6345,0.646875,0.66225,0.676041667,0.687083333,0.693583333,0.6958333329999999,0.703666667,0.708416667,0.714666667,0.7257083329999999,0.7393333329999999,0.754791667,0.7745,0.78925,0.8039166670000001,0.819333333
0.004513889,0.004513889,0.004513889,0.004513889,0.004513889,0.004513889,0.004513889,0.0067361109999999995,0.012430556,0.012847222,0.015,0.020555556000000003,0.022152777999999998,0.022152777999999998,0.046736111,0.053125,0.053125,0.052916667,0.06888888900000001,0.06888888900000001,0.06888888900000001,0.06888888900000001,0.074722222,0.076527778,0.07847222200000001,0.079305556,0.08520833300000001,0.092361111,0.096388889,0.10166666699999999
0.5,0.5,0.541666667,0.541666667,0.5,0.5,0.5,0.541666667,0.583333333,0.583333333,0.583333333,0.625,0.666666667,0.666666667,0.708333333,0.75,0.708333333,0.708333333,0.708333333,0.666666667,0.625,0.583333333,0.583333333,0.625,0.625,0.666666667,0.666666667,0.708333333,0.75,0.791666667
0.6033333329999999,0.608194444,0.610555556,0.611805556,0.6159027779999999,0.620416667,0.621597222,0.620416667,0.619930556,0.620625,0.620833333,0.620972222,0.621111111,0.624861111,0.625277778,0.627291667,0.630208333,0.632083333,0.634305556,0.635069444,0.635277778,0.636805556,0.638125,0.637847222,0.636736111,0.635138889,0.632569444,0.631388889,0.629791667,0.627708333
0.6946527779999999,0.698888889,0.701180556,0.701666667,0.707847222,0.7130555559999999,0.713541667,0.7091666670000001,0.705833333,0.704375,0.703263889,0.7011111109999999,0.698125,0.701666667,0.6990277779999999,0.699722222,0.7011111109999999,0.700625,0.7025694440000001,0.7051388890000001,0.706180556,0.706875,0.7057638890000001,0.702361111,0.6995138890000001,0.697013889,0.690625,0.688333333,0.683680556,0.6785416670000001
0.5281944439999999,0.531666667,0.537222222,0.540069444,0.542013889,0.546944444,0.549513889,0.55125,0.553055556,0.555277778,0.557222222,0.558680556,0.561388889,0.563055556,0.5655555560000001,0.569513889,0.573888889,0.577013889,0.579236111,0.58,0.578888889,0.579861111,0.582847222,0.585486111,0.586666667,0.587430556,0.585902778,0.585972222,0.5872222220000001,0.586944444
0.56496,0.55916,0.55824,0.5634399999999999,0.56704,0.56888,0.57144,0.58568,0.60644,0.62536,0.63272,0.6348,0.63972,0.63984,0.64604,0.65596,0.66732,0.68192,0.69644,0.6965600000000001,0.69384,0.6998800000000001,0.71404,0.71972,0.7300800000000001,0.74192,0.76072,0.77868,0.79192,0.8075600000000001
0.004333333,0.004333333,0.004333333,0.004333333,0.004333333,0.004333333,0.004333333,0.006466667,0.011933333,0.013333333000000001,0.017266667,0.019733333,0.021266667000000003,0.021333333,0.044866667,0.051,0.051,0.051,0.066133333,0.066133333,0.066133333,0.066133333,0.0718,0.073466667,0.075466667,0.076133333,0.0818,0.08866666699999999,0.09253333300000001,0.0976
0.48,0.48,0.52,0.52,0.52,0.48,0.48,0.52,0.56,0.6,0.6,0.6,0.64,0.68,0.68,0.72,0.72,0.72,0.72,0.68,0.64,0.6,0.6,0.6,0.64,0.64,0.68,0.68,0.72,0.76
0.600733333,0.606866667,0.6104666670000001,0.6124666670000001,0.615066667,0.619,0.6216666670000001,0.621866667,0.620266667,0.618266667,0.618,0.6188,0.618933333,0.6223333329999999,0.623866667,0.626133333,0.628933333,0.631466667,0.631866667,0.633933333,0.635866667,0.636933333,0.6366,0.6375333329999999,0.638066667,0.6374,0.633866667,0.632466667,0.6323333329999999,0.6303333329999999
0.6924,0.6982,0.7018,0.7024,0.705533333,0.710866667,0.7142666670000001,0.7116,0.706333333,0.7020000000000001,0.699533333,0.699533333,0.696733333,0.7,0.699133333,0.699666667,0.7008,0.7009333329999999,0.699133333,0.7031333329999999,0.7074,0.708733333,0.705466667,0.7039333329999999,0.7028,0.700466667,0.693866667,0.6900666670000001,0.688266667,0.6827333329999999
0.5242,0.5306,0.535133333,0.5396,0.542266667,0.545466667,0.5479999999999999,0.551466667,0.553333333,0.553333333,0.5547333329999999,0.5564,0.558533333,0.5610666670000001,0.563666667,0.5669333329999999,0.571533333,0.576066667,0.577733333,0.578666667,0.579466667,0.579333333,0.5806,0.5832666670000001,0.585933333,0.587466667,0.5872,0.5864,0.587533333,0.5886
0.5759615379999999,0.559884615,0.554192308,0.5569615379999999,0.5611538460000001,0.565423077,0.5700384620000001,0.581615385,0.598653846,0.617307692,0.633961538,0.639961538,0.643423077,0.6409999999999999,0.6507307689999999,0.654807692,0.661076923,0.6733076920000001,0.691115385,0.699192308,0.694615385,0.690576923,0.705615385,0.718923077,0.724153846,0.732923077,0.748115385,0.765269231,0.781653846,0.795884615
0.004423077,0.004166667,0.004166667,0.004166667,0.004166667,0.004166667,0.004166667,0.006217949,0.011474358999999998,0.012820513,0.017564103,0.021730769,0.020448718,0.020512821,0.043205127999999995,0.049038462000000005,0.049038462000000005,0.049038462000000005,0.06378205099999999,0.063589744,0.063589744,0.063589744,0.06903846200000001,0.07070512799999999,0.072564103,0.073333333,0.078653846,0.08525641,0.088974359,0.093846154
0.5,0.46153846200000004,0.5,0.5,0.5,0.5,0.46153846200000004,0.5,0.538461538,0.576923077,0.615384615,0.615384615,0.615384615,0.653846154,0.692307692,0.692307692,0.692307692,0.7307692309999999,0.7307692309999999,0.692307692,0.653846154,0.615384615,0.615384615,0.615384615,0.615384615,0.653846154,0.653846154,0.692307692,0.692307692,0.7307692309999999
0.596538462,0.604230769,0.609102564,0.612307692,0.615576923,0.618076923,0.62025641,0.621923077,0.6216666670000001,0.6186538460000001,0.615833333,0.616153846,0.616923077,0.620192308,0.621474359,0.62474359,0.62775641,0.6301923079999999,0.631282051,0.631602564,0.63474359,0.637435897,0.636730769,0.636089744,0.63775641,0.638653846,0.636089744,0.633717949,0.6333333329999999,0.63275641
0.6867307690000001,0.695897436,0.701025641,0.7029487179999999,0.706089744,0.7085256409999999,0.712115385,0.712371795,0.7087820509999999,0.702628205,0.6974358970000001,0.696089744,0.695384615,0.6985897440000001,0.697628205,0.69974359,0.700705128,0.7006410259999999,0.699487179,0.699807692,0.705384615,0.709807692,0.707307692,0.7037179490000001,0.7042948720000001,0.7035897440000001,0.697307692,0.693205128,0.689935897,0.687179487
0.521730769,0.526666667,0.533974359,0.5375,0.541730769,0.5455769229999999,0.546538462,0.549935897,0.553461538,0.5535897439999999,0.552884615,0.5540384620000001,0.556346154,0.558333333,0.561730769,0.565064103,0.568974359,0.573717949,0.576794872,0.57724359,0.578205128,0.579871795,0.580064103,0.581089744,0.583782051,0.586730769,0.58724359,0.587628205,0.587884615,0.588846154
0.587888889,0.570666667,0.555074074,0.553111111,0.555,0.559814815,0.566666667,0.579888889,0.594259259,0.6094074070000001,0.625888889,0.640888889,0.6480740739999999,0.644518519,0.651444444,0.659,0.6597777779999999,0.667074074,0.682481481,0.6939629629999999,0.6972222220000001,0.691444444,0.696444444,0.71062963,0.7232222220000001,0.7271111109999999,0.739222222,0.752962963,0.76862963,0.7858518520000001
0.006111111,0.0042592590000000005,0.004012346,0.004012346,0.004012346,0.004012346,0.004012346,0.005987654,0.011049383000000001,0.012345678999999998,0.01691358,0.021851852,0.022345679,0.019753086,0.041604938,0.047283951,0.047222222,0.047222222,0.061419753,0.061419753,0.061234567999999996,0.061234567999999996,0.066481481,0.06808642,0.069938272,0.070617284,0.075864198,0.082098765,0.085679012,0.09037037
0.518518519,0.481481481,0.481481481,0.481481481,0.481481481,0.481481481,0.481481481,0.481481481,0.518518519,0.5555555560000001,0.592592593,0.62962963,0.62962963,0.62962963,0.666666667,0.703703704,0.666666667,0.703703704,0.740740741,0.703703704,0.666666667,0.62962963,0.62962963,0.62962963,0.62962963,0.62962963,0.666666667,0.666666667,0.703703704,0.703703704
0.594506173,0.600061728,0.606481481,0.6109259260000001,0.615308642,0.61845679,0.619320988,0.620555556,0.621728395,0.6200617279999999,0.616296296,0.6141358020000001,0.614444444,0.6182098770000001,0.619444444,0.6224074070000001,0.626358025,0.629012346,0.6300617279999999,0.631049383,0.632469136,0.636296296,0.637222222,0.636234568,0.636358025,0.638333333,0.6373456789999999,0.6358641979999999,0.634506173,0.633703704
0.683209877,0.6903086420000001,0.698703704,0.702160494,0.706481481,0.7089506170000001,0.709814815,0.71037037,0.70962963,0.705123457,0.698209877,0.6941975309999999,0.692222222,0.6972222220000001,0.696358025,0.698271605,0.700740741,0.700555556,0.6992592590000001,0.700123457,0.702098765,0.707777778,0.708395062,0.705555556,0.7040740740000001,0.705,0.700432099,0.69654321,0.6929629629999999,0.68882716
0.521296296,0.524197531,0.530061728,0.5362962960000001,0.53962963,0.544938272,0.546604938,0.54845679,0.55191358,0.553703704,0.553148148,0.552283951,0.554074074,0.5562345679999999,0.559074074,0.563148148,0.567098765,0.57117284,0.574506173,0.576358025,0.576851852,0.578641975,0.580555556,0.580555556,0.581666667,0.58462963,0.58654321,0.587654321,0.589012346,0.589135802
0.588464286,0.582357143,0.565642857,0.5539999999999999,0.5513571429999999,0.553928571,0.561214286,0.576285714,0.592142857,0.604785714,0.617964286,0.632857143,0.648678571,0.648964286,0.6544642860000001,0.659392857,0.663642857,0.665607143,0.676142857,0.685535714,0.69225,0.6940714290000001,0.6970714290000001,0.7016071429999999,0.7150714290000001,0.726107143,0.733392857,0.744214286,0.756642857,0.7731428570000001
0.005940476,0.005892857,0.004107143,0.003869048,0.003869048,0.003869048,0.003869048,0.00577381,0.010654762,0.011904762,0.016309524,0.021071429,0.022440476,0.021607143,0.040119048,0.045595237999999996,0.045595237999999996,0.045535714000000005,0.05922619,0.05922619,0.05922619,0.059047619,0.06410714299999999,0.065654762,0.067440476,0.06815476200000001,0.073154762,0.07928571400000001,0.082619048,0.08714285699999999
0.535714286,0.5,0.5,0.46428571399999996,0.46428571399999996,0.46428571399999996,0.46428571399999996,0.5,0.5,0.535714286,0.571428571,0.607142857,0.642857143,0.642857143,0.642857143,0.6785714290000001,0.6785714290000001,0.6785714290000001,0.7142857140000001,0.7142857140000001,0.6785714290000001,0.642857143,0.642857143,0.642857143,0.642857143,0.642857143,0.642857143,0.6785714290000001,0.6785714290000001,0.7142857140000001
0.59452381,0.59797619,0.6023809520000001,0.6083333329999999,0.613869048,0.618095238,0.619642857,0.619642857,0.620416667,0.6201785710000001,0.617738095,0.614642857,0.612559524,0.61577381,0.617559524,0.620416667,0.6240476189999999,0.627619048,0.628928571,0.629880952,0.631904762,0.634047619,0.636130952,0.63672619,0.636488095,0.636964286,0.637083333,0.637083333,0.636547619,0.6348214289999999
0.6817857140000001,0.6867857140000001,0.6932142859999999,0.699880952,0.705595238,0.70922619,0.7101785709999999,0.7082142859999999,0.707797619,0.7060714290000001,0.70077381,0.695059524,0.690535714,0.694107143,0.695119048,0.69702381,0.6992857140000001,0.700595238,0.69922619,0.699880952,0.702321429,0.70452381,0.706488095,0.706666667,0.705833333,0.704761905,0.7019047620000001,0.699583333,0.696190476,0.6917857140000001
0.522797619,0.523690476,0.527559524,0.532440476,0.5383928570000001,0.542797619,0.545952381,0.548452381,0.550416667,0.552202381,0.55327381,0.552559524,0.552380952,0.554047619,0.55702381,0.560535714,0.565178571,0.5692857139999999,0.57202381,0.5741666670000001,0.576011905,0.5773214289999999,0.5793452379999999,0.581011905,0.581130952,0.582559524,0.58452381,0.5869642860000001,0.588988095,0.590178571
0.582275862,0.583103448,0.577103448,0.5642413789999999,0.552275862,0.550448276,0.555482759,0.570689655,0.588241379,0.60237931,0.6132068970000001,0.624965517,0.640655172,0.649517241,0.658413793,0.662034483,0.663862069,0.669137931,0.6744137929999999,0.679310345,0.6841724140000001,0.68937931,0.699413793,0.7020344829999999,0.7062068970000001,0.7181379309999999,0.7322068970000001,0.738413793,0.748068966,0.761413793
0.005735631999999999,0.005735631999999999,0.005689655,0.003965517,0.003735632,0.003735632,0.003735632,0.005574713,0.010287356,0.011494253000000001,0.015747126,0.020344828,0.021666667,0.021724137999999997,0.041206897,0.044022989000000005,0.044022989000000005,0.044022989000000005,0.057183908,0.057183908,0.057183908,0.057183908,0.061896552,0.063390805,0.065114943,0.06580459799999999,0.070689655,0.076551724,0.079885057,0.084137931
0.551724138,0.517241379,0.517241379,0.482758621,0.448275862,0.448275862,0.448275862,0.482758621,0.517241379,0.517241379,0.551724138,0.5862068970000001,0.620689655,0.655172414,0.655172414,0.655172414,0.655172414,0.689655172,0.689655172,0.689655172,0.689655172,0.655172414,0.655172414,0.655172414,0.655172414,0.655172414,0.655172414,0.655172414,0.689655172,0.689655172
0.5944252870000001,0.5978735629999999,0.600287356,0.604310345,0.611264368,0.616609195,0.619252874,0.619942529,0.61954023,0.618965517,0.6179310339999999,0.6160919539999999,0.6131034479999999,0.613908046,0.615229885,0.6185632179999999,0.6220689660000001,0.625344828,0.627586207,0.628793103,0.630747126,0.633448276,0.633965517,0.635689655,0.6369540229999999,0.6370689660000001,0.635804598,0.63683908,0.637701149,0.636781609
0.681494253,0.6852873559999999,0.6897126440000001,0.69454023,0.703275862,0.708275862,0.7104022990000001,0.70862069,0.705804598,0.7044252870000001,0.70183908,0.6976436779999999,0.691494253,0.6924137929999999,0.692183908,0.6958045979999999,0.698045977,0.6991954020000001,0.699310345,0.699827586,0.7020114940000001,0.704655172,0.703390805,0.704885057,0.706896552,0.706436782,0.7017816090000001,0.7010344829999999,0.699137931,0.6949425290000001
0.521321839,0.525057471,0.5269540229999999,0.5299425289999999,0.534597701,0.541494253,0.543850575,0.5477586210000001,0.550344828,0.550747126,0.55183908,0.552701149,0.5526436779999999,0.5524137929999999,0.554885057,0.558505747,0.5625862070000001,0.5673563220000001,0.570172414,0.571781609,0.573908046,0.576494253,0.578045977,0.5798275860000001,0.581551724,0.582011494,0.582528736,0.585,0.588275862,0.590114943
0.574666667,0.5773,0.578,0.575366667,0.562233333,0.551366667,0.5520666670000001,0.5648333329999999,0.582433333,0.5982666670000001,0.6106,0.620133333,0.6327666670000001,0.641733333,0.6586333329999999,0.6656,0.666266667,0.669166667,0.677533333,0.677533333,0.6782,0.681666667,0.6947,0.7041333329999999,0.706466667,0.709466667,0.7243,0.7371,0.7423333329999999,0.752966667
0.005544444,0.005544444,0.005544444,0.0055,0.003833333,0.0036111109999999997,0.0036111109999999997,0.005388889,0.009944444,0.011111111000000002,0.015222221999999999,0.019666667,0.020944444,0.021,0.040666667000000004,0.04494444400000001,0.042555555999999994,0.042555555999999994,0.055333333,0.055277778,0.055277778,0.055277778,0.06,0.061277778,0.062944444,0.063611111,0.068333333,0.074055556,0.07722222200000001,0.081444444
0.533333333,0.533333333,0.533333333,0.5,0.46666666700000003,0.433333333,0.433333333,0.46666666700000003,0.5,0.533333333,0.533333333,0.566666667,0.6,0.6333333329999999,0.666666667,0.666666667,0.6333333329999999,0.666666667,0.7,0.666666667,0.666666667,0.666666667,0.666666667,0.666666667,0.666666667,0.666666667,0.666666667,0.666666667,0.666666667,0.7
0.592666667,0.597666667,0.600111111,0.6022222220000001,0.6072777779999999,0.614,0.617777778,0.619555556,0.619833333,0.618166667,0.616833333,0.6163333329999999,0.614555556,0.614388889,0.613444444,0.6162777779999999,0.620222222,0.623388889,0.625388889,0.6275,0.6296666670000001,0.632277778,0.633388889,0.633611111,0.6359444439999999,0.6375,0.6359444439999999,0.635611111,0.637444444,0.637888889
0.6797777779999999,0.6848888890000001,0.6881666670000001,0.6911111109999999,0.698,0.705944444,0.7094444440000001,0.708888889,0.706277778,0.702611111,0.7003888890000001,0.698777778,0.6941111109999999,0.693277778,0.6906111109999999,0.6929444440000001,0.6968333329999999,0.698,0.698,0.699888889,0.701888889,0.704277778,0.703555556,0.7019444440000001,0.7051666670000001,0.7074444440000001,0.7035,0.7009444440000001,0.700555556,0.697833333
0.5187222220000001,0.523555556,0.528166667,0.529277778,0.532111111,0.5377222220000001,0.542555556,0.545666667,0.549611111,0.550666667,0.550444444,0.551333333,0.5527777779999999,0.552666667,0.553277778,0.5563888889999999,0.5605555560000001,0.564777778,0.568277778,0.57,0.5716111110000001,0.5744444439999999,0.5772222220000001,0.578555556,0.580388889,0.582388889,0.5820000000000001,0.583055556,0.586333333,0.589388889
