0.34600000000000003,0.395,0.53,0.45399999999999996,0.44799999999999995,0.6559999999999999,0.58,0.408,0.444,0.586,0.523,0.44799999999999995,0.389,0.35100000000000003,0.626,0.62,0.628,0.664,0.595,0.588,0.594,0.589,0.531,0.491,0.528,0.613,0.525,0.465,0.44799999999999995,0.491
0.0,0.0,0.0,0.0,0.0,0.001,0.00033333300000000006,0.0,0.0,0.000666667,0.0,0.0,0.0,0.0,0.0,0.0,0.0,0.006666666999999999,0.0,0.0,0.0,0.001333333,0.0,0.0,0.0,0.0,0.0,0.0,0.0,0.0
0.0,0.0,0.0,0.0,0.0,1.0,1.0,0.0,1.0,1.0,0.0,0.0,0.0,0.0,1.0,0.0,0.0,1.0,0.0,0.0,0.0,1.0,0.0,0.0,0.0,0.0,0.0,0.0,0.0,0.0
0.638333333,0.6183333329999999,0.578333333,0.591666667,0.58,0.571666667,0.598333333,0.61,0.595,0.598333333,0.606666667,0.635,0.638333333,0.645,0.625,0.6333333329999999,0.6333333329999999,0.62,0.653333333,0.645,0.6366666670000001,0.6266666670000001,0.64,0.663333333,0.645,0.6416666670000001,0.643333333,0.665,0.683333333,0.673333333
0.7383333329999999,0.713333333,0.65,0.693333333,0.685,0.64,0.683333333,0.673333333,0.643333333,0.703333333,0.695,0.73,0.735,0.735,0.708333333,0.731666667,0.74,0.715,0.7483333329999999,0.7283333329999999,0.713333333,0.731666667,0.731666667,0.778333333,0.716666667,0.7483333329999999,0.7466666670000001,0.7533333329999999,0.808333333,0.7716666670000001
0.546666667,0.555,0.533333333,0.52,0.485,0.535,0.523333333,0.563333333,0.56,0.526666667,0.5216666670000001,0.57,0.55,0.56,0.58,0.568333333,0.558333333,0.566666667,0.56,0.596666667,0.588333333,0.566666667,0.555,0.571666667,0.59,0.586666667,0.551666667,0.585,0.598333333,0.605
0.34700000000000003,0.3705,0.4625,0.49200000000000005,0.451,0.552,0.618,0.494,0.426,0.515,0.5545,0.4855,0.4185,0.37,0.4885,0.623,0.624,0.6459999999999999,0.6295,0.5915,0.591,0.5915,0.56,0.511,0.5095,0.5705,0.569,0.495,0.4565,0.4695
0.0,0.0,0.0,0.0,0.0,0.0005,0.000666667,0.000166667,0.0,0.00033333300000000006,0.00033333300000000006,0.0,0.0,0.0,0.0,0.0,0.0,0.003333333,0.003333333,0.0,0.0,0.000666667,0.000666667,0.0,0.0,0.0,0.0,0.0,0.0,0.0
0.0,0.0,0.0,0.0,0.0,0.5,1.0,0.5,0.5,1.0,0.5,0.0,0.0,0.0,0.5,0.5,0.0,0.5,0.5,0.0,0.0,0.5,0.5,0.0,0.0,0.0,0.0,0.0,0.0,0.0
0.635833333,0.6283333329999999,0.598333333,0.585,0.585833333,0.575833333,0.585,0.604166667,0.6025,0.596666667,0.6025,0.620833333,0.6366666670000001,0.6416666670000001,0.635,0.629166667,0.6333333329999999,0.6266666670000001,0.6366666670000001,0.649166667,0.640833333,0.6316666670000001,0.6333333329999999,0.651666667,0.654166667,0.643333333,0.6425,0.654166667,0.674166667,0.678333333
0.735,0.725833333,0.681666667,0.671666667,0.6891666670000001,0.6625,0.661666667,0.678333333,0.658333333,0.673333333,0.6991666670000001,0.7125,0.7325,0.735,0.721666667,0.72,0.735833333,0.7275,0.731666667,0.7383333329999999,0.720833333,0.7225,0.731666667,0.755,0.7475,0.7325,0.7475,0.75,0.780833333,0.79
0.541666667,0.5508333329999999,0.544166667,0.526666667,0.5025,0.51,0.529166667,0.543333333,0.561666667,0.543333333,0.524166667,0.5458333329999999,0.56,0.555,0.57,0.5741666670000001,0.563333333,0.5625,0.563333333,0.578333333,0.5925,0.5775,0.5608333329999999,0.563333333,0.580833333,0.588333333,0.5691666670000001,0.568333333,0.591666667,0.601666667
0.36166666700000005,0.363,0.42366666700000005,0.45966666700000003,0.47733333299999997,0.519333333,0.561333333,0.5479999999999999,0.47733333299999997,0.479333333,0.5176666670000001,0.519,0.45333333299999995,0.396,0.45533333299999995,0.532333333,0.6246666670000001,0.637333333,0.629,0.6156666670000001,0.592333333,0.590333333,0.571333333,0.537,0.5166666670000001,0.544,0.555333333,0.534333333,0.479333333,0.46799999999999997
0.0,0.0,0.0,0.0,0.0,0.00033333300000000006,0.000444444,0.000444444,0.000111111,0.000222222,0.000222222,0.000222222,0.0,0.0,0.0,0.0,0.0,0.0022222220000000003,0.0022222220000000003,0.0022222220000000003,0.0,0.000444444,0.000444444,0.000444444,0.0,0.0,0.0,0.0,0.0,0.0
0.0,0.0,0.0,0.0,0.0,0.333333333,0.666666667,0.666666667,0.666666667,0.666666667,0.666666667,0.333333333,0.0,0.0,0.333333333,0.333333333,0.333333333,0.333333333,0.333333333,0.333333333,0.0,0.333333333,0.333333333,0.333333333,0.0,0.0,0.0,0.0,0.0,0.0
0.625555556,0.63,0.611666667,0.596111111,0.583333333,0.581111111,0.583333333,0.593333333,0.601111111,0.601111111,0.6,0.6133333329999999,0.6266666670000001,0.639444444,0.6361111110000001,0.634444444,0.630555556,0.628888889,0.635555556,0.639444444,0.645,0.6361111110000001,0.634444444,0.643333333,0.649444444,0.65,0.643333333,0.65,0.663888889,0.6738888890000001
0.732777778,0.727777778,0.700555556,0.685555556,0.676111111,0.6727777779999999,0.669444444,0.665555556,0.666666667,0.673333333,0.680555556,0.7094444440000001,0.72,0.7333333329999999,0.7261111109999999,0.725,0.726666667,0.728888889,0.7344444440000001,0.730555556,0.73,0.7244444440000001,0.725555556,0.747222222,0.742222222,0.747777778,0.737222222,0.7494444440000001,0.769444444,0.7777777779999999
0.525,0.546111111,0.545,0.536111111,0.512777778,0.513333333,0.514444444,0.540555556,0.548888889,0.55,0.536111111,0.539444444,0.547222222,0.56,0.563333333,0.5694444439999999,0.568888889,0.5644444439999999,0.561666667,0.5744444439999999,0.581666667,0.583888889,0.57,0.5644444439999999,0.5722222220000001,0.582777778,0.576111111,0.5744444439999999,0.578333333,0.596111111
0.36625,0.37,0.40475,0.43125,0.45675,0.522,0.5345,0.523,0.522,0.5045,0.49025,0.50025,0.4865,0.42775,0.4535,0.4965,0.55625,0.6345,0.62675,0.61875,0.61025,0.5915,0.5755,0.55125,0.53475,0.54075,0.53925,0.53275,0.51275,0.48225
0.0,0.0,0.0,0.0,0.0,0.00025,0.00033333300000000006,0.00033333300000000006,0.00033333300000000006,0.00025,0.000166667,0.000166667,0.000166667,0.0,0.0,0.0,0.0,0.0016666670000000001,0.0016666670000000001,0.0016666670000000001,0.0016666670000000001,0.00033333300000000006,0.00033333300000000006,0.00033333300000000006,0.00033333300000000006,0.0,0.0,0.0,0.0,0.0
0.0,0.0,0.0,0.0,0.0,0.25,0.5,0.5,0.75,0.75,0.5,0.5,0.25,0.0,0.25,0.25,0.25,0.5,0.25,0.25,0.25,0.25,0.25,0.25,0.25,0.0,0.0,0.0,0.0,0.0
0.612916667,0.62375,0.617083333,0.606666667,0.5920833329999999,0.580416667,0.5854166670000001,0.59,0.59375,0.6004166670000001,0.6025,0.60875,0.619583333,0.63125,0.635833333,0.635416667,0.634166667,0.627916667,0.635,0.637916667,0.63875,0.640416667,0.637083333,0.6416666670000001,0.64375,0.6475,0.648333333,0.64875,0.658333333,0.66625
0.719583333,0.727916667,0.708333333,0.69875,0.685416667,0.667083333,0.675416667,0.670416667,0.66,0.6758333329999999,0.67875,0.692916667,0.715833333,0.72375,0.7270833329999999,0.7275,0.72875,0.72375,0.73375,0.732916667,0.72625,0.7304166670000001,0.72625,0.73875,0.739583333,0.74375,0.7475,0.74125,0.764166667,0.77
0.510833333,0.5325,0.5429166670000001,0.53875,0.523333333,0.518333333,0.515833333,0.526666667,0.545416667,0.543333333,0.5429166670000001,0.544583333,0.542083333,0.550416667,0.565,0.564583333,0.566666667,0.568333333,0.563333333,0.570416667,0.577916667,0.577916667,0.576666667,0.570416667,0.5708333329999999,0.575833333,0.575,0.578333333,0.580416667,0.585
0.3958,0.37200000000000005,0.402,0.4146,0.4346,0.4966,0.5336,0.5092,0.5072,0.5348,0.5082,0.4818,0.478,0.4594,0.4674,0.4868,0.5228,0.5778,0.6266,0.619,0.6138,0.606,0.5794,0.5586,0.5466,0.5504,0.5376,0.5244,0.5158,0.5084
0.0,0.0,0.0,0.0,0.0,0.0002,0.000266667,0.000266667,0.000266667,0.0004,0.0002,0.000133333,0.000133333,0.000133333,0.0,0.0,0.0,0.001333333,0.001333333,0.001333333,0.001333333,0.0016,0.000266667,0.000266667,0.000266667,0.000266667,0.0,0.0,0.0,0.0
0.0,0.0,0.0,0.0,0.0,0.2,0.4,0.4,0.6,0.8,0.6,0.4,0.4,0.2,0.2,0.2,0.2,0.4,0.4,0.2,0.2,0.4,0.2,0.2,0.2,0.2,0.0,0.0,0.0,0.0
0.600666667,0.614,0.614666667,0.612,0.601333333,0.588,0.584,0.590333333,0.591,0.594666667,0.601666667,0.609,0.614666667,0.6246666670000001,0.63,0.635333333,0.635,0.6313333329999999,0.633,0.637,0.6376666670000001,0.636333333,0.640333333,0.642333333,0.642333333,0.643333333,0.6466666670000001,0.651666667,0.655666667,0.661333333
0.707333333,0.718333333,0.712333333,0.705333333,0.696,0.676333333,0.670333333,0.675,0.665,0.668666667,0.679666667,0.6890000000000001,0.701333333,0.719666667,0.720666667,0.728,0.73,0.726,0.728666667,0.732666667,0.7290000000000001,0.7273333329999999,0.730666667,0.736666667,0.7343333329999999,0.7413333329999999,0.7443333329999999,0.7486666670000001,0.7546666670000001,0.7656666670000001
0.498666667,0.5196666670000001,0.532666667,0.538333333,0.528,0.525666667,0.519333333,0.525333333,0.533333333,0.541666667,0.539,0.548333333,0.545666667,0.545666667,0.556333333,0.565666667,0.563333333,0.566666667,0.566666667,0.57,0.574,0.575666667,0.573333333,0.575666667,0.574333333,0.574,0.5710000000000001,0.5770000000000001,0.582333333,0.585333333
0.42416666700000005,0.395666667,0.39833333299999996,0.41066666700000004,0.42016666700000005,0.4715,0.5105,0.5126666670000001,0.498333333,0.520333333,0.532833333,0.498166667,0.46633333299999996,0.45683333299999995,0.48716666700000005,0.492833333,0.510333333,0.546333333,0.580666667,0.620166667,0.614833333,0.609666667,0.5935,0.564666667,0.5535,0.557666667,0.546166667,0.5255,0.5116666670000001,0.5116666670000001
0.000277778,0.0,0.0,0.0,0.0,0.000166667,0.000222222,0.000222222,0.000222222,0.00033333300000000006,0.00033333300000000006,0.000166667,0.000111111,0.000111111,0.000111111,0.0,0.0,0.0011111110000000001,0.0011111110000000001,0.0011111110000000001,0.0011111110000000001,0.001333333,0.001333333,0.000222222,0.000222222,0.000222222,0.000222222,0.0,0.0,0.0
0.166666667,0.0,0.0,0.0,0.0,0.166666667,0.333333333,0.333333333,0.5,0.666666667,0.666666667,0.5,0.333333333,0.333333333,0.333333333,0.166666667,0.166666667,0.333333333,0.333333333,0.333333333,0.166666667,0.333333333,0.333333333,0.166666667,0.166666667,0.166666667,0.166666667,0.0,0.0,0.0
0.588333333,0.603611111,0.608055556,0.610833333,0.606666667,0.596388889,0.589722222,0.588333333,0.591111111,0.5922222220000001,0.596666667,0.607222222,0.6138888889999999,0.619722222,0.624722222,0.630555556,0.635,0.6325,0.635,0.635,0.6369444439999999,0.635833333,0.6369444439999999,0.644166667,0.642777778,0.642222222,0.643333333,0.6497222220000001,0.656944444,0.658611111
0.6880555559999999,0.708333333,0.706944444,0.7091666670000001,0.7019444440000001,0.686666667,0.6775,0.6708333329999999,0.669722222,0.671388889,0.6730555559999999,0.6880555559999999,0.696666667,0.706944444,0.717777778,0.7225,0.73,0.7275,0.729722222,0.728611111,0.7294444440000001,0.7294444440000001,0.7280555559999999,0.738611111,0.7333333329999999,0.736666667,0.742222222,0.745833333,0.7586111109999999,0.7575
0.495833333,0.508055556,0.521944444,0.530555556,0.529444444,0.529166667,0.525277778,0.526666667,0.531111111,0.532222222,0.538333333,0.544166667,0.548611111,0.548055556,0.5513888889999999,0.558333333,0.5644444439999999,0.563888889,0.5655555560000001,0.571666667,0.573055556,0.572777778,0.5722222220000001,0.573055556,0.578055556,0.576388889,0.570277778,0.573333333,0.580555556,0.586111111
0.447285714,0.42,0.414857143,0.40628571399999996,0.41600000000000004,0.45385714299999996,0.48700000000000004,0.49585714299999994,0.502857143,0.510857143,0.520714286,0.520714286,0.482571429,0.44985714299999996,0.48100000000000004,0.5061428570000001,0.5121428570000001,0.532285714,0.553285714,0.581714286,0.616428571,0.611142857,0.598428571,0.578857143,0.559428571,0.562,0.5529999999999999,0.534571429,0.5144285710000001,0.508714286
0.000238095,0.000238095,0.0,0.0,0.0,0.000142857,0.000190476,0.000190476,0.000190476,0.000285714,0.000285714,0.000285714,0.000142857,9.520000000000001e-05,9.520000000000001e-05,9.520000000000001e-05,0.0,0.0009523810000000001,0.0009523810000000001,0.0009523810000000001,0.0009523810000000001,0.001142857,0.001142857,0.001142857,0.000190476,0.000190476,0.000190476,0.000190476,0.0,0.0
0.28571428600000004,0.14285714300000002,0.0,0.0,0.0,0.14285714300000002,0.28571428600000004,0.28571428600000004,0.428571429,0.571428571,0.571428571,0.571428571,0.428571429,0.28571428600000004,0.428571429,0.28571428600000004,0.14285714300000002,0.28571428600000004,0.28571428600000004,0.28571428600000004,0.28571428600000004,0.28571428600000004,0.28571428600000004,0.28571428600000004,0.14285714300000002,0.14285714300000002,0.14285714300000002,0.14285714300000002,0.0,0.0
0.57952381,0.592619048,0.6,0.605714286,0.606428571,0.601666667,0.596666667,0.592619048,0.589285714,0.592142857,0.594285714,0.602142857,0.611666667,0.6183333329999999,0.62047619,0.6259523810000001,0.6309523810000001,0.632857143,0.63547619,0.636428571,0.635238095,0.63547619,0.636428571,0.640714286,0.644285714,0.6426190479999999,0.642380952,0.6464285710000001,0.65452381,0.659285714
0.677857143,0.691666667,0.7,0.705,0.705714286,0.693095238,0.6861904759999999,0.676904762,0.666904762,0.67452381,0.674761905,0.6811904759999999,0.694761905,0.702142857,0.707142857,0.719761905,0.725,0.7278571429999999,0.73047619,0.72952381,0.7264285709999999,0.729761905,0.729761905,0.735238095,0.73547619,0.73547619,0.738095238,0.7438095240000001,0.754761905,0.76047619
0.490952381,0.504285714,0.5116666670000001,0.5216666670000001,0.524047619,0.530238095,0.528333333,0.530714286,0.531428571,0.53047619,0.530714286,0.542857143,0.545,0.550238095,0.552619048,0.5538095239999999,0.558333333,0.564761905,0.563333333,0.57,0.574047619,0.572142857,0.570238095,0.572142857,0.57547619,0.579285714,0.572857143,0.572380952,0.5769047620000001,0.584047619
0.473,0.44075,0.43375,0.41975,0.4115,0.446,0.469625,0.477125,0.489375,0.51325,0.512375,0.511625,0.50425,0.466125,0.471875,0.498375,0.521375,0.531125,0.540125,0.557625,0.58325,0.613,0.601125,0.585,0.5725,0.566125,0.557375,0.542,0.52375,0.5115
0.000208333,0.000208333,0.000208333,0.0,0.0,0.000125,0.000166667,0.000166667,0.000166667,0.00025,0.00025,0.00025,0.00025,0.000125,8.329999999999999e-05,8.329999999999999e-05,8.329999999999999e-05,0.000833333,0.000833333,0.000833333,0.000833333,0.001,0.001,0.001,0.001,0.000166667,0.000166667,0.000166667,0.000166667,0.0
0.375,0.25,0.125,0.0,0.0,0.125,0.25,0.25,0.375,0.5,0.5,0.5,0.5,0.375,0.375,0.375,0.25,0.25,0.25,0.25,0.25,0.375,0.25,0.25,0.25,0.125,0.125,0.125,0.125,0.0
0.573541667,0.584375,0.590833333,0.598958333,0.6025,0.6020833329999999,0.60125,0.598333333,0.592916667,0.5904166670000001,0.593958333,0.599375,0.606666667,0.615833333,0.619166667,0.622083333,0.626875,0.629583333,0.635416667,0.6366666670000001,0.636458333,0.634166667,0.636041667,0.639791667,0.64125,0.6439583329999999,0.642708333,0.645208333,0.651041667,0.656875
0.671666667,0.682291667,0.6864583329999999,0.6991666670000001,0.7025,0.6975,0.691875,0.684583333,0.672708333,0.671458333,0.677083333,0.681666667,0.687916667,0.6997916670000001,0.702916667,0.710208333,0.722291667,0.72375,0.7304166670000001,0.730208333,0.7275,0.7270833329999999,0.73,0.735833333,0.732916667,0.737083333,0.736875,0.74,0.751875,0.756875
0.487916667,0.498958333,0.507916667,0.512708333,0.517083333,0.525416667,0.529375,0.532708333,0.534375,0.530833333,0.529375,0.535625,0.54375,0.546875,0.553958333,0.554583333,0.554375,0.559375,0.5641666670000001,0.5675,0.572291667,0.573125,0.57,0.570416667,0.574375,0.576875,0.575833333,0.574375,0.575625,0.580416667
0.508,0.46433333299999996,0.450666667,0.436,0.422888889,0.438666667,0.46088888899999997,0.462777778,0.47344444399999996,0.500111111,0.514333333,0.505222222,0.498,0.48722222200000004,0.483888889,0.488333333,0.512777778,0.537222222,0.538222222,0.545444444,0.561666667,0.583888889,0.603888889,0.588888889,0.578666667,0.5770000000000001,0.5615555560000001,0.547111111,0.531555556,0.5201111110000001
0.002592593,0.000185185,0.000185185,0.000185185,0.0,0.000111111,0.000148148,0.000148148,0.000148148,0.000222222,0.000222222,0.000222222,0.000222222,0.000222222,0.000111111,7.41e-05,7.41e-05,0.000814815,0.0007407410000000001,0.0007407410000000001,0.0007407410000000001,0.0008888889999999999,0.0008888889999999999,0.0008888889999999999,0.0008888889999999999,0.0008888889999999999,0.000148148,0.000148148,0.000148148,0.000148148
0.444444444,0.333333333,0.222222222,0.111111111,0.0,0.111111111,0.222222222,0.222222222,0.333333333,0.444444444,0.444444444,0.444444444,0.444444444,0.444444444,0.444444444,0.333333333,0.333333333,0.333333333,0.222222222,0.222222222,0.222222222,0.333333333,0.333333333,0.222222222,0.222222222,0.222222222,0.111111111,0.111111111,0.111111111,0.111111111
0.567407407,0.578518519,0.5837037039999999,0.590925926,0.596851852,0.599074074,0.601666667,0.6022222220000001,0.597962963,0.593518519,0.5922222220000001,0.598518519,0.603703704,0.6109259260000001,0.616851852,0.620740741,0.6233333329999999,0.626111111,0.632222222,0.636481481,0.6366666670000001,0.63537037,0.634814815,0.6390740739999999,0.64037037,0.641296296,0.643888889,0.645185185,0.649444444,0.653518519
0.656666667,0.676296296,0.678703704,0.687222222,0.697592593,0.695555556,0.6959259259999999,0.689814815,0.68,0.676111111,0.6740740740000001,0.6829629629999999,0.687592593,0.693148148,0.700740741,0.7061111109999999,0.7135185190000001,0.721481481,0.726481481,0.730185185,0.7283333329999999,0.727962963,0.727592593,0.73537037,0.7337037040000001,0.73462963,0.738148148,0.7387037040000001,0.7475925929999999,0.754074074
0.489444444,0.49537037,0.502777778,0.509259259,0.50962963,0.5190740739999999,0.525185185,0.533148148,0.535740741,0.533518519,0.529814815,0.533888889,0.537222222,0.545555556,0.5505555560000001,0.5555555560000001,0.555,0.555740741,0.5594444439999999,0.567777778,0.569814815,0.571666667,0.571111111,0.570185185,0.572592593,0.5757407410000001,0.574074074,0.576851852,0.577037037,0.578888889
0.5102,0.4967,0.4709,0.451,0.4372,0.4462,0.4528,0.4556,0.4609,0.4847,0.5024,0.5077,0.4936,0.4833,0.5011,0.4975,0.5023,0.5279,0.5429999999999999,0.5432,0.5503,0.5644,0.5786,0.5926,0.5828,0.5821,0.5718,0.5519,0.5372,0.5275
0.002333333,0.002333333,0.000166667,0.000166667,0.000166667,0.0001,0.000133333,0.000133333,0.000133333,0.0002,0.0002,0.0002,0.0002,0.0002,0.0002,0.0001,6.670000000000001e-05,0.0007333330000000001,0.0007333330000000001,0.000666667,0.000666667,0.0008,0.0008,0.0008,0.0008,0.0008,0.0008,0.000133333,0.000133333,0.000133333
0.4,0.4,0.3,0.2,0.1,0.1,0.2,0.2,0.3,0.4,0.4,0.4,0.4,0.4,0.5,0.4,0.3,0.4,0.3,0.2,0.2,0.3,0.3,0.3,0.2,0.2,0.2,0.1,0.1,0.1
0.5675,0.5725,0.5785,0.5845,0.589833333,0.594333333,0.599,0.6025,0.6015,0.598,0.594833333,0.5965,0.6025,0.607833333,0.6123333329999999,0.6185,0.622,0.623,0.628833333,0.6335,0.6365,0.6356666670000001,0.635833333,0.6376666670000001,0.6396666670000001,0.6405,0.6415,0.6459999999999999,0.649,0.651833333
0.6579999999999999,0.662333333,0.673666667,0.6801666670000001,0.687,0.6918333329999999,0.694333333,0.693666667,0.6851666670000001,0.682333333,0.6779999999999999,0.679666667,0.6881666670000001,0.692333333,0.694666667,0.703833333,0.7095,0.713666667,0.724166667,0.726666667,0.7285,0.728666667,0.7283333329999999,0.732666667,0.7335,0.735166667,0.735833333,0.739666667,0.7456666670000001,0.75
0.49016666700000006,0.496,0.499166667,0.5045,0.506833333,0.512166667,0.5195,0.529,0.535833333,0.534833333,0.532333333,0.533833333,0.5355,0.5395,0.5489999999999999,0.552333333,0.5558333329999999,0.5561666670000001,0.5561666670000001,0.5631666670000001,0.5698333329999999,0.5695,0.57,0.5711666670000001,0.5721666670000001,0.574,0.573333333,0.5751666670000001,0.579,0.579833333
0.516454545,0.49972727299999997,0.49972727299999997,0.46936363600000003,0.450727273,0.457090909,0.458363636,0.448727273,0.454545455,0.472272727,0.488181818,0.497454545,0.496909091,0.480636364,0.496272727,0.511909091,0.509363636,0.517,0.534,0.547090909,0.547818182,0.553818182,0.561363636,0.570636364,0.5867272729999999,0.585545455,0.576909091,0.562090909,0.542454545,0.5329999999999999
0.002121212,0.002121212,0.002121212,0.000151515,0.000151515,0.000242424,0.000121212,0.000121212,0.000121212,0.00018181799999999999,0.00018181799999999999,0.00018181799999999999,0.00018181799999999999,0.00018181799999999999,0.00018181799999999999,0.00018181799999999999,9.09e-05,0.000666667,0.000666667,0.000666667,0.000606061,0.0007272730000000001,0.0007272730000000001,0.0007272730000000001,0.0007272730000000001,0.0007272730000000001,0.0007272730000000001,0.0007272730000000001,0.000121212,0.000121212
0.363636364,0.363636364,0.363636364,0.272727273,0.181818182,0.181818182,0.181818182,0.181818182,0.272727273,0.363636364,0.363636364,0.363636364,0.363636364,0.363636364,0.454545455,0.454545455,0.363636364,0.363636364,0.363636364,0.272727273,0.181818182,0.272727273,0.272727273,0.272727273,0.272727273,0.181818182,0.181818182,0.181818182,0.090909091,0.090909091
0.564545455,0.572121212,0.573030303,0.57969697,0.5840909089999999,0.588181818,0.59469697,0.6,0.601818182,0.601212121,0.598787879,0.598484848,0.60030303,0.606363636,0.6093939389999999,0.614242424,0.619848485,0.621818182,0.625757576,0.63030303,0.633787879,0.635606061,0.636060606,0.638333333,0.638333333,0.639848485,0.640757576,0.643636364,0.649393939,0.651212121
0.652878788,0.663030303,0.661212121,0.675454545,0.680606061,0.682727273,0.691060606,0.6924242420000001,0.689090909,0.686818182,0.683484848,0.682727273,0.68469697,0.6924242420000001,0.693787879,0.698030303,0.707121212,0.71,0.716818182,0.724545455,0.725454545,0.7287878790000001,0.7289393940000001,0.732878788,0.731212121,0.734848485,0.7362121209999999,0.737424242,0.7459090909999999,0.748030303
0.490151515,0.496060606,0.499393939,0.501060606,0.502727273,0.509393939,0.513181818,0.523484848,0.5318181820000001,0.535,0.533636364,0.5357575760000001,0.53530303,0.537727273,0.543181818,0.550757576,0.552878788,0.556818182,0.556515152,0.559848485,0.565454545,0.569545455,0.568181818,0.570151515,0.5728787879999999,0.573484848,0.571969697,0.574393939,0.577272727,0.581363636
0.5195833329999999,0.5063333329999999,0.50225,0.49591666700000003,0.467583333,0.46783333299999996,0.46733333299999996,0.454166667,0.44833333299999995,0.4655,0.4765,0.484833333,0.488416667,0.48475,0.49275,0.506583333,0.5215833329999999,0.52225,0.5235,0.5385,0.551,0.55125,0.5519166670000001,0.5555,0.567083333,0.588916667,0.5805,0.567583333,0.552583333,0.538166667
0.001944444,0.001944444,0.001944444,0.001944444,0.000138889,0.000222222,0.00025,0.000111111,0.000111111,0.000166667,0.000166667,0.000166667,0.000166667,0.000166667,0.000166667,0.000166667,0.000166667,0.000638889,0.000611111,0.000611111,0.000611111,0.000666667,0.000666667,0.000666667,0.000666667,0.000666667,0.000666667,0.000666667,0.000666667,0.000111111
0.333333333,0.333333333,0.333333333,0.333333333,0.25,0.25,0.25,0.166666667,0.25,0.333333333,0.333333333,0.333333333,0.333333333,0.333333333,0.41666666700000005,0.41666666700000005,0.41666666700000005,0.41666666700000005,0.333333333,0.333333333,0.25,0.25,0.25,0.25,0.25,0.25,0.166666667,0.166666667,0.166666667,0.083333333
0.5608333329999999,0.5690277779999999,0.572638889,0.574583333,0.579722222,0.583055556,0.589027778,0.595972222,0.599583333,0.601527778,0.601666667,0.601805556,0.601805556,0.604027778,0.607916667,0.611388889,0.615833333,0.619861111,0.624444444,0.627361111,0.630833333,0.633194444,0.635972222,0.638333333,0.638888889,0.638611111,0.6401388889999999,0.642777778,0.646944444,0.651388889
0.645972222,0.6579166670000001,0.661944444,0.663888889,0.67625,0.677222222,0.682777778,0.689583333,0.688333333,0.690277778,0.6875,0.687361111,0.687083333,0.688888889,0.69375,0.6969444440000001,0.701527778,0.707777778,0.7131944440000001,0.717777778,0.723611111,0.725972222,0.729027778,0.7330555559999999,0.731527778,0.7326388890000001,0.735833333,0.7376388890000001,0.7433333329999999,0.748055556
0.488472222,0.495555556,0.499166667,0.501111111,0.49972222200000005,0.505416667,0.510555556,0.517361111,0.526527778,0.531388889,0.533888889,0.536666667,0.536944444,0.5373611110000001,0.54125,0.545277778,0.5513888889999999,0.5540277779999999,0.557083333,0.559861111,0.562222222,0.5655555560000001,0.568333333,0.568472222,0.571805556,0.5740277779999999,0.571666667,0.573055556,0.576388889,0.579583333
0.514307692,0.51,0.508153846,0.498538462,0.492230769,0.482076923,0.47646153799999996,0.462769231,0.453384615,0.458923077,0.469923077,0.474307692,0.47746153799999996,0.47784615399999997,0.495615385,0.5025384620000001,0.5159230770000001,0.532538462,0.527846154,0.528461538,0.542769231,0.553923077,0.549692308,0.547230769,0.553384615,0.570615385,0.584,0.571615385,0.558384615,0.547846154
0.001794872,0.001794872,0.001794872,0.001794872,0.001794872,0.000205128,0.00023076900000000003,0.00023076900000000003,0.000102564,0.000153846,0.000153846,0.000153846,0.000153846,0.000153846,0.000153846,0.000153846,0.000153846,0.000666667,0.000589744,0.000564103,0.000564103,0.000666667,0.000615385,0.000615385,0.000615385,0.000615385,0.000615385,0.000615385,0.000615385,0.000615385
0.307692308,0.307692308,0.307692308,0.307692308,0.307692308,0.307692308,0.307692308,0.23076923100000002,0.23076923100000002,0.307692308,0.307692308,0.307692308,0.307692308,0.307692308,0.384615385,0.384615385,0.384615385,0.46153846200000004,0.384615385,0.307692308,0.307692308,0.307692308,0.23076923100000002,0.23076923100000002,0.23076923100000002,0.23076923100000002,0.23076923100000002,0.153846154,0.153846154,0.153846154
0.5626923079999999,0.56525641,0.56974359,0.574102564,0.575,0.5791025639999999,0.584230769,0.590641026,0.595897436,0.599487179,0.601923077,0.604230769,0.604615385,0.605128205,0.605641026,0.609871795,0.6130769229999999,0.616153846,0.622435897,0.626025641,0.628076923,0.6305128210000001,0.633717949,0.638076923,0.638846154,0.639102564,0.638974359,0.6420512820000001,0.645897436,0.648974359
0.649615385,0.651153846,0.657307692,0.664358974,0.665512821,0.673461538,0.677692308,0.682051282,0.686025641,0.689487179,0.690641026,0.690769231,0.691025641,0.690769231,0.690384615,0.696666667,0.70025641,0.7025641029999999,0.710897436,0.714358974,0.717435897,0.724230769,0.726410256,0.732820513,0.731794872,0.732820513,0.7337179490000001,0.737179487,0.743076923,0.7455128209999999
0.49,0.493589744,0.498461538,0.500769231,0.499871795,0.502435897,0.5067948720000001,0.514615385,0.5206410260000001,0.526538462,0.530641026,0.536666667,0.537692308,0.538717949,0.540641026,0.543333333,0.546282051,0.5525641029999999,0.554487179,0.560128205,0.562051282,0.5625641029999999,0.56474359,0.568589744,0.570128205,0.572948718,0.572307692,0.5726923079999999,0.575,0.578589744
0.51,0.5057857139999999,0.511428571,0.504285714,0.49492857100000004,0.503928571,0.489071429,0.471571429,0.461428571,0.46285714299999997,0.4635,0.468357143,0.46821428600000004,0.468428571,0.48842857100000003,0.5045,0.5115,0.5265,0.537,0.5321428570000001,0.5331428570000001,0.5460714289999999,0.552285714,0.5455,0.545857143,0.557642857,0.567357143,0.5755,0.562785714,0.553571429
0.0016666670000000001,0.0016666670000000001,0.0016666670000000001,0.0016666670000000001,0.0016666670000000001,0.001738095,0.00021428599999999997,0.00021428599999999997,0.00021428599999999997,0.000142857,0.000142857,0.000142857,0.000142857,0.000142857,0.000142857,0.000142857,0.000142857,0.0006190480000000001,0.0006190480000000001,0.0005476190000000001,0.00052381,0.0006190480000000001,0.0006190480000000001,0.000571429,0.000571429,0.000571429,0.000571429,0.000571429,0.000571429,0.000571429
0.28571428600000004,0.28571428600000004,0.28571428600000004,0.28571428600000004,0.28571428600000004,0.35714285700000004,0.35714285700000004,0.28571428600000004,0.28571428600000004,0.28571428600000004,0.28571428600000004,0.28571428600000004,0.28571428600000004,0.28571428600000004,0.35714285700000004,0.35714285700000004,0.35714285700000004,0.428571429,0.428571429,0.35714285700000004,0.28571428600000004,0.35714285700000004,0.28571428600000004,0.214285714,0.214285714,0.214285714,0.214285714,0.214285714,0.14285714300000002,0.14285714300000002
0.565,0.566666667,0.566190476,0.571309524,0.57452381,0.574761905,0.58047619,0.586071429,0.590952381,0.596071429,0.6,0.604285714,0.606666667,0.6075,0.606547619,0.607619048,0.611547619,0.613571429,0.618809524,0.6240476189999999,0.6267857139999999,0.62797619,0.631190476,0.635833333,0.638571429,0.639047619,0.6394047620000001,0.640833333,0.645,0.647857143
0.653690476,0.654166667,0.651071429,0.6598809520000001,0.6658333329999999,0.663690476,0.674166667,0.677380952,0.679285714,0.687261905,0.689880952,0.693452381,0.6939285709999999,0.6941666670000001,0.69202381,0.693333333,0.699761905,0.701309524,0.705833333,0.712142857,0.7142857140000001,0.718452381,0.724761905,0.7301190479999999,0.731666667,0.73297619,0.7338095240000001,0.7351190479999999,0.742261905,0.745119048
0.490714286,0.49464285700000005,0.49642857100000004,0.5,0.49964285700000005,0.502380952,0.503928571,0.510833333,0.517857143,0.521071429,0.526190476,0.533452381,0.5376190479999999,0.539285714,0.541666667,0.5426190479999999,0.544404762,0.547738095,0.5530952379999999,0.5575,0.562142857,0.562380952,0.56202381,0.565238095,0.570119048,0.571309524,0.571428571,0.573214286,0.57452381,0.577142857
0.494333333,0.5023333329999999,0.5074,0.5076,0.500533333,0.5056666670000001,0.509,0.48366666700000005,0.469733333,0.469733333,0.466866667,0.46246666700000005,0.46306666700000004,0.4604,0.47893333299999996,0.4972,0.512733333,0.5216666670000001,0.531066667,0.5404,0.536266667,0.5368666670000001,0.5450666670000001,0.5482,0.544333333,0.550333333,0.555466667,0.560533333,0.5670000000000001,0.5579999999999999
0.001555556,0.001555556,0.001555556,0.001555556,0.001555556,0.0016222220000000002,0.001644444,0.0002,0.0002,0.000244444,0.000133333,0.000133333,0.000133333,0.000133333,0.000133333,0.000133333,0.000133333,0.000577778,0.000577778,0.000577778,0.000511111,0.000577778,0.000577778,0.000577778,0.000533333,0.000533333,0.000533333,0.000533333,0.000533333,0.000533333
0.26666666699999997,0.26666666699999997,0.26666666699999997,0.26666666699999997,0.26666666699999997,0.333333333,0.4,0.333333333,0.333333333,0.333333333,0.26666666699999997,0.26666666699999997,0.26666666699999997,0.26666666699999997,0.333333333,0.333333333,0.333333333,0.4,0.4,0.4,0.333333333,0.333333333,0.333333333,0.26666666699999997,0.2,0.2,0.2,0.2,0.2,0.133333333
0.567111111,0.568555556,0.5674444439999999,0.567888889,0.571888889,0.574333333,0.576333333,0.582444444,0.586666667,0.591444444,0.596777778,0.6023333329999999,0.606555556,0.609222222,0.608666667,0.6083333329999999,0.6093333329999999,0.612111111,0.616222222,0.620555556,0.624888889,0.626777778,0.628777778,0.6333333329999999,0.636444444,0.638777778,0.639333333,0.6411111110000001,0.6436666670000001,0.646888889
0.657888889,0.657666667,0.653888889,0.653888889,0.661555556,0.664111111,0.665,0.674111111,0.675111111,0.6808888890000001,0.687777778,0.692555556,0.6962222220000001,0.696666667,0.6951111109999999,0.694666667,0.696444444,0.700777778,0.7044444440000001,0.707333333,0.7122222220000001,0.7154444440000001,0.719333333,0.7283333329999999,0.729222222,0.732777778,0.733888889,0.7351111109999999,0.74,0.744222222
0.490444444,0.495,0.49722222200000005,0.498,0.499,0.502,0.503777778,0.507888889,0.5141111110000001,0.518444444,0.521111111,0.529111111,0.534555556,0.539111111,0.542,0.543444444,0.543666667,0.545888889,0.548555556,0.556,0.5595555560000001,0.5624444439999999,0.561888889,0.562666667,0.566888889,0.5712222220000001,0.57,0.572333333,0.574888889,0.576555556
0.48425,0.488125,0.5040625,0.5040625,0.503875,0.51025,0.5103125,0.5026875,0.4811875,0.47700000000000004,0.4730625,0.4656875,0.457875,0.4560625,0.47075,0.48775,0.505375,0.5221875,0.52625,0.534625,0.54375,0.5395625,0.5365,0.5416875,0.5469375,0.548625,0.54875,0.5498125,0.5535,0.56225
0.0014583329999999998,0.0014583329999999998,0.0014583329999999998,0.0014583329999999998,0.0014583329999999998,0.0015208329999999999,0.001541667,0.001541667,0.0001875,0.000229167,0.000229167,0.000125,0.000125,0.000125,0.000125,0.000125,0.000125,0.000541667,0.000541667,0.000541667,0.000541667,0.0005625,0.000541667,0.000541667,0.000541667,0.0005,0.0005,0.0005,0.0005,0.0005
0.25,0.25,0.25,0.25,0.25,0.3125,0.375,0.375,0.375,0.375,0.3125,0.25,0.25,0.25,0.3125,0.3125,0.3125,0.375,0.375,0.375,0.375,0.375,0.3125,0.3125,0.25,0.1875,0.1875,0.1875,0.1875,0.1875
0.5665625,0.5703125,0.5691666670000001,0.568958333,0.5686458329999999,0.571875,0.575833333,0.5784375,0.583229167,0.587395833,0.592395833,0.599166667,0.604583333,0.608958333,0.610208333,0.610208333,0.6098958329999999,0.61,0.6146875,0.618020833,0.6215625,0.625,0.627604167,0.6309375,0.6340625,0.6367708329999999,0.6390625,0.6409375,0.64375,0.645520833
0.658333333,0.661354167,0.6571875,0.656354167,0.655833333,0.6602083329999999,0.6653125,0.665520833,0.6721875,0.676875,0.681770833,0.690416667,0.695208333,0.6986458329999999,0.697395833,0.697395833,0.6975,0.697604167,0.70375,0.7059375,0.707708333,0.7134375,0.716458333,0.723020833,0.7276041670000001,0.7304166670000001,0.733645833,0.735104167,0.7396875,0.741979167
0.488125,0.49447916700000005,0.49739583299999995,0.498645833,0.4971875,0.50125,0.5033333329999999,0.5075,0.5111458329999999,0.514895833,0.518645833,0.524166667,0.530416667,0.536145833,0.541666667,0.543645833,0.544375,0.5451041670000001,0.546770833,0.5515625,0.5580208329999999,0.56,0.5619791670000001,0.5625,0.564375,0.568125,0.57,0.5709375,0.573958333,0.576770833
0.47452941200000004,0.479,0.490588235,0.501117647,0.500764706,0.512823529,0.5143529410000001,0.504294118,0.499235294,0.48735294100000004,0.47970588200000003,0.471588235,0.46117647100000003,0.451588235,0.466058824,0.47952941200000004,0.496,0.514705882,0.526470588,0.529882353,0.538117647,0.546411765,0.5390588239999999,0.533823529,0.540882353,0.550823529,0.547235294,0.543823529,0.543823529,0.549823529
0.001372549,0.001372549,0.001372549,0.001372549,0.001372549,0.0014313729999999999,0.00145098,0.00145098,0.00145098,0.00021568599999999998,0.00021568599999999998,0.00021568599999999998,0.00011764700000000001,0.00011764700000000001,0.00011764700000000001,0.00011764700000000001,0.00011764700000000001,0.000509804,0.000509804,0.000509804,0.000509804,0.000588235,0.0005294119999999999,0.000509804,0.000509804,0.000509804,0.00047058800000000003,0.00047058800000000003,0.00047058800000000003,0.00047058800000000003
0.235294118,0.235294118,0.235294118,0.235294118,0.235294118,0.294117647,0.352941176,0.352941176,0.41176470600000004,0.41176470600000004,0.352941176,0.294117647,0.235294118,0.235294118,0.294117647,0.294117647,0.294117647,0.352941176,0.352941176,0.352941176,0.352941176,0.41176470600000004,0.352941176,0.294117647,0.294117647,0.235294118,0.176470588,0.176470588,0.176470588,0.176470588
0.565686275,0.569607843,0.570784314,0.5704901960000001,0.569607843,0.568823529,0.573431373,0.577843137,0.579411765,0.584117647,0.5885294120000001,0.594901961,0.601470588,0.606960784,0.609901961,0.611568627,0.611568627,0.610490196,0.61254902,0.616470588,0.619117647,0.621862745,0.625882353,0.629705882,0.631764706,0.634509804,0.637156863,0.640588235,0.643431373,0.645490196
0.657941176,0.6615686270000001,0.660686275,0.659313725,0.658039216,0.654901961,0.6615686270000001,0.6657843139999999,0.664215686,0.6740196079999999,0.6779411759999999,0.684607843,0.693039216,0.69754902,0.699215686,0.699411765,0.6999019609999999,0.6985294120000001,0.700588235,0.705196078,0.706372549,0.709117647,0.7145098040000001,0.720098039,0.722647059,0.728823529,0.731372549,0.734803922,0.739411765,0.741568627
0.486960784,0.492058824,0.496764706,0.49872549,0.49784313700000005,0.499411765,0.50254902,0.506862745,0.510588235,0.512058824,0.515294118,0.5216666670000001,0.525686275,0.532156863,0.53872549,0.543235294,0.5445098039999999,0.545686275,0.545980392,0.549705882,0.55372549,0.5585294120000001,0.559705882,0.56254902,0.564117647,0.565686275,0.567156863,0.570882353,0.57254902,0.575784314
0.471722222,0.470111111,0.481833333,0.488555556,0.498166667,0.509388889,0.516555556,0.508444444,0.5009444439999999,0.504055556,0.489333333,0.47794444399999997,0.467,0.455055556,0.46127777799999997,0.47461111100000003,0.487777778,0.5053333329999999,0.519166667,0.529888889,0.533444444,0.540944444,0.545555556,0.536388889,0.5335,0.544888889,0.5493888889999999,0.542666667,0.5385,0.540888889
0.001296296,0.001296296,0.001296296,0.001296296,0.001296296,0.0013518520000000002,0.00137037,0.00137037,0.00137037,0.001407407,0.00020370400000000003,0.00020370400000000003,0.00020370400000000003,0.000111111,0.000111111,0.000111111,0.000111111,0.00048148099999999997,0.00048148099999999997,0.00048148099999999997,0.00048148099999999997,0.000555556,0.000555556,0.0005,0.00048148099999999997,0.00048148099999999997,0.00048148099999999997,0.000444444,0.000444444,0.000444444
0.222222222,0.222222222,0.222222222,0.222222222,0.222222222,0.27777777800000003,0.333333333,0.333333333,0.38888888899999996,0.444444444,0.38888888899999996,0.333333333,0.27777777800000003,0.222222222,0.27777777800000003,0.27777777800000003,0.27777777800000003,0.333333333,0.333333333,0.333333333,0.333333333,0.38888888899999996,0.38888888899999996,0.333333333,0.27777777800000003,0.27777777800000003,0.222222222,0.166666667,0.166666667,0.166666667
0.5655555560000001,0.5686111110000001,0.5700925929999999,0.571944444,0.571018519,0.569722222,0.570462963,0.575462963,0.578796296,0.580462963,0.58537037,0.591111111,0.597314815,0.603888889,0.607962963,0.611203704,0.612777778,0.612037037,0.61287037,0.614351852,0.617592593,0.6195370370000001,0.62287037,0.627962963,0.630555556,0.632314815,0.635,0.638703704,0.642962963,0.645092593
0.658333333,0.661018519,0.660925926,0.6625,0.660740741,0.657037037,0.656481481,0.662222222,0.664537037,0.666388889,0.675185185,0.6808333329999999,0.687407407,0.69537037,0.698148148,0.701018519,0.701666667,0.700740741,0.701296296,0.70212963,0.705648148,0.707777778,0.71037037,0.7180555559999999,0.719907407,0.724074074,0.729814815,0.732592593,0.738888889,0.741203704
0.486296296,0.49074074100000004,0.49435185200000004,0.498055556,0.497962963,0.499907407,0.500740741,0.505925926,0.509814815,0.511481481,0.5125925929999999,0.518333333,0.5232407410000001,0.5275925929999999,0.534814815,0.54037037,0.544074074,0.545740741,0.546481481,0.548796296,0.551851852,0.554444444,0.558333333,0.56037037,0.564074074,0.56537037,0.5649074070000001,0.568148148,0.572407407,0.574351852
0.472578947,0.467684211,0.47326315799999996,0.480368421,0.486421053,0.506473684,0.5131052629999999,0.510842105,0.5050526320000001,0.505421053,0.5050526320000001,0.487157895,0.47326315799999996,0.46089473700000005,0.464052632,0.46963157899999997,0.48268421100000003,0.49705263200000005,0.5100526320000001,0.522789474,0.533263158,0.536368421,0.540421053,0.542684211,0.535947368,0.537684211,0.543842105,0.544947368,0.537684211,0.536
0.00122807,0.00122807,0.00122807,0.00122807,0.00122807,0.0012807019999999999,0.001298246,0.001298246,0.001298246,0.001333333,0.001333333,0.00019298200000000002,0.00019298200000000002,0.00019298200000000002,0.000105263,0.000105263,0.000105263,0.00045614,0.00045614,0.00045614,0.00045614,0.000526316,0.000526316,0.000526316,0.00047368400000000004,0.00045614,0.00045614,0.00045614,0.000421053,0.000421053
0.21052631600000002,0.21052631600000002,0.21052631600000002,0.21052631600000002,0.21052631600000002,0.263157895,0.31578947399999996,0.31578947399999996,0.36842105299999994,0.42105263200000004,0.42105263200000004,0.36842105299999994,0.31578947399999996,0.263157895,0.263157895,0.263157895,0.263157895,0.31578947399999996,0.31578947399999996,0.31578947399999996,0.31578947399999996,0.36842105299999994,0.36842105299999994,0.36842105299999994,0.31578947399999996,0.263157895,0.263157895,0.21052631600000002,0.15789473699999998,0.15789473699999998
0.56622807,0.568333333,0.5691228070000001,0.57122807,0.572368421,0.571052632,0.57122807,0.57254386,0.576491228,0.579824561,0.581842105,0.587982456,0.593596491,0.599824561,0.605,0.609298246,0.612368421,0.613157895,0.614210526,0.614561404,0.615526316,0.618070175,0.620614035,0.625,0.628859649,0.631140351,0.632894737,0.6365789470000001,0.6410526320000001,0.644561404
0.659385965,0.66122807,0.660438596,0.662631579,0.663684211,0.659649123,0.658421053,0.657368421,0.66122807,0.666578947,0.667894737,0.678070175,0.683684211,0.6899122809999999,0.696052632,0.6999122809999999,0.703070175,0.702368421,0.7032456140000001,0.702719298,0.702719298,0.707017544,0.7090350879999999,0.7139473679999999,0.717982456,0.721403509,0.725263158,0.731052632,0.736578947,0.740614035
0.486403509,0.489912281,0.492982456,0.495701754,0.497368421,0.499912281,0.501140351,0.504035088,0.50877193,0.510701754,0.512017544,0.515614035,0.52,0.525175439,0.530350877,0.5365789470000001,0.541315789,0.545263158,0.5464912279999999,0.549122807,0.5508771929999999,0.552631579,0.554473684,0.559035088,0.561929825,0.5652631579999999,0.5646491229999999,0.565964912,0.5697368420000001,0.5741228070000001
0.47585,0.4687,0.4708,0.4723,0.47875,0.4949,0.51015,0.50785,0.5075,0.5091,0.5063,0.5022,0.48225,0.46715,0.46915,0.47185,0.47755,0.49175,0.50195,0.51395,0.52635,0.53605,0.5361,0.53795,0.54195,0.5398,0.53705,0.5399,0.5401,0.53535
0.0012,0.001166667,0.001166667,0.001166667,0.001166667,0.001216667,0.001233333,0.001233333,0.001233333,0.001266667,0.001266667,0.001266667,0.000183333,0.000183333,0.000183333,0.0001,0.0001,0.00043333300000000005,0.00043333300000000005,0.00043333300000000005,0.00043333300000000005,0.0005,0.0005,0.0005,0.0005,0.00045,0.00043333300000000005,0.00043333300000000005,0.00043333300000000005,0.0004
0.25,0.2,0.2,0.2,0.2,0.25,0.3,0.3,0.35,0.4,0.4,0.4,0.35,0.3,0.3,0.25,0.25,0.3,0.3,0.3,0.3,0.35,0.35,0.35,0.35,0.3,0.25,0.25,0.2,0.15
0.567083333,0.5688333329999999,0.5688333329999999,0.57025,0.571666667,0.572333333,0.572416667,0.5731666670000001,0.573666667,0.577583333,0.5811666670000001,0.5845,0.5905,0.596166667,0.6010833329999999,0.6064166670000001,0.6105,0.61275,0.615166667,0.61575,0.6156666670000001,0.616083333,0.619166667,0.62275,0.626,0.6295,0.63175,0.6345,0.638916667,0.6426666670000001
0.660083333,0.662083333,0.660666667,0.662083333,0.66375,0.6625,0.660833333,0.659166667,0.656666667,0.663333333,0.6679999999999999,0.6709999999999999,0.680916667,0.68625,0.6908333329999999,0.697833333,0.701916667,0.703666667,0.704666667,0.7045,0.70325,0.7041666670000001,0.70825,0.7125,0.7140833329999999,0.7195,0.722666667,0.726666667,0.734916667,0.7383333329999999
0.48875,0.489833333,0.49208333299999996,0.494333333,0.495166667,0.49925,0.501083333,0.50425,0.506833333,0.5096666670000001,0.51125,0.514916667,0.517333333,0.522,0.5279166670000001,0.53225,0.537666667,0.542583333,0.546,0.5489999999999999,0.551083333,0.551666667,0.55275,0.555333333,0.560583333,0.5631666670000001,0.564583333,0.565666667,0.567583333,0.5715
0.47571428600000004,0.47200000000000003,0.471619048,0.47,0.471142857,0.48719047600000004,0.498952381,0.505285714,0.504809524,0.511238095,0.509761905,0.50352381,0.496809524,0.47600000000000003,0.47471428600000004,0.47633333299999997,0.479285714,0.48642857100000003,0.496666667,0.506047619,0.517761905,0.529333333,0.535809524,0.533952381,0.53747619,0.545333333,0.5390952379999999,0.5336190479999999,0.53552381,0.537761905
0.001206349,0.001142857,0.0011111110000000001,0.0011111110000000001,0.0011111110000000001,0.00115873,0.001174603,0.001174603,0.001174603,0.001206349,0.001206349,0.001206349,0.001206349,0.00017460299999999998,0.00017460299999999998,0.00017460299999999998,9.520000000000001e-05,0.000412698,0.000412698,0.000412698,0.000412698,0.00047619,0.00047619,0.00047619,0.00047619,0.00047619,0.000428571,0.000412698,0.000412698,0.000412698
0.28571428600000004,0.23809523800000001,0.19047619,0.19047619,0.19047619,0.23809523800000001,0.28571428600000004,0.28571428600000004,0.333333333,0.380952381,0.380952381,0.380952381,0.380952381,0.333333333,0.333333333,0.28571428600000004,0.23809523800000001,0.28571428600000004,0.28571428600000004,0.28571428600000004,0.28571428600000004,0.333333333,0.333333333,0.333333333,0.333333333,0.333333333,0.28571428600000004,0.23809523800000001,0.23809523800000001,0.19047619
0.57031746,0.56952381,0.5692857139999999,0.569920635,0.570714286,0.571666667,0.573571429,0.574206349,0.574206349,0.57484127,0.578968254,0.583730159,0.5870634920000001,0.593095238,0.5975396829999999,0.602619048,0.6076984129999999,0.610952381,0.61468254,0.616587302,0.616746032,0.616190476,0.617222222,0.621269841,0.623809524,0.626746032,0.63015873,0.6333333329999999,0.6368253970000001,0.640555556
0.6636507939999999,0.6626190479999999,0.661507937,0.662222222,0.663174603,0.6626190479999999,0.663492063,0.661428571,0.658412698,0.658888889,0.66484127,0.670952381,0.6740476190000001,0.683492063,0.687301587,0.692777778,0.69984127,0.7025396829999999,0.7057936509999999,0.7057936509999999,0.704920635,0.704603175,0.70547619,0.711587302,0.7126984129999999,0.715714286,0.7207936509999999,0.7241269840000001,0.730555556,0.736666667
0.49246031700000004,0.49190476200000005,0.49190476200000005,0.493412698,0.493888889,0.49706349200000005,0.500396825,0.504047619,0.506904762,0.507777778,0.510238095,0.514047619,0.516587302,0.519365079,0.524761905,0.52984127,0.533492063,0.539047619,0.5434126979999999,0.5484126979999999,0.550873016,0.551825397,0.551825397,0.553650794,0.556984127,0.561825397,0.562619048,0.5655555560000001,0.567222222,0.569365079
0.475045455,0.472045455,0.474636364,0.47081818200000003,0.469,0.479545455,0.491409091,0.49481818200000005,0.5025,0.5085,0.511772727,0.506954545,0.49831818200000005,0.490181818,0.48281818200000004,0.48131818200000004,0.48322727299999996,0.487681818,0.491363636,0.5008181820000001,0.510045455,0.521,0.529409091,0.533772727,0.5336818179999999,0.5409090910000001,0.544409091,0.535727273,0.529727273,0.5335
0.001151515,0.001151515,0.001090909,0.001060606,0.001060606,0.001106061,0.001121212,0.001121212,0.001121212,0.001151515,0.001151515,0.001151515,0.001151515,0.001151515,0.000166667,0.000166667,0.000166667,0.000393939,0.000393939,0.000393939,0.000393939,0.000454545,0.000454545,0.000454545,0.000454545,0.000454545,0.000454545,0.000409091,0.000393939,0.000393939
0.272727273,0.272727273,0.22727272699999998,0.181818182,0.181818182,0.22727272699999998,0.272727273,0.272727273,0.318181818,0.363636364,0.363636364,0.363636364,0.363636364,0.363636364,0.363636364,0.318181818,0.272727273,0.272727273,0.272727273,0.272727273,0.272727273,0.318181818,0.318181818,0.318181818,0.318181818,0.318181818,0.318181818,0.272727273,0.22727272699999998,0.22727272699999998
0.5728787879999999,0.5725,0.569924242,0.57030303,0.570378788,0.570757576,0.5728787879999999,0.575227273,0.575151515,0.57530303,0.576287879,0.581515152,0.586212121,0.58969697,0.594545455,0.599166667,0.604015152,0.608257576,0.612878788,0.616060606,0.6175,0.61719697,0.617272727,0.619318182,0.622348485,0.624621212,0.6275,0.631742424,0.635606061,0.6384848479999999
0.666287879,0.6659090910000001,0.662045455,0.662954545,0.663257576,0.6621212120000001,0.663560606,0.663939394,0.660606061,0.660454545,0.6605303029999999,0.66780303,0.673863636,0.676818182,0.684621212,0.6893181820000001,0.694924242,0.700530303,0.704621212,0.706818182,0.706136364,0.706136364,0.705833333,0.7087878790000001,0.711818182,0.7143181820000001,0.717121212,0.722272727,0.727954545,0.732424242
0.494545455,0.49530303,0.493787879,0.493181818,0.49303030299999995,0.49575757600000003,0.49825757600000004,0.503257576,0.506590909,0.50780303,0.508409091,0.512954545,0.515681818,0.518560606,0.5221212120000001,0.5267424239999999,0.531136364,0.535,0.54,0.5458333329999999,0.550227273,0.551590909,0.551969697,0.552727273,0.55530303,0.558333333,0.561363636,0.563636364,0.567045455,0.5689393939999999
0.473217391,0.47156521700000004,0.47456521700000004,0.47373913,0.469826087,0.477130435,0.483913043,0.487782609,0.492608696,0.506130435,0.509130435,0.509,0.501826087,0.491913043,0.49608695700000005,0.488782609,0.48769565200000004,0.49108695700000005,0.492347826,0.495565217,0.504869565,0.513478261,0.521434783,0.52773913,0.533521739,0.537130435,0.540217391,0.540956522,0.531913043,0.528043478
0.001101449,0.001101449,0.001101449,0.001043478,0.001014493,0.001057971,0.001072464,0.001072464,0.001072464,0.001101449,0.001101449,0.001101449,0.001101449,0.001101449,0.001101449,0.00015942,0.00015942,0.000449275,0.00037681199999999997,0.00037681199999999997,0.00037681199999999997,0.00043478300000000006,0.00043478300000000006,0.00043478300000000006,0.00043478300000000006,0.00043478300000000006,0.00043478300000000006,0.00043478300000000006,0.00039130400000000003,0.00037681199999999997
0.260869565,0.260869565,0.260869565,0.21739130399999998,0.17391304300000002,0.21739130399999998,0.260869565,0.260869565,0.304347826,0.347826087,0.347826087,0.347826087,0.347826087,0.347826087,0.39130434799999997,0.347826087,0.304347826,0.304347826,0.260869565,0.260869565,0.260869565,0.304347826,0.304347826,0.304347826,0.304347826,0.304347826,0.304347826,0.304347826,0.260869565,0.21739130399999998
0.575434783,0.5748550720000001,0.572753623,0.570869565,0.570724638,0.570434783,0.571956522,0.574492754,0.576086957,0.57615942,0.576666667,0.57884058,0.5839855070000001,0.588768116,0.5912318839999999,0.5962318839999999,0.600652174,0.604710145,0.610217391,0.614275362,0.6169565220000001,0.617898551,0.618188406,0.619275362,0.620434783,0.623188406,0.625434783,0.629130435,0.633985507,0.637246377
0.669492754,0.668333333,0.665217391,0.663405797,0.663913043,0.662246377,0.663043478,0.663985507,0.663043478,0.662463768,0.661956522,0.663550725,0.6707246379999999,0.676521739,0.678188406,0.686666667,0.691521739,0.6957971009999999,0.702608696,0.705652174,0.707101449,0.707246377,0.707246377,0.7089855070000001,0.709130435,0.7134057970000001,0.715724638,0.7186956520000001,0.726014493,0.729855072
0.495072464,0.49717391299999997,0.496956522,0.494927536,0.492826087,0.494855072,0.496956522,0.501086957,0.505724638,0.5074637679999999,0.508405797,0.5110869570000001,0.514565217,0.517608696,0.521231884,0.524130435,0.528115942,0.532681159,0.536086957,0.542463768,0.547681159,0.550942029,0.55173913,0.552826087,0.554347826,0.556666667,0.558043478,0.562391304,0.5651449279999999,0.568695652
0.47729166700000003,0.46995833299999995,0.474,0.473708333,0.47266666700000004,0.47758333299999994,0.481416667,0.48075,0.48595833299999996,0.4965,0.506833333,0.506583333,0.504,0.495541667,0.4975,0.50125,0.49458333299999996,0.495041667,0.49541666700000003,0.496333333,0.499666667,0.508375,0.514208333,0.520166667,0.52775,0.536833333,0.536625,0.537083333,0.537083333,0.5302083329999999
0.001055556,0.001055556,0.001055556,0.001055556,0.001,0.001013889,0.001027778,0.001027778,0.001027778,0.001055556,0.001055556,0.001055556,0.001055556,0.001055556,0.001055556,0.001055556,0.00015277799999999998,0.00043055599999999996,0.00043055599999999996,0.000361111,0.000361111,0.00041666699999999996,0.00041666699999999996,0.00041666699999999996,0.00041666699999999996,0.00041666699999999996,0.00041666699999999996,0.00041666699999999996,0.00041666699999999996,0.000375
0.25,0.25,0.25,0.25,0.208333333,0.208333333,0.25,0.25,0.291666667,0.333333333,0.333333333,0.333333333,0.333333333,0.333333333,0.375,0.375,0.333333333,0.333333333,0.291666667,0.25,0.25,0.291666667,0.291666667,0.291666667,0.291666667,0.291666667,0.291666667,0.291666667,0.291666667,0.25
0.575694444,0.5772222220000001,0.575,0.573541667,0.57125,0.570763889,0.5715972220000001,0.573541667,0.575347222,0.577013889,0.577430556,0.579097222,0.581319444,0.586527778,0.5902777779999999,0.592986111,0.597777778,0.601458333,0.606736111,0.611666667,0.615208333,0.617361111,0.618819444,0.620069444,0.620347222,0.6213194439999999,0.624027778,0.627083333,0.631388889,0.635625
0.670277778,0.6713194440000001,0.667569444,0.666388889,0.664305556,0.6629166670000001,0.663125,0.663472222,0.663125,0.6647222220000001,0.663819444,0.664791667,0.666527778,0.6734027779999999,0.677847222,0.680416667,0.688888889,0.6925,0.697986111,0.7036805559999999,0.705972222,0.708125,0.708263889,0.710208333,0.7093055559999999,0.7107638890000001,0.7147916670000001,0.717291667,0.722430556,0.727916667
0.49458333299999996,0.49756944399999997,0.498680556,0.49791666700000003,0.494513889,0.49458333299999996,0.496041667,0.49972222200000005,0.503541667,0.506597222,0.508055556,0.510972222,0.512708333,0.516458333,0.520208333,0.523194444,0.525555556,0.5297222220000001,0.533819444,0.538611111,0.544375,0.548472222,0.551111111,0.552569444,0.554375,0.555694444,0.5564583329999999,0.5591666670000001,0.563888889,0.566805556
0.47516,0.474,0.47236000000000006,0.4732,0.47268000000000004,0.48,0.48168,0.47848,0.47928000000000004,0.48996000000000006,0.49756000000000006,0.50448,0.50188,0.49788000000000004,0.50076,0.5024,0.50632,0.50136,0.49904,0.49912,0.50024,0.5032399999999999,0.5092800000000001,0.5132800000000001,0.52048,0.5311600000000001,0.5363600000000001,0.53376,0.53352,0.5352399999999999
0.001013333,0.001013333,0.001013333,0.001013333,0.001013333,0.001,0.0009866669999999999,0.0009866669999999999,0.0009866669999999999,0.001013333,0.001013333,0.001013333,0.001013333,0.001013333,0.001013333,0.001013333,0.001013333,0.00041333300000000005,0.00041333300000000005,0.00041333300000000005,0.000346667,0.0004,0.0004,0.0004,0.0004,0.0004,0.0004,0.0004,0.0004,0.0004
0.24,0.24,0.24,0.24,0.24,0.24,0.24,0.24,0.28,0.32,0.32,0.32,0.32,0.32,0.36,0.36,0.36,0.36,0.32,0.28,0.24,0.28,0.28,0.28,0.28,0.28,0.28,0.28,0.28,0.28
0.574,0.5774,0.5772666670000001,0.575666667,0.5738,0.5712666670000001,0.571866667,0.573133333,0.5744,0.5762666670000001,0.5782,0.579733333,0.581466667,0.583866667,0.588066667,0.5920000000000001,0.5946,0.598666667,0.603533333,0.608266667,0.612666667,0.6156666670000001,0.618266667,0.6206,0.621066667,0.6212,0.6222,0.6256666670000001,0.6293333329999999,0.633066667
0.6682,0.672,0.670466667,0.6686,0.667133333,0.663333333,0.6637333329999999,0.663533333,0.662666667,0.6647333329999999,0.665933333,0.666466667,0.6676,0.669266667,0.6748,0.68,0.6828,0.6899333329999999,0.694733333,0.6992,0.704066667,0.7070000000000001,0.709066667,0.711066667,0.710466667,0.710866667,0.7122,0.716333333,0.720933333,0.7244
0.494,0.49700000000000005,0.499,0.49953333299999997,0.4974,0.49613333299999995,0.49573333299999994,0.49873333299999995,0.502133333,0.504466667,0.5072,0.5105333329999999,0.5125333329999999,0.5146,0.519,0.522133333,0.5246,0.5272,0.530933333,0.536333333,0.5406,0.545266667,0.5487333329999999,0.5519333329999999,0.5540666670000001,0.555666667,0.555533333,0.5576,0.560733333,0.565533333
0.46919230799999995,0.472076923,0.476153846,0.471653846,0.472230769,0.479730769,0.483846154,0.47884615399999997,0.477153846,0.483384615,0.491230769,0.495653846,0.500038462,0.49607692299999995,0.5028076920000001,0.5053461539999999,0.507230769,0.512384615,0.504961538,0.5024615379999999,0.502769231,0.503653846,0.504307692,0.508576923,0.513846154,0.524038462,0.5309230770000001,0.533615385,0.530461538,0.531884615
0.0009743589999999999,0.0009743589999999999,0.0009743589999999999,0.0009743589999999999,0.0009743589999999999,0.0010128210000000001,0.0009743589999999999,0.000948718,0.000948718,0.0009743589999999999,0.0009743589999999999,0.0009743589999999999,0.0009743589999999999,0.0009743589999999999,0.0009743589999999999,0.0009743589999999999,0.0009743589999999999,0.001230769,0.000397436,0.000397436,0.000397436,0.000384615,0.000384615,0.000384615,0.000384615,0.000384615,0.000384615,0.000384615,0.000384615,0.000384615
0.23076923100000002,0.23076923100000002,0.23076923100000002,0.23076923100000002,0.23076923100000002,0.269230769,0.269230769,0.23076923100000002,0.269230769,0.307692308,0.307692308,0.307692308,0.307692308,0.307692308,0.346153846,0.346153846,0.346153846,0.384615385,0.346153846,0.307692308,0.269230769,0.269230769,0.269230769,0.269230769,0.269230769,0.269230769,0.269230769,0.269230769,0.269230769,0.269230769
0.5712820510000001,0.575705128,0.577435897,0.5778205129999999,0.575833333,0.573717949,0.572307692,0.573333333,0.5739743589999999,0.575320513,0.577435897,0.580384615,0.581987179,0.583910256,0.585448718,0.589807692,0.593589744,0.595576923,0.600769231,0.605128205,0.6093589739999999,0.6132051279999999,0.616602564,0.62,0.6215384620000001,0.621858974,0.622051282,0.623846154,0.627884615,0.631025641
0.666410256,0.669935897,0.6711538459999999,0.6713461540000001,0.669230769,0.666089744,0.664102564,0.664102564,0.66275641,0.664230769,0.6658974360000001,0.668397436,0.669102564,0.670192308,0.670769231,0.676987179,0.6823076920000001,0.6840384620000001,0.692179487,0.696025641,0.69974359,0.705128205,0.7079487179999999,0.7117307690000001,0.711282051,0.711923077,0.71224359,0.7137820509999999,0.719871795,0.722884615
0.489615385,0.496346154,0.498397436,0.499807692,0.498974359,0.498846154,0.49717948700000003,0.498333333,0.501089744,0.503076923,0.505128205,0.509615385,0.512051282,0.514358974,0.517115385,0.520897436,0.523525641,0.526217949,0.528461538,0.533461538,0.538333333,0.541602564,0.545641026,0.549615385,0.553397436,0.555320513,0.555512821,0.556666667,0.5591666670000001,0.5624358970000001
0.47159259299999995,0.46644444399999996,0.474222222,0.47533333299999997,0.470777778,0.47903703700000005,0.483444444,0.48103703700000006,0.477555556,0.481185185,0.484851852,0.48962963,0.49170370399999996,0.494518519,0.500888889,0.507148148,0.509888889,0.513037037,0.515444444,0.508037037,0.505851852,0.505962963,0.5046666670000001,0.503814815,0.509296296,0.517518519,0.524074074,0.528481481,0.530444444,0.529
0.001185185,0.000938272,0.000938272,0.000938272,0.000938272,0.0009753089999999999,0.000987654,0.000938272,0.00091358,0.000938272,0.000938272,0.000938272,0.000938272,0.000938272,0.000938272,0.000938272,0.000938272,0.001185185,0.001185185,0.00038271599999999996,0.00038271599999999996,0.000432099,0.00037037,0.00037037,0.00037037,0.00037037,0.00037037,0.00037037,0.00037037,0.00037037
0.25925925899999996,0.222222222,0.222222222,0.222222222,0.222222222,0.25925925899999996,0.296296296,0.25925925899999996,0.25925925899999996,0.296296296,0.296296296,0.296296296,0.296296296,0.296296296,0.333333333,0.333333333,0.333333333,0.37037037,0.37037037,0.333333333,0.296296296,0.296296296,0.25925925899999996,0.25925925899999996,0.25925925899999996,0.25925925899999996,0.25925925899999996,0.25925925899999996,0.25925925899999996,0.25925925899999996
0.566728395,0.573024691,0.575802469,0.5779629629999999,0.577901235,0.575679012,0.57462963,0.573703704,0.574135802,0.574876543,0.576481481,0.579567901,0.582530864,0.584320988,0.585432099,0.5872222220000001,0.5914197529999999,0.594567901,0.597716049,0.6024074070000001,0.606296296,0.61,0.614197531,0.6183333329999999,0.620925926,0.622283951,0.6226543210000001,0.623641975,0.626049383,0.629567901
0.661358025,0.668148148,0.669197531,0.671975309,0.6718518520000001,0.668148148,0.666728395,0.664444444,0.663333333,0.6642592589999999,0.66537037,0.668271605,0.670864198,0.67154321,0.671604938,0.673024691,0.679320988,0.683518519,0.686419753,0.693518519,0.696666667,0.7009259259999999,0.7061111109999999,0.710555556,0.71191358,0.7126543209999999,0.713209877,0.713765432,0.717283951,0.721790123
0.485679012,0.492037037,0.497716049,0.499197531,0.499259259,0.500308642,0.499753086,0.49962963,0.5006172839999999,0.502037037,0.503765432,0.507530864,0.5111111110000001,0.51382716,0.5167901229999999,0.519012346,0.522283951,0.5251234570000001,0.527469136,0.530987654,0.535493827,0.539382716,0.542098765,0.546604938,0.551111111,0.55462963,0.555185185,0.556604938,0.558209877,0.560864198
0.48075,0.468857143,0.46871428600000004,0.4735,0.474357143,0.477392857,0.48264285700000004,0.48075,0.479714286,0.481428571,0.482678571,0.483535714,0.486035714,0.486678571,0.499214286,0.5051428570000001,0.511464286,0.515392857,0.515964286,0.518035714,0.5111071429999999,0.5088214289999999,0.506857143,0.504178571,0.504678571,0.513,0.517785714,0.521964286,0.525607143,0.5290357139999999
0.00447619,0.001142857,0.0009047619999999999,0.0009047619999999999,0.0009047619999999999,0.0009404760000000001,0.0009523810000000001,0.0009523810000000001,0.0009047619999999999,0.0009047619999999999,0.0009047619999999999,0.0009047619999999999,0.0009047619999999999,0.0009047619999999999,0.0009047619999999999,0.0009047619999999999,0.0009047619999999999,0.001142857,0.001142857,0.001142857,0.000369048,0.00041666699999999996,0.00041666699999999996,0.00035714300000000003,0.00035714300000000003,0.00035714300000000003,0.00035714300000000003,0.00035714300000000003,0.00035714300000000003,0.00035714300000000003
0.28571428600000004,0.25,0.214285714,0.214285714,0.214285714,0.25,0.28571428600000004,0.28571428600000004,0.28571428600000004,0.28571428600000004,0.28571428600000004,0.28571428600000004,0.28571428600000004,0.28571428600000004,0.321428571,0.321428571,0.321428571,0.35714285700000004,0.35714285700000004,0.35714285700000004,0.321428571,0.321428571,0.28571428600000004,0.25,0.25,0.25,0.25,0.25,0.25,0.25
0.564404762,0.568571429,0.573214286,0.576369048,0.578035714,0.577678571,0.576488095,0.575892857,0.574464286,0.575,0.576011905,0.578571429,0.581666667,0.584761905,0.58577381,0.587142857,0.588869048,0.592440476,0.596666667,0.599404762,0.603630952,0.60702381,0.611071429,0.615952381,0.619285714,0.6216666670000001,0.623035714,0.624166667,0.62577381,0.627738095
0.658988095,0.663214286,0.6675,0.670059524,0.6724404759999999,0.670714286,0.668690476,0.666964286,0.663690476,0.664761905,0.6653571429999999,0.667678571,0.6706547620000001,0.673154762,0.672857143,0.67375,0.675416667,0.680595238,0.6858333329999999,0.687916667,0.69422619,0.697916667,0.70202381,0.7086904759999999,0.71077381,0.7132142859999999,0.713869048,0.7146428570000001,0.717142857,0.71922619
0.483511905,0.488154762,0.493511905,0.498511905,0.498690476,0.500535714,0.501130952,0.50202381,0.5017857139999999,0.501547619,0.502738095,0.506130952,0.509047619,0.512857143,0.516190476,0.518630952,0.520416667,0.523869048,0.526369048,0.529940476,0.5330357139999999,0.536607143,0.5399404760000001,0.543154762,0.548154762,0.552380952,0.55452381,0.55625,0.5580952379999999,0.559880952
0.484965517,0.477793103,0.47096551700000006,0.468206897,0.47262069,0.48062069,0.480931034,0.48006896600000004,0.479482759,0.48337931,0.482862069,0.481482759,0.48027586200000005,0.48137931,0.491482759,0.50337931,0.50937931,0.5167241379999999,0.518137931,0.518448276,0.520655172,0.5137931029999999,0.509586207,0.506310345,0.505,0.508413793,0.513413793,0.515965517,0.519413793,0.524413793
0.004321839,0.004321839,0.001103448,0.000873563,0.000873563,0.000908046,0.00091954,0.00091954,0.00091954,0.000896552,0.000873563,0.000873563,0.000873563,0.000873563,0.000873563,0.000873563,0.000873563,0.001103448,0.001103448,0.001103448,0.001103448,0.000402299,0.000402299,0.000402299,0.00034482800000000004,0.00034482800000000004,0.00034482800000000004,0.00034482800000000004,0.00034482800000000004,0.00034482800000000004
0.275862069,0.275862069,0.24137931,0.20689655199999998,0.20689655199999998,0.24137931,0.275862069,0.275862069,0.310344828,0.310344828,0.275862069,0.275862069,0.275862069,0.275862069,0.310344828,0.310344828,0.310344828,0.344827586,0.344827586,0.344827586,0.344827586,0.344827586,0.310344828,0.275862069,0.24137931,0.24137931,0.24137931,0.24137931,0.24137931,0.24137931
0.564885057,0.566264368,0.568908046,0.573850575,0.576494253,0.5778160920000001,0.578390805,0.5776436779999999,0.576551724,0.575287356,0.576091954,0.578045977,0.5806321839999999,0.583850575,0.586149425,0.587413793,0.588735632,0.589942529,0.59454023,0.598333333,0.600689655,0.604425287,0.60816092,0.612873563,0.616954023,0.620057471,0.622413793,0.6244827589999999,0.626206897,0.627413793
0.6601724139999999,0.660862069,0.662758621,0.668390805,0.6705747129999999,0.6713218390000001,0.671149425,0.668850575,0.666149425,0.665057471,0.665804598,0.667586207,0.67,0.672873563,0.674367816,0.674885057,0.676034483,0.6767816090000001,0.6829310340000001,0.687298851,0.688793103,0.6955172409999999,0.69908046,0.704655172,0.708965517,0.7120689659999999,0.714367816,0.715229885,0.7178735629999999,0.7190229890000001
0.482471264,0.485977011,0.489712644,0.49442528700000005,0.49804597700000003,0.49994252899999997,0.5013218389999999,0.5032758620000001,0.504022989,0.502643678,0.502241379,0.505057471,0.507643678,0.510804598,0.515172414,0.517988506,0.52,0.522011494,0.525114943,0.5287931029999999,0.5319540229999999,0.534195402,0.537241379,0.541034483,0.544770115,0.549482759,0.5523563220000001,0.5555747129999999,0.557701149,0.559712644
0.496166667,0.481966667,0.47953333299999995,0.4704,0.467533333,0.478733333,0.48393333299999997,0.4785,0.478866667,0.48303333299999995,0.4847,0.4817,0.4784,0.475966667,0.4862,0.49576666700000005,0.5075333329999999,0.5145333329999999,0.519333333,0.520466667,0.520966667,0.522933333,0.514366667,0.508966667,0.507033333,0.5086,0.508966667,0.5118,0.5137,0.518466667
0.004177778,0.004177778,0.004177778,0.0010666669999999999,0.000844444,0.0008777780000000001,0.0008888889999999999,0.0008888889999999999,0.0008888889999999999,0.000911111,0.000866667,0.000844444,0.000844444,0.000844444,0.000844444,0.000844444,0.000844444,0.0010666669999999999,0.0010666669999999999,0.0010666669999999999,0.0010666669999999999,0.0011111110000000001,0.000388889,0.000388889,0.000388889,0.00033333300000000006,0.00033333300000000006,0.00033333300000000006,0.00033333300000000006,0.00033333300000000006
0.3,0.26666666699999997,0.26666666699999997,0.233333333,0.2,0.233333333,0.26666666699999997,0.26666666699999997,0.3,0.333333333,0.3,0.26666666699999997,0.26666666699999997,0.26666666699999997,0.3,0.3,0.3,0.333333333,0.333333333,0.333333333,0.333333333,0.36666666700000006,0.333333333,0.3,0.26666666699999997,0.233333333,0.233333333,0.233333333,0.233333333,0.233333333
0.5615555560000001,0.566666667,0.566666667,0.569666667,0.574055556,0.576333333,0.5785,0.579444444,0.5782222220000001,0.577277778,0.576333333,0.578055556,0.580055556,0.582777778,0.5852222220000001,0.587722222,0.588944444,0.589777778,0.592055556,0.5962222220000001,0.599611111,0.601555556,0.605611111,0.61,0.613944444,0.617777778,0.620833333,0.623833333,0.626444444,0.627777778
0.656111111,0.661944444,0.6605,0.6637777779999999,0.668944444,0.669555556,0.671722222,0.671222222,0.6679999999999999,0.6673888889999999,0.666055556,0.667944444,0.6698333329999999,0.672166667,0.6740555559999999,0.676277778,0.6770555559999999,0.677333333,0.6791666670000001,0.684444444,0.6881666670000001,0.690222222,0.696722222,0.701722222,0.7050555559999999,0.7102777779999999,0.7132222220000001,0.715666667,0.718333333,0.719666667
0.479777778,0.484888889,0.487555556,0.49072222200000004,0.494111111,0.49927777799999995,0.500722222,0.503388889,0.505166667,0.504777778,0.503277778,0.5045,0.506555556,0.509388889,0.5131111110000001,0.516944444,0.519333333,0.521555556,0.523277778,0.5275,0.5307777779999999,0.533111111,0.534888889,0.538388889,0.542666667,0.546166667,0.5495555560000001,0.553444444,0.557,0.559277778
