0.493,0.484,0.54,0.56,0.715,0.669,0.5489999999999999,0.556,0.818,0.573,0.369,0.509,0.706,0.861,0.718,0.6679999999999999,0.586,0.491,0.546,0.48,0.535,0.659,0.8340000000000001,0.639,0.71,0.575,0.5379999999999999,0.62,0.636,0.794
0.0,0.0,0.0,0.0,0.0,0.0,0.0,0.0,0.015,0.0,0.0,0.0,0.013333333000000001,0.06333333299999999,0.003333333,0.0,0.0,0.0,0.0,0.0,0.0,0.0,0.01,0.0,0.0,0.021666667,0.0,0.0,0.0,0.011666667
0.0,0.0,0.0,0.0,0.0,0.0,1.0,0.0,1.0,0.0,0.0,0.0,1.0,1.0,1.0,0.0,0.0,0.0,0.0,0.0,1.0,0.0,1.0,0.0,0.0,1.0,0.0,0.0,0.0,1.0
0.598333333,0.6266666670000001,0.656666667,0.661666667,0.64,0.6466666670000001,0.635,0.6466666670000001,0.6166666670000001,0.575,0.538333333,0.548333333,0.54,0.536666667,0.595,0.61,0.573333333,0.5216666670000001,0.54,0.583333333,0.596666667,0.63,0.583333333,0.591666667,0.601666667,0.551666667,0.523333333,0.538333333,0.555,0.45
0.7,0.7383333329999999,0.768333333,0.7533333329999999,0.716666667,0.713333333,0.703333333,0.7333333329999999,0.648333333,0.653333333,0.625,0.65,0.581666667,0.578333333,0.675,0.703333333,0.63,0.605,0.668333333,0.718333333,0.678333333,0.698333333,0.6133333329999999,0.69,0.69,0.595,0.6083333329999999,0.64,0.656666667,0.54
0.5033333329999999,0.533333333,0.541666667,0.591666667,0.585,0.581666667,0.59,0.56,0.583333333,0.505,0.46166666700000003,0.431666667,0.5033333329999999,0.495,0.55,0.536666667,0.5,0.433333333,0.428333333,0.46,0.5066666670000001,0.58,0.55,0.5083333329999999,0.515,0.485,0.433333333,0.45333333299999995,0.47166666700000004,0.378333333
0.544,0.4885,0.512,0.55,0.6375,0.6920000000000001,0.609,0.5525,0.687,0.6955,0.47100000000000003,0.439,0.6075,0.7835,0.7895,0.693,0.627,0.5385,0.5185,0.513,0.5075,0.597,0.7465,0.7365,0.6745,0.6425,0.5565,0.579,0.628,0.715
0.0,0.0,0.0,0.0,0.0,0.0,0.0,0.0,0.0075,0.0075,0.0,0.0,0.006666666999999999,0.038333333,0.033333333,0.0016666670000000001,0.0,0.0,0.0,0.0,0.0,0.0,0.005,0.005,0.0,0.010833333,0.010833333,0.0,0.0,0.0058333330000000004
0.0,0.0,0.0,0.0,0.0,0.0,0.5,0.5,0.5,0.5,0.0,0.0,0.5,1.0,1.0,0.5,0.0,0.0,0.0,0.0,0.5,0.5,0.5,0.5,0.0,0.5,0.5,0.0,0.0,0.5
0.619166667,0.6125,0.6416666670000001,0.659166667,0.650833333,0.643333333,0.640833333,0.640833333,0.6316666670000001,0.595833333,0.556666667,0.543333333,0.544166667,0.538333333,0.5658333329999999,0.6025,0.591666667,0.5475,0.530833333,0.561666667,0.59,0.6133333329999999,0.606666667,0.5875,0.596666667,0.576666667,0.5375,0.530833333,0.546666667,0.5025
0.71,0.719166667,0.7533333329999999,0.760833333,0.735,0.715,0.708333333,0.718333333,0.6908333329999999,0.650833333,0.639166667,0.6375,0.615833333,0.58,0.6266666670000001,0.6891666670000001,0.666666667,0.6175,0.6366666670000001,0.693333333,0.698333333,0.688333333,0.655833333,0.651666667,0.69,0.6425,0.601666667,0.624166667,0.648333333,0.598333333
0.5458333329999999,0.518333333,0.5375,0.566666667,0.588333333,0.583333333,0.585833333,0.575,0.571666667,0.544166667,0.483333333,0.446666667,0.4675,0.499166667,0.5225,0.543333333,0.518333333,0.46666666700000003,0.430833333,0.444166667,0.483333333,0.543333333,0.565,0.529166667,0.5116666670000001,0.5,0.45916666700000003,0.443333333,0.4625,0.425
0.633,0.524,0.5056666670000001,0.528,0.605,0.648,0.644333333,0.591333333,0.6409999999999999,0.649,0.586666667,0.48366666700000005,0.528,0.6920000000000001,0.7616666670000001,0.7490000000000001,0.657333333,0.581666667,0.541,0.5056666670000001,0.520333333,0.5579999999999999,0.6759999999999999,0.710666667,0.727666667,0.641333333,0.607666667,0.577666667,0.598,0.683333333
0.012777778,0.0,0.0,0.0,0.0,0.0,0.0,0.0,0.005,0.005,0.005,0.0,0.0044444440000000005,0.025555556,0.026666667,0.022222222000000003,0.0011111110000000001,0.0,0.0,0.0,0.0,0.0,0.003333333,0.003333333,0.003333333,0.0072222219999999995,0.0072222219999999995,0.0072222219999999995,0.0,0.0038888890000000004
0.333333333,0.0,0.0,0.0,0.0,0.0,0.333333333,0.333333333,0.666666667,0.333333333,0.333333333,0.0,0.333333333,0.666666667,1.0,0.666666667,0.333333333,0.0,0.0,0.0,0.333333333,0.333333333,0.666666667,0.333333333,0.333333333,0.333333333,0.333333333,0.333333333,0.0,0.333333333
0.624444444,0.6216666670000001,0.627222222,0.648333333,0.6527777779999999,0.649444444,0.640555556,0.642777778,0.632777778,0.612777778,0.576666667,0.553888889,0.542222222,0.541666667,0.557222222,0.580555556,0.592777778,0.568333333,0.545,0.548333333,0.573333333,0.6033333329999999,0.6033333329999999,0.601666667,0.5922222220000001,0.581666667,0.558888889,0.5377777779999999,0.538888889,0.514444444
0.6972222220000001,0.7194444440000001,0.7355555559999999,0.7533333329999999,0.7461111109999999,0.727777778,0.7111111109999999,0.716666667,0.695,0.678333333,0.642222222,0.642777778,0.6188888889999999,0.6033333329999999,0.611666667,0.652222222,0.669444444,0.646111111,0.634444444,0.663888889,0.688333333,0.698333333,0.663333333,0.667222222,0.664444444,0.658333333,0.6311111110000001,0.614444444,0.635,0.612222222
0.566666667,0.541666667,0.526111111,0.5555555560000001,0.572777778,0.586111111,0.585555556,0.5772222220000001,0.577777778,0.549444444,0.5166666670000001,0.466111111,0.46555555600000004,0.47666666700000004,0.5161111110000001,0.527222222,0.528888889,0.49,0.45388888899999996,0.440555556,0.465,0.515555556,0.545555556,0.546111111,0.524444444,0.502777778,0.477777778,0.457222222,0.45277777799999996,0.434444444
0.6935,0.59575,0.528,0.51925,0.57475,0.621,0.62325,0.62225,0.648,0.624,0.579,0.56725,0.53925,0.61125,0.6985,0.73825,0.70825,0.61575,0.57275,0.52575,0.513,0.555,0.627,0.66675,0.7105,0.6895,0.6155,0.61075,0.59225,0.647
0.05125,0.009583333000000001,0.0,0.0,0.0,0.0,0.0,0.0,0.00375,0.00375,0.00375,0.00375,0.003333333,0.019166667,0.02,0.02,0.016666667,0.000833333,0.0,0.0,0.0,0.0,0.0025,0.0025,0.0025,0.007916666999999999,0.005416666999999999,0.005416666999999999,0.005416666999999999,0.002916667
0.5,0.25,0.0,0.0,0.0,0.0,0.25,0.25,0.5,0.5,0.25,0.25,0.25,0.5,0.75,0.75,0.5,0.25,0.0,0.0,0.25,0.25,0.5,0.5,0.25,0.5,0.25,0.25,0.25,0.25
0.62625,0.625,0.630416667,0.635833333,0.64625,0.65125,0.645833333,0.642083333,0.63625,0.6183333329999999,0.594166667,0.569583333,0.550416667,0.5408333329999999,0.555,0.570416667,0.57875,0.575,0.56125,0.554583333,0.560416667,0.5875,0.598333333,0.6004166670000001,0.601666667,0.5820833329999999,0.567083333,0.55375,0.542083333,0.5166666670000001
0.690416667,0.7075,0.731666667,0.74,0.744166667,0.737916667,0.721666667,0.716666667,0.699583333,0.684583333,0.665,0.644166667,0.6275,0.60875,0.62125,0.6345833329999999,0.6466666670000001,0.653333333,0.651666667,0.655416667,0.6675,0.6908333329999999,0.677083333,0.67,0.6729166670000001,0.647083333,0.645833333,0.6333333329999999,0.625,0.61125
0.574583333,0.558333333,0.541666667,0.5425,0.562916667,0.575,0.5870833329999999,0.5791666670000001,0.57875,0.559583333,0.5275,0.49541666700000003,0.475416667,0.472916667,0.495,0.52125,0.520416667,0.505,0.474583333,0.45541666700000005,0.457083333,0.49375,0.524166667,0.53625,0.538333333,0.5145833329999999,0.485416667,0.47166666700000004,0.46083333299999996,0.434166667
0.7156,0.6516,0.5846,0.5344,0.5584,0.5936,0.6066,0.6098,0.6614,0.633,0.573,0.565,0.595,0.6036,0.6326,0.6924,0.7078,0.6648,0.6018,0.5542,0.5276,0.5422,0.6108,0.6294,0.6754,0.6834,0.6592,0.6164,0.6158,0.6326
0.041333333,0.040999999999999995,0.007666666999999999,0.0,0.0,0.0,0.0,0.0,0.003,0.003,0.003,0.003,0.005666666999999999,0.015333333000000001,0.016,0.016,0.016,0.013333333000000001,0.000666667,0.0,0.0,0.0,0.002,0.002,0.002,0.006333333000000001,0.006333333000000001,0.004333333,0.004333333,0.006666666999999999
0.6,0.4,0.2,0.0,0.0,0.0,0.2,0.2,0.4,0.4,0.4,0.2,0.4,0.4,0.6,0.6,0.6,0.4,0.2,0.0,0.2,0.2,0.4,0.4,0.4,0.4,0.4,0.2,0.2,0.4
0.6276666670000001,0.6263333329999999,0.6313333329999999,0.6366666670000001,0.6366666670000001,0.646333333,0.648,0.6459999999999999,0.637,0.624,0.6023333329999999,0.585,0.563666667,0.547666667,0.551666667,0.5660000000000001,0.5710000000000001,0.567333333,0.568,0.565666667,0.563,0.574333333,0.586666667,0.597,0.600666667,0.591666667,0.570333333,0.561333333,0.5539999999999999,0.523666667
0.69,0.7,0.719666667,0.736,0.7353333329999999,0.738,0.731,0.7240000000000001,0.703,0.690333333,0.672666667,0.662,0.6316666670000001,0.6176666670000001,0.622,0.6376666670000001,0.6336666670000001,0.638333333,0.656333333,0.665,0.66,0.673666667,0.675333333,0.679666667,0.674,0.657333333,0.639333333,0.6446666670000001,0.638,0.608
0.577333333,0.566333333,0.555,0.551666667,0.551,0.566666667,0.578,0.581666667,0.58,0.564,0.54,0.5083333329999999,0.49700000000000005,0.479333333,0.488333333,0.5033333329999999,0.517,0.503,0.48966666700000006,0.47166666700000004,0.46566666700000003,0.48166666700000005,0.505,0.521,0.532,0.527666667,0.498333333,0.479,0.47166666700000004,0.444333333
0.7473333329999999,0.677,0.633,0.5805,0.5645,0.576833333,0.586166667,0.598166667,0.6445,0.6466666670000001,0.589,0.562333333,0.5885,0.639333333,0.6226666670000001,0.6385,0.674666667,0.671666667,0.645,0.5815,0.551,0.5495,0.590833333,0.6155,0.642833333,0.658666667,0.659166667,0.652666667,0.6196666670000001,0.6455
0.054722222,0.034444444,0.034166667000000005,0.006388889,0.0,0.0,0.0,0.0,0.0025,0.0025,0.0025,0.0025,0.004722222,0.015277778,0.013333333000000001,0.013333333000000001,0.013333333000000001,0.013333333000000001,0.011111111000000002,0.000555556,0.0,0.0,0.0016666670000000001,0.0016666670000000001,0.0016666670000000001,0.005277778,0.005277778,0.005277778,0.0036111109999999997,0.005555556
0.666666667,0.5,0.333333333,0.166666667,0.0,0.0,0.166666667,0.166666667,0.333333333,0.333333333,0.333333333,0.333333333,0.333333333,0.5,0.5,0.5,0.5,0.5,0.333333333,0.166666667,0.166666667,0.166666667,0.333333333,0.333333333,0.333333333,0.5,0.333333333,0.333333333,0.166666667,0.333333333
0.620555556,0.6275,0.631388889,0.636388889,0.637222222,0.638333333,0.644444444,0.6477777779999999,0.6411111110000001,0.6266666670000001,0.609722222,0.593333333,0.5775,0.5591666670000001,0.5555555560000001,0.561388889,0.567222222,0.562777778,0.562777778,0.570555556,0.5708333329999999,0.5741666670000001,0.575833333,0.5875,0.597777778,0.5925,0.580277778,0.565,0.560277778,0.536666667
0.674722222,0.6980555559999999,0.7113888890000001,0.7252777779999999,0.732777778,0.731666667,0.732222222,0.7313888890000001,0.7113888890000001,0.694722222,0.679444444,0.668888889,0.648611111,0.622777778,0.627222222,0.635555556,0.636388889,0.628888889,0.643333333,0.666666667,0.667222222,0.666388889,0.663611111,0.6777777779999999,0.681388889,0.660833333,0.649166667,0.639444444,0.6466666670000001,0.6216666670000001
0.575833333,0.57,0.562222222,0.561111111,0.557222222,0.556111111,0.570555556,0.575,0.581944444,0.5675,0.546944444,0.521944444,0.5075,0.496666667,0.491111111,0.496388889,0.502777778,0.5030555560000001,0.490555556,0.48472222200000004,0.4775,0.48472222200000004,0.493055556,0.505555556,0.52,0.524166667,0.5119444439999999,0.490833333,0.477777778,0.456111111
0.7495714290000001,0.709714286,0.657428571,0.622571429,0.599714286,0.579428571,0.572857143,0.581857143,0.629571429,0.634285714,0.607,0.577571429,0.582857143,0.627428571,0.650571429,0.629142857,0.631,0.6484285710000001,0.653714286,0.621428571,0.574857143,0.566428571,0.590142857,0.597714286,0.629,0.6331428570000001,0.6414285710000001,0.653571429,0.650285714,0.644571429
0.052380952,0.046904762,0.02952381,0.029285713999999997,0.00547619,0.0,0.0,0.0,0.002142857,0.002142857,0.002142857,0.002142857,0.0040476190000000006,0.013095238,0.013571429,0.011428571,0.011428571,0.011428571,0.011428571,0.00952381,0.00047619,0.0,0.001428571,0.001428571,0.001428571,0.00452381,0.00452381,0.00452381,0.00452381,0.004761905
0.7142857140000001,0.571428571,0.428571429,0.28571428600000004,0.14285714300000002,0.0,0.14285714300000002,0.14285714300000002,0.28571428600000004,0.28571428600000004,0.28571428600000004,0.28571428600000004,0.428571429,0.428571429,0.571428571,0.428571429,0.428571429,0.428571429,0.428571429,0.28571428600000004,0.28571428600000004,0.14285714300000002,0.28571428600000004,0.28571428600000004,0.28571428600000004,0.428571429,0.428571429,0.28571428600000004,0.28571428600000004,0.28571428600000004
0.62,0.621428571,0.6316666670000001,0.635714286,0.636904762,0.638571429,0.637857143,0.644761905,0.643333333,0.6316666670000001,0.6140476189999999,0.600952381,0.585714286,0.571666667,0.5642857139999999,0.563333333,0.5630952379999999,0.5607142860000001,0.55952381,0.5657142860000001,0.574285714,0.579285714,0.57547619,0.578095238,0.58952381,0.591190476,0.582619048,0.574285714,0.563571429,0.54452381
0.6740476190000001,0.6838095240000001,0.708095238,0.7173809520000001,0.724047619,0.73,0.727619048,0.7323809520000001,0.71952381,0.703095238,0.684761905,0.675238095,0.656428571,0.638571429,0.630238095,0.638095238,0.634761905,0.631904762,0.63452381,0.654047619,0.668333333,0.671666667,0.658809524,0.667380952,0.67952381,0.669047619,0.653333333,0.647857143,0.641904762,0.631428571
0.574761905,0.569761905,0.565952381,0.566428571,0.56452381,0.5607142860000001,0.560952381,0.569047619,0.5761904760000001,0.570952381,0.552380952,0.53047619,0.519285714,0.505714286,0.504285714,0.49761904799999995,0.49690476200000006,0.492857143,0.49238095200000004,0.48619047600000004,0.487857143,0.49214285700000004,0.494047619,0.495238095,0.506904762,0.515,0.511190476,0.503571429,0.488095238,0.463571429
0.739625,0.716375,0.6885,0.64525,0.634125,0.608375,0.575625,0.57075,0.611375,0.6225,0.601125,0.59475,0.593625,0.617625,0.63875,0.65275,0.62375,0.6135,0.635625,0.632,0.610625,0.585375,0.599875,0.59625,0.61175,0.62225,0.62125,0.63875,0.651375,0.66825
0.045833333,0.045833333,0.041041667000000004,0.025833332999999997,0.025625,0.004791667,0.0,0.0,0.001875,0.001875,0.001875,0.001875,0.003541667,0.011458333000000001,0.011875,0.011875,0.01,0.01,0.01,0.01,0.008333333,0.00041666699999999996,0.00125,0.00125,0.00125,0.003958333,0.003958333,0.003958333,0.003958333,0.005416666999999999
0.625,0.625,0.5,0.375,0.25,0.125,0.125,0.125,0.25,0.25,0.25,0.25,0.375,0.5,0.5,0.5,0.375,0.375,0.375,0.375,0.375,0.25,0.25,0.25,0.25,0.375,0.375,0.375,0.25,0.375
0.6216666670000001,0.620833333,0.625833333,0.635416667,0.63625,0.638125,0.638125,0.6389583329999999,0.64125,0.634791667,0.62,0.605833333,0.593333333,0.579583333,0.574583333,0.57,0.564583333,0.557916667,0.558125,0.5625,0.569583333,0.58125,0.5797916670000001,0.5775,0.581041667,0.5847916670000001,0.582708333,0.5770833329999999,0.571875,0.549375
0.67625,0.682083333,0.694375,0.71375,0.717291667,0.7227083329999999,0.726666667,0.7283333329999999,0.721875,0.71125,0.693333333,0.680416667,0.6635416670000001,0.6466666670000001,0.643125,0.639375,0.637083333,0.6310416670000001,0.636458333,0.645,0.657083333,0.672083333,0.664375,0.662708333,0.6702083329999999,0.668958333,0.661458333,0.651666667,0.6489583329999999,0.629166667
0.575416667,0.569583333,0.56625,0.5691666670000001,0.56875,0.566666667,0.564375,0.5608333329999999,0.5708333329999999,0.567291667,0.557291667,0.5372916670000001,0.527083333,0.51625,0.51125,0.5083333329999999,0.49791666700000003,0.48895833299999997,0.48479166700000004,0.488333333,0.48875,0.499375,0.499375,0.495833333,0.49770833299999995,0.504166667,0.504791667,0.5039583329999999,0.49958333299999996,0.474375
0.727888889,0.7112222220000001,0.696777778,0.674222222,0.653,0.638,0.601777778,0.5734444439999999,0.5982222220000001,0.607111111,0.594333333,0.590888889,0.607111111,0.6233333329999999,0.628777778,0.642,0.645333333,0.609,0.606,0.6183333329999999,0.621222222,0.616,0.613,0.604222222,0.6088888889999999,0.607666667,0.6128888889999999,0.621111111,0.638444444,0.667222222
0.040740741000000004,0.040740741000000004,0.040740741000000004,0.036481481,0.022962963,0.022777778,0.0042592590000000005,0.0,0.0016666670000000001,0.0016666670000000001,0.0016666670000000001,0.0016666670000000001,0.003148148,0.010185185,0.010555556,0.010555556,0.010555556,0.008888889,0.008888889,0.008888889,0.008888889,0.0074074069999999995,0.001481481,0.0011111110000000001,0.0011111110000000001,0.0035185190000000003,0.0035185190000000003,0.0035185190000000003,0.0035185190000000003,0.004814815
0.5555555560000001,0.5555555560000001,0.5555555560000001,0.444444444,0.333333333,0.222222222,0.222222222,0.111111111,0.222222222,0.222222222,0.222222222,0.222222222,0.333333333,0.444444444,0.5555555560000001,0.444444444,0.444444444,0.333333333,0.333333333,0.333333333,0.444444444,0.333333333,0.333333333,0.222222222,0.222222222,0.333333333,0.333333333,0.333333333,0.333333333,0.333333333
0.622777778,0.622222222,0.624814815,0.629814815,0.635925926,0.637407407,0.637777778,0.6390740739999999,0.636481481,0.633888889,0.624074074,0.612037037,0.598518519,0.587037037,0.581296296,0.578518519,0.57037037,0.559814815,0.555925926,0.560925926,0.566296296,0.576296296,0.581481481,0.581111111,0.580185185,0.577777778,0.5779629629999999,0.577777778,0.57462963,0.558333333
0.680555556,0.683148148,0.691666667,0.7009259259999999,0.7140740740000001,0.716851852,0.720555556,0.7274074070000001,0.7194444440000001,0.7142592590000001,0.701666667,0.688518519,0.669444444,0.654074074,0.649814815,0.649814815,0.638333333,0.633518519,0.635185185,0.645555556,0.648703704,0.661666667,0.665555556,0.667222222,0.665740741,0.6618518520000001,0.662222222,0.659074074,0.652222222,0.636851852
0.573333333,0.570740741,0.5664814810000001,0.569074074,0.570925926,0.570185185,0.569259259,0.563888889,0.563333333,0.5635185189999999,0.5555555560000001,0.543333333,0.533518519,0.523518519,0.52,0.5140740739999999,0.507407407,0.49074074100000004,0.48222222200000003,0.48203703700000006,0.49037037,0.498888889,0.505,0.50037037,0.497962963,0.496296296,0.496296296,0.499074074,0.50037037,0.48611111100000004
0.7169,0.7035,0.6941,0.6831,0.6783,0.6546,0.6291,0.5972,0.5979,0.5957,0.5833,0.5858,0.6024,0.6325,0.6328,0.6327,0.6364,0.6299,0.6027,0.5934,0.61,0.625,0.6378,0.6156,0.6148,0.6055,0.6007,0.6136,0.6226,0.654
0.036666667,0.036666667,0.036666667,0.036666667,0.032833333,0.020666667,0.0205,0.003833333,0.0015,0.0015,0.0015,0.0015,0.002833333,0.009166667,0.0095,0.0095,0.0095,0.0095,0.008,0.008,0.008,0.008,0.007666666999999999,0.001333333,0.001,0.003166667,0.003166667,0.003166667,0.003166667,0.004333333
0.5,0.5,0.5,0.5,0.4,0.3,0.3,0.2,0.2,0.2,0.2,0.2,0.3,0.4,0.5,0.5,0.4,0.4,0.3,0.3,0.4,0.4,0.4,0.3,0.2,0.3,0.3,0.3,0.3,0.4
0.622,0.623166667,0.6256666670000001,0.6285,0.630833333,0.637,0.637166667,0.6386666670000001,0.636833333,0.6303333329999999,0.6243333329999999,0.6165,0.604833333,0.592333333,0.587833333,0.5841666670000001,0.578,0.5655,0.5578333329999999,0.558666667,0.5645,0.572666667,0.5770000000000001,0.5825,0.5831666670000001,0.577333333,0.572333333,0.574,0.5755,0.5621666670000001
0.682333333,0.686333333,0.691666667,0.697833333,0.7025,0.7140000000000001,0.7155,0.721833333,0.7195,0.712833333,0.705333333,0.6965,0.6778333329999999,0.660333333,0.656166667,0.655166667,0.647833333,0.635,0.637,0.6435,0.648833333,0.653666667,0.656833333,0.6679999999999999,0.6695,0.658666667,0.6565,0.66,0.658833333,0.6409999999999999
0.5708333329999999,0.569333333,0.5678333329999999,0.569,0.570666667,0.5720000000000001,0.5721666670000001,0.568333333,0.5658333329999999,0.5575,0.553333333,0.543166667,0.539333333,0.529666667,0.526166667,0.5216666670000001,0.5126666670000001,0.5,0.4845,0.48,0.4845,0.499333333,0.504,0.5053333329999999,0.501833333,0.496666667,0.49,0.49200000000000005,0.496333333,0.48816666700000005
0.705909091,0.6957272729999999,0.6886363640000001,0.681909091,0.6859999999999999,0.677454545,0.645,0.622454545,0.617272727,0.595636364,0.575090909,0.576545455,0.596727273,0.625909091,0.640272727,0.636,0.628454545,0.6231818179999999,0.622272727,0.591545455,0.5880909089999999,0.614454545,0.644,0.637909091,0.6241818179999999,0.6111818179999999,0.599363636,0.602454545,0.615636364,0.638181818
0.033333333,0.033333333,0.033333333,0.033333333,0.033333333,0.029848485,0.018787879,0.018636364,0.004848485,0.001363636,0.001363636,0.001363636,0.002575758,0.008333333,0.008636364,0.008636364,0.008636364,0.008636364,0.008636364,0.007272727,0.007272727,0.007272727,0.008181818,0.0069696969999999995,0.001212121,0.0028787879999999997,0.0028787879999999997,0.0028787879999999997,0.0028787879999999997,0.003939394000000001
0.545454545,0.454545455,0.454545455,0.454545455,0.454545455,0.363636364,0.363636364,0.272727273,0.272727273,0.181818182,0.181818182,0.181818182,0.272727273,0.363636364,0.454545455,0.454545455,0.454545455,0.363636364,0.363636364,0.272727273,0.363636364,0.363636364,0.454545455,0.363636364,0.272727273,0.272727273,0.272727273,0.272727273,0.272727273,0.363636364
0.61969697,0.622424242,0.626212121,0.628939394,0.629545455,0.632272727,0.6368181820000001,0.638030303,0.6366666670000001,0.631212121,0.621969697,0.617424242,0.609545455,0.598636364,0.592575758,0.589848485,0.583181818,0.5728787879999999,0.563181818,0.560151515,0.562121212,0.570454545,0.573636364,0.578333333,0.584242424,0.58030303,0.5724242420000001,0.569242424,0.572272727,0.564090909
0.678030303,0.6874242420000001,0.693787879,0.697272727,0.699545455,0.703484848,0.7130303029999999,0.717121212,0.715151515,0.713484848,0.704848485,0.70030303,0.686060606,0.668787879,0.661666667,0.660454545,0.652878788,0.643939394,0.638030303,0.644393939,0.6466666670000001,0.653333333,0.65,0.659848485,0.67,0.662727273,0.654090909,0.655,0.65969697,0.648030303
0.570454545,0.5674242420000001,0.566818182,0.57,0.570454545,0.571666667,0.573636364,0.571060606,0.56969697,0.56030303,0.548787879,0.5422727270000001,0.539545455,0.53530303,0.531515152,0.5271212120000001,0.51969697,0.505454545,0.493484848,0.482272727,0.482424242,0.493181818,0.503939394,0.504393939,0.506212121,0.50030303,0.490909091,0.48666666700000005,0.490151515,0.48560606100000003
0.6911666670000001,0.687416667,0.68275,0.6779166670000001,0.684666667,0.684583333,0.66675,0.6375833329999999,0.63875,0.613583333,0.57675,0.569583333,0.587333333,0.61875,0.6335833329999999,0.6425833329999999,0.631833333,0.617,0.61675,0.6104166670000001,0.586833333,0.594,0.63275,0.6435833329999999,0.643916667,0.620083333,0.605083333,0.6010833329999999,0.60525,0.6305
0.030555556,0.030555556,0.030555556,0.030555556,0.030555556,0.030555556,0.027361111,0.017222222,0.018333333,0.0044444440000000005,0.00125,0.00125,0.002361111,0.007638889,0.007916666999999999,0.007916666999999999,0.007916666999999999,0.007916666999999999,0.007916666999999999,0.007916666999999999,0.006666666999999999,0.006666666999999999,0.0075,0.0075,0.006388889,0.002916667,0.002638889,0.002638889,0.002638889,0.0036111109999999997
0.583333333,0.5,0.41666666700000005,0.41666666700000005,0.41666666700000005,0.41666666700000005,0.41666666700000005,0.333333333,0.333333333,0.25,0.166666667,0.166666667,0.25,0.333333333,0.41666666700000005,0.41666666700000005,0.41666666700000005,0.41666666700000005,0.333333333,0.333333333,0.333333333,0.333333333,0.41666666700000005,0.41666666700000005,0.333333333,0.333333333,0.25,0.25,0.25,0.333333333
0.6183333329999999,0.620277778,0.625277778,0.629166667,0.629861111,0.630972222,0.6325,0.637638889,0.63625,0.6315277779999999,0.6234722220000001,0.615833333,0.610972222,0.6034722220000001,0.598333333,0.594027778,0.588472222,0.578055556,0.570138889,0.564861111,0.563194444,0.567777778,0.571527778,0.575138889,0.580277778,0.581527778,0.575555556,0.569583333,0.568055556,0.562083333
0.6758333329999999,0.6830555559999999,0.6941666670000001,0.69875,0.698888889,0.700694444,0.703472222,0.714722222,0.7113888890000001,0.71,0.7061111109999999,0.700277778,0.690416667,0.677083333,0.669305556,0.665138889,0.6579166670000001,0.648888889,0.645972222,0.6447222220000001,0.647222222,0.650972222,0.65,0.653333333,0.6623611110000001,0.66375,0.6581944439999999,0.6529166670000001,0.655138889,0.6497222220000001
0.5686111110000001,0.567361111,0.565277778,0.568888889,0.57125,0.571388889,0.573194444,0.5725,0.5720833329999999,0.564305556,0.552083333,0.539027778,0.539027778,0.535833333,0.536527778,0.531944444,0.524861111,0.5125,0.499027778,0.490694444,0.484305556,0.490555556,0.49791666700000003,0.504305556,0.505277778,0.504444444,0.49472222200000004,0.487777778,0.485416667,0.480833333
0.673769231,0.675230769,0.676076923,0.6733076920000001,0.680769231,0.683461538,0.674153846,0.658230769,0.651461538,0.633692308,0.594769231,0.571538462,0.580076923,0.608384615,0.626384615,0.636230769,0.638230769,0.621,0.6115384620000001,0.606230769,0.604615385,0.592384615,0.6124615379999999,0.633230769,0.648692308,0.638615385,0.613769231,0.606230769,0.603769231,0.619769231
0.028205128,0.028205128,0.028205128,0.028205128,0.028205128,0.028205128,0.028205128,0.02525641,0.017051282,0.016923076999999998,0.004102564,0.001153846,0.002179487,0.007051282,0.007307691999999999,0.007307691999999999,0.007307691999999999,0.007307691999999999,0.007307691999999999,0.007307691999999999,0.007307691999999999,0.006153846,0.006923077,0.006923077,0.006923077,0.007564103000000001,0.002692308,0.0024358970000000002,0.0024358970000000002,0.003333333
0.538461538,0.538461538,0.46153846200000004,0.384615385,0.384615385,0.384615385,0.46153846200000004,0.384615385,0.384615385,0.307692308,0.23076923100000002,0.153846154,0.23076923100000002,0.307692308,0.384615385,0.384615385,0.384615385,0.384615385,0.384615385,0.307692308,0.384615385,0.307692308,0.384615385,0.384615385,0.384615385,0.384615385,0.307692308,0.23076923100000002,0.23076923100000002,0.307692308
0.6182051279999999,0.618974359,0.623076923,0.628076923,0.63,0.631153846,0.631282051,0.633589744,0.636025641,0.6315384620000001,0.624358974,0.617692308,0.61,0.60525641,0.602820513,0.5992307689999999,0.592435897,0.583333333,0.575128205,0.571153846,0.567307692,0.568333333,0.568974359,0.573076923,0.577179487,0.578076923,0.577051282,0.5726923079999999,0.568461538,0.558974359
0.678333333,0.680641026,0.689615385,0.6987179490000001,0.700128205,0.7,0.700897436,0.7057692309999999,0.709615385,0.706923077,0.703461538,0.701794872,0.691153846,0.681794872,0.676923077,0.671923077,0.662435897,0.653846154,0.650384615,0.651538462,0.647307692,0.651153846,0.648076923,0.653076923,0.656153846,0.6571794870000001,0.659487179,0.6567948720000001,0.653205128,0.646282051
0.565128205,0.565897436,0.565384615,0.567307692,0.570128205,0.572051282,0.5728205129999999,0.572179487,0.573333333,0.566923077,0.556410256,0.542820513,0.536282051,0.535641026,0.5369230770000001,0.536538462,0.529487179,0.517820513,0.506025641,0.496025641,0.49192307700000004,0.49166666700000006,0.495128205,0.498717949,0.505128205,0.503717949,0.498974359,0.491538462,0.486538462,0.477179487
0.656714286,0.660214286,0.665571429,0.667785714,0.676285714,0.6799285709999999,0.673857143,0.665714286,0.669642857,0.645857143,0.614785714,0.5886428570000001,0.581142857,0.600142857,0.616214286,0.629357143,0.632642857,0.627714286,0.615642857,0.602142857,0.601142857,0.6085,0.609642857,0.614357143,0.638714286,0.6434285710000001,0.631428571,0.614214286,0.608357143,0.617357143
0.026190476,0.026190476,0.026190476,0.026190476,0.026190476,0.026190476,0.026190476,0.026190476,0.02452381,0.015833333,0.015714286,0.0038095240000000003,0.00202381,0.006547619,0.006785714,0.006785714,0.006785714,0.006785714,0.006785714,0.006785714,0.006785714,0.006785714,0.006428571,0.006428571,0.006428571,0.00797619,0.00702381,0.0025,0.002261905,0.0030952379999999997
0.5,0.5,0.5,0.428571429,0.35714285700000004,0.35714285700000004,0.428571429,0.428571429,0.428571429,0.35714285700000004,0.28571428600000004,0.214285714,0.214285714,0.28571428600000004,0.35714285700000004,0.35714285700000004,0.35714285700000004,0.35714285700000004,0.35714285700000004,0.35714285700000004,0.35714285700000004,0.35714285700000004,0.35714285700000004,0.35714285700000004,0.35714285700000004,0.428571429,0.35714285700000004,0.28571428600000004,0.214285714,0.28571428600000004
0.617738095,0.618809524,0.6216666670000001,0.625833333,0.628928571,0.631190476,0.631428571,0.632380952,0.632380952,0.6316666670000001,0.624880952,0.618928571,0.612142857,0.604761905,0.60452381,0.6033333329999999,0.5973809520000001,0.5873809520000001,0.580238095,0.575714286,0.57297619,0.571785714,0.569404762,0.570595238,0.575119048,0.575357143,0.5741666670000001,0.574285714,0.571428571,0.56
0.679642857,0.682619048,0.6869047620000001,0.6941666670000001,0.7,0.7010714290000001,0.700238095,0.7032142859999999,0.701666667,0.705595238,0.7010714290000001,0.6996428570000001,0.6932142859999999,0.6830952379999999,0.6813095240000001,0.678809524,0.668928571,0.658333333,0.6548809520000001,0.655238095,0.653452381,0.650952381,0.648452381,0.651071429,0.655714286,0.651785714,0.653690476,0.6580952379999999,0.656785714,0.645119048
0.562142857,0.562857143,0.5641666670000001,0.567261905,0.568571429,0.570952381,0.573333333,0.5719047620000001,0.57297619,0.5684523810000001,0.559404762,0.5475,0.54,0.533333333,0.536666667,0.536904762,0.533928571,0.5226190479999999,0.511428571,0.502738095,0.496785714,0.498214286,0.495833333,0.496071429,0.49988095200000005,0.503690476,0.498690476,0.495714286,0.49011904799999995,0.478809524
0.6462,0.6452,0.6522,0.6585333329999999,0.670933333,0.6758,0.6712,0.6659999999999999,0.675866667,0.6632,0.6274,0.607733333,0.5964666670000001,0.5998,0.608,0.6196666670000001,0.626466667,0.6232,0.622266667,0.6066,0.597666667,0.605,0.623533333,0.6116,0.620733333,0.634466667,0.6364,0.6306666670000001,0.6156666670000001,0.620733333
0.024444444,0.024444444,0.024444444,0.024444444,0.024444444,0.024444444,0.024444444,0.024444444,0.025444444,0.022888889,0.014777778,0.014666667,0.0044444440000000005,0.006111111,0.006333333000000001,0.006333333000000001,0.006333333000000001,0.006333333000000001,0.006333333000000001,0.006333333000000001,0.006333333000000001,0.006333333000000001,0.006999999999999999,0.006,0.006,0.007444444000000001,0.007444444000000001,0.006555556,0.002333333,0.0028888890000000004
0.46666666700000003,0.46666666700000003,0.46666666700000003,0.46666666700000003,0.4,0.333333333,0.4,0.4,0.46666666700000003,0.4,0.333333333,0.26666666699999997,0.26666666699999997,0.26666666699999997,0.333333333,0.333333333,0.333333333,0.333333333,0.333333333,0.333333333,0.4,0.333333333,0.4,0.333333333,0.333333333,0.4,0.4,0.333333333,0.26666666699999997,0.26666666699999997
0.618111111,0.6183333329999999,0.6213333329999999,0.6243333329999999,0.626777778,0.6301111110000001,0.631444444,0.632444444,0.6313333329999999,0.628555556,0.625444444,0.619777778,0.613666667,0.607111111,0.604111111,0.6048888889999999,0.601333333,0.592333333,0.5842222220000001,0.580444444,0.577111111,0.576777778,0.572555556,0.570888889,0.572666667,0.573555556,0.571888889,0.571777778,0.573,0.563333333
0.6808888890000001,0.683555556,0.688333333,0.691333333,0.695666667,0.700888889,0.7012222220000001,0.7024444440000001,0.699555556,0.698444444,0.7002222220000001,0.697666667,0.691777778,0.685555556,0.682555556,0.682777778,0.675555556,0.664666667,0.659,0.659111111,0.6567777779999999,0.656444444,0.648444444,0.651222222,0.653666667,0.651666667,0.648888889,0.6527777779999999,0.6579999999999999,0.649
0.5605555560000001,0.560222222,0.5614444439999999,0.5660000000000001,0.5684444439999999,0.5694444439999999,0.5722222220000001,0.5724444439999999,0.572666667,0.5684444439999999,0.561333333,0.550888889,0.544555556,0.537,0.534444444,0.536666667,0.534444444,0.527222222,0.516333333,0.508,0.503,0.5023333329999999,0.5016666670000001,0.496666667,0.497333333,0.498888889,0.499,0.495666667,0.494111111,0.48266666700000005
0.6399375,0.6360625,0.638625,0.6464375,0.6620625,0.6708125,0.667875,0.664,0.6755,0.6694375,0.6448125,0.62,0.613875,0.613,0.6071875,0.61175,0.6175625,0.618,0.618375,0.613375,0.602125,0.6015,0.6193125,0.6245,0.61775,0.617875,0.6284375,0.635375,0.631,0.6268125
0.022916667,0.022916667,0.022916667,0.022916667,0.022916667,0.022916667,0.022916667,0.022916667,0.023854167000000003,0.023854167000000003,0.021458333,0.013854166999999999,0.014583333,0.008125,0.0059375,0.0059375,0.0059375,0.0059375,0.0059375,0.0059375,0.0059375,0.0059375,0.0065625,0.0065625,0.005625,0.006979167,0.006979167,0.006979167,0.006145833000000001,0.002916667
0.4375,0.4375,0.4375,0.4375,0.4375,0.375,0.375,0.375,0.4375,0.4375,0.375,0.3125,0.3125,0.3125,0.3125,0.3125,0.3125,0.3125,0.3125,0.3125,0.375,0.375,0.375,0.375,0.3125,0.375,0.375,0.375,0.3125,0.3125
0.619583333,0.618645833,0.620729167,0.6238541670000001,0.6253125,0.628020833,0.630416667,0.632395833,0.631458333,0.6278125,0.622916667,0.620625,0.614791667,0.6088541670000001,0.606354167,0.604479167,0.602916667,0.596354167,0.5890625,0.5841666670000001,0.5814583329999999,0.580416667,0.5771875,0.57375,0.5728125,0.5713541670000001,0.570416667,0.5697916670000001,0.570729167,0.5653125
0.683333333,0.684479167,0.688854167,0.692395833,0.692916667,0.696770833,0.701041667,0.703229167,0.6990625,0.696666667,0.693854167,0.6970833329999999,0.690416667,0.6846875,0.684895833,0.683854167,0.679479167,0.671145833,0.664895833,0.662708333,0.6603125,0.659375,0.65375,0.651041667,0.653645833,0.65,0.6489583329999999,0.648333333,0.653020833,0.650625
0.561770833,0.558854167,0.5590625,0.563333333,0.5671875,0.5692708329999999,0.570729167,0.5714583329999999,0.573125,0.5684375,0.561770833,0.553229167,0.5479166670000001,0.541458333,0.5378125,0.5345833329999999,0.534375,0.528125,0.521041667,0.5128125,0.507916667,0.5078125,0.5053125,0.502083333,0.4978125,0.4965625,0.49479166700000005,0.496145833,0.494166667,0.486875
0.6409999999999999,0.630764706,0.630411765,0.634,0.650470588,0.6624705879999999,0.663647059,0.6612941179999999,0.673058824,0.6694705879999999,0.651764706,0.6368235289999999,0.625058824,0.628411765,0.6191764710000001,0.610764706,0.610235294,0.610117647,0.613764706,0.610235294,0.608764706,0.605470588,0.6151764710000001,0.620470588,0.629529412,0.615235294,0.6131764710000001,0.627941176,0.635411765,0.640588235
0.022058823999999998,0.021568627000000003,0.021568627000000003,0.021568627000000003,0.021568627000000003,0.021568627000000003,0.021568627000000003,0.021568627000000003,0.02245098,0.02245098,0.02245098,0.020196078,0.013823529,0.01745098,0.007843137,0.005588235,0.005588235,0.005588235,0.005588235,0.005588235,0.005588235,0.005588235,0.006176470999999999,0.006176470999999999,0.006176470999999999,0.006568627,0.006568627,0.006568627,0.006568627,0.006470588
0.470588235,0.41176470600000004,0.41176470600000004,0.41176470600000004,0.41176470600000004,0.41176470600000004,0.41176470600000004,0.352941176,0.41176470600000004,0.41176470600000004,0.41176470600000004,0.352941176,0.352941176,0.352941176,0.352941176,0.294117647,0.294117647,0.294117647,0.294117647,0.294117647,0.352941176,0.352941176,0.41176470600000004,0.352941176,0.352941176,0.352941176,0.352941176,0.352941176,0.352941176,0.352941176
0.6213725489999999,0.62,0.6208823529999999,0.623137255,0.624803922,0.626568627,0.628431373,0.631372549,0.631470588,0.628137255,0.62254902,0.618529412,0.6158823529999999,0.610196078,0.608039216,0.606568627,0.602647059,0.598137255,0.593039216,0.58872549,0.584901961,0.584313725,0.580588235,0.578039216,0.575392157,0.571568627,0.5685294120000001,0.5685294120000001,0.568921569,0.563627451
0.6851960779999999,0.686568627,0.689411765,0.692647059,0.6938235290000001,0.694117647,0.697156863,0.702941176,0.7,0.696372549,0.69245098,0.69127451,0.690294118,0.6838235290000001,0.684117647,0.685980392,0.680686275,0.6750980390000001,0.670980392,0.668039216,0.663627451,0.66254902,0.656666667,0.655882353,0.653333333,0.650196078,0.64754902,0.648431373,0.648823529,0.646372549
0.564117647,0.560098039,0.557843137,0.560980392,0.564607843,0.5680392160000001,0.5704901960000001,0.570098039,0.572156863,0.569117647,0.562156863,0.554117647,0.5502941179999999,0.544803922,0.541960784,0.5377450979999999,0.53254902,0.528431373,0.522254902,0.51745098,0.51245098,0.512156863,0.510294118,0.505490196,0.502843137,0.497058824,0.49284313700000004,0.492352941,0.49470588200000004,0.48735294100000004
0.644055556,0.632277778,0.625722222,0.6265,0.6385,0.6515,0.656166667,0.657666667,0.67,0.6675,0.6527777779999999,0.643833333,0.6406666670000001,0.638166667,0.633388889,0.621888889,0.609388889,0.603611111,0.606555556,0.6063333329999999,0.606055556,0.611555556,0.618166667,0.6165,0.625444444,0.6265,0.610944444,0.613555556,0.628388889,0.644222222
0.020833333,0.020833333,0.02037037,0.02037037,0.02037037,0.02037037,0.02037037,0.02037037,0.021203704,0.021203704,0.021203704,0.021203704,0.019814815,0.016574073999999998,0.016666667,0.0074074069999999995,0.005277778,0.005277778,0.005277778,0.005277778,0.005277778,0.005277778,0.0058333330000000004,0.0058333330000000004,0.0058333330000000004,0.0070370369999999995,0.006203704,0.006203704,0.006203704,0.006851851999999999
0.444444444,0.444444444,0.38888888899999996,0.38888888899999996,0.38888888899999996,0.38888888899999996,0.444444444,0.38888888899999996,0.38888888899999996,0.38888888899999996,0.38888888899999996,0.38888888899999996,0.38888888899999996,0.38888888899999996,0.38888888899999996,0.333333333,0.27777777800000003,0.27777777800000003,0.27777777800000003,0.27777777800000003,0.333333333,0.333333333,0.38888888899999996,0.38888888899999996,0.333333333,0.38888888899999996,0.333333333,0.333333333,0.333333333,0.38888888899999996
0.6239814810000001,0.6216666670000001,0.622037037,0.623148148,0.624074074,0.6260185189999999,0.627037037,0.629444444,0.630555556,0.6283333329999999,0.623148148,0.618425926,0.614166667,0.611481481,0.6093518520000001,0.6081481479999999,0.604722222,0.5981481479999999,0.594907407,0.5925,0.589166667,0.587407407,0.584259259,0.581203704,0.5793518520000001,0.574074074,0.568888889,0.566851852,0.567777778,0.562314815
0.687222222,0.688148148,0.6911111109999999,0.6929629629999999,0.6939814809999999,0.694907407,0.69462963,0.6991666670000001,0.699907407,0.697407407,0.692407407,0.6900925929999999,0.685185185,0.6840740740000001,0.683333333,0.685185185,0.68287037,0.6764814809999999,0.674722222,0.6736111109999999,0.668611111,0.665555556,0.659814815,0.658518519,0.6577777779999999,0.650092593,0.64787037,0.64712963,0.648888889,0.642777778
0.567314815,0.562407407,0.559074074,0.559722222,0.562314815,0.5655555560000001,0.569259259,0.569907407,0.5708333329999999,0.568425926,0.563148148,0.5549074070000001,0.551296296,0.547222222,0.545092593,0.541666667,0.5356481479999999,0.527037037,0.52287037,0.518796296,0.5168518520000001,0.5162037039999999,0.514259259,0.510185185,0.5060185189999999,0.501851852,0.493518519,0.49064814799999995,0.49120370399999996,0.48824074100000003
0.651789474,0.635631579,0.627421053,0.622263158,0.631157895,0.6401052629999999,0.6461052629999999,0.650894737,0.666105263,0.664894737,0.651789474,0.6452105260000001,0.6471052629999999,0.652263158,0.642368421,0.635210526,0.62,0.603157895,0.600578947,0.5998947370000001,0.602578947,0.608842105,0.623263158,0.619263158,0.621421053,0.622789474,0.621842105,0.6114210529999999,0.614736842,0.6371052629999999
0.023508772,0.019736842,0.019736842,0.019298246,0.019298246,0.019298246,0.019298246,0.019298246,0.020087719,0.020087719,0.020087719,0.020087719,0.020789474,0.022105262999999997,0.015877193,0.015789473999999998,0.0070175440000000006,0.005,0.005,0.005,0.005,0.005,0.005526316,0.005526316,0.005526316,0.006666666999999999,0.006666666999999999,0.005877193,0.005877193,0.006491228000000001
0.473684211,0.42105263200000004,0.42105263200000004,0.36842105299999994,0.36842105299999994,0.36842105299999994,0.42105263200000004,0.42105263200000004,0.42105263200000004,0.36842105299999994,0.36842105299999994,0.36842105299999994,0.42105263200000004,0.42105263200000004,0.42105263200000004,0.36842105299999994,0.31578947399999996,0.263157895,0.263157895,0.263157895,0.31578947399999996,0.31578947399999996,0.36842105299999994,0.36842105299999994,0.36842105299999994,0.36842105299999994,0.36842105299999994,0.31578947399999996,0.31578947399999996,0.36842105299999994
0.6266666670000001,0.624122807,0.623508772,0.624122807,0.624035088,0.625263158,0.626491228,0.628070175,0.62877193,0.627631579,0.623596491,0.619210526,0.614298246,0.610087719,0.610614035,0.609385965,0.6063157889999999,0.600350877,0.595087719,0.594298246,0.592719298,0.591315789,0.587192982,0.5846491229999999,0.582280702,0.577894737,0.571403509,0.567280702,0.56622807,0.561578947
0.687631579,0.6899122809999999,0.692368421,0.694385965,0.694210526,0.695,0.695350877,0.696666667,0.696491228,0.69745614,0.693596491,0.6901754390000001,0.684385965,0.6795614040000001,0.683596491,0.684385965,0.682280702,0.67877193,0.676052632,0.677017544,0.6738596490000001,0.670175439,0.662807018,0.661403509,0.660175439,0.6544736839999999,0.647894737,0.64745614,0.647631579,0.643157895
0.572105263,0.565526316,0.561315789,0.560789474,0.561052632,0.563333333,0.566842105,0.56877193,0.570614035,0.5673684210000001,0.562807018,0.55622807,0.552192982,0.548333333,0.547368421,0.544649123,0.539473684,0.530263158,0.521842105,0.519561404,0.518157895,0.520175439,0.517982456,0.513947368,0.510438596,0.504912281,0.498245614,0.49140350899999996,0.48964912299999996,0.485263158
0.6489,0.6434,0.63085,0.62405,0.6269,0.63305,0.63555,0.6416,0.65925,0.66145,0.6501,0.64465,0.64825,0.6578,0.65555,0.64365,0.63275,0.61355,0.6003,0.59455,0.59665,0.6054,0.6201,0.62405,0.6238,0.6191,0.61855,0.62175,0.61265,0.6237
0.022333332999999997,0.022333332999999997,0.01875,0.01875,0.018333333,0.018333333,0.018333333,0.018333333,0.019083333,0.019083333,0.019083333,0.019083333,0.01975,0.022916667,0.021166667000000004,0.015083333,0.015,0.006666666999999999,0.00475,0.00475,0.00475,0.00475,0.00525,0.00525,0.00525,0.006333333000000001,0.006333333000000001,0.006333333000000001,0.005583333,0.006166667
0.45,0.45,0.4,0.4,0.35,0.35,0.4,0.4,0.45,0.4,0.35,0.35,0.4,0.45,0.45,0.4,0.35,0.3,0.25,0.25,0.3,0.3,0.35,0.35,0.35,0.4,0.35,0.35,0.3,0.35
0.629833333,0.6266666670000001,0.62575,0.625416667,0.624916667,0.625166667,0.62575,0.6275,0.6275,0.626083333,0.623166667,0.619833333,0.61525,0.6104166670000001,0.6093333329999999,0.610583333,0.607583333,0.6020833329999999,0.597333333,0.5945,0.5944166670000001,0.594583333,0.590916667,0.5874166670000001,0.5855,0.58075,0.5751666670000001,0.56975,0.566666667,0.560416667
0.691416667,0.6901666670000001,0.6938333329999999,0.695416667,0.6955,0.6951666670000001,0.695416667,0.69725,0.69425,0.694333333,0.6938333329999999,0.691416667,0.68475,0.679083333,0.679333333,0.684583333,0.681666667,0.678416667,0.67825,0.6781666670000001,0.677083333,0.675083333,0.667333333,0.664166667,0.662833333,0.6569166670000001,0.652166667,0.6475,0.6479166670000001,0.64225
0.574916667,0.5701666670000001,0.564333333,0.5628333329999999,0.562,0.562083333,0.564666667,0.5665,0.5695,0.567333333,0.562083333,0.55625,0.553583333,0.549333333,0.548416667,0.5468333329999999,0.542416667,0.534166667,0.525166667,0.51875,0.518916667,0.52125,0.5216666670000001,0.5175,0.514,0.509166667,0.5013333329999999,0.496,0.49041666700000003,0.48408333299999995
0.647333333,0.641047619,0.63847619,0.62747619,0.628380952,0.628904762,0.629047619,0.631761905,0.65,0.6551428570000001,0.64752381,0.643380952,0.647571429,0.658380952,0.660666667,0.6561428570000001,0.640904762,0.626,0.6103333329999999,0.594571429,0.591714286,0.599619048,0.616285714,0.621,0.628142857,0.62147619,0.615238095,0.618619048,0.622428571,0.621285714
0.021269841,0.021269841,0.021269841,0.017857143,0.017857143,0.017460317,0.017460317,0.017460317,0.018174603,0.018174603,0.018174603,0.018174603,0.018809523999999998,0.021825397000000003,0.021984127000000003,0.02015873,0.014365079,0.014285714,0.006349206,0.00452381,0.00452381,0.00452381,0.005,0.005,0.005,0.006031746,0.006031746,0.006031746,0.006031746,0.005873016
0.428571429,0.428571429,0.428571429,0.380952381,0.380952381,0.333333333,0.380952381,0.380952381,0.428571429,0.428571429,0.380952381,0.333333333,0.380952381,0.428571429,0.47619047600000003,0.428571429,0.380952381,0.333333333,0.28571428600000004,0.23809523800000001,0.28571428600000004,0.28571428600000004,0.333333333,0.333333333,0.333333333,0.380952381,0.380952381,0.333333333,0.333333333,0.333333333
0.632063492,0.62968254,0.628095238,0.627460317,0.626111111,0.6259523810000001,0.6256349210000001,0.626746032,0.6269841270000001,0.625,0.621904762,0.619603175,0.616031746,0.6115079370000001,0.60968254,0.609365079,0.608809524,0.603492063,0.599126984,0.596666667,0.594603175,0.596111111,0.594047619,0.590952381,0.588095238,0.583888889,0.578015873,0.5734126979999999,0.569047619,0.561111111
0.6936507940000001,0.6936507940000001,0.693888889,0.696666667,0.6964285709999999,0.6963492059999999,0.695555556,0.6972222220000001,0.694920635,0.692301587,0.691031746,0.6917460320000001,0.6861904759999999,0.67968254,0.6788888890000001,0.68047619,0.681984127,0.678015873,0.6779365079999999,0.68015873,0.678174603,0.6780952379999999,0.672142857,0.6684126979999999,0.665396825,0.659603175,0.654603175,0.651587302,0.647936508,0.642777778
0.577301587,0.572936508,0.568809524,0.565634921,0.563888889,0.562936508,0.5634126979999999,0.5644444439999999,0.567301587,0.566428571,0.562301587,0.555873016,0.553730159,0.550793651,0.549365079,0.547857143,0.544603175,0.537222222,0.529126984,0.522063492,0.518174603,0.5218253970000001,0.5226190479999999,0.521031746,0.517380952,0.512619048,0.505555556,0.499047619,0.49484127,0.485079365
0.641681818,0.639909091,0.636454545,0.634909091,0.631454545,0.6302272729999999,0.625272727,0.625727273,0.6402272729999999,0.6465,0.642136364,0.6412272729999999,0.6462272729999999,0.6572727270000001,0.661090909,0.6609999999999999,0.652954545,0.634090909,0.622363636,0.6044090910000001,0.591863636,0.5947727270000001,0.610272727,0.617318182,0.625045455,0.625727273,0.617681818,0.615454545,0.619409091,0.6302272729999999
0.02030303,0.02030303,0.02030303,0.02030303,0.017045455,0.017045455,0.016666667,0.016666667,0.017348485,0.017348485,0.017348485,0.017348485,0.017954545,0.020833333,0.020984847999999997,0.020984847999999997,0.019242423999999998,0.013712121,0.013636364,0.006060606,0.004318182,0.004318182,0.004772727,0.004772727,0.004772727,0.0057575759999999995,0.0057575759999999995,0.0057575759999999995,0.0057575759999999995,0.0062878790000000006
0.409090909,0.409090909,0.409090909,0.409090909,0.363636364,0.363636364,0.363636364,0.363636364,0.409090909,0.409090909,0.409090909,0.363636364,0.363636364,0.409090909,0.454545455,0.454545455,0.409090909,0.363636364,0.318181818,0.272727273,0.272727273,0.272727273,0.318181818,0.318181818,0.318181818,0.363636364,0.363636364,0.363636364,0.318181818,0.363636364
0.635151515,0.6318181820000001,0.630909091,0.629621212,0.628030303,0.627045455,0.626363636,0.626590909,0.6262878789999999,0.624621212,0.621060606,0.6185606060000001,0.615984848,0.612424242,0.610757576,0.60969697,0.607727273,0.604848485,0.600606061,0.5984090910000001,0.596666667,0.596212121,0.595530303,0.593939394,0.591439394,0.586439394,0.581136364,0.576212121,0.5725757579999999,0.563636364
0.6974242420000001,0.695681818,0.697045455,0.6965909090000001,0.6975757579999999,0.69719697,0.696666667,0.697272727,0.695,0.693030303,0.689242424,0.6891666670000001,0.6867424240000001,0.6812878790000001,0.679469697,0.68,0.678181818,0.678484848,0.6775757579999999,0.679772727,0.680075758,0.679090909,0.675151515,0.672954545,0.669393939,0.66219697,0.6572727270000001,0.653939394,0.6518181820000001,0.643030303
0.57969697,0.57530303,0.571515152,0.569848485,0.566515152,0.56469697,0.5641666670000001,0.563257576,0.56530303,0.564469697,0.561666667,0.556363636,0.553484848,0.5510606060000001,0.550757576,0.548787879,0.5456818179999999,0.539545455,0.5322727270000001,0.525984848,0.521363636,0.520984848,0.523106061,0.5219696970000001,0.520757576,0.515909091,0.509015152,0.503181818,0.49780303,0.489545455
0.636521739,0.634826087,0.635565217,0.633130435,0.638391304,0.6330869570000001,0.626695652,0.62226087,0.6340869570000001,0.637304348,0.634434783,0.6363478260000001,0.644043478,0.655565217,0.659913043,0.661391304,0.65773913,0.645913043,0.63026087,0.616173913,0.601391304,0.594782609,0.605173913,0.611521739,0.621347826,0.622869565,0.6219130429999999,0.617782609,0.616347826,0.627
0.01942029,0.01942029,0.01942029,0.01942029,0.01942029,0.016304348,0.016304348,0.015942029,0.016594203000000002,0.016594203000000002,0.016594203000000002,0.016594203000000002,0.017173913,0.019927536000000003,0.020072463999999998,0.020072463999999998,0.020072463999999998,0.018405796999999998,0.013115942,0.013043478,0.005797101,0.004130435,0.004565217,0.004565217,0.004565217,0.0055072459999999995,0.0055072459999999995,0.0055072459999999995,0.0055072459999999995,0.006014493
0.39130434799999997,0.39130434799999997,0.39130434799999997,0.39130434799999997,0.39130434799999997,0.347826087,0.39130434799999997,0.347826087,0.39130434799999997,0.39130434799999997,0.39130434799999997,0.39130434799999997,0.39130434799999997,0.39130434799999997,0.434782609,0.434782609,0.434782609,0.39130434799999997,0.347826087,0.304347826,0.304347826,0.260869565,0.304347826,0.304347826,0.304347826,0.347826087,0.347826087,0.347826087,0.347826087,0.347826087
0.6380434779999999,0.6347826089999999,0.632898551,0.6322463770000001,0.6300724639999999,0.62884058,0.627391304,0.6272463770000001,0.62615942,0.624057971,0.620869565,0.617898551,0.615144928,0.6125362320000001,0.611666667,0.610724638,0.6081159420000001,0.603985507,0.602028986,0.599855072,0.598333333,0.5981159420000001,0.595652174,0.595362319,0.5942753620000001,0.589710145,0.5836956520000001,0.5792753620000001,0.575289855,0.567246377
0.701231884,0.6992028990000001,0.69884058,0.6994927540000001,0.697463768,0.69826087,0.697463768,0.69826087,0.6951449279999999,0.693188406,0.6900724640000001,0.687536232,0.6844927540000001,0.682028986,0.6810144929999999,0.6805072459999999,0.677826087,0.675,0.678043478,0.679347826,0.679710145,0.680869565,0.676231884,0.6757971009999999,0.673695652,0.66615942,0.659855072,0.656521739,0.654057971,0.646956522
0.581304348,0.5776811589999999,0.57384058,0.5723913039999999,0.570507246,0.567173913,0.565797101,0.563985507,0.564130435,0.5626811589999999,0.56,0.5560144929999999,0.554057971,0.550942029,0.5510144929999999,0.5501449279999999,0.546666667,0.540797101,0.534710145,0.529130435,0.525144928,0.523913043,0.522246377,0.5224637679999999,0.5216666670000001,0.5192028989999999,0.512318841,0.506594203,0.501811594,0.492608696
0.635166667,0.630166667,0.630875,0.632416667,0.636541667,0.6396666670000001,0.629583333,0.62375,0.630416667,0.631541667,0.626125,0.629208333,0.63925,0.653083333,0.658166667,0.66025,0.65825,0.650791667,0.64175,0.624,0.612791667,0.603791667,0.60475,0.606583333,0.615625,0.619416667,0.6193333329999999,0.621833333,0.618541667,0.62375
0.018611111,0.018611111,0.018611111,0.018611111,0.018611111,0.018611111,0.015625,0.015625,0.015902778,0.015902778,0.015902778,0.015902778,0.016458333000000002,0.019097222,0.019236111,0.019236111,0.019236111,0.019236111,0.017638888999999998,0.012569443999999999,0.0125,0.005555556,0.004375,0.004375,0.004375,0.005277778,0.005277778,0.005277778,0.005277778,0.005763889
0.375,0.375,0.375,0.375,0.375,0.375,0.375,0.375,0.375,0.375,0.375,0.375,0.41666666700000005,0.41666666700000005,0.41666666700000005,0.41666666700000005,0.41666666700000005,0.41666666700000005,0.375,0.333333333,0.333333333,0.291666667,0.291666667,0.291666667,0.291666667,0.333333333,0.333333333,0.333333333,0.333333333,0.375
0.640347222,0.6375694439999999,0.635694444,0.6340972220000001,0.632569444,0.630763889,0.6290972220000001,0.628194444,0.626805556,0.624027778,0.6204861110000001,0.6178472220000001,0.614652778,0.611875,0.611805556,0.611597222,0.609166667,0.604513889,0.601319444,0.60125,0.599722222,0.5996527779999999,0.5975,0.595486111,0.595625,0.5925,0.586944444,0.5818055560000001,0.578263889,0.570069444
0.7043055559999999,0.702777778,0.7020833329999999,0.7011111109999999,0.700208333,0.698125,0.698472222,0.698958333,0.696180556,0.6934027779999999,0.690347222,0.6884027779999999,0.683125,0.680069444,0.681736111,0.6819444440000001,0.6784027779999999,0.674791667,0.674722222,0.679722222,0.679305556,0.6804861109999999,0.6780555559999999,0.6768055559999999,0.676388889,0.670416667,0.66375,0.659027778,0.656527778,0.6493055560000001
0.582708333,0.579305556,0.5761805560000001,0.574583333,0.572916667,0.5709722220000001,0.568125,0.5655555560000001,0.564791667,0.561666667,0.558472222,0.554652778,0.5538194439999999,0.551597222,0.550902778,0.550416667,0.548055556,0.541944444,0.536111111,0.531597222,0.5281944439999999,0.527430556,0.525,0.5216666670000001,0.5221527779999999,0.5201388889999999,0.515625,0.509861111,0.505138889,0.496666667
0.64132,0.62912,0.62656,0.6280399999999999,0.63572,0.63784,0.6360399999999999,0.62664,0.63152,0.62812,0.6210399999999999,0.62144,0.6322800000000001,0.64812,0.65568,0.65856,0.65728,0.65156,0.6466,0.6352800000000001,0.62044,0.61464,0.613,0.60612,0.6107199999999999,0.614,0.61616,0.61936,0.6224,0.62556
0.022533333,0.017866667,0.017866667,0.017866667,0.017866667,0.017866667,0.017866667,0.015,0.0156,0.015266667,0.015266667,0.015266667,0.0158,0.018333333,0.018466667,0.018466667,0.018466667,0.018466667,0.018466667,0.016933333000000002,0.012066667,0.012,0.005733333,0.0042,0.0042,0.005066667,0.005066667,0.005066667,0.005066667,0.0055333330000000005
0.4,0.36,0.36,0.36,0.36,0.36,0.4,0.36,0.4,0.36,0.36,0.36,0.4,0.44,0.44,0.4,0.4,0.4,0.4,0.36,0.36,0.32,0.32,0.28,0.28,0.32,0.32,0.32,0.32,0.36
0.6418666670000001,0.6398,0.638333333,0.636733333,0.6343333329999999,0.633133333,0.630933333,0.6298,0.627733333,0.624733333,0.6206,0.6176,0.614733333,0.611533333,0.6112,0.611733333,0.610066667,0.605666667,0.601933333,0.6006,0.601066667,0.600933333,0.599,0.5972666670000001,0.595733333,0.593866667,0.589733333,0.585,0.580733333,0.573133333
0.7052666670000001,0.705666667,0.7054,0.7041333329999999,0.701733333,0.700733333,0.698333333,0.699866667,0.6969333329999999,0.694466667,0.690666667,0.688733333,0.684133333,0.6789333329999999,0.679866667,0.6826,0.679866667,0.675466667,0.674533333,0.676466667,0.679666667,0.6800666670000001,0.6778,0.678533333,0.677333333,0.673133333,0.667933333,0.6628,0.658933333,0.6518666670000001
0.5852,0.580733333,0.5778,0.5768,0.575,0.5732666670000001,0.571733333,0.5678,0.5662666670000001,0.5624,0.557666667,0.5534,0.5526,0.551466667,0.551533333,0.550333333,0.5484,0.543466667,0.5374,0.533066667,0.5306,0.530266667,0.528333333,0.524333333,0.5214,0.5206666670000001,0.5166666670000001,0.513133333,0.5083333329999999,0.500066667
0.6391923079999999,0.635269231,0.625692308,0.624,0.631384615,0.637,0.634423077,0.632961538,0.634,0.629269231,0.618153846,0.616730769,0.624692308,0.641076923,0.650807692,0.656153846,0.6557692310000001,0.650884615,0.6475,0.6401923079999999,0.631423077,0.621923077,0.623076923,0.614,0.610115385,0.609346154,0.6110769229999999,0.616307692,0.62,0.629
0.021666667,0.021666667,0.017179487,0.017179487,0.017179487,0.017179487,0.017179487,0.017179487,0.015,0.015,0.014679487,0.014679487,0.015192308,0.017628205,0.01775641,0.01775641,0.01775641,0.01775641,0.01775641,0.01775641,0.016282051000000002,0.011602564,0.011923076999999999,0.005512820999999999,0.0040384620000000005,0.004871795,0.004871795,0.004871795,0.004871795,0.005320513000000001
0.423076923,0.384615385,0.346153846,0.346153846,0.346153846,0.346153846,0.384615385,0.384615385,0.384615385,0.384615385,0.346153846,0.346153846,0.384615385,0.423076923,0.46153846200000004,0.423076923,0.384615385,0.384615385,0.384615385,0.384615385,0.384615385,0.346153846,0.346153846,0.307692308,0.269230769,0.307692308,0.307692308,0.307692308,0.307692308,0.346153846
0.645576923,0.641282051,0.6404487179999999,0.639230769,0.636858974,0.634807692,0.633205128,0.6315384620000001,0.629294872,0.625705128,0.621410256,0.617820513,0.614615385,0.611730769,0.610897436,0.611153846,0.61025641,0.606666667,0.603141026,0.601217949,0.600448718,0.602179487,0.60025641,0.598717949,0.597435897,0.594038462,0.591153846,0.58775641,0.583846154,0.575705128
0.708461538,0.706538462,0.708076923,0.70724359,0.704615385,0.702179487,0.700833333,0.699679487,0.697884615,0.69525641,0.691794872,0.689102564,0.684615385,0.680064103,0.6787820509999999,0.680769231,0.680576923,0.676987179,0.675192308,0.6762179490000001,0.676538462,0.680384615,0.6775,0.6782692309999999,0.678974359,0.674166667,0.670641026,0.6668589739999999,0.662564103,0.654358974
0.589166667,0.583205128,0.579230769,0.578333333,0.577115385,0.57525641,0.573910256,0.5712820510000001,0.568397436,0.563910256,0.558525641,0.552820513,0.551474359,0.550384615,0.551410256,0.5509615379999999,0.548397436,0.543974359,0.539038462,0.534423077,0.5320512820000001,0.5325,0.531025641,0.527564103,0.523974359,0.52,0.517307692,0.514230769,0.5115384620000001,0.5033333329999999
0.635851852,0.633444444,0.631740741,0.623259259,0.62737037,0.632777778,0.633740741,0.631518519,0.639814815,0.631740741,0.61962963,0.614111111,0.620037037,0.633444444,0.643925926,0.651444444,0.653555556,0.649666667,0.647,0.641296296,0.636296296,0.632444444,0.629777778,0.6236666670000001,0.617555556,0.608814815,0.606703704,0.6114074070000001,0.617037037,0.626444444
0.020864198,0.020864198,0.020864198,0.01654321,0.01654321,0.01654321,0.01654321,0.01654321,0.017098765,0.014444443999999999,0.014444443999999999,0.014135802,0.01462963,0.016975308999999997,0.017098765,0.017098765,0.017098765,0.017098765,0.017098765,0.017098765,0.017098765,0.015679012,0.01154321,0.011481481000000002,0.005308642,0.004691358,0.004691358,0.004691358,0.004691358,0.0051234570000000005
0.40740740700000005,0.40740740700000005,0.37037037,0.333333333,0.333333333,0.333333333,0.37037037,0.37037037,0.40740740700000005,0.37037037,0.37037037,0.333333333,0.37037037,0.40740740700000005,0.444444444,0.444444444,0.40740740700000005,0.37037037,0.37037037,0.37037037,0.40740740700000005,0.37037037,0.37037037,0.333333333,0.296296296,0.296296296,0.296296296,0.296296296,0.296296296,0.333333333
0.648703704,0.644876543,0.6418518520000001,0.641234568,0.639259259,0.637222222,0.634814815,0.633703704,0.630987654,0.627283951,0.622469136,0.618703704,0.6149382720000001,0.611728395,0.611111111,0.610864198,0.609753086,0.606975309,0.6041975310000001,0.6024074070000001,0.601049383,0.60154321,0.601481481,0.599938272,0.59882716,0.595740741,0.5914197529999999,0.589197531,0.58654321,0.578888889
0.712407407,0.7095679009999999,0.70882716,0.709753086,0.707592593,0.704938272,0.7022222220000001,0.702037037,0.697777778,0.6962345679999999,0.6926543209999999,0.690246914,0.685123457,0.680679012,0.679876543,0.679691358,0.6788888890000001,0.6777777779999999,0.676666667,0.676790123,0.676296296,0.6773456790000001,0.677901235,0.6779629629999999,0.678703704,0.675864198,0.671728395,0.6695061729999999,0.666481481,0.658024691
0.59154321,0.587098765,0.581666667,0.5796913579999999,0.578580247,0.577283951,0.575802469,0.573395062,0.571728395,0.566049383,0.560123457,0.55382716,0.5509876539999999,0.549382716,0.55037037,0.550864198,0.549074074,0.544135802,0.539691358,0.536111111,0.533395062,0.53382716,0.533148148,0.530185185,0.527098765,0.522530864,0.5167901229999999,0.514938272,0.512654321,0.506604938
0.635285714,0.630428571,0.6301071429999999,0.629178571,0.626535714,0.628857143,0.6297857139999999,0.630964286,0.638178571,0.637428571,0.622357143,0.615678571,0.617392857,0.628642857,0.636464286,0.644785714,0.6491071429999999,0.64775,0.645964286,0.641035714,0.6375,0.6371071429999999,0.639642857,0.6301071429999999,0.62675,0.616035714,0.606285714,0.6071785710000001,0.612285714,0.623357143
0.020119048,0.020119048,0.020119048,0.020119048,0.015952381,0.015952381,0.015952381,0.015952381,0.016488095,0.016488095,0.013928571,0.013928571,0.014107143,0.016369048,0.016488095,0.016488095,0.016488095,0.016488095,0.016488095,0.016488095,0.016488095,0.016488095,0.01547619,0.011130952,0.011071428999999999,0.005892857,0.00452381,0.00452381,0.00452381,0.004940476
0.39285714299999996,0.39285714299999996,0.39285714299999996,0.35714285700000004,0.321428571,0.321428571,0.35714285700000004,0.35714285700000004,0.39285714299999996,0.39285714299999996,0.35714285700000004,0.35714285700000004,0.35714285700000004,0.39285714299999996,0.428571429,0.428571429,0.428571429,0.39285714299999996,0.35714285700000004,0.35714285700000004,0.39285714299999996,0.39285714299999996,0.39285714299999996,0.35714285700000004,0.321428571,0.321428571,0.28571428600000004,0.28571428600000004,0.28571428600000004,0.321428571
0.65077381,0.6479166670000001,0.6452976189999999,0.6425595239999999,0.641190476,0.63952381,0.6371428570000001,0.635238095,0.633095238,0.628988095,0.6241071429999999,0.619821429,0.6158928570000001,0.612142857,0.611130952,0.611071429,0.60952381,0.606607143,0.604583333,0.603452381,0.602202381,0.6020833329999999,0.6008928570000001,0.601130952,0.6,0.597142857,0.5931547620000001,0.58952381,0.58797619,0.581666667
0.7151190479999999,0.713333333,0.711666667,0.7104166670000001,0.71,0.707797619,0.704880952,0.703333333,0.700119048,0.696190476,0.6936904759999999,0.6911309520000001,0.686369048,0.6813095240000001,0.68047619,0.680714286,0.6779166670000001,0.67625,0.6774404759999999,0.678154762,0.676845238,0.677083333,0.675059524,0.678333333,0.6783928570000001,0.6757142859999999,0.6734523809999999,0.670595238,0.669047619,0.661964286
0.593035714,0.589464286,0.58547619,0.58202381,0.579880952,0.578690476,0.577738095,0.575238095,0.57375,0.5693452379999999,0.562321429,0.555535714,0.55202381,0.548988095,0.549404762,0.549880952,0.549047619,0.5449404760000001,0.54,0.536845238,0.535059524,0.535059524,0.534404762,0.532261905,0.529642857,0.525595238,0.519345238,0.51452381,0.513392857,0.507857143
0.637137931,0.6300689660000001,0.627310345,0.627689655,0.632137931,0.628,0.626103448,0.627241379,0.637413793,0.635931034,0.628172414,0.618448276,0.618793103,0.625793103,0.6317241379999999,0.6375517239999999,0.642758621,0.643655172,0.644241379,0.640241379,0.63737931,0.638241379,0.6438965520000001,0.63962069,0.632862069,0.624965517,0.613344828,0.606758621,0.608172414,0.618551724
0.020114943,0.019425287,0.019425287,0.019425287,0.019425287,0.015402299,0.015402299,0.015402299,0.01591954,0.01591954,0.01591954,0.013448276,0.013908046,0.015804598,0.01591954,0.01591954,0.01591954,0.01591954,0.01591954,0.01591954,0.01591954,0.01591954,0.016264368,0.014942529,0.010747126000000001,0.011436782,0.005689655,0.004367816,0.004367816,0.004770115
0.413793103,0.379310345,0.379310345,0.379310345,0.344827586,0.310344828,0.344827586,0.344827586,0.379310345,0.379310345,0.379310345,0.344827586,0.379310345,0.379310345,0.413793103,0.413793103,0.413793103,0.413793103,0.379310345,0.344827586,0.379310345,0.379310345,0.413793103,0.379310345,0.344827586,0.344827586,0.310344828,0.275862069,0.275862069,0.310344828
0.65316092,0.6499425289999999,0.648218391,0.645862069,0.642471264,0.64137931,0.639367816,0.637471264,0.634597701,0.631091954,0.625862069,0.6214942529999999,0.617068966,0.61316092,0.611551724,0.6110919539999999,0.609770115,0.6064942529999999,0.604310345,0.603850575,0.603218391,0.60316092,0.6014367820000001,0.600574713,0.601149425,0.598333333,0.594597701,0.5912643679999999,0.588333333,0.5832183910000001
0.717643678,0.71591954,0.715229885,0.7131034479999999,0.7106321840000001,0.710114943,0.7076436779999999,0.705862069,0.701436782,0.698505747,0.693735632,0.692183908,0.6873563220000001,0.6826436779999999,0.6810919540000001,0.681264368,0.6789655170000001,0.675402299,0.675977011,0.678850575,0.67816092,0.677586207,0.674885057,0.6755747129999999,0.678735632,0.675517241,0.673390805,0.672298851,0.670114943,0.664597701
0.595977011,0.590977011,0.5878160920000001,0.585689655,0.582126437,0.579942529,0.57908046,0.577126437,0.575517241,0.57137931,0.565632184,0.557816092,0.553735632,0.550057471,0.549022989,0.5489655170000001,0.54816092,0.545057471,0.54091954,0.537241379,0.535804598,0.536609195,0.5355747129999999,0.533505747,0.531666667,0.528103448,0.522413793,0.517068966,0.513045977,0.508735632
0.640166667,0.632033333,0.627066667,0.625066667,0.6306,0.633366667,0.625366667,0.623766667,0.6336,0.635266667,0.627033333,0.6242,0.621366667,0.626866667,0.628866667,0.632933333,0.635833333,0.6377,0.6404,0.6387666670000001,0.636733333,0.6381,0.6447666670000001,0.643733333,0.641966667,0.630933333,0.622066667,0.6135666670000001,0.607733333,0.614366667
0.020888889,0.019444443999999998,0.018777778000000002,0.018777778000000002,0.018777778000000002,0.018777778000000002,0.014888888999999999,0.014888888999999999,0.015388889,0.015388889,0.015388889,0.015388889,0.013444444,0.015555556000000002,0.015388889,0.015388889,0.015388889,0.015388889,0.015388889,0.015388889,0.015388889,0.015388889,0.015722222,0.015722222,0.014444443999999999,0.011111111000000002,0.011055556000000001,0.0055,0.004222222,0.004611110999999999
0.433333333,0.4,0.36666666700000006,0.36666666700000006,0.36666666700000006,0.333333333,0.333333333,0.333333333,0.36666666700000006,0.36666666700000006,0.36666666700000006,0.36666666700000006,0.36666666700000006,0.4,0.4,0.4,0.4,0.4,0.4,0.36666666700000006,0.36666666700000006,0.36666666700000006,0.4,0.4,0.36666666700000006,0.36666666700000006,0.333333333,0.3,0.26666666699999997,0.3
0.655444444,0.652277778,0.650166667,0.648666667,0.6456666670000001,0.642611111,0.641166667,0.639611111,0.636777778,0.632611111,0.628,0.623277778,0.618777778,0.614388889,0.612555556,0.6115,0.609833333,0.606833333,0.6042777779999999,0.603611111,0.603611111,0.604111111,0.6025,0.601111111,0.600611111,0.5995,0.595833333,0.592722222,0.590055556,0.583722222
0.719555556,0.718333333,0.717666667,0.7165,0.7132222220000001,0.710722222,0.709888889,0.7085,0.7039444440000001,0.699833333,0.6960555559999999,0.692277778,0.6885,0.683722222,0.682388889,0.6818333329999999,0.679555556,0.6765,0.675166667,0.677388889,0.6788333329999999,0.6788333329999999,0.675444444,0.675388889,0.6760555559999999,0.6759444440000001,0.673277778,0.672277778,0.6717777779999999,0.6657777779999999
0.598888889,0.593888889,0.589333333,0.587944444,0.585666667,0.582111111,0.580277778,0.578444444,0.577333333,0.5731666670000001,0.567722222,0.5611666670000001,0.556,0.5517777779999999,0.550055556,0.548611111,0.547333333,0.544333333,0.541166667,0.538222222,0.536222222,0.537277778,0.537055556,0.534666667,0.532888889,0.530111111,0.524944444,0.5201111110000001,0.515555556,0.508555556
