0.46799999999999997,0.5489999999999999,0.6629999999999999,0.5429999999999999,0.596,0.631,0.619,0.703,0.6559999999999999,0.659,0.728,0.594,0.578,0.91,0.691,0.604,0.6409999999999999,0.583,0.6509999999999999,0.758,0.5529999999999999,0.618,0.618,0.7,0.6629999999999999,0.645,0.626,0.5579999999999999,0.574,0.5429999999999999
0.0,0.0,0.0,0.0,0.025,0.0016666670000000001,0.0016666670000000001,0.051666667,0.0,0.0,0.031666667,0.01,0.0,0.148333333,0.0,0.0,0.0,0.0,0.006666666999999999,0.041666667000000004,0.0,0.0,0.0,0.008333333,0.0016666670000000001,0.0,0.0,0.0,0.0,0.0
0.0,0.0,0.0,0.0,1.0,1.0,1.0,1.0,0.0,0.0,1.0,1.0,0.0,1.0,0.0,0.0,0.0,0.0,1.0,1.0,0.0,0.0,1.0,1.0,1.0,0.0,0.0,0.0,0.0,0.0
0.64,0.6233333329999999,0.62,0.671666667,0.66,0.643333333,0.661666667,0.63,0.653333333,0.666666667,0.64,0.663333333,0.658333333,0.576666667,0.6233333329999999,0.65,0.661666667,0.678333333,0.663333333,0.6,0.67,0.673333333,0.678333333,0.656666667,0.645,0.645,0.638333333,0.651666667,0.653333333,0.671666667
0.775,0.713333333,0.718333333,0.831666667,0.7533333329999999,0.7483333329999999,0.765,0.711666667,0.76,0.765,0.763333333,0.7716666670000001,0.7483333329999999,0.6266666670000001,0.7433333329999999,0.735,0.7666666670000001,0.76,0.735,0.671666667,0.768333333,0.768333333,0.76,0.736666667,0.715,0.7383333329999999,0.721666667,0.7483333329999999,0.7433333329999999,0.791666667
0.561666667,0.553333333,0.563333333,0.543333333,0.595,0.573333333,0.585,0.546666667,0.576666667,0.583333333,0.586666667,0.576666667,0.583333333,0.533333333,0.51,0.573333333,0.578333333,0.601666667,0.6,0.55,0.57,0.6,0.6033333329999999,0.615,0.6,0.59,0.57,0.553333333,0.585,0.586666667
0.486,0.5085,0.606,0.603,0.5695,0.6135,0.625,0.6609999999999999,0.6795,0.6575,0.6935,0.6609999999999999,0.586,0.7440000000000001,0.8005,0.6475,0.6225,0.612,0.617,0.7045,0.6555,0.5855,0.618,0.659,0.6815,0.654,0.6355,0.5920000000000001,0.5660000000000001,0.5585
0.0,0.0,0.0,0.0,0.0125,0.013333333000000001,0.0016666670000000001,0.026666667,0.025833332999999997,0.0,0.015833333,0.020833333,0.005,0.074166667,0.074166667,0.0,0.0,0.0,0.003333333,0.024166667000000003,0.020833333,0.0,0.0,0.004166667,0.005,0.000833333,0.0,0.0,0.0,0.0
0.0,0.0,0.0,0.0,0.5,1.0,1.0,1.0,0.5,0.0,0.5,1.0,0.5,0.5,0.5,0.0,0.0,0.0,0.5,1.0,0.5,0.0,0.5,1.0,1.0,0.5,0.0,0.0,0.0,0.0
0.6316666670000001,0.6316666670000001,0.6216666670000001,0.645833333,0.6658333329999999,0.651666667,0.6525,0.645833333,0.6416666670000001,0.66,0.653333333,0.651666667,0.660833333,0.6175,0.6,0.6366666670000001,0.655833333,0.67,0.6708333329999999,0.6316666670000001,0.635,0.671666667,0.6758333329999999,0.6675,0.650833333,0.645,0.6416666670000001,0.645,0.6525,0.6625
0.7533333329999999,0.744166667,0.715833333,0.775,0.7925,0.750833333,0.7566666670000001,0.7383333329999999,0.735833333,0.7625,0.764166667,0.7675,0.76,0.6875,0.685,0.739166667,0.750833333,0.763333333,0.7475,0.703333333,0.72,0.768333333,0.764166667,0.7483333329999999,0.725833333,0.726666667,0.73,0.735,0.745833333,0.7675
0.5425,0.5575,0.558333333,0.553333333,0.5691666670000001,0.5841666670000001,0.5791666670000001,0.5658333329999999,0.561666667,0.58,0.585,0.581666667,0.58,0.558333333,0.5216666670000001,0.541666667,0.575833333,0.59,0.600833333,0.575,0.56,0.585,0.601666667,0.609166667,0.6075,0.595,0.58,0.561666667,0.5691666670000001,0.585833333
0.52,0.507,0.56,0.585,0.600666667,0.59,0.6153333329999999,0.6509999999999999,0.659333333,0.672666667,0.6809999999999999,0.660333333,0.6333333329999999,0.6940000000000001,0.726333333,0.735,0.645333333,0.6093333329999999,0.625,0.664,0.654,0.643,0.596333333,0.645333333,0.660333333,0.669333333,0.6446666670000001,0.609666667,0.586,0.558333333
0.0011111110000000001,0.0,0.0,0.0,0.008333333,0.008888889,0.009444444,0.018333333,0.017777778,0.017222222,0.010555556,0.013888889,0.013888889,0.052777778,0.049444444000000004,0.049444444000000004,0.0,0.0,0.0022222220000000003,0.016111111,0.016111111,0.013888889,0.0,0.002777778,0.003333333,0.003333333,0.000555556,0.0,0.0,0.0
0.333333333,0.0,0.0,0.0,0.333333333,0.666666667,1.0,1.0,0.666666667,0.333333333,0.333333333,0.666666667,0.666666667,0.666666667,0.333333333,0.333333333,0.0,0.0,0.333333333,0.666666667,0.666666667,0.333333333,0.333333333,0.666666667,1.0,0.666666667,0.333333333,0.0,0.0,0.0
0.610555556,0.628888889,0.627777778,0.638333333,0.650555556,0.658333333,0.655,0.645,0.648333333,0.65,0.653333333,0.656666667,0.653888889,0.632777778,0.619444444,0.6166666670000001,0.645,0.663333333,0.6677777779999999,0.647222222,0.644444444,0.6477777779999999,0.6738888890000001,0.669444444,0.66,0.648888889,0.642777778,0.645,0.6477777779999999,0.658888889
0.707777778,0.74,0.7355555559999999,0.7544444440000001,0.767777778,0.7777777779999999,0.7555555559999999,0.7416666670000001,0.7455555559999999,0.7455555559999999,0.762777778,0.7666666670000001,0.761111111,0.715555556,0.7061111109999999,0.701666667,0.7483333329999999,0.7538888890000001,0.7538888890000001,0.7222222220000001,0.725,0.7361111109999999,0.7655555559999999,0.755,0.737222222,0.73,0.725,0.7361111109999999,0.737777778,0.761111111
0.542222222,0.546111111,0.5594444439999999,0.553333333,0.567222222,0.570555556,0.584444444,0.568333333,0.5694444439999999,0.568888889,0.5822222220000001,0.5822222220000001,0.5822222220000001,0.5644444439999999,0.542222222,0.538888889,0.553888889,0.584444444,0.593333333,0.583888889,0.573333333,0.573333333,0.591111111,0.606111111,0.606111111,0.601666667,0.586666667,0.571111111,0.5694444439999999,0.575
0.46225,0.52725,0.546,0.55575,0.58775,0.60825,0.59725,0.63725,0.65225,0.65925,0.6865,0.65925,0.63975,0.7025,0.69325,0.69575,0.7115,0.62975,0.61975,0.65825,0.63625,0.645,0.63675,0.62225,0.64975,0.6565,0.6585,0.623,0.60075,0.57525
0.000833333,0.000833333,0.0,0.0,0.00625,0.006666666999999999,0.007083333000000001,0.02,0.01375,0.013333333000000001,0.020833333,0.010416667,0.010416667,0.0475,0.039583333,0.037083332999999996,0.037083332999999996,0.0,0.0016666670000000001,0.012083333,0.012083333,0.012083333,0.010416667,0.0020833329999999997,0.0025,0.0025,0.0025,0.00041666699999999996,0.0,0.0
0.25,0.25,0.0,0.0,0.25,0.5,0.75,1.0,0.75,0.5,0.5,0.5,0.5,0.75,0.5,0.25,0.25,0.0,0.25,0.5,0.5,0.5,0.5,0.5,0.75,0.75,0.5,0.25,0.0,0.0
0.62125,0.61375,0.6266666670000001,0.63875,0.64375,0.64875,0.659166667,0.64875,0.647083333,0.6529166670000001,0.6475,0.655833333,0.657083333,0.6345833329999999,0.630416667,0.627083333,0.627916667,0.653333333,0.663333333,0.650833333,0.6529166670000001,0.651666667,0.655416667,0.669583333,0.663333333,0.65625,0.64625,0.645,0.647083333,0.65375
0.724583333,0.7091666670000001,0.734583333,0.7595833329999999,0.754166667,0.762916667,0.7745833329999999,0.744583333,0.74625,0.750416667,0.75,0.765,0.762083333,0.7275,0.7225,0.713333333,0.717916667,0.75125,0.749166667,0.7333333329999999,0.73375,0.735833333,0.742083333,0.7583333329999999,0.745,0.7375,0.727916667,0.730833333,0.737916667,0.75125
0.540416667,0.545,0.550416667,0.555416667,0.56375,0.56875,0.5741666670000001,0.575,0.570416667,0.572916667,0.573333333,0.580833333,0.5825,0.57,0.5508333329999999,0.55,0.54875,0.5658333329999999,0.588333333,0.5825,0.580416667,0.58,0.580833333,0.5970833329999999,0.604583333,0.6020833329999999,0.59375,0.578333333,0.574583333,0.57375
0.4364,0.4796,0.5544,0.5454,0.5638,0.5964,0.6104,0.6184,0.6409999999999999,0.6536,0.6729999999999999,0.6679999999999999,0.643,0.6938,0.7002,0.6754,0.6848,0.6858,0.634,0.6474,0.6372,0.6326,0.6396,0.6494,0.6304,0.6488,0.6504,0.6384,0.6132,0.5892
0.000666667,0.000666667,0.000666667,0.0,0.005,0.005333333000000001,0.005666666999999999,0.016,0.016,0.011000000000000001,0.017,0.018666666999999998,0.008333333,0.038,0.038,0.031666667,0.029666667,0.029666667,0.001333333,0.009666667,0.009666667,0.009666667,0.009666667,0.01,0.002,0.002,0.002,0.002,0.00033333300000000006,0.0
0.2,0.2,0.2,0.0,0.2,0.4,0.6,0.8,0.8,0.6,0.6,0.6,0.4,0.6,0.6,0.4,0.2,0.2,0.2,0.4,0.4,0.4,0.6,0.6,0.6,0.6,0.6,0.4,0.2,0.0
0.6246666670000001,0.6216666670000001,0.615,0.6356666670000001,0.643,0.6436666670000001,0.651333333,0.653333333,0.649666667,0.6509999999999999,0.650333333,0.650666667,0.656333333,0.6409999999999999,0.6323333329999999,0.6343333329999999,0.634,0.638,0.655333333,0.650666667,0.654666667,0.657,0.657,0.655666667,0.664666667,0.659666667,0.652666667,0.647333333,0.6466666670000001,0.652
0.727666667,0.722333333,0.711,0.754,0.7583333329999999,0.753,0.763333333,0.762,0.7476666670000001,0.75,0.753,0.7543333329999999,0.7616666670000001,0.735,0.730666667,0.725,0.7240000000000001,0.726333333,0.748,0.733666667,0.7403333329999999,0.7406666670000001,0.7406666670000001,0.741,0.7496666670000001,0.7436666670000001,0.7343333329999999,0.732,0.7333333329999999,0.7486666670000001
0.539333333,0.5429999999999999,0.548666667,0.5489999999999999,0.563333333,0.565666667,0.5720000000000001,0.568666667,0.575333333,0.573,0.575666667,0.574,0.581333333,0.572666667,0.5579999999999999,0.555333333,0.555666667,0.559333333,0.572666667,0.580666667,0.58,0.584333333,0.584666667,0.587666667,0.597666667,0.601666667,0.595666667,0.585666667,0.579666667,0.5770000000000001
0.441833333,0.455166667,0.510166667,0.5525,0.5538333329999999,0.575,0.600166667,0.625833333,0.6246666670000001,0.644,0.6659999999999999,0.659833333,0.653,0.6875,0.693333333,0.6841666670000001,0.669666667,0.6678333329999999,0.68,0.654666667,0.6316666670000001,0.634,0.630166667,0.649666667,0.651666667,0.632833333,0.645,0.635,0.6276666670000001,0.6015
0.000555556,0.000555556,0.000555556,0.000555556,0.004166667,0.0044444440000000005,0.004722222,0.013333333000000001,0.013333333000000001,0.013333333000000001,0.014444443999999999,0.015833333,0.015555556000000002,0.031666667,0.031666667,0.031666667,0.026388889,0.024722222000000002,0.025833332999999997,0.008055556,0.008055556,0.008055556,0.008055556,0.009444444,0.008611111,0.0016666670000000001,0.0016666670000000001,0.0016666670000000001,0.0016666670000000001,0.000277778
0.166666667,0.166666667,0.166666667,0.166666667,0.166666667,0.333333333,0.5,0.666666667,0.666666667,0.666666667,0.666666667,0.666666667,0.5,0.5,0.5,0.5,0.333333333,0.166666667,0.333333333,0.333333333,0.333333333,0.333333333,0.5,0.666666667,0.666666667,0.5,0.5,0.5,0.333333333,0.166666667
0.626388889,0.624444444,0.621388889,0.624444444,0.6397222220000001,0.643055556,0.6466666670000001,0.6477777779999999,0.653333333,0.6525,0.649166667,0.6525,0.651944444,0.643055556,0.638055556,0.635277778,0.638888889,0.641388889,0.642222222,0.646111111,0.653888889,0.6577777779999999,0.660555556,0.656944444,0.653888889,0.661388889,0.656111111,0.6525,0.648333333,0.650833333
0.730833333,0.7252777779999999,0.721666667,0.7311111109999999,0.7538888890000001,0.7566666670000001,0.755,0.754722222,0.7616666670000001,0.7505555559999999,0.752222222,0.756111111,0.7533333329999999,0.739166667,0.7363888890000001,0.7313888890000001,0.731944444,0.73,0.727777778,0.7352777779999999,0.7394444440000001,0.745,0.743888889,0.74,0.736666667,0.747777778,0.74,0.736666667,0.733888889,0.743055556
0.541388889,0.541666667,0.5463888889999999,0.5477777779999999,0.556666667,0.565,0.568888889,0.567777778,0.57,0.576666667,0.575277778,0.575833333,0.575555556,0.573333333,0.562222222,0.5605555560000001,0.5591666670000001,0.563333333,0.566111111,0.568888889,0.578888889,0.583333333,0.5875,0.589722222,0.589722222,0.596388889,0.596388889,0.588611111,0.585555556,0.580833333
0.442428571,0.457142857,0.484857143,0.514857143,0.5587142860000001,0.564857143,0.581285714,0.6148571429999999,0.6301428570000001,0.629571429,0.6559999999999999,0.655714286,0.6481428570000001,0.689714286,0.688,0.680571429,0.6779999999999999,0.657285714,0.665428571,0.691142857,0.6401428570000001,0.629714286,0.631714286,0.6401428570000001,0.651571429,0.650714286,0.631857143,0.632571429,0.626285714,0.615571429
0.00047619,0.00047619,0.00047619,0.00047619,0.0040476190000000006,0.0038095240000000003,0.0040476190000000006,0.011428571,0.011428571,0.011428571,0.015952381,0.013809523999999998,0.013571429,0.03452381,0.027142857000000003,0.027142857000000003,0.027142857000000003,0.022619048,0.022142857000000002,0.028095237999999998,0.006904761999999999,0.006904761999999999,0.006904761999999999,0.008095238000000001,0.008333333,0.007380952,0.001428571,0.001428571,0.001428571,0.001428571
0.14285714300000002,0.14285714300000002,0.14285714300000002,0.14285714300000002,0.28571428600000004,0.28571428600000004,0.428571429,0.571428571,0.571428571,0.571428571,0.7142857140000001,0.7142857140000001,0.571428571,0.571428571,0.428571429,0.428571429,0.428571429,0.28571428600000004,0.28571428600000004,0.428571429,0.28571428600000004,0.28571428600000004,0.428571429,0.571428571,0.7142857140000001,0.571428571,0.428571429,0.428571429,0.428571429,0.28571428600000004
0.624285714,0.6259523810000001,0.623809524,0.628571429,0.62952381,0.640238095,0.645714286,0.644285714,0.648571429,0.655238095,0.650714286,0.651190476,0.653333333,0.641190476,0.640238095,0.639761905,0.639047619,0.64452381,0.64452381,0.636190476,0.64952381,0.656666667,0.660714286,0.66,0.655238095,0.6526190479999999,0.6580952379999999,0.65547619,0.6526190479999999,0.651666667
0.73,0.7283333329999999,0.7242857140000001,0.737380952,0.7342857140000001,0.753095238,0.757857143,0.748809524,0.75547619,0.7621428570000001,0.752380952,0.755,0.755,0.735238095,0.739761905,0.736190476,0.7364285709999999,0.7359523809999999,0.730714286,0.719761905,0.74,0.7435714290000001,0.747142857,0.7428571429999999,0.7364285709999999,0.736904762,0.744047619,0.741190476,0.737619048,0.742142857
0.537380952,0.5430952379999999,0.544761905,0.545952381,0.55452381,0.559047619,0.567857143,0.5657142860000001,0.569047619,0.5719047620000001,0.578095238,0.57547619,0.5769047620000001,0.56952381,0.5642857139999999,0.563809524,0.5630952379999999,0.565238095,0.568571429,0.563809524,0.569047619,0.5819047620000001,0.586190476,0.591428571,0.591190476,0.589761905,0.592619048,0.590238095,0.588095238,0.585714286
0.453125,0.45575,0.482875,0.492125,0.525,0.56775,0.571625,0.5965,0.62,0.63375,0.641875,0.64825,0.6459999999999999,0.680875,0.689875,0.6775,0.675625,0.666125,0.6565,0.677,0.673875,0.637375,0.62825,0.64025,0.643,0.65075,0.647625,0.622625,0.62525,0.615875
0.00041666699999999996,0.00041666699999999996,0.00041666699999999996,0.00041666699999999996,0.003541667,0.00375,0.003541667,0.01,0.01,0.01,0.013958333,0.015208333000000001,0.012083333,0.030416667,0.030208332999999997,0.02375,0.02375,0.02375,0.020625,0.024583333,0.024583333,0.006041667,0.006041667,0.007083333000000001,0.007291667,0.007291667,0.006458333,0.00125,0.00125,0.00125
0.125,0.125,0.125,0.125,0.25,0.375,0.375,0.5,0.5,0.5,0.625,0.75,0.625,0.625,0.5,0.375,0.375,0.375,0.375,0.375,0.375,0.25,0.375,0.5,0.625,0.625,0.5,0.375,0.375,0.375
0.623541667,0.624166667,0.625208333,0.629791667,0.6325,0.63125,0.642916667,0.64375,0.645416667,0.650833333,0.653333333,0.6522916670000001,0.652083333,0.64375,0.6389583329999999,0.641458333,0.6425,0.6439583329999999,0.646875,0.6389583329999999,0.640416667,0.6525,0.659375,0.6602083329999999,0.658125,0.653958333,0.650833333,0.6572916670000001,0.6552083329999999,0.655
0.7333333329999999,0.727916667,0.7270833329999999,0.7377083329999999,0.739375,0.7360416670000001,0.754583333,0.752083333,0.750208333,0.7566666670000001,0.7622916670000001,0.754791667,0.754166667,0.738958333,0.73625,0.739166667,0.74,0.739375,0.735833333,0.723333333,0.725833333,0.743541667,0.745625,0.745833333,0.739375,0.736666667,0.735,0.744583333,0.741458333,0.744375
0.533333333,0.539375,0.545625,0.544583333,0.552083333,0.556875,0.562291667,0.565208333,0.567083333,0.5708333329999999,0.57375,0.577916667,0.5764583329999999,0.5714583329999999,0.562083333,0.565416667,0.565625,0.567916667,0.569583333,0.56625,0.564583333,0.572916667,0.584583333,0.5897916670000001,0.5925,0.591041667,0.587291667,0.5877083329999999,0.589583333,0.587916667
0.48166666700000005,0.463777778,0.478777778,0.489555556,0.5036666670000001,0.5367777779999999,0.5734444439999999,0.5862222220000001,0.603111111,0.6243333329999999,0.644222222,0.636555556,0.640444444,0.675333333,0.682,0.680333333,0.673444444,0.665333333,0.664444444,0.6677777779999999,0.663222222,0.667666667,0.635222222,0.636222222,0.642777778,0.643222222,0.648,0.6376666670000001,0.617222222,0.616111111
0.0005185190000000001,0.00037037,0.00037037,0.00037037,0.003148148,0.003333333,0.0035185190000000003,0.008888889,0.008888889,0.008888889,0.012407406999999999,0.013518519,0.013518519,0.027222222,0.027037037000000003,0.026851852000000002,0.021111111000000002,0.021111111000000002,0.021851852,0.022962963,0.021851852,0.021851852,0.00537037,0.006296296,0.006481481,0.006481481,0.006481481,0.005740741,0.0011111110000000001,0.0011111110000000001
0.222222222,0.111111111,0.111111111,0.111111111,0.222222222,0.333333333,0.444444444,0.444444444,0.444444444,0.444444444,0.5555555560000001,0.666666667,0.666666667,0.666666667,0.5555555560000001,0.444444444,0.333333333,0.333333333,0.444444444,0.444444444,0.333333333,0.333333333,0.333333333,0.444444444,0.5555555560000001,0.5555555560000001,0.5555555560000001,0.444444444,0.333333333,0.333333333
0.618703704,0.623518519,0.623703704,0.63037037,0.633148148,0.633703704,0.63462963,0.641481481,0.644814815,0.6477777779999999,0.64962963,0.654444444,0.652962963,0.643703704,0.641481481,0.640185185,0.643703704,0.646481481,0.646111111,0.6416666670000001,0.642407407,0.6440740739999999,0.65537037,0.659074074,0.658518519,0.656666667,0.652222222,0.650925926,0.6568518520000001,0.657037037
0.722592593,0.7311111109999999,0.726851852,0.7387037040000001,0.7394444440000001,0.74037037,0.7392592590000001,0.749814815,0.752962963,0.751851852,0.757407407,0.763333333,0.754074074,0.74,0.7394444440000001,0.7361111109999999,0.742222222,0.742222222,0.738888889,0.7287037040000001,0.7283333329999999,0.730555556,0.74537037,0.74462963,0.7424074070000001,0.7392592590000001,0.735,0.736481481,0.7444444440000001,0.747037037
0.533333333,0.535555556,0.542037037,0.54537037,0.550185185,0.554444444,0.56,0.5605555560000001,0.5664814810000001,0.568888889,0.572592593,0.574074074,0.578518519,0.571666667,0.56462963,0.563333333,0.566851852,0.56962963,0.5714814810000001,0.567407407,0.566666667,0.5685185189999999,0.576296296,0.587962963,0.590925926,0.5922222220000001,0.5887037039999999,0.583518519,0.587407407,0.589259259
0.4703,0.4884,0.4837,0.4852,0.5002,0.5164,0.545,0.5864,0.5932,0.6087,0.6347,0.6392,0.6307,0.6674,0.6769,0.6742,0.6764,0.6644,0.6639,0.6738,0.6563,0.6587,0.6627,0.6417,0.6389,0.643,0.6415,0.639,0.6313,0.6098
0.000466667,0.000466667,0.00033333300000000006,0.00033333300000000006,0.002833333,0.003,0.003166667,0.008333333,0.008,0.008,0.011166667,0.012166666999999999,0.012166666999999999,0.027000000000000003,0.0245,0.024333333,0.024166667000000003,0.019,0.019666667,0.023833332999999998,0.020666667,0.019666667,0.019666667,0.005666666999999999,0.0058333330000000004,0.0058333330000000004,0.0058333330000000004,0.0058333330000000004,0.005166667,0.001
0.2,0.2,0.1,0.1,0.2,0.3,0.4,0.5,0.4,0.4,0.5,0.6,0.6,0.7,0.6,0.5,0.4,0.3,0.4,0.5,0.4,0.3,0.4,0.4,0.5,0.5,0.5,0.5,0.4,0.3
0.6215,0.619166667,0.623166667,0.6285,0.6333333329999999,0.634166667,0.6365,0.634166667,0.6426666670000001,0.647,0.647,0.6509999999999999,0.654833333,0.645333333,0.6416666670000001,0.642333333,0.642333333,0.647166667,0.648166667,0.6415,0.6445,0.6455,0.6475,0.6555,0.657666667,0.657166667,0.654833333,0.652166667,0.651166667,0.658333333
0.725,0.721666667,0.729833333,0.7373333329999999,0.740166667,0.7403333329999999,0.742833333,0.7365,0.750833333,0.754166667,0.753,0.758833333,0.761833333,0.7413333329999999,0.7403333329999999,0.7390000000000001,0.739166667,0.7440000000000001,0.7415,0.732166667,0.732666667,0.7323333329999999,0.7335,0.7445,0.7416666670000001,0.742,0.7375,0.7363333329999999,0.737166667,0.749166667
0.535833333,0.535333333,0.538333333,0.542166667,0.550333333,0.5525,0.5575,0.558666667,0.5621666670000001,0.5681666670000001,0.570666667,0.573,0.575,0.574,0.5655,0.5655,0.5648333329999999,0.570333333,0.572666667,0.569333333,0.567666667,0.57,0.5720000000000001,0.5801666670000001,0.589166667,0.590833333,0.59,0.5851666670000001,0.583666667,0.587333333
0.45218181799999996,0.477454545,0.504272727,0.48909090899999996,0.495272727,0.512090909,0.525727273,0.559363636,0.5927272729999999,0.5991818179999999,0.619545455,0.631,0.633636364,0.656090909,0.669545455,0.6702727270000001,0.671181818,0.6679090910000001,0.663181818,0.672454545,0.662818182,0.6528181820000001,0.655,0.666090909,0.643636364,0.639454545,0.641454545,0.633909091,0.633090909,0.623272727
0.00042424199999999997,0.00042424199999999997,0.00042424199999999997,0.00030303,0.002575758,0.0027272729999999997,0.0028787879999999997,0.007575758,0.007575758,0.007272727,0.010151515,0.011060606,0.011060606,0.024545455,0.024545455,0.022272727000000003,0.022121212,0.021969697000000003,0.017878788,0.021666667,0.021666667,0.018787879,0.017878788,0.018636364,0.00530303,0.00530303,0.00530303,0.00530303,0.00530303,0.00469697
0.181818182,0.181818182,0.181818182,0.090909091,0.181818182,0.272727273,0.363636364,0.454545455,0.454545455,0.363636364,0.454545455,0.545454545,0.545454545,0.636363636,0.636363636,0.545454545,0.454545455,0.363636364,0.363636364,0.454545455,0.454545455,0.363636364,0.363636364,0.454545455,0.454545455,0.454545455,0.454545455,0.454545455,0.454545455,0.363636364
0.624545455,0.6216666670000001,0.619242424,0.627575758,0.631363636,0.634242424,0.6366666670000001,0.635909091,0.635909091,0.644848485,0.646363636,0.648484848,0.651666667,0.647727273,0.643333333,0.642424242,0.644090909,0.6456060610000001,0.648636364,0.643787879,0.644090909,0.6471212120000001,0.648484848,0.648333333,0.654545455,0.656515152,0.655454545,0.654545455,0.652272727,0.653030303
0.7306060609999999,0.7239393940000001,0.721363636,0.7390909090000001,0.7387878790000001,0.7409090909999999,0.742575758,0.74,0.7386363640000001,0.752121212,0.755,0.75469697,0.757878788,0.749545455,0.7415151520000001,0.739848485,0.7415151520000001,0.7410606059999999,0.7431818179999999,0.735151515,0.735454545,0.7359090909999999,0.734848485,0.7337878790000001,0.741818182,0.741363636,0.740151515,0.7384848479999999,0.736969697,0.742121212
0.535151515,0.537424242,0.537878788,0.538787879,0.546969697,0.5524242420000001,0.555454545,0.556515152,0.56030303,0.564090909,0.569848485,0.571212121,0.5739393939999999,0.571212121,0.568181818,0.5662121210000001,0.566666667,0.568181818,0.573030303,0.570606061,0.569393939,0.570606061,0.573030303,0.575909091,0.581969697,0.5892424239999999,0.588939394,0.586666667,0.585151515,0.583939394
0.44191666700000004,0.46025,0.49291666700000003,0.5075,0.498,0.506583333,0.521,0.5405,0.567416667,0.59825,0.609916667,0.617416667,0.626583333,0.656666667,0.659,0.664083333,0.6678333329999999,0.663833333,0.6665,0.671083333,0.6625,0.659083333,0.6499166670000001,0.65875,0.6658333329999999,0.64375,0.638333333,0.6345,0.628916667,0.625583333
0.000388889,0.000388889,0.000388889,0.000388889,0.002361111,0.0025,0.002638889,0.006944444,0.006944444,0.006944444,0.009305556,0.010138889,0.010138889,0.0225,0.0225,0.0225,0.020416667,0.020277778,0.020694444,0.019861111,0.019861111,0.019861111,0.017222222,0.017083333,0.017222222,0.0048611109999999996,0.0048611109999999996,0.0048611109999999996,0.0048611109999999996,0.0048611109999999996
0.166666667,0.166666667,0.166666667,0.166666667,0.166666667,0.25,0.333333333,0.41666666700000005,0.41666666700000005,0.41666666700000005,0.41666666700000005,0.5,0.5,0.583333333,0.583333333,0.583333333,0.5,0.41666666700000005,0.41666666700000005,0.41666666700000005,0.41666666700000005,0.41666666700000005,0.41666666700000005,0.41666666700000005,0.5,0.41666666700000005,0.41666666700000005,0.41666666700000005,0.41666666700000005,0.41666666700000005
0.625555556,0.624444444,0.6215277779999999,0.623611111,0.630277778,0.632361111,0.6365277779999999,0.6361111110000001,0.637361111,0.638472222,0.644444444,0.6477777779999999,0.6493055560000001,0.645416667,0.645694444,0.643888889,0.644027778,0.646944444,0.647083333,0.6445833329999999,0.645972222,0.6465277779999999,0.6497222220000001,0.649166667,0.648055556,0.65375,0.655,0.655138889,0.654444444,0.653888889
0.7343055559999999,0.729166667,0.723472222,0.730555556,0.7402777779999999,0.739583333,0.742916667,0.74,0.7416666670000001,0.740833333,0.753055556,0.756388889,0.754166667,0.746944444,0.749027778,0.740972222,0.742083333,0.743055556,0.7405555559999999,0.737222222,0.737916667,0.738194444,0.737916667,0.735,0.732222222,0.7415277779999999,0.739722222,0.740833333,0.738888889,0.7415277779999999
0.531388889,0.536666667,0.5395833329999999,0.538333333,0.543472222,0.549166667,0.555138889,0.554722222,0.558194444,0.562222222,0.5659722220000001,0.570416667,0.5722222220000001,0.570555556,0.566111111,0.5686111110000001,0.567222222,0.569583333,0.5708333329999999,0.571111111,0.570555556,0.571944444,0.573333333,0.576527778,0.577916667,0.5826388889999999,0.5876388889999999,0.585972222,0.586527778,0.5852777779999999
0.445538462,0.450153846,0.47584615399999997,0.49676923100000003,0.514307692,0.508230769,0.515230769,0.535,0.549384615,0.574461538,0.608230769,0.608692308,0.614384615,0.648384615,0.6593076920000001,0.6547692310000001,0.6623076920000001,0.6613076920000001,0.662846154,0.673538462,0.662,0.659076923,0.6559230770000001,0.6537692310000001,0.659076923,0.664230769,0.642384615,0.632153846,0.629846154,0.622307692
0.000358974,0.000358974,0.000358974,0.000358974,0.0022820510000000002,0.002307692,0.0024358970000000002,0.006410256,0.006410256,0.006410256,0.008846154,0.009358974,0.009358974,0.020769231000000003,0.020769231000000003,0.020769231000000003,0.020769231000000003,0.018846154,0.019230768999999998,0.022307692,0.018333333,0.018333333,0.018333333,0.016538462,0.015897436,0.015897436,0.004487179,0.004487179,0.004487179,0.004487179
0.153846154,0.153846154,0.153846154,0.153846154,0.23076923100000002,0.23076923100000002,0.307692308,0.384615385,0.384615385,0.384615385,0.46153846200000004,0.46153846200000004,0.46153846200000004,0.538461538,0.538461538,0.538461538,0.538461538,0.46153846200000004,0.46153846200000004,0.46153846200000004,0.384615385,0.384615385,0.46153846200000004,0.46153846200000004,0.46153846200000004,0.46153846200000004,0.384615385,0.384615385,0.384615385,0.384615385
0.624230769,0.625384615,0.624102564,0.625384615,0.626410256,0.631282051,0.634615385,0.636025641,0.637435897,0.639615385,0.638589744,0.645897436,0.648589744,0.643717949,0.643717949,0.646025641,0.64525641,0.6466666670000001,0.648205128,0.6434615379999999,0.646538462,0.648076923,0.648974359,0.65025641,0.648846154,0.647820513,0.652564103,0.65474359,0.655,0.6557692310000001
0.7358974359999999,0.732692308,0.7283333329999999,0.731794872,0.732307692,0.7408974359999999,0.7415384620000001,0.7405128209999999,0.7415384620000001,0.7434615379999999,0.742564103,0.7544871790000001,0.7557692309999999,0.7443589740000001,0.7466666670000001,0.747948718,0.742948718,0.7434615379999999,0.742435897,0.73525641,0.739615385,0.74025641,0.739871795,0.737820513,0.733461538,0.732692308,0.74,0.740384615,0.7410256409999999,0.742948718
0.527820513,0.533076923,0.538717949,0.539871795,0.542692308,0.545769231,0.551923077,0.554487179,0.556410256,0.560128205,0.564102564,0.566794872,0.5714102560000001,0.569230769,0.565897436,0.566666667,0.569358974,0.569871795,0.571923077,0.569230769,0.571025641,0.5728205129999999,0.574358974,0.576538462,0.578333333,0.578846154,0.581666667,0.585,0.585897436,0.586538462
0.451642857,0.452928571,0.465357143,0.48064285700000003,0.503857143,0.522642857,0.5161428570000001,0.528642857,0.543642857,0.557214286,0.585428571,0.607214286,0.6065,0.6355,0.6514285710000001,0.6553571429999999,0.653785714,0.656642857,0.660571429,0.669642857,0.664928571,0.658857143,0.6561428570000001,0.6590714289999999,0.6544285710000001,0.6580714289999999,0.6615,0.636357143,0.628,0.623642857
0.00033333300000000006,0.00033333300000000006,0.00033333300000000006,0.00033333300000000006,0.0021190479999999997,0.002238095,0.002261905,0.005952381,0.005952381,0.005952381,0.008214286,0.008928571,0.008690475999999999,0.019285714,0.019285714,0.019285714,0.019285714,0.019285714,0.01797619,0.020833333,0.020714286000000002,0.01702381,0.01702381,0.017619048000000002,0.01547619,0.014761905,0.014761905,0.004166667,0.004166667,0.004166667
0.14285714300000002,0.14285714300000002,0.14285714300000002,0.14285714300000002,0.214285714,0.28571428600000004,0.28571428600000004,0.35714285700000004,0.35714285700000004,0.35714285700000004,0.428571429,0.5,0.428571429,0.5,0.5,0.5,0.5,0.5,0.5,0.5,0.428571429,0.35714285700000004,0.428571429,0.5,0.5,0.428571429,0.428571429,0.35714285700000004,0.35714285700000004,0.35714285700000004
0.622261905,0.624166667,0.625,0.6275,0.627857143,0.627619048,0.633452381,0.634285714,0.637261905,0.63952381,0.639642857,0.640357143,0.646785714,0.643452381,0.642261905,0.644166667,0.6471428570000001,0.6476190479999999,0.647857143,0.644761905,0.645357143,0.648452381,0.650238095,0.64952381,0.6498809520000001,0.648571429,0.6471428570000001,0.6525,0.654642857,0.656190476
0.735357143,0.7342857140000001,0.731666667,0.735714286,0.7333333329999999,0.733452381,0.742619048,0.739404762,0.741904762,0.743214286,0.744880952,0.744642857,0.7540476190000001,0.7465476190000001,0.7442857140000001,0.745833333,0.7492857140000001,0.744166667,0.7428571429999999,0.737380952,0.737619048,0.7416666670000001,0.7416666670000001,0.739642857,0.736190476,0.7338095240000001,0.731904762,0.7405952379999999,0.7405952379999999,0.744642857
0.525119048,0.529642857,0.535238095,0.539047619,0.5438095239999999,0.5448809520000001,0.548571429,0.5515476189999999,0.556071429,0.558333333,0.56202381,0.565,0.56797619,0.568690476,0.565,0.566428571,0.5675,0.571666667,0.57202381,0.570357143,0.5692857139999999,0.573095238,0.575,0.577261905,0.578214286,0.5791666670000001,0.578214286,0.5796428570000001,0.585,0.585952381
0.4464,0.458133333,0.46693333299999995,0.47053333299999994,0.488333333,0.512333333,0.529066667,0.5286,0.537133333,0.551333333,0.5686,0.586,0.605266667,0.626733333,0.6392,0.648266667,0.6544,0.649066667,0.656266667,0.6670666670000001,0.6618666670000001,0.6618,0.656133333,0.659066667,0.659333333,0.6538,0.655933333,0.6546,0.6322,0.6223333329999999
0.000311111,0.000311111,0.000311111,0.000311111,0.001977778,0.002088889,0.0022,0.005555556,0.005555556,0.005555556,0.007666666999999999,0.008333333,0.008333333,0.018000000000000002,0.018000000000000002,0.018000000000000002,0.018000000000000002,0.018000000000000002,0.018444443999999997,0.019555556,0.019444443999999998,0.019333333,0.015888889,0.016444444,0.016555556000000003,0.014444443999999999,0.013777778000000001,0.013777778000000001,0.0038888890000000004,0.0038888890000000004
0.133333333,0.133333333,0.133333333,0.133333333,0.2,0.26666666699999997,0.333333333,0.333333333,0.333333333,0.333333333,0.4,0.46666666700000003,0.46666666700000003,0.46666666700000003,0.46666666700000003,0.46666666700000003,0.46666666700000003,0.46666666700000003,0.533333333,0.533333333,0.46666666700000003,0.4,0.4,0.46666666700000003,0.533333333,0.46666666700000003,0.4,0.4,0.333333333,0.333333333
0.620777778,0.6223333329999999,0.623888889,0.628111111,0.6296666670000001,0.628888889,0.629888889,0.633222222,0.635555556,0.639222222,0.639555556,0.641222222,0.641555556,0.6421111110000001,0.6421111110000001,0.642777778,0.645333333,0.649222222,0.648666667,0.6446666670000001,0.646444444,0.647222222,0.650444444,0.650666667,0.649222222,0.649555556,0.647888889,0.647444444,0.652555556,0.6557777779999999
0.734666667,0.733888889,0.733222222,0.7383333329999999,0.736888889,0.7343333329999999,0.7355555559999999,0.7405555559999999,0.740777778,0.7434444440000001,0.7445555559999999,0.7466666670000001,0.744888889,0.7455555559999999,0.7463333329999999,0.7436666670000001,0.747222222,0.75,0.7435555559999999,0.7381111109999999,0.7394444440000001,0.739666667,0.742888889,0.7413333329999999,0.738,0.7363333329999999,0.733,0.733,0.740777778,0.7440000000000001
0.522333333,0.527,0.531888889,0.5357777779999999,0.5427777779999999,0.5457777779999999,0.547555556,0.548444444,0.553222222,0.557888889,0.560222222,0.563,0.566222222,0.565666667,0.564777778,0.5655555560000001,0.567222222,0.569777778,0.573555556,0.570555556,0.570333333,0.571333333,0.575111111,0.577666667,0.578777778,0.579,0.578555556,0.576555556,0.58,0.585111111
0.4425625,0.4528125,0.4709375,0.4716875,0.478375,0.49725,0.519,0.5399375,0.5365625,0.54475,0.562375,0.5701875,0.5855,0.6243125,0.63075,0.637,0.6478125,0.6499375,0.6491875,0.662625,0.6599375,0.659125,0.6590625,0.658875,0.6593125,0.6584375,0.6520625,0.6498125,0.6495625,0.626625
0.000291667,0.000291667,0.000291667,0.000291667,0.001854167,0.001958333,0.0020625,0.005291667,0.005208333,0.005208333,0.0071875,0.0078125,0.0078125,0.017083333,0.016875,0.016875,0.016875,0.016875,0.017291667,0.019895833,0.018333333,0.018229167,0.018125,0.015416667,0.015520833000000001,0.015520833000000001,0.013541667,0.012916667,0.012916667,0.003645833
0.125,0.125,0.125,0.125,0.1875,0.25,0.3125,0.375,0.3125,0.3125,0.375,0.4375,0.4375,0.5,0.4375,0.4375,0.4375,0.4375,0.5,0.5625,0.5,0.4375,0.4375,0.4375,0.5,0.5,0.4375,0.375,0.375,0.3125
0.6190625,0.6209375,0.6221875,0.626875,0.630104167,0.630520833,0.6309375,0.629895833,0.6344791670000001,0.6375,0.639270833,0.641041667,0.6422916670000001,0.6375,0.6409375,0.642604167,0.6439583329999999,0.6473958329999999,0.6501041670000001,0.645625,0.64625,0.648125,0.649166667,0.650833333,0.6503125,0.6489583329999999,0.648854167,0.648125,0.6478125,0.65375
0.7338541670000001,0.7333333329999999,0.732916667,0.739375,0.739270833,0.737604167,0.73625,0.7340625,0.741770833,0.742291667,0.7446875,0.74625,0.746770833,0.7375,0.745416667,0.745625,0.745104167,0.748020833,0.7490625,0.7390625,0.74,0.74125,0.7409375,0.7425,0.7396875,0.738020833,0.7354166670000001,0.733958333,0.733645833,0.7439583329999999
0.5194791670000001,0.524270833,0.529270833,0.532604167,0.539479167,0.5446875,0.548229167,0.5475,0.5502083329999999,0.555104167,0.5596875,0.56125,0.5642708329999999,0.5641666670000001,0.5621875,0.5653125,0.5663541670000001,0.569375,0.571666667,0.5720833329999999,0.570520833,0.5721875,0.573333333,0.5776041670000001,0.5790625,0.579479167,0.5784375,0.5769791670000001,0.5770833329999999,0.580416667
0.443176471,0.448823529,0.46517647100000004,0.475176471,0.479,0.48735294100000004,0.504411765,0.529823529,0.546764706,0.543764706,0.5555294120000001,0.5642352939999999,0.570647059,0.604588235,0.628235294,0.629176471,0.637235294,0.644,0.65,0.655588235,0.656176471,0.657470588,0.656705882,0.6614705879999999,0.6591176470000001,0.658470588,0.656529412,0.646529412,0.6453529410000001,0.6432941179999999
0.00027451,0.00027451,0.00027451,0.00027451,0.0017450979999999998,0.0018431370000000001,0.001941176,0.004980392,0.004980392,0.004901961,0.006764706,0.007352941,0.007352941,0.016078431,0.016078431,0.015882353000000002,0.015882353000000002,0.015882353000000002,0.01627451,0.01872549,0.01872549,0.017254902,0.017156863,0.01754902,0.014607843,0.014607843,0.014607843,0.012745098,0.012156863,0.012156863
0.117647059,0.117647059,0.117647059,0.117647059,0.176470588,0.235294118,0.294117647,0.352941176,0.352941176,0.294117647,0.352941176,0.41176470600000004,0.41176470600000004,0.470588235,0.470588235,0.41176470600000004,0.41176470600000004,0.41176470600000004,0.470588235,0.529411765,0.529411765,0.470588235,0.470588235,0.470588235,0.470588235,0.470588235,0.470588235,0.41176470600000004,0.352941176,0.352941176
0.616960784,0.619313725,0.6208823529999999,0.6250980389999999,0.6288235289999999,0.630882353,0.6323529410000001,0.630882353,0.63127451,0.636372549,0.637647059,0.640686275,0.642058824,0.638431373,0.6366666670000001,0.641470588,0.64372549,0.645980392,0.648333333,0.647156863,0.647058824,0.6478431370000001,0.649901961,0.649607843,0.650490196,0.65,0.648333333,0.649019608,0.648431373,0.649215686
0.7320588240000001,0.732647059,0.73245098,0.73872549,0.740196078,0.739803922,0.739215686,0.734803922,0.735588235,0.743137255,0.743529412,0.74627451,0.746372549,0.739705882,0.737843137,0.744803922,0.746862745,0.745980392,0.747254902,0.7445098040000001,0.7407843140000001,0.7416666670000001,0.7423529409999999,0.740686275,0.7408823529999999,0.7396078429999999,0.7370588240000001,0.7361764709999999,0.7345098040000001,0.7370588240000001
0.517058824,0.521470588,0.5265686270000001,0.530098039,0.53627451,0.5414705879999999,0.5470588239999999,0.548137255,0.549215686,0.552156863,0.5569607839999999,0.560686275,0.56254902,0.56245098,0.560980392,0.562843137,0.566078431,0.568431373,0.571176471,0.570392157,0.5719607839999999,0.5722549020000001,0.574019608,0.575784314,0.578921569,0.5797058820000001,0.578921569,0.576960784,0.57745098,0.577647059
0.446388889,0.449055556,0.460722222,0.4695,0.481888889,0.487444444,0.494666667,0.515444444,0.536833333,0.5529999999999999,0.5539999999999999,0.557666667,0.565,0.5895,0.609388889,0.626888889,0.629833333,0.634222222,0.644388889,0.6559999999999999,0.649888889,0.654055556,0.655277778,0.659111111,0.661555556,0.658333333,0.656666667,0.651055556,0.6425,0.6396666670000001
0.000259259,0.000259259,0.000259259,0.000259259,0.0016481479999999999,0.001740741,0.001833333,0.004703704,0.004703704,0.004703704,0.006388889,0.006944444,0.006944444,0.015185185,0.015185185,0.015185185,0.015,0.015,0.01537037,0.017685185,0.017685185,0.017685185,0.016296296000000002,0.016666667,0.016666667,0.013796296000000001,0.013796296000000001,0.013796296000000001,0.012037036999999999,0.011481481000000002
0.111111111,0.111111111,0.111111111,0.111111111,0.166666667,0.222222222,0.27777777800000003,0.333333333,0.333333333,0.333333333,0.333333333,0.38888888899999996,0.38888888899999996,0.444444444,0.444444444,0.444444444,0.38888888899999996,0.38888888899999996,0.444444444,0.5,0.5,0.5,0.5,0.5,0.5,0.444444444,0.444444444,0.444444444,0.38888888899999996,0.333333333
0.6138888889999999,0.617314815,0.619351852,0.623703704,0.627037037,0.62962963,0.6325925929999999,0.632222222,0.63212963,0.633240741,0.636574074,0.6390740739999999,0.6416666670000001,0.638425926,0.6375925929999999,0.637407407,0.6425925929999999,0.6456481479999999,0.646944444,0.6456481479999999,0.648425926,0.648518519,0.649537037,0.650277778,0.649351852,0.650185185,0.649351852,0.648518519,0.649259259,0.6497222220000001
0.7293518520000001,0.731018519,0.731851852,0.737962963,0.7395370370000001,0.740648148,0.741203704,0.737685185,0.736203704,0.737222222,0.744259259,0.745092593,0.7463888890000001,0.739722222,0.739907407,0.737685185,0.746018519,0.7475925929999999,0.74537037,0.743055556,0.745833333,0.742314815,0.742685185,0.742037037,0.7392592590000001,0.740740741,0.738611111,0.737685185,0.7365740740000001,0.737685185
0.513888889,0.5190740739999999,0.523796296,0.5275,0.533703704,0.538333333,0.543888889,0.5470370370000001,0.549722222,0.551111111,0.554074074,0.558055556,0.561944444,0.560925926,0.559537037,0.561666667,0.563703704,0.568055556,0.570185185,0.57,0.57037037,0.573518519,0.573981481,0.576296296,0.57712963,0.579537037,0.5791666670000001,0.5775,0.577407407,0.5779629629999999
0.454473684,0.45178947399999997,0.460315789,0.465052632,0.476157895,0.489736842,0.494368421,0.505631579,0.522842105,0.543263158,0.562210526,0.556105263,0.5587368420000001,0.583157895,0.594842105,0.609105263,0.627631579,0.627368421,0.6351052629999999,0.650368421,0.6505789470000001,0.6482105260000001,0.652157895,0.657631579,0.659315789,0.660684211,0.656631579,0.6514736839999999,0.647,0.637263158
0.000245614,0.000245614,0.000245614,0.000245614,0.001561404,0.001649123,0.0017368420000000002,0.00445614,0.00445614,0.00445614,0.006122806999999999,0.006578947,0.006578947,0.014385965,0.014385965,0.014385965,0.014385965,0.014210526000000001,0.014561403999999998,0.016754386,0.016754386,0.016754386,0.016754386,0.015877193,0.015877193,0.015789473999999998,0.013070175,0.013070175,0.013070175,0.011403509
0.10526315800000001,0.10526315800000001,0.10526315800000001,0.10526315800000001,0.15789473699999998,0.21052631600000002,0.263157895,0.31578947399999996,0.31578947399999996,0.31578947399999996,0.36842105299999994,0.36842105299999994,0.36842105299999994,0.42105263200000004,0.42105263200000004,0.42105263200000004,0.42105263200000004,0.36842105299999994,0.42105263200000004,0.473684211,0.473684211,0.473684211,0.526315789,0.526315789,0.526315789,0.473684211,0.42105263200000004,0.42105263200000004,0.42105263200000004,0.36842105299999994
0.609035088,0.614385965,0.61745614,0.622105263,0.625614035,0.627894737,0.631315789,0.63245614,0.6333333329999999,0.633947368,0.633596491,0.637982456,0.6400877189999999,0.638245614,0.637631579,0.638245614,0.6386842110000001,0.6444736839999999,0.6465789470000001,0.6444736839999999,0.646929825,0.649736842,0.650087719,0.649912281,0.65,0.649122807,0.649561404,0.6494736839999999,0.64877193,0.650438596
0.723333333,0.7285087720000001,0.730350877,0.737105263,0.73877193,0.74,0.741929825,0.739649123,0.738859649,0.737719298,0.7385964909999999,0.745701754,0.745263158,0.740087719,0.739912281,0.739649123,0.7392105259999999,0.746754386,0.746929825,0.741491228,0.744385965,0.7470175440000001,0.7432456140000001,0.7423684209999999,0.740614035,0.7392105259999999,0.739736842,0.739122807,0.7379824559999999,0.739473684
0.5092982460000001,0.515964912,0.521403509,0.524824561,0.5310526320000001,0.535789474,0.540789474,0.544035088,0.548596491,0.5514912279999999,0.5529824560000001,0.5552631579999999,0.559385965,0.560438596,0.558245614,0.5602631579999999,0.56254386,0.565701754,0.5697368420000001,0.5691228070000001,0.57,0.571929825,0.575087719,0.576140351,0.57754386,0.577807018,0.5790350879999999,0.577807018,0.577894737,0.577894737
0.4762,0.4592,0.46235,0.46445,0.4716,0.4839,0.4962,0.5048,0.51315,0.52965,0.5525,0.5638,0.5572,0.5763,0.58855,0.5953,0.6107,0.6254,0.62855,0.64125,0.6455,0.64895,0.6467,0.65455,0.6579,0.6586,0.65895,0.6517,0.6476,0.6418
0.0004,0.00023333299999999998,0.00023333299999999998,0.00023333299999999998,0.0014833329999999999,0.001566667,0.00165,0.004233333,0.004233333,0.004233333,0.005816666999999999,0.006316667,0.00625,0.013666667,0.013666667,0.013666667,0.013666667,0.013666667,0.013833333,0.015916667,0.015916667,0.015916667,0.015916667,0.016333333000000002,0.015166667,0.015083333,0.015,0.012416667,0.012416667,0.012416667
0.15,0.1,0.1,0.1,0.15,0.2,0.25,0.3,0.3,0.3,0.35,0.4,0.35,0.4,0.4,0.4,0.4,0.4,0.4,0.45,0.45,0.45,0.5,0.55,0.55,0.5,0.45,0.4,0.4,0.4
0.6034166670000001,0.60975,0.614666667,0.620166667,0.624,0.6265,0.629583333,0.63125,0.6335,0.635,0.63425,0.635083333,0.639,0.636916667,0.6375,0.63825,0.639416667,0.6406666670000001,0.645416667,0.64425,0.64575,0.64825,0.651166667,0.650416667,0.649666667,0.64975,0.6485833329999999,0.649666667,0.649666667,0.6499166670000001
0.713166667,0.722833333,0.728,0.7354166670000001,0.737916667,0.73925,0.74125,0.7404166670000001,0.7406666670000001,0.740166667,0.7390000000000001,0.74025,0.745833333,0.7393333329999999,0.74025,0.739666667,0.741,0.74025,0.746166667,0.743166667,0.742833333,0.745583333,0.7476666670000001,0.742916667,0.741,0.7405,0.7383333329999999,0.740166667,0.7393333329999999,0.7406666670000001
0.507166667,0.5115,0.518333333,0.5225,0.528333333,0.533166667,0.53825,0.541083333,0.545666667,0.550333333,0.55325,0.5541666670000001,0.556666667,0.558083333,0.557916667,0.5589999999999999,0.5611666670000001,0.5645,0.567416667,0.56875,0.5691666670000001,0.5715,0.5735,0.5770833329999999,0.577333333,0.5781666670000001,0.577416667,0.57775,0.5781666670000001,0.578333333
0.47919047600000003,0.47966666700000005,0.46890476200000003,0.466190476,0.47071428600000004,0.47919047600000003,0.490333333,0.506047619,0.512,0.520095238,0.5390952379999999,0.55447619,0.56447619,0.574,0.581761905,0.589285714,0.59747619,0.609380952,0.626619048,0.634714286,0.637047619,0.644190476,0.64747619,0.649238095,0.654952381,0.657285714,0.657047619,0.6541428570000001,0.648,0.6426190479999999
0.000380952,0.000380952,0.000222222,0.000222222,0.001412698,0.0014920629999999999,0.0015714289999999998,0.004031746,0.004031746,0.004031746,0.005539683,0.006015873000000001,0.006015873000000001,0.013015873,0.013015873,0.013015873,0.013015873,0.013015873,0.013333333000000001,0.01515873,0.01515873,0.01515873,0.01515873,0.015555556000000002,0.015634921,0.014444443999999999,0.014365079,0.014285714,0.011825397,0.011825397
0.14285714300000002,0.14285714300000002,0.095238095,0.095238095,0.14285714300000002,0.19047619,0.23809523800000001,0.28571428600000004,0.28571428600000004,0.28571428600000004,0.333333333,0.380952381,0.380952381,0.380952381,0.380952381,0.380952381,0.380952381,0.380952381,0.428571429,0.428571429,0.428571429,0.428571429,0.47619047600000003,0.523809524,0.571428571,0.523809524,0.47619047600000003,0.428571429,0.380952381,0.380952381
0.600634921,0.604365079,0.610238095,0.617380952,0.622063492,0.624920635,0.6281746029999999,0.629603175,0.632301587,0.635079365,0.635238095,0.635634921,0.636190476,0.636031746,0.6362698410000001,0.638095238,0.639365079,0.6412698410000001,0.641746032,0.643253968,0.64547619,0.647063492,0.64968254,0.6514285710000001,0.65015873,0.649444444,0.649206349,0.648730159,0.64984127,0.650714286
0.708730159,0.713174603,0.722619048,0.732936508,0.7362698409999999,0.738412698,0.74047619,0.73984127,0.741349206,0.741825397,0.7412698409999999,0.7405555559999999,0.740634921,0.74015873,0.73952381,0.74,0.7409523809999999,0.741904762,0.74,0.742619048,0.744365079,0.744047619,0.7462698409999999,0.747142857,0.741587302,0.740873016,0.739603175,0.7388095240000001,0.74031746,0.741825397
0.5057936510000001,0.5093650789999999,0.513968254,0.51952381,0.525952381,0.53047619,0.535634921,0.5386507939999999,0.5427777779999999,0.5474603170000001,0.552063492,0.554365079,0.5555555560000001,0.5555555560000001,0.555793651,0.558650794,0.559920635,0.5630952379999999,0.566190476,0.5665873020000001,0.568809524,0.570634921,0.573015873,0.57547619,0.578174603,0.577936508,0.577777778,0.576269841,0.578095238,0.578571429
0.475772727,0.48236363600000004,0.488,0.472272727,0.472090909,0.478,0.485545455,0.5,0.5128636360000001,0.518681818,0.529545455,0.541590909,0.555545455,0.580181818,0.5793181820000001,0.582772727,0.591636364,0.596818182,0.611272727,0.632590909,0.631,0.636181818,0.643,0.649863636,0.649863636,0.6545,0.655863636,0.652545455,0.6505,0.6432272729999999
0.00036363599999999997,0.00036363599999999997,0.00036363599999999997,0.00021212099999999998,0.001348485,0.001424242,0.0015,0.003848485,0.003848485,0.003848485,0.0052878790000000005,0.005742424,0.005742424,0.012484848,0.012424242,0.012424242,0.012424242,0.012424242,0.012727273,0.014621212,0.014469697,0.014469697,0.014469697,0.014848485,0.014924241999999999,0.014924241999999999,0.013787879,0.013712121,0.013636364,0.011287878999999999
0.13636363599999998,0.13636363599999998,0.13636363599999998,0.090909091,0.13636363599999998,0.181818182,0.22727272699999998,0.272727273,0.272727273,0.272727273,0.318181818,0.363636364,0.363636364,0.409090909,0.363636364,0.363636364,0.363636364,0.363636364,0.409090909,0.454545455,0.409090909,0.409090909,0.454545455,0.5,0.545454545,0.545454545,0.5,0.454545455,0.409090909,0.363636364
0.598787879,0.601666667,0.605075758,0.6130303029999999,0.619318182,0.623030303,0.626590909,0.628257576,0.630681818,0.6338636360000001,0.63530303,0.6365151520000001,0.6366666670000001,0.6334848479999999,0.635454545,0.636893939,0.639166667,0.641136364,0.642272727,0.639848485,0.644469697,0.646742424,0.648484848,0.65,0.651136364,0.649924242,0.648939394,0.649318182,0.648939394,0.650833333
0.706969697,0.7089393940000001,0.7134090909999999,0.727575758,0.7338636359999999,0.736818182,0.7396212120000001,0.739166667,0.7407575759999999,0.742424242,0.74280303,0.742651515,0.7409090909999999,0.735454545,0.74030303,0.739318182,0.7412121209999999,0.741818182,0.741590909,0.7368939390000001,0.7437878790000001,0.745454545,0.7447727270000001,0.745833333,0.745681818,0.741439394,0.74,0.74,0.739015152,0.742651515
0.503030303,0.507954545,0.5118181820000001,0.51530303,0.522954545,0.528106061,0.532954545,0.536136364,0.5403787879999999,0.544621212,0.549242424,0.553181818,0.5556818179999999,0.554545455,0.553484848,0.556590909,0.559545455,0.561818182,0.564772727,0.565454545,0.566742424,0.570227273,0.572121212,0.574924242,0.576590909,0.578712121,0.5775757579999999,0.576666667,0.576666667,0.578484848
0.47304347799999996,0.47895652200000005,0.490217391,0.490391304,0.477652174,0.479,0.484130435,0.495,0.5067826089999999,0.519217391,0.527782609,0.532347826,0.543173913,0.570956522,0.585,0.5803913039999999,0.585304348,0.59126087,0.599173913,0.6176521739999999,0.629130435,0.630434783,0.635391304,0.645478261,0.650434783,0.649652174,0.65326087,0.651608696,0.649130435,0.645826087
0.00034782599999999997,0.00034782599999999997,0.00034782599999999997,0.00034782599999999997,0.001289855,0.0013623189999999999,0.0014347829999999998,0.0036811590000000003,0.0036811590000000003,0.0036811590000000003,0.005057971,0.005492754,0.005492754,0.011942029,0.011942029,0.011884058000000001,0.011884058000000001,0.011884058000000001,0.012173913,0.013985507,0.013985507,0.01384058,0.01384058,0.014202899,0.014275362,0.014275362,0.014275362,0.013188406000000001,0.013115942,0.013043478
0.130434783,0.130434783,0.130434783,0.130434783,0.130434783,0.17391304300000002,0.21739130399999998,0.260869565,0.260869565,0.260869565,0.304347826,0.347826087,0.347826087,0.39130434799999997,0.39130434799999997,0.347826087,0.347826087,0.347826087,0.39130434799999997,0.434782609,0.434782609,0.39130434799999997,0.434782609,0.47826087,0.52173913,0.52173913,0.52173913,0.47826087,0.434782609,0.39130434799999997
0.596666667,0.599855072,0.602463768,0.607971014,0.6150724639999999,0.6203623189999999,0.624710145,0.62673913,0.629347826,0.6322463770000001,0.634130435,0.636521739,0.6374637679999999,0.634057971,0.6330434779999999,0.6360869570000001,0.637971014,0.640869565,0.642101449,0.640434783,0.64115942,0.645724638,0.648115942,0.64884058,0.649782609,0.650869565,0.64942029,0.6490579710000001,0.649492754,0.649927536
0.705362319,0.707246377,0.7093478259999999,0.718550725,0.7286956520000001,0.734492754,0.7380434779999999,0.738405797,0.740072464,0.7418115940000001,0.7433333329999999,0.7440579709999999,0.7428985509999999,0.735942029,0.735797101,0.740072464,0.740507246,0.7420289859999999,0.7415217390000001,0.738550725,0.73826087,0.744855072,0.746086957,0.74442029,0.744492754,0.745362319,0.74057971,0.740362319,0.740144928,0.741304348
0.500434783,0.505217391,0.510362319,0.513188406,0.5187681160000001,0.525144928,0.53057971,0.533550725,0.5378985510000001,0.542246377,0.546449275,0.5504347829999999,0.554492754,0.554710145,0.5526086960000001,0.554347826,0.557536232,0.561376812,0.563478261,0.564130435,0.565652174,0.568188406,0.571666667,0.5739855070000001,0.576014493,0.577173913,0.578333333,0.576521739,0.577028986,0.5771014489999999
0.482916667,0.476208333,0.486625,0.49241666700000003,0.49479166700000005,0.484041667,0.484833333,0.49325,0.501708333,0.513125,0.5279166670000001,0.530541667,0.53425,0.5584583329999999,0.575958333,0.5857916670000001,0.582916667,0.585208333,0.59375,0.605791667,0.614958333,0.6286666670000001,0.629916667,0.638083333,0.646208333,0.6502083329999999,0.648666667,0.6492916670000001,0.648375,0.644708333
0.00033333300000000006,0.00033333300000000006,0.00033333300000000006,0.00033333300000000006,0.001375,0.001305556,0.001375,0.003527778,0.003527778,0.003527778,0.004847222,0.005263889,0.005263889,0.011444444,0.011444444,0.011444444,0.011388889,0.011388889,0.011666667,0.013402778,0.013402778,0.013402778,0.013263889,0.013611111,0.013680556000000002,0.013680556000000002,0.013680556000000002,0.013680556000000002,0.012638888999999999,0.012569443999999999
0.125,0.125,0.125,0.125,0.166666667,0.166666667,0.208333333,0.25,0.25,0.25,0.291666667,0.333333333,0.333333333,0.375,0.375,0.375,0.333333333,0.333333333,0.375,0.41666666700000005,0.41666666700000005,0.41666666700000005,0.41666666700000005,0.45833333299999995,0.5,0.5,0.5,0.5,0.45833333299999995,0.41666666700000005
0.595486111,0.597777778,0.6006944439999999,0.605347222,0.610138889,0.61625,0.622083333,0.624930556,0.627847222,0.6309027779999999,0.632569444,0.635347222,0.637430556,0.634930556,0.633611111,0.63375,0.6371527779999999,0.639652778,0.641805556,0.640347222,0.6416666670000001,0.6425,0.647083333,0.648472222,0.648680556,0.6495833329999999,0.6503472220000001,0.649513889,0.649236111,0.650416667
0.702847222,0.705694444,0.707708333,0.7144444440000001,0.72,0.729513889,0.735763889,0.736944444,0.7393055559999999,0.7411111109999999,0.7427083329999999,0.744513889,0.744236111,0.738055556,0.73625,0.735763889,0.741180556,0.741319444,0.7417361109999999,0.738611111,0.739791667,0.739513889,0.745486111,0.7456944440000001,0.743194444,0.744236111,0.744375,0.7409027779999999,0.740486111,0.742291667
0.501319444,0.502638889,0.507638889,0.511736111,0.516597222,0.521041667,0.527638889,0.53125,0.5353472220000001,0.539791667,0.544097222,0.547708333,0.551805556,0.553611111,0.552847222,0.553472222,0.5553472220000001,0.559375,0.5629861110000001,0.562916667,0.564375,0.567083333,0.5696527779999999,0.573472222,0.5750694439999999,0.5765972220000001,0.576875,0.577291667,0.576875,0.577430556
0.48912,0.48556000000000005,0.48368,0.48888000000000004,0.49656000000000006,0.50024,0.48944,0.49356000000000005,0.49976000000000004,0.508,0.52172,0.53056,0.5324399999999999,0.54928,0.56376,0.57708,0.588,0.58292,0.5878399999999999,0.60032,0.60368,0.6150800000000001,0.6282399999999999,0.63272,0.63908,0.6461600000000001,0.6492399999999999,0.64504,0.64628,0.6441600000000001
0.00032,0.00032,0.00032,0.00032,0.00132,0.001386667,0.00132,0.0033866670000000003,0.0033866670000000003,0.0033866670000000003,0.004653333,0.005053333,0.005053333,0.010986667,0.010986667,0.010986667,0.010986667,0.010933333,0.0112,0.012866667,0.012866667,0.012866667,0.012866667,0.013066666999999999,0.013133333,0.013133333,0.013133333,0.013133333,0.013133333,0.012133333
0.12,0.12,0.12,0.12,0.16,0.2,0.2,0.24,0.24,0.24,0.28,0.32,0.32,0.36,0.36,0.36,0.36,0.32,0.36,0.4,0.4,0.4,0.44,0.44,0.48,0.48,0.48,0.48,0.48,0.44
0.5952666670000001,0.5966,0.598666667,0.603533333,0.607533333,0.6114666670000001,0.618066667,0.6224,0.626066667,0.6294,0.631266667,0.6338,0.636266667,0.635,0.634466667,0.634266667,0.634866667,0.6388,0.6406,0.640133333,0.6415333329999999,0.642933333,0.643933333,0.647466667,0.648333333,0.6485333329999999,0.649133333,0.6504,0.649666667,0.650133333
0.702466667,0.7032666670000001,0.7062,0.712666667,0.716,0.7211333329999999,0.730933333,0.7348,0.737866667,0.7403333329999999,0.742,0.743866667,0.7446666670000001,0.739533333,0.738266667,0.7362,0.737,0.741933333,0.741066667,0.738933333,0.7398,0.740933333,0.7403333329999999,0.745133333,0.7444666670000001,0.743,0.7433333329999999,0.744533333,0.741,0.742533333
0.501466667,0.5034,0.505066667,0.509066667,0.515066667,0.5188666670000001,0.5236,0.5284,0.533066667,0.537266667,0.541666667,0.5454,0.549133333,0.5510666670000001,0.551866667,0.553666667,0.554466667,0.5572,0.561,0.562466667,0.5632,0.5658,0.568533333,0.571466667,0.574533333,0.575666667,0.576333333,0.5759333329999999,0.5776,0.5772666670000001
0.49219230799999997,0.49142307700000004,0.492384615,0.48596153799999997,0.493,0.501730769,0.504807692,0.497653846,0.499807692,0.505884615,0.5164615379999999,0.5245,0.532384615,0.546961538,0.554730769,0.5653076920000001,0.579538462,0.587807692,0.585538462,0.594384615,0.5985,0.604230769,0.615192308,0.631,0.633884615,0.639307692,0.645384615,0.645730769,0.642307692,0.642307692
0.000307692,0.000307692,0.000307692,0.000307692,0.001269231,0.001333333,0.0013974360000000002,0.00325641,0.00325641,0.00325641,0.004474359,0.004858974,0.004858974,0.010564103,0.010564103,0.010564103,0.010564103,0.010564103,0.010769231,0.012371795,0.012371795,0.012371795,0.012371795,0.012692308000000001,0.012628205,0.012628205,0.012628205,0.012628205,0.012628205,0.012628205
0.153846154,0.115384615,0.115384615,0.115384615,0.153846154,0.192307692,0.23076923100000002,0.23076923100000002,0.23076923100000002,0.23076923100000002,0.269230769,0.307692308,0.307692308,0.346153846,0.346153846,0.346153846,0.346153846,0.346153846,0.346153846,0.384615385,0.384615385,0.384615385,0.423076923,0.46153846200000004,0.46153846200000004,0.46153846200000004,0.46153846200000004,0.46153846200000004,0.46153846200000004,0.46153846200000004
0.593141026,0.596346154,0.5975,0.601474359,0.605705128,0.608910256,0.613397436,0.618525641,0.623589744,0.627628205,0.629807692,0.6325,0.63474359,0.633974359,0.634551282,0.6350641029999999,0.6353205129999999,0.6365384620000001,0.63974359,0.639038462,0.641282051,0.64275641,0.644294872,0.644423077,0.647371795,0.648205128,0.648141026,0.649230769,0.650512821,0.650512821
0.6987820509999999,0.702884615,0.7038461540000001,0.711025641,0.714230769,0.71724359,0.7228205129999999,0.730192308,0.7357692309999999,0.7389102559999999,0.741217949,0.743141026,0.744038462,0.740128205,0.7396794870000001,0.738141026,0.737371795,0.737884615,0.7416666670000001,0.738397436,0.7400641029999999,0.7408974359999999,0.7416666670000001,0.740192308,0.7439743590000001,0.7442307690000001,0.742179487,0.743525641,0.744487179,0.742948718
0.499358974,0.5034615379999999,0.505705128,0.5065384620000001,0.512371795,0.517307692,0.521410256,0.524487179,0.53025641,0.535,0.539166667,0.543012821,0.5468589739999999,0.548525641,0.549487179,0.552692308,0.554615385,0.556282051,0.558846154,0.560576923,0.56275641,0.564615385,0.56724359,0.570320513,0.5725641029999999,0.575128205,0.575448718,0.575448718,0.576282051,0.5779487179999999
0.502074074,0.494296296,0.49777777799999995,0.494259259,0.490037037,0.498111111,0.506074074,0.512148148,0.503518519,0.505703704,0.5141111110000001,0.519333333,0.526481481,0.54637037,0.552296296,0.5565555560000001,0.568111111,0.579666667,0.5901481479999999,0.591925926,0.592851852,0.5992222220000001,0.604740741,0.6183333329999999,0.632185185,0.634296296,0.638814815,0.642148148,0.6430740739999999,0.63862963
0.001469136,0.000296296,0.000296296,0.000296296,0.001222222,0.001283951,0.001345679,0.003259259,0.003135802,0.003135802,0.0043086420000000005,0.004679012,0.004679012,0.01017284,0.01017284,0.01017284,0.01017284,0.01017284,0.010419753,0.01191358,0.01191358,0.01191358,0.01191358,0.012222222,0.012283951000000001,0.012160493999999999,0.012160493999999999,0.012160493999999999,0.012160493999999999,0.012160493999999999
0.185185185,0.148148148,0.111111111,0.111111111,0.148148148,0.185185185,0.222222222,0.25925925899999996,0.222222222,0.222222222,0.25925925899999996,0.296296296,0.296296296,0.333333333,0.333333333,0.333333333,0.333333333,0.333333333,0.37037037,0.37037037,0.37037037,0.37037037,0.40740740700000005,0.444444444,0.481481481,0.444444444,0.444444444,0.444444444,0.444444444,0.444444444
0.588641975,0.594259259,0.5972222220000001,0.600246914,0.603641975,0.607098765,0.610864198,0.614012346,0.619814815,0.625185185,0.62808642,0.631049383,0.63345679,0.6325925929999999,0.633580247,0.6351234570000001,0.636049383,0.63691358,0.637530864,0.638271605,0.640185185,0.642469136,0.6440740739999999,0.644753086,0.644444444,0.647283951,0.6478395060000001,0.648271605,0.649382716,0.651296296
0.6929629629999999,0.699320988,0.70345679,0.708580247,0.712592593,0.7154938270000001,0.719012346,0.7224074070000001,0.7312962959999999,0.736851852,0.739814815,0.742345679,0.7433333329999999,0.739691358,0.7402469140000001,0.739506173,0.739197531,0.7382098770000001,0.737777778,0.739074074,0.739506173,0.7411111109999999,0.7416049379999999,0.7414814809999999,0.7392592590000001,0.743765432,0.743395062,0.7424074070000001,0.7435185190000001,0.746234568
0.496481481,0.501358025,0.505679012,0.507098765,0.509814815,0.51462963,0.519814815,0.522345679,0.526419753,0.532222222,0.53691358,0.540555556,0.5445061729999999,0.546358025,0.547098765,0.55037037,0.553641975,0.556358025,0.557901235,0.5585185189999999,0.560925926,0.564135802,0.566049383,0.5690123460000001,0.5714197529999999,0.573209877,0.574938272,0.57462963,0.575802469,0.576666667
0.506321429,0.50375,0.500321429,0.499392857,0.497892857,0.495071429,0.502428571,0.5131071429999999,0.517285714,0.509071429,0.513642857,0.516964286,0.5214285710000001,0.540178571,0.551535714,0.554142857,0.559571429,0.5686428570000001,0.582214286,0.596142857,0.5905357139999999,0.59375,0.5998928570000001,0.608142857,0.619928571,0.632642857,0.634,0.635928571,0.639714286,0.6395
0.0030833329999999997,0.0014166670000000001,0.000285714,0.000285714,0.001178571,0.001238095,0.0012976189999999999,0.003142857,0.003142857,0.00302381,0.004154762,0.004511905,0.004511905,0.009809524,0.009809524,0.009809524,0.009809524,0.009809524,0.010047619,0.011535713999999999,0.011488095,0.011488095,0.011488095,0.011785714,0.011845238000000001,0.011845238000000001,0.01172619,0.01172619,0.01172619,0.01172619
0.214285714,0.17857142899999998,0.14285714300000002,0.107142857,0.14285714300000002,0.17857142899999998,0.214285714,0.25,0.25,0.214285714,0.25,0.28571428600000004,0.28571428600000004,0.321428571,0.321428571,0.321428571,0.321428571,0.321428571,0.35714285700000004,0.39285714299999996,0.35714285700000004,0.35714285700000004,0.39285714299999996,0.428571429,0.46428571399999996,0.46428571399999996,0.428571429,0.428571429,0.428571429,0.428571429
0.5875,0.589880952,0.595178571,0.599880952,0.6023809520000001,0.605059524,0.609047619,0.611547619,0.6154166670000001,0.621488095,0.625714286,0.629345238,0.63202381,0.631428571,0.632261905,0.634166667,0.636071429,0.6375595239999999,0.637857143,0.636190476,0.6394047620000001,0.6413690479999999,0.64375,0.64452381,0.644761905,0.644464286,0.646964286,0.64797619,0.648452381,0.650178571
0.691488095,0.6936904759999999,0.7,0.7080357140000001,0.7101785709999999,0.713869048,0.717261905,0.71875,0.72375,0.7325,0.7377976190000001,0.7409523809999999,0.742559524,0.739166667,0.739821429,0.7400595240000001,0.74047619,0.7399404759999999,0.738095238,0.7354166670000001,0.740119048,0.7405357140000001,0.741785714,0.7414285709999999,0.7405357140000001,0.73922619,0.74297619,0.7435714290000001,0.742440476,0.745238095
0.49625,0.498511905,0.503571429,0.50702381,0.510238095,0.512083333,0.5171428570000001,0.52077381,0.524285714,0.528452381,0.534166667,0.538333333,0.542083333,0.544107143,0.545059524,0.548035714,0.551369048,0.5553571429999999,0.557916667,0.557619048,0.558928571,0.562321429,0.565535714,0.567797619,0.570119048,0.5720833329999999,0.573095238,0.5741666670000001,0.575,0.5761904760000001
0.5025172410000001,0.507793103,0.509241379,0.501793103,0.5027241379999999,0.502482759,0.49934482799999996,0.5093448279999999,0.518034483,0.522172414,0.51662069,0.516413793,0.519068966,0.534827586,0.54537931,0.553344828,0.557137931,0.56037931,0.571482759,0.588275862,0.5946551720000001,0.591482759,0.594586207,0.603344828,0.610034483,0.620793103,0.632413793,0.63137931,0.633793103,0.63637931
0.002977011,0.002977011,0.001367816,0.000275862,0.001137931,0.001195402,0.001252874,0.0030344829999999997,0.0030344829999999997,0.0030344829999999997,0.004011494,0.004356322,0.004356322,0.009471264,0.009471264,0.009471264,0.009471264,0.009471264,0.009701149000000001,0.011137931,0.011137931,0.011091954,0.011091954,0.01137931,0.011436782,0.011436782,0.011436782,0.011321838999999998,0.011321838999999998,0.011321838999999998
0.20689655199999998,0.20689655199999998,0.172413793,0.137931034,0.137931034,0.172413793,0.20689655199999998,0.24137931,0.24137931,0.24137931,0.24137931,0.275862069,0.275862069,0.310344828,0.310344828,0.310344828,0.310344828,0.310344828,0.344827586,0.379310345,0.379310345,0.344827586,0.379310345,0.413793103,0.448275862,0.448275862,0.448275862,0.413793103,0.413793103,0.413793103
0.58683908,0.588735632,0.59091954,0.5978160920000001,0.601954023,0.603793103,0.607011494,0.609770115,0.612988506,0.617183908,0.622126437,0.627011494,0.630344828,0.6301149429999999,0.631149425,0.632873563,0.6351149429999999,0.637528736,0.638448276,0.6365517239999999,0.637356322,0.640574713,0.642643678,0.644195402,0.64454023,0.644770115,0.644252874,0.647126437,0.64816092,0.649252874
0.691149425,0.692241379,0.69454023,0.70454023,0.709597701,0.711494253,0.7156321840000001,0.7170689659999999,0.7201724140000001,0.7251724140000001,0.733563218,0.738965517,0.741206897,0.738563218,0.739310345,0.7396551720000001,0.7409770109999999,0.741149425,0.739770115,0.735804598,0.736551724,0.741091954,0.741206897,0.741609195,0.7405172409999999,0.74045977,0.73862069,0.74316092,0.7435632179999999,0.7441379309999999
0.495517241,0.49821839100000004,0.500747126,0.504942529,0.510057471,0.512413793,0.514597701,0.51816092,0.522701149,0.526321839,0.53045977,0.535632184,0.539885057,0.5417816089999999,0.542931034,0.546034483,0.54908046,0.553103448,0.556896552,0.5576436779999999,0.558045977,0.560344828,0.563735632,0.5672413789999999,0.568908046,0.5708045979999999,0.572011494,0.572413793,0.57454023,0.575402299
0.5041,0.504066667,0.512966667,0.510366667,0.504933333,0.507,0.506366667,0.506133333,0.514233333,0.522733333,0.529033333,0.5192,0.518466667,0.5321,0.540033333,0.547333333,0.556266667,0.5579999999999999,0.5634,0.5777,0.5871,0.595433333,0.5923666670000001,0.5981,0.6053333329999999,0.6112,0.620966667,0.629933333,0.629466667,0.6307666670000001
0.0028777779999999997,0.0028777779999999997,0.0028777779999999997,0.001322222,0.0011,0.001155556,0.001211111,0.0029333329999999998,0.0029333329999999998,0.0029333329999999998,0.003988889,0.004211111,0.004211111,0.009155556,0.009155556,0.009155556,0.009155556,0.009155556,0.009377778,0.010766666999999999,0.010766666999999999,0.010766666999999999,0.010722222,0.011000000000000001,0.011055556000000001,0.011055556000000001,0.011055556000000001,0.011055556000000001,0.010944444,0.010944444
0.2,0.2,0.2,0.166666667,0.166666667,0.166666667,0.2,0.233333333,0.233333333,0.233333333,0.26666666699999997,0.26666666699999997,0.26666666699999997,0.3,0.3,0.3,0.3,0.3,0.333333333,0.36666666700000006,0.36666666700000006,0.36666666700000006,0.36666666700000006,0.4,0.433333333,0.433333333,0.433333333,0.433333333,0.4,0.4
0.585388889,0.588055556,0.589777778,0.593611111,0.599888889,0.6033333329999999,0.605722222,0.607777778,0.611222222,0.614777778,0.617944444,0.6235,0.6280555560000001,0.628555556,0.629888889,0.631777778,0.633833333,0.636555556,0.638388889,0.637166667,0.6376666670000001,0.638555556,0.641833333,0.6431111110000001,0.644222222,0.644555556,0.644555556,0.6445,0.647333333,0.648944444
0.689777778,0.691888889,0.6931111109999999,0.6991111109999999,0.7061666670000001,0.710888889,0.7132777779999999,0.7155,0.7185,0.721666667,0.7264444440000001,0.734833333,0.7392777779999999,0.7373888890000001,0.738722222,0.739166667,0.7405555559999999,0.741611111,0.740944444,0.7375,0.736888889,0.737611111,0.741722222,0.741055556,0.740722222,0.7404444440000001,0.739833333,0.738944444,0.743166667,0.745166667
0.494333333,0.497444444,0.500388889,0.502166667,0.5079444439999999,0.512166667,0.514833333,0.5156666670000001,0.5201111110000001,0.5247222220000001,0.528333333,0.532,0.537222222,0.539666667,0.540722222,0.543944444,0.547111111,0.5508333329999999,0.554666667,0.556666667,0.558055556,0.5594444439999999,0.561777778,0.5654444439999999,0.568333333,0.5696111110000001,0.570777778,0.571388889,0.572833333,0.574944444
