0.545,0.39399999999999996,0.396,0.366,0.45299999999999996,0.775,0.535,0.494,0.389,0.494,0.575,0.675,0.611,0.43799999999999994,0.7090000000000001,0.726,0.565,0.664,0.6459999999999999,0.621,0.71,0.648,0.6509999999999999,0.674,0.695,0.725,0.648,0.691,0.644,0.51
0.0,0.0,0.0,0.0,0.0,0.11666666699999999,0.0,0.0,0.0,0.0,0.0,0.0,0.0,0.0,0.011666667,0.011666667,0.0,0.0,0.0,0.0,0.0,0.0,0.0,0.0,0.0,0.0,0.0,0.0,0.035,0.0
0.0,0.0,1.0,0.0,0.0,1.0,0.0,0.0,0.0,0.0,0.0,0.0,0.0,0.0,1.0,1.0,0.0,0.0,0.0,0.0,0.0,0.0,0.0,0.0,0.0,0.0,0.0,0.0,1.0,0.0
0.6233333329999999,0.615,0.606666667,0.6183333329999999,0.605,0.5216666670000001,0.525,0.57,0.526666667,0.55,0.561666667,0.576666667,0.585,0.52,0.46333333299999996,0.43,0.455,0.5,0.535,0.548333333,0.541666667,0.561666667,0.548333333,0.551666667,0.563333333,0.548333333,0.541666667,0.541666667,0.531666667,0.5216666670000001
0.716666667,0.7466666670000001,0.721666667,0.72,0.686666667,0.578333333,0.6083333329999999,0.658333333,0.6233333329999999,0.676666667,0.688333333,0.678333333,0.69,0.591666667,0.536666667,0.49,0.548333333,0.605,0.658333333,0.685,0.653333333,0.693333333,0.653333333,0.648333333,0.668333333,0.6283333329999999,0.635,0.606666667,0.6166666670000001,0.63
0.548333333,0.48666666700000005,0.5083333329999999,0.515,0.573333333,0.428333333,0.39333333299999995,0.47166666700000004,0.436666667,0.433333333,0.451666667,0.485,0.5116666670000001,0.46333333299999996,0.423333333,0.385,0.386666667,0.38,0.431666667,0.451666667,0.47,0.456666667,0.456666667,0.47666666700000004,0.5066666670000001,0.48166666700000005,0.49166666700000006,0.5033333329999999,0.47,0.451666667
0.555,0.4695,0.395,0.381,0.4095,0.614,0.655,0.5145,0.4415,0.4415,0.5345,0.625,0.643,0.5245,0.5735,0.7175,0.6455,0.6145,0.655,0.6335,0.6655,0.679,0.6495,0.6625,0.6845,0.71,0.6865,0.6695,0.6675,0.5770000000000001
0.0,0.0,0.0,0.0,0.0,0.058333333,0.058333333,0.0,0.0,0.0,0.0,0.0,0.0,0.0,0.0058333330000000004,0.011666667,0.0058333330000000004,0.0,0.0,0.0,0.0,0.0,0.0,0.0,0.0,0.0,0.0,0.0,0.0175,0.0175
0.0,0.0,0.5,0.5,0.0,0.5,0.5,0.0,0.0,0.0,0.0,0.0,0.0,0.0,0.5,1.0,0.5,0.0,0.0,0.0,0.0,0.0,0.0,0.0,0.0,0.0,0.0,0.0,0.5,0.5
0.6316666670000001,0.619166667,0.610833333,0.6125,0.611666667,0.563333333,0.523333333,0.5475,0.548333333,0.538333333,0.5558333329999999,0.5691666670000001,0.580833333,0.5525,0.49166666700000006,0.446666667,0.4425,0.4775,0.5175,0.541666667,0.545,0.551666667,0.555,0.55,0.5575,0.5558333329999999,0.545,0.541666667,0.536666667,0.526666667
0.731666667,0.731666667,0.734166667,0.720833333,0.703333333,0.6325,0.593333333,0.6333333329999999,0.640833333,0.65,0.6825,0.683333333,0.6841666670000001,0.640833333,0.5641666670000001,0.513333333,0.519166667,0.576666667,0.6316666670000001,0.671666667,0.669166667,0.673333333,0.673333333,0.650833333,0.658333333,0.648333333,0.6316666670000001,0.620833333,0.611666667,0.6233333329999999
0.5575,0.5175,0.4975,0.5116666670000001,0.544166667,0.500833333,0.41083333299999997,0.4325,0.454166667,0.435,0.4425,0.46833333299999996,0.498333333,0.4875,0.443333333,0.40416666700000003,0.38583333299999995,0.38333333299999994,0.40583333299999996,0.441666667,0.46083333299999996,0.46333333299999996,0.456666667,0.46666666700000003,0.49166666700000006,0.494166667,0.48666666700000005,0.4975,0.48666666700000005,0.46083333299999996
0.5579999999999999,0.5013333329999999,0.445,0.38533333299999994,0.405,0.531333333,0.587666667,0.601333333,0.47266666700000004,0.45899999999999996,0.486,0.581333333,0.6203333329999999,0.574666667,0.586,0.6243333329999999,0.666666667,0.651666667,0.625,0.6436666670000001,0.659,0.659666667,0.669666667,0.657666667,0.673333333,0.698,0.689333333,0.688,0.6609999999999999,0.615
0.0,0.0,0.0,0.0,0.0,0.038888888999999996,0.038888888999999996,0.038888888999999996,0.0,0.0,0.0,0.0,0.0,0.0,0.0038888890000000004,0.007777778000000001,0.007777778000000001,0.0038888890000000004,0.0,0.0,0.0,0.0,0.0,0.0,0.0,0.0,0.0,0.0,0.011666667,0.011666667
0.0,0.0,0.333333333,0.333333333,0.333333333,0.333333333,0.333333333,0.333333333,0.0,0.0,0.0,0.0,0.0,0.0,0.333333333,0.666666667,0.666666667,0.333333333,0.0,0.0,0.0,0.0,0.0,0.0,0.0,0.0,0.0,0.0,0.333333333,0.333333333
0.634444444,0.626111111,0.615,0.6133333329999999,0.61,0.581666667,0.5505555560000001,0.538888889,0.540555556,0.548888889,0.546111111,0.562777778,0.5744444439999999,0.5605555560000001,0.5227777779999999,0.471111111,0.449444444,0.46166666700000003,0.496666667,0.5277777779999999,0.541666667,0.5505555560000001,0.5505555560000001,0.553888889,0.554444444,0.554444444,0.551111111,0.543888889,0.538333333,0.531666667
0.7411111109999999,0.736666667,0.7283333329999999,0.7294444440000001,0.7094444440000001,0.661666667,0.624444444,0.615,0.63,0.6527777779999999,0.6627777779999999,0.681111111,0.685555556,0.653333333,0.606111111,0.539444444,0.525,0.5477777779999999,0.603888889,0.649444444,0.665555556,0.677222222,0.666666667,0.665,0.656666667,0.648333333,0.643888889,0.6233333329999999,0.619444444,0.617777778
0.552222222,0.533888889,0.514444444,0.5033333329999999,0.532222222,0.505555556,0.465,0.431111111,0.433888889,0.447222222,0.440555556,0.456666667,0.482777778,0.48666666700000005,0.466111111,0.423888889,0.39833333299999996,0.383888889,0.399444444,0.42111111100000004,0.451111111,0.459444444,0.461111111,0.46333333299999996,0.48,0.488333333,0.493333333,0.49222222200000004,0.488333333,0.475
0.56325,0.517,0.475,0.42525,0.40225,0.4975,0.53225,0.56425,0.54825,0.478,0.488,0.53325,0.58875,0.57475,0.60825,0.621,0.6095,0.6659999999999999,0.65025,0.624,0.66025,0.65625,0.6575,0.67075,0.667,0.68625,0.6855,0.68975,0.677,0.62325
0.0,0.0,0.0,0.0,0.0,0.029166667,0.029166667,0.029166667,0.029166667,0.0,0.0,0.0,0.0,0.0,0.002916667,0.0058333330000000004,0.0058333330000000004,0.0058333330000000004,0.002916667,0.0,0.0,0.0,0.0,0.0,0.0,0.0,0.0,0.0,0.00875,0.00875
0.0,0.0,0.25,0.25,0.25,0.5,0.25,0.25,0.25,0.0,0.0,0.0,0.0,0.0,0.25,0.5,0.5,0.5,0.25,0.0,0.0,0.0,0.0,0.0,0.0,0.0,0.0,0.0,0.25,0.25
0.63,0.629583333,0.62125,0.615833333,0.61125,0.587916667,0.5675,0.555416667,0.535833333,0.5429166670000001,0.552083333,0.55375,0.568333333,0.5608333329999999,0.53625,0.49958333299999996,0.467083333,0.462083333,0.48,0.5095833329999999,0.53125,0.546666667,0.55,0.5508333329999999,0.55625,0.5529166670000001,0.55125,0.54875,0.5408333329999999,0.534166667
0.7270833329999999,0.7425,0.732916667,0.72625,0.71875,0.676666667,0.648333333,0.632916667,0.617083333,0.6416666670000001,0.661666667,0.666666667,0.683333333,0.662083333,0.624166667,0.5770833329999999,0.541666667,0.545,0.575416667,0.624166667,0.650416667,0.6725,0.67125,0.662083333,0.6658333329999999,0.6495833329999999,0.645,0.6345833329999999,0.6216666670000001,0.622083333
0.5558333329999999,0.535833333,0.5275,0.5145833329999999,0.520833333,0.50625,0.4775,0.46666666700000003,0.4325,0.43375,0.44833333299999995,0.451666667,0.470416667,0.477916667,0.47083333299999997,0.44583333299999994,0.41458333299999994,0.39375,0.39583333299999995,0.4125,0.433333333,0.4525,0.45875,0.465,0.47416666700000004,0.480416667,0.48916666700000005,0.495833333,0.48666666700000005,0.47916666700000005
0.5474,0.5294,0.4928,0.4532,0.4308,0.4768,0.505,0.5246,0.5292,0.5374,0.4974,0.5254,0.5488,0.5586,0.6016,0.6318,0.6098,0.6204,0.662,0.6444,0.6412,0.6578,0.6552,0.6608,0.6756,0.6786,0.6786,0.6866,0.6806,0.6436
0.0,0.0,0.0,0.0,0.0,0.023333332999999998,0.023333332999999998,0.023333332999999998,0.023333332999999998,0.023333332999999998,0.0,0.0,0.0,0.0,0.002333333,0.004666667,0.004666667,0.004666667,0.004666667,0.002333333,0.0,0.0,0.0,0.0,0.0,0.0,0.0,0.0,0.006999999999999999,0.006999999999999999
0.0,0.0,0.2,0.2,0.2,0.4,0.4,0.2,0.2,0.2,0.0,0.0,0.0,0.0,0.2,0.4,0.4,0.4,0.4,0.2,0.0,0.0,0.0,0.0,0.0,0.0,0.0,0.0,0.2,0.2
0.6336666670000001,0.627,0.625,0.6206666670000001,0.613666667,0.593333333,0.575333333,0.568,0.549666667,0.538666667,0.546666667,0.557,0.56,0.558666667,0.541333333,0.515,0.49066666700000006,0.47366666700000004,0.47666666700000004,0.493666667,0.516,0.537333333,0.547,0.550333333,0.553333333,0.554666667,0.550666667,0.549333333,0.545333333,0.537
0.735,0.731,0.7383333329999999,0.7303333329999999,0.718333333,0.690666667,0.6629999999999999,0.650333333,0.631,0.629,0.6509999999999999,0.665,0.671333333,0.665,0.637,0.597333333,0.571333333,0.554333333,0.567666667,0.597333333,0.63,0.659,0.668666667,0.666666667,0.663333333,0.658333333,0.6466666670000001,0.637333333,0.631,0.6233333329999999
0.554666667,0.542,0.530333333,0.525,0.526333333,0.5023333329999999,0.48366666700000005,0.47633333299999997,0.46066666700000003,0.432666667,0.437333333,0.455666667,0.46366666700000003,0.469,0.467,0.453666667,0.434,0.40766666700000004,0.40133333299999996,0.40700000000000003,0.424,0.43799999999999994,0.45333333299999995,0.46233333299999996,0.47333333299999997,0.47566666700000004,0.48266666700000005,0.49200000000000005,0.49066666700000006,0.47966666700000005
0.559666667,0.521833333,0.507166667,0.47166666700000004,0.453166667,0.48816666700000005,0.4865,0.503166667,0.502,0.523333333,0.543666667,0.527,0.539666667,0.530333333,0.583666667,0.6223333329999999,0.6206666670000001,0.618833333,0.6246666670000001,0.655166667,0.655333333,0.642333333,0.656666667,0.658333333,0.6665,0.6838333329999999,0.6735,0.680666667,0.6795,0.652166667
0.0,0.0,0.0,0.0,0.0,0.019444443999999998,0.019444443999999998,0.019444443999999998,0.019444443999999998,0.019444443999999998,0.019444443999999998,0.0,0.0,0.0,0.001944444,0.0038888890000000004,0.0038888890000000004,0.0038888890000000004,0.0038888890000000004,0.0038888890000000004,0.001944444,0.0,0.0,0.0,0.0,0.0,0.0,0.0,0.0058333330000000004,0.0058333330000000004
0.0,0.0,0.166666667,0.166666667,0.166666667,0.333333333,0.333333333,0.333333333,0.166666667,0.166666667,0.166666667,0.0,0.0,0.0,0.166666667,0.333333333,0.333333333,0.333333333,0.333333333,0.333333333,0.166666667,0.0,0.0,0.0,0.0,0.0,0.0,0.0,0.166666667,0.166666667
0.6325,0.630555556,0.623611111,0.623888889,0.6180555560000001,0.598333333,0.581944444,0.5744444439999999,0.561111111,0.549722222,0.5425,0.551666667,0.561666667,0.553333333,0.5427777779999999,0.5227777779999999,0.505,0.49222222200000004,0.483888889,0.48861111100000004,0.5016666670000001,0.523611111,0.539166667,0.5477777779999999,0.5525,0.5525,0.5525,0.549166667,0.5463888889999999,0.541388889
0.735833333,0.736944444,0.7294444440000001,0.7352777779999999,0.7230555559999999,0.695,0.6769444440000001,0.662222222,0.645833333,0.638611111,0.638888889,0.655555556,0.669166667,0.658055556,0.643611111,0.6125,0.589166667,0.576944444,0.571666667,0.5872222220000001,0.606666667,0.640555556,0.658055556,0.665277778,0.666944444,0.6575,0.654444444,0.64,0.633888889,0.630833333
0.549722222,0.543333333,0.536388889,0.5277777779999999,0.533055556,0.51,0.48416666700000005,0.48166666700000005,0.469722222,0.456111111,0.435833333,0.44527777799999996,0.465,0.463611111,0.46138888899999997,0.45333333299999995,0.4425,0.425,0.41166666700000004,0.409722222,0.4175,0.429444444,0.441111111,0.457222222,0.469722222,0.474722222,0.47833333299999997,0.48611111100000004,0.488333333,0.48416666700000005
0.578285714,0.536,0.503857143,0.48700000000000004,0.469,0.49914285700000005,0.49485714299999994,0.487571429,0.486857143,0.500857143,0.530714286,0.562428571,0.539,0.5251428570000001,0.555857143,0.604,0.614142857,0.626857143,0.622714286,0.624142857,0.6629999999999999,0.654285714,0.643571429,0.6591428570000001,0.663571429,0.674857143,0.6787142859999999,0.6759999999999999,0.675428571,0.655285714
0.0,0.0,0.0,0.0,0.0,0.016666667,0.016666667,0.016666667,0.016666667,0.016666667,0.016666667,0.016666667,0.0,0.0,0.0016666670000000001,0.003333333,0.003333333,0.003333333,0.003333333,0.003333333,0.003333333,0.0016666670000000001,0.0,0.0,0.0,0.0,0.0,0.0,0.005,0.005
0.0,0.0,0.14285714300000002,0.14285714300000002,0.14285714300000002,0.28571428600000004,0.28571428600000004,0.28571428600000004,0.28571428600000004,0.14285714300000002,0.14285714300000002,0.14285714300000002,0.0,0.0,0.14285714300000002,0.28571428600000004,0.28571428600000004,0.28571428600000004,0.28571428600000004,0.28571428600000004,0.28571428600000004,0.14285714300000002,0.0,0.0,0.0,0.0,0.0,0.0,0.14285714300000002,0.14285714300000002
0.63047619,0.63,0.627142857,0.622857143,0.621190476,0.604285714,0.5878571429999999,0.580238095,0.567619048,0.55952381,0.551428571,0.547380952,0.556428571,0.5557142860000001,0.54047619,0.526666667,0.513095238,0.504285714,0.498333333,0.493095238,0.496190476,0.510238095,0.5271428570000001,0.540952381,0.55,0.551904762,0.550952381,0.550952381,0.546666667,0.542857143
0.7338095240000001,0.737380952,0.734761905,0.728095238,0.7283333329999999,0.7023809520000001,0.682619048,0.674285714,0.656666667,0.650238095,0.645714286,0.64452381,0.66047619,0.6580952379999999,0.640714286,0.6216666670000001,0.6033333329999999,0.591428571,0.588571429,0.5878571429999999,0.596666667,0.6190476189999999,0.642380952,0.656666667,0.665714286,0.661428571,0.654285714,0.6476190479999999,0.6366666670000001,0.6333333329999999
0.54952381,0.540714286,0.538333333,0.533333333,0.534285714,0.518095238,0.493333333,0.48238095200000003,0.475238095,0.46452381,0.45547619,0.44285714299999995,0.454761905,0.464761905,0.45785714299999997,0.45047619,0.443809524,0.433571429,0.425952381,0.417380952,0.418333333,0.423095238,0.433333333,0.446190476,0.46428571399999996,0.471428571,0.47714285700000003,0.48190476200000004,0.483809524,0.483095238
0.578875,0.55525,0.5185,0.486625,0.48275,0.50725,0.503625,0.49475,0.47525,0.48775,0.510125,0.54875,0.5685,0.526375,0.548125,0.577125,0.599125,0.620375,0.62925,0.6225,0.634875,0.661125,0.653875,0.647375,0.663625,0.67125,0.6715,0.68025,0.672,0.65475
0.0,0.0,0.0,0.0,0.0,0.014583333,0.014583333,0.014583333,0.014583333,0.014583333,0.014583333,0.014583333,0.014583333,0.0,0.0014583329999999998,0.002916667,0.002916667,0.002916667,0.002916667,0.002916667,0.002916667,0.002916667,0.0014583329999999998,0.0,0.0,0.0,0.0,0.0,0.004375,0.004375
0.0,0.0,0.125,0.125,0.125,0.25,0.25,0.25,0.25,0.25,0.125,0.125,0.125,0.0,0.125,0.25,0.25,0.25,0.25,0.25,0.25,0.25,0.125,0.0,0.0,0.0,0.0,0.0,0.125,0.125
0.629375,0.628541667,0.627083333,0.6260416670000001,0.620625,0.60875,0.594375,0.585625,0.573541667,0.565416667,0.559791667,0.554583333,0.552083333,0.551875,0.544166667,0.526666667,0.517708333,0.511458333,0.508125,0.504583333,0.499166667,0.504375,0.515,0.5302083329999999,0.54375,0.549791667,0.550625,0.549791667,0.5485416670000001,0.5435416670000001
0.73375,0.7354166670000001,0.7354166670000001,0.732916667,0.722916667,0.709583333,0.690625,0.679583333,0.6679166670000001,0.659166667,0.655,0.649791667,0.6502083329999999,0.651875,0.642916667,0.621875,0.6125,0.603541667,0.5997916670000001,0.600625,0.596041667,0.60875,0.6233333329999999,0.643125,0.658125,0.661041667,0.658125,0.648333333,0.64375,0.635833333
0.5475,0.541666667,0.536666667,0.535416667,0.538333333,0.521041667,0.5025,0.490625,0.47666666700000004,0.47,0.462916667,0.45916666700000003,0.451458333,0.45583333299999995,0.459583333,0.44875,0.4425,0.435833333,0.433333333,0.42916666700000006,0.42395833299999997,0.423125,0.42729166700000004,0.43875,0.45375,0.46645833299999995,0.47395833299999995,0.480416667,0.480416667,0.47979166700000003
0.5724444439999999,0.558333333,0.537555556,0.501555556,0.482888889,0.515222222,0.510333333,0.502555556,0.483,0.47733333299999997,0.497444444,0.528444444,0.555666667,0.5539999999999999,0.546666667,0.567888889,0.575777778,0.6063333329999999,0.623222222,0.6283333329999999,0.632222222,0.636333333,0.66,0.656111111,0.652666667,0.670444444,0.668666667,0.673666667,0.676222222,0.654
0.0,0.0,0.0,0.0,0.0,0.012962963000000001,0.012962963000000001,0.012962963000000001,0.012962963000000001,0.012962963000000001,0.012962963000000001,0.012962963000000001,0.012962963000000001,0.012962963000000001,0.001296296,0.002592593,0.002592593,0.002592593,0.002592593,0.002592593,0.002592593,0.002592593,0.002592593,0.001296296,0.0,0.0,0.0,0.0,0.0038888890000000004,0.0038888890000000004
0.0,0.0,0.111111111,0.111111111,0.111111111,0.222222222,0.222222222,0.222222222,0.222222222,0.222222222,0.222222222,0.111111111,0.111111111,0.111111111,0.111111111,0.222222222,0.222222222,0.222222222,0.222222222,0.222222222,0.222222222,0.222222222,0.222222222,0.111111111,0.0,0.0,0.0,0.0,0.111111111,0.111111111
0.627777778,0.627777778,0.626111111,0.626111111,0.623703704,0.60962963,0.599444444,0.591666667,0.579074074,0.570925926,0.565,0.561666667,0.5579629629999999,0.548518519,0.542037037,0.531481481,0.518703704,0.515740741,0.5140740739999999,0.5125925929999999,0.508703704,0.5061111110000001,0.509259259,0.5190740739999999,0.533888889,0.5442592589999999,0.548888889,0.54962963,0.5477777779999999,0.545555556
0.734074074,0.735185185,0.733888889,0.7337037040000001,0.727777778,0.706851852,0.698333333,0.6870370370000001,0.673333333,0.668888889,0.662407407,0.657592593,0.654259259,0.643703704,0.6390740739999999,0.625925926,0.613703704,0.611666667,0.60962963,0.609259259,0.606481481,0.606851852,0.613703704,0.626111111,0.645925926,0.654814815,0.658148148,0.652407407,0.644814815,0.642222222
0.543888889,0.540740741,0.537962963,0.5342592589999999,0.53962963,0.526111111,0.506851852,0.499074074,0.48462963,0.471851852,0.46796296299999995,0.46537037,0.465,0.45277777799999996,0.452222222,0.45129629600000004,0.44185185200000004,0.435555556,0.43537037,0.43537037,0.43370370399999997,0.42759259299999997,0.42685185200000003,0.43277777799999995,0.44629629600000004,0.456851852,0.469259259,0.47722222200000003,0.479259259,0.47722222200000003
0.5616,0.5546,0.5421,0.5204,0.4967,0.5121,0.5172,0.5087,0.4912,0.4841,0.4871,0.5152,0.5367,0.5439,0.5695,0.5646,0.5676,0.5846,0.6103,0.623,0.6365,0.6338,0.6378,0.6614,0.66,0.6599,0.6682,0.6709,0.6707,0.6596
0.0,0.0,0.0,0.0,0.0,0.011666667,0.011666667,0.011666667,0.011666667,0.011666667,0.011666667,0.011666667,0.011666667,0.011666667,0.012833333,0.002333333,0.002333333,0.002333333,0.002333333,0.002333333,0.002333333,0.002333333,0.002333333,0.002333333,0.001166667,0.0,0.0,0.0,0.0035,0.0035
0.0,0.0,0.1,0.1,0.1,0.2,0.2,0.2,0.2,0.2,0.2,0.2,0.1,0.1,0.2,0.2,0.2,0.2,0.2,0.2,0.2,0.2,0.2,0.2,0.1,0.0,0.0,0.0,0.1,0.1
0.6256666670000001,0.6265,0.6256666670000001,0.6253333329999999,0.624,0.6135,0.601166667,0.5965,0.5851666670000001,0.5761666670000001,0.57,0.5661666670000001,0.564,0.5541666670000001,0.54,0.530833333,0.523833333,0.516833333,0.5176666670000001,0.5175,0.5155,0.514,0.510333333,0.5135,0.5235,0.535333333,0.544,0.548166667,0.5478333329999999,0.545166667
0.731666667,0.7353333329999999,0.733833333,0.7325,0.7290000000000001,0.712833333,0.6970000000000001,0.694333333,0.680666667,0.673666667,0.6708333329999999,0.664,0.660833333,0.648,0.633,0.624166667,0.618166667,0.612833333,0.6163333329999999,0.617166667,0.613666667,0.615166667,0.6115,0.617166667,0.6303333329999999,0.644166667,0.652833333,0.653,0.648833333,0.643333333
0.540333333,0.538166667,0.5375,0.535666667,0.538166667,0.5285,0.512833333,0.5033333329999999,0.492833333,0.4795,0.46983333299999996,0.46966666700000004,0.47,0.46483333299999996,0.44983333299999995,0.4455,0.444833333,0.435666667,0.435166667,0.43700000000000006,0.438833333,0.436,0.4305,0.431833333,0.440166667,0.44983333299999995,0.46033333299999996,0.47266666700000004,0.4765,0.4765
0.551909091,0.546363636,0.540181818,0.526090909,0.514272727,0.522,0.514181818,0.515090909,0.49781818200000005,0.491454545,0.492363636,0.504181818,0.523909091,0.527727273,0.558909091,0.5837272729999999,0.564636364,0.5763636360000001,0.590181818,0.611272727,0.630909091,0.637545455,0.635363636,0.641090909,0.664454545,0.6659090910000001,0.658818182,0.6702727270000001,0.668454545,0.656090909
0.0,0.0,0.0,0.0,0.0,0.010606061000000002,0.010606061000000002,0.010606061000000002,0.010606061000000002,0.010606061000000002,0.010606061000000002,0.010606061000000002,0.010606061000000002,0.010606061000000002,0.011666667,0.012727273,0.002121212,0.002121212,0.002121212,0.002121212,0.002121212,0.002121212,0.002121212,0.002121212,0.002121212,0.001060606,0.0,0.0,0.003181818,0.003181818
0.0,0.0,0.090909091,0.090909091,0.090909091,0.181818182,0.181818182,0.181818182,0.181818182,0.181818182,0.181818182,0.181818182,0.181818182,0.090909091,0.181818182,0.272727273,0.181818182,0.181818182,0.181818182,0.181818182,0.181818182,0.181818182,0.181818182,0.181818182,0.181818182,0.090909091,0.0,0.0,0.090909091,0.090909091
0.624242424,0.62469697,0.62469697,0.625,0.6234848479999999,0.61469697,0.605454545,0.598333333,0.590151515,0.581969697,0.574848485,0.570606061,0.567878788,0.56,0.5459090910000001,0.53,0.523939394,0.5216666670000001,0.5184848479999999,0.520454545,0.51969697,0.51969697,0.517121212,0.514090909,0.518030303,0.5257575760000001,0.5359090910000001,0.543787879,0.546666667,0.545454545
0.7283333329999999,0.7330303029999999,0.7340909090000001,0.732575758,0.7283333329999999,0.71530303,0.703333333,0.693484848,0.687878788,0.68030303,0.675,0.671515152,0.666363636,0.654545455,0.637878788,0.62,0.617272727,0.616969697,0.616969697,0.622575758,0.620454545,0.620909091,0.618636364,0.614848485,0.621818182,0.630151515,0.643333333,0.648636364,0.64969697,0.6471212120000001
0.538181818,0.535454545,0.535454545,0.535454545,0.539090909,0.528181818,0.516212121,0.509090909,0.497272727,0.487424242,0.476969697,0.47121212100000004,0.47348484799999996,0.469393939,0.46106060600000004,0.443939394,0.440151515,0.438939394,0.43530303,0.436666667,0.44,0.440454545,0.43787878799999996,0.43469697,0.438636364,0.443939394,0.45363636399999996,0.464242424,0.47242424200000005,0.474242424
0.546333333,0.53875,0.533833333,0.525666667,0.52,0.536,0.523083333,0.5125,0.504583333,0.4975,0.49841666700000004,0.507583333,0.513083333,0.51675,0.5428333329999999,0.572833333,0.5821666670000001,0.572916667,0.5821666670000001,0.59275,0.6195,0.6323333329999999,0.6386666670000001,0.6385833329999999,0.6455833329999999,0.6695,0.664416667,0.6615,0.668083333,0.65525
0.0,0.0,0.0,0.0,0.0,0.009722221999999999,0.009722221999999999,0.009722221999999999,0.009722221999999999,0.009722221999999999,0.009722221999999999,0.009722221999999999,0.009722221999999999,0.009722221999999999,0.010694443999999999,0.011666667,0.011666667,0.001944444,0.001944444,0.001944444,0.001944444,0.001944444,0.001944444,0.001944444,0.001944444,0.001944444,0.000972222,0.0,0.002916667,0.002916667
0.0,0.0,0.083333333,0.083333333,0.083333333,0.166666667,0.166666667,0.166666667,0.166666667,0.166666667,0.166666667,0.166666667,0.166666667,0.166666667,0.166666667,0.25,0.25,0.166666667,0.166666667,0.166666667,0.166666667,0.166666667,0.166666667,0.166666667,0.166666667,0.166666667,0.083333333,0.0,0.083333333,0.083333333
0.624722222,0.6234722220000001,0.623194444,0.624166667,0.6233333329999999,0.615,0.607222222,0.6025,0.592361111,0.5868055560000001,0.580277778,0.575,0.571805556,0.563888889,0.551944444,0.53625,0.52375,0.521944444,0.5227777779999999,0.520972222,0.522222222,0.523194444,0.522083333,0.52,0.518194444,0.520555556,0.527083333,0.536388889,0.5427777779999999,0.544583333
0.7283333329999999,0.729861111,0.732083333,0.732916667,0.72875,0.715833333,0.7063888890000001,0.699583333,0.687638889,0.6869444440000001,0.6809722220000001,0.675277778,0.6730555559999999,0.660138889,0.6447222220000001,0.625555556,0.614027778,0.61625,0.620416667,0.622638889,0.625138889,0.6265277779999999,0.623611111,0.621111111,0.619305556,0.622361111,0.630555556,0.640277778,0.645972222,0.648055556
0.538333333,0.533888889,0.5331944439999999,0.53375,0.538611111,0.529861111,0.516944444,0.5125,0.5030555560000001,0.491944444,0.484444444,0.477638889,0.474583333,0.472638889,0.46555555600000004,0.454722222,0.439166667,0.435138889,0.438333333,0.436666667,0.439444444,0.441388889,0.441805556,0.441111111,0.44069444399999996,0.44222222200000005,0.44791666700000005,0.45777777799999997,0.464722222,0.470694444
0.5513076920000001,0.534615385,0.5277692310000001,0.5209230770000001,0.520076923,0.539615385,0.5359230770000001,0.520846154,0.503,0.503769231,0.5034615379999999,0.512,0.515538462,0.507307692,0.531538462,0.556923077,0.572230769,0.588461538,0.578538462,0.585153846,0.601769231,0.621692308,0.633769231,0.641384615,0.6429230770000001,0.651692308,0.667846154,0.666461538,0.660153846,0.6559230770000001
0.0,0.0,0.0,0.0,0.0,0.008974359,0.008974359,0.008974359,0.008974359,0.008974359,0.008974359,0.008974359,0.008974359,0.008974359,0.009871795,0.010769231,0.010769231,0.010769231,0.001794872,0.001794872,0.001794872,0.001794872,0.001794872,0.001794872,0.001794872,0.001794872,0.001794872,0.000897436,0.002692308,0.002692308
0.0,0.0,0.076923077,0.076923077,0.076923077,0.153846154,0.153846154,0.153846154,0.153846154,0.153846154,0.153846154,0.153846154,0.153846154,0.153846154,0.23076923100000002,0.23076923100000002,0.23076923100000002,0.23076923100000002,0.153846154,0.153846154,0.153846154,0.153846154,0.153846154,0.153846154,0.153846154,0.153846154,0.153846154,0.076923077,0.076923077,0.076923077
0.624230769,0.623974359,0.622179487,0.622820513,0.622692308,0.615512821,0.6080769229999999,0.6043589739999999,0.596666667,0.5891025639999999,0.584871795,0.58,0.575769231,0.5678205129999999,0.5561538460000001,0.542564103,0.53,0.5219230770000001,0.522948718,0.52474359,0.522564103,0.52525641,0.525128205,0.524358974,0.523333333,0.5205128210000001,0.522179487,0.528205128,0.536025641,0.541153846
0.727179487,0.72974359,0.7292307690000001,0.7311538459999999,0.729358974,0.717179487,0.7075641029999999,0.7026923079999999,0.6937179490000001,0.686794872,0.687051282,0.680769231,0.6764102559999999,0.666794872,0.6506410260000001,0.632820513,0.619615385,0.6133333329999999,0.6194871789999999,0.625384615,0.625,0.630384615,0.628589744,0.625512821,0.62474359,0.62,0.6233333329999999,0.628717949,0.6384615379999999,0.64474359
0.5371794870000001,0.534358974,0.5319230770000001,0.5317948720000001,0.536794872,0.530128205,0.519358974,0.5134615379999999,0.5066666670000001,0.49769230799999997,0.488846154,0.484487179,0.48025641,0.47371794899999997,0.46884615399999996,0.459358974,0.44948717899999996,0.434615385,0.434871795,0.43935897399999996,0.43923076899999997,0.44076923100000004,0.442564103,0.444487179,0.446153846,0.443846154,0.44602564100000003,0.45217948700000005,0.45871794899999996,0.46371794899999996
0.550571429,0.5400714289999999,0.524714286,0.516214286,0.516071429,0.538285714,0.539285714,0.532928571,0.511428571,0.502357143,0.508857143,0.515714286,0.519071429,0.51,0.521714286,0.545428571,0.5575,0.578785714,0.592571429,0.581571429,0.594071429,0.605071429,0.6237857139999999,0.636642857,0.645214286,0.648785714,0.6514285710000001,0.6695,0.664857143,0.6494285710000001
0.0,0.0,0.0,0.0,0.0,0.008333333,0.008333333,0.008333333,0.008333333,0.008333333,0.008333333,0.008333333,0.008333333,0.008333333,0.009166667,0.01,0.01,0.01,0.01,0.0016666670000000001,0.0016666670000000001,0.0016666670000000001,0.0016666670000000001,0.0016666670000000001,0.0016666670000000001,0.0016666670000000001,0.0016666670000000001,0.0016666670000000001,0.003333333,0.0025
0.0,0.0,0.071428571,0.071428571,0.071428571,0.14285714300000002,0.14285714300000002,0.14285714300000002,0.14285714300000002,0.14285714300000002,0.14285714300000002,0.14285714300000002,0.14285714300000002,0.14285714300000002,0.214285714,0.28571428600000004,0.214285714,0.214285714,0.214285714,0.14285714300000002,0.14285714300000002,0.14285714300000002,0.14285714300000002,0.14285714300000002,0.14285714300000002,0.14285714300000002,0.14285714300000002,0.14285714300000002,0.14285714300000002,0.071428571
0.621547619,0.623571429,0.622738095,0.621904762,0.621547619,0.61547619,0.609047619,0.605357143,0.598809524,0.593333333,0.587142857,0.584285714,0.580357143,0.571785714,0.560357143,0.547142857,0.536309524,0.527857143,0.522857143,0.524761905,0.525952381,0.5253571429999999,0.526904762,0.52702381,0.5271428570000001,0.525119048,0.52202381,0.523571429,0.528452381,0.535
0.724047619,0.728571429,0.729166667,0.728571429,0.72797619,0.718571429,0.709404762,0.704047619,0.69702381,0.6925,0.6869047620000001,0.686428571,0.681428571,0.6703571429999999,0.6575,0.639166667,0.6267857139999999,0.618571429,0.616547619,0.624166667,0.627380952,0.629880952,0.63202381,0.63,0.628571429,0.625,0.621071429,0.622142857,0.627857143,0.637857143
0.534761905,0.533571429,0.5325,0.530714286,0.534761905,0.529047619,0.520357143,0.515952381,0.50797619,0.501428571,0.49440476200000005,0.488571429,0.48642857100000003,0.479047619,0.470119048,0.46285714299999997,0.454166667,0.44452381,0.43440476200000006,0.436071429,0.441547619,0.44047619,0.441904762,0.445,0.448928571,0.448690476,0.447261905,0.45011904799999997,0.453452381,0.458214286
0.554133333,0.540133333,0.530466667,0.514133333,0.512,0.533333333,0.538066667,0.536266667,0.523333333,0.510266667,0.5072,0.519933333,0.522066667,0.5136666670000001,0.523266667,0.535333333,0.5467333329999999,0.5646,0.5832666670000001,0.5944666670000001,0.5901333329999999,0.597666667,0.6081333329999999,0.627133333,0.6405333329999999,0.6505333329999999,0.648733333,0.654066667,0.6678,0.6545333329999999
0.0,0.0,0.0,0.0,0.0,0.007777778000000001,0.007777778000000001,0.007777778000000001,0.007777778000000001,0.007777778000000001,0.007777778000000001,0.007777778000000001,0.007777778000000001,0.007777778000000001,0.008555556,0.009333333000000001,0.009333333000000001,0.009333333000000001,0.009333333000000001,0.009333333000000001,0.001555556,0.001555556,0.001555556,0.001555556,0.001555556,0.001555556,0.001555556,0.001555556,0.0038888890000000004,0.0031111109999999997
0.0,0.0,0.066666667,0.066666667,0.066666667,0.133333333,0.133333333,0.133333333,0.133333333,0.133333333,0.133333333,0.133333333,0.133333333,0.133333333,0.2,0.26666666699999997,0.26666666699999997,0.2,0.2,0.2,0.133333333,0.133333333,0.133333333,0.133333333,0.133333333,0.133333333,0.133333333,0.133333333,0.2,0.133333333
0.618111111,0.621111111,0.622444444,0.622444444,0.620777778,0.6148888889999999,0.609444444,0.606444444,0.600111111,0.595555556,0.5912222220000001,0.586444444,0.584333333,0.576333333,0.5645555560000001,0.551666667,0.541,0.533888889,0.528333333,0.524555556,0.525888889,0.528333333,0.526888889,0.528555556,0.529444444,0.528555556,0.526222222,0.523333333,0.524111111,0.528
0.7191111109999999,0.725555556,0.7281111109999999,0.728555556,0.725777778,0.718,0.7112222220000001,0.706,0.698666667,0.695666667,0.692222222,0.686333333,0.686666667,0.675444444,0.661444444,0.646333333,0.6331111110000001,0.6253333329999999,0.621222222,0.621111111,0.626111111,0.631777778,0.631444444,0.6331111110000001,0.632555556,0.628555556,0.6256666670000001,0.620111111,0.621777778,0.628
0.5329999999999999,0.531555556,0.531888889,0.531333333,0.533555556,0.527666667,0.52,0.5171111110000001,0.5106666670000001,0.503,0.498111111,0.49377777799999995,0.490111111,0.484888889,0.47533333299999997,0.464444444,0.45777777799999997,0.449222222,0.443666667,0.435555556,0.438333333,0.442555556,0.441555556,0.44422222200000006,0.449111111,0.451111111,0.451555556,0.451,0.451444444,0.45333333299999995
0.56725,0.544125,0.531125,0.5201875,0.5103125,0.5284375,0.5334375,0.5353125,0.5270625,0.5215,0.5143125,0.5176875,0.525625,0.5168125,0.525875,0.5359375,0.5371875,0.5540625,0.5696875,0.585625,0.6016875,0.59375,0.601,0.61225,0.631375,0.6458125,0.650375,0.651375,0.6534375,0.6579375
0.0005208330000000001,0.0,0.0,0.0,0.0,0.007291667,0.007291667,0.007291667,0.007291667,0.007291667,0.007291667,0.007291667,0.007291667,0.007291667,0.008020833,0.00875,0.00875,0.00875,0.00875,0.00875,0.00875,0.0014583329999999998,0.0014583329999999998,0.0014583329999999998,0.0014583329999999998,0.0014583329999999998,0.0014583329999999998,0.0014583329999999998,0.003645833,0.003645833
0.0625,0.0,0.0625,0.0625,0.0625,0.125,0.125,0.125,0.125,0.125,0.125,0.125,0.125,0.125,0.1875,0.25,0.25,0.25,0.1875,0.1875,0.1875,0.125,0.125,0.125,0.125,0.125,0.125,0.125,0.1875,0.1875
0.616979167,0.617916667,0.620208333,0.6221875,0.621354167,0.614583333,0.609270833,0.606979167,0.601458333,0.596979167,0.5934375,0.5903125,0.586354167,0.5803125,0.5692708329999999,0.556145833,0.545625,0.5384375,0.533958333,0.5295833329999999,0.525625,0.528125,0.5295833329999999,0.5284375,0.5307291670000001,0.530625,0.529375,0.5271875,0.523854167,0.5239583329999999
0.715208333,0.720833333,0.7253125,0.7276041670000001,0.7259375,0.7165625,0.711145833,0.707916667,0.700833333,0.697291667,0.695208333,0.6913541670000001,0.6865625,0.6807291670000001,0.666770833,0.650729167,0.640208333,0.631354167,0.627395833,0.625208333,0.623125,0.6303125,0.633125,0.6325,0.6353125,0.6322916670000001,0.6289583329999999,0.6244791670000001,0.619895833,0.622291667
0.5328125,0.5301041670000001,0.5301041670000001,0.530833333,0.533958333,0.526979167,0.519270833,0.516979167,0.512083333,0.505833333,0.49979166700000005,0.49729166700000005,0.49489583299999995,0.4884375,0.481041667,0.4696875,0.459583333,0.45291666700000005,0.448125,0.444166667,0.43770833299999995,0.439479167,0.4434375,0.44375,0.448125,0.451145833,0.45364583299999994,0.454791667,0.4521875,0.451458333
0.5705294120000001,0.557058824,0.535411765,0.521411765,0.516235294,0.525882353,0.528823529,0.5311176470000001,0.526705882,0.5251176470000001,0.524647059,0.523764706,0.523176471,0.520470588,0.5281176470000001,0.537647059,0.537647059,0.544647059,0.5594705879999999,0.572705882,0.5929411760000001,0.604411765,0.597117647,0.605294118,0.617117647,0.636882353,0.645941176,0.652764706,0.650941176,0.645
0.000490196,0.000490196,0.0,0.0,0.0,0.006862745,0.006862745,0.006862745,0.006862745,0.006862745,0.006862745,0.006862745,0.006862745,0.006862745,0.00754902,0.008235294,0.008235294,0.008235294,0.008235294,0.008235294,0.008235294,0.008235294,0.001372549,0.001372549,0.001372549,0.001372549,0.001372549,0.001372549,0.0034313729999999997,0.0034313729999999997
0.058823529000000006,0.058823529000000006,0.058823529000000006,0.058823529000000006,0.058823529000000006,0.117647059,0.117647059,0.117647059,0.117647059,0.117647059,0.117647059,0.117647059,0.117647059,0.117647059,0.176470588,0.235294118,0.235294118,0.235294118,0.235294118,0.176470588,0.176470588,0.176470588,0.117647059,0.117647059,0.117647059,0.117647059,0.117647059,0.117647059,0.176470588,0.176470588
0.617352941,0.616862745,0.617254902,0.6200980389999999,0.6211764710000001,0.615490196,0.609313725,0.606960784,0.602254902,0.5984313729999999,0.594901961,0.59245098,0.59,0.58245098,0.573431373,0.561078431,0.5501960779999999,0.542941176,0.538235294,0.534803922,0.5302941179999999,0.527745098,0.529313725,0.530882353,0.530490196,0.531764706,0.53127451,0.530098039,0.52745098,0.52372549
0.715686275,0.7170588240000001,0.7208823529999999,0.725,0.725196078,0.7172549020000001,0.710196078,0.708039216,0.702941176,0.699411765,0.696764706,0.6942156859999999,0.69127451,0.680980392,0.672254902,0.656372549,0.644705882,0.638137255,0.632941176,0.630784314,0.626862745,0.627254902,0.6316666670000001,0.634019608,0.634607843,0.6349019610000001,0.63245098,0.627647059,0.624019608,0.620490196
0.5328431370000001,0.530098039,0.528823529,0.529215686,0.533333333,0.527745098,0.5191176470000001,0.516470588,0.512254902,0.50745098,0.502647059,0.498921569,0.498137255,0.493039216,0.484607843,0.47539215700000004,0.46480392200000004,0.454901961,0.451666667,0.44833333299999995,0.445686275,0.438823529,0.440490196,0.445392157,0.44745098,0.450098039,0.453529412,0.456568627,0.455686275,0.45215686299999996
0.562666667,0.560722222,0.548111111,0.526,0.517611111,0.530611111,0.526388889,0.526888889,0.523222222,0.524888889,0.527888889,0.5329999999999999,0.528611111,0.518444444,0.530944444,0.539111111,0.539166667,0.544666667,0.550277778,0.562888889,0.580333333,0.596,0.607,0.601388889,0.6102777779999999,0.623111111,0.6375,0.648444444,0.652277778,0.6431111110000001
0.00046296300000000005,0.00046296300000000005,0.00046296300000000005,0.0,0.0,0.006481481,0.006481481,0.006481481,0.006481481,0.006481481,0.006481481,0.006481481,0.006481481,0.006481481,0.00712963,0.007777778000000001,0.007777778000000001,0.007777778000000001,0.007777778000000001,0.007777778000000001,0.007777778000000001,0.007777778000000001,0.007777778000000001,0.001296296,0.001296296,0.001296296,0.001296296,0.001296296,0.0032407409999999997,0.0032407409999999997
0.055555556,0.055555556,0.111111111,0.055555556,0.055555556,0.111111111,0.111111111,0.111111111,0.111111111,0.111111111,0.111111111,0.111111111,0.111111111,0.111111111,0.166666667,0.222222222,0.222222222,0.222222222,0.222222222,0.222222222,0.166666667,0.166666667,0.166666667,0.111111111,0.111111111,0.111111111,0.111111111,0.111111111,0.166666667,0.166666667
0.617685185,0.617222222,0.616296296,0.617314815,0.619259259,0.615648148,0.610462963,0.60712963,0.6025,0.5993518520000001,0.596388889,0.593888889,0.592037037,0.586111111,0.575833333,0.565462963,0.555185185,0.547407407,0.5425,0.538796296,0.535185185,0.532037037,0.528888889,0.530555556,0.532685185,0.531481481,0.532314815,0.5318518520000001,0.530185185,0.52712963
0.717685185,0.717407407,0.717314815,0.720833333,0.72287037,0.717037037,0.7112037040000001,0.707314815,0.703333333,0.701481481,0.6987962959999999,0.6957407409999999,0.6939814809999999,0.6857407409999999,0.672962963,0.66212963,0.65037037,0.6425,0.639259259,0.635833333,0.632037037,0.630555556,0.628703704,0.6325925929999999,0.635925926,0.634259259,0.634907407,0.6310185189999999,0.627037037,0.624351852
0.5312962960000001,0.530277778,0.528888889,0.528055556,0.531666667,0.5275,0.520277778,0.516481481,0.512037037,0.50787037,0.504351852,0.5016666670000001,0.49962963,0.49620370399999997,0.48916666700000005,0.47907407399999996,0.47046296299999996,0.460092593,0.453611111,0.451666667,0.44953703700000003,0.44629629600000004,0.439814815,0.4425,0.44879629600000004,0.44935185200000005,0.45240740700000004,0.456296296,0.457314815,0.45546296299999994
0.556,0.553789474,0.552052632,0.538526316,0.522157895,0.531157895,0.530842105,0.5246842110000001,0.519631579,0.5216842110000001,0.527526316,0.535631579,0.5371052629999999,0.523842105,0.5284736839999999,0.541210526,0.540473684,0.545736842,0.55,0.5539999999999999,0.5706315789999999,0.583894737,0.5988947370000001,0.6105263160000001,0.6063157889999999,0.616315789,0.624421053,0.640315789,0.6482105260000001,0.644789474
0.00043859599999999997,0.00043859599999999997,0.00043859599999999997,0.00043859599999999997,0.0,0.006140351,0.006140351,0.006140351,0.006140351,0.006140351,0.006140351,0.006140351,0.006140351,0.006140351,0.006754385999999999,0.007368421,0.007368421,0.007368421,0.007368421,0.007368421,0.007368421,0.007368421,0.007368421,0.007368421,0.00122807,0.00122807,0.00122807,0.00122807,0.003070175,0.003070175
0.052631579000000005,0.052631579000000005,0.10526315800000001,0.10526315800000001,0.052631579000000005,0.10526315800000001,0.10526315800000001,0.10526315800000001,0.10526315800000001,0.10526315800000001,0.10526315800000001,0.10526315800000001,0.10526315800000001,0.10526315800000001,0.15789473699999998,0.21052631600000002,0.21052631600000002,0.21052631600000002,0.21052631600000002,0.21052631600000002,0.21052631600000002,0.15789473699999998,0.15789473699999998,0.15789473699999998,0.10526315800000001,0.10526315800000001,0.10526315800000001,0.10526315800000001,0.15789473699999998,0.15789473699999998
0.618245614,0.61754386,0.6166666670000001,0.616403509,0.6166666670000001,0.614122807,0.610877193,0.6083333329999999,0.6028947370000001,0.599736842,0.597368421,0.595350877,0.5934210529999999,0.588245614,0.5796491229999999,0.568157895,0.5596491229999999,0.552280702,0.546754386,0.542807018,0.538947368,0.5365789470000001,0.532894737,0.530087719,0.532280702,0.533508772,0.532017544,0.532807018,0.531842105,0.529736842
0.7184210529999999,0.7192105259999999,0.7176315790000001,0.71745614,0.7190350879999999,0.715263158,0.711315789,0.708421053,0.702894737,0.701929825,0.700789474,0.697719298,0.6954385959999999,0.688596491,0.677894737,0.663333333,0.656140351,0.647982456,0.643333333,0.6416666670000001,0.636754386,0.635263158,0.631754386,0.629736842,0.634473684,0.635526316,0.6342982460000001,0.633421053,0.630263158,0.6271929820000001
0.530701754,0.528947368,0.529122807,0.528157895,0.530438596,0.52622807,0.520438596,0.5177192979999999,0.512280702,0.507894737,0.504912281,0.5033333329999999,0.5021929820000001,0.497719298,0.492368421,0.48368421100000003,0.474210526,0.46570175399999997,0.458596491,0.453508772,0.452631579,0.449912281,0.446842105,0.441754386,0.44587719299999995,0.45052631600000004,0.451578947,0.455087719,0.457017544,0.457017544
0.55465,0.5479,0.5459,0.54275,0.53425,0.5348,0.53135,0.529,0.5179,0.51835,0.52435,0.5349,0.5394,0.53215,0.5331,0.53835,0.5424,0.54665,0.55075,0.55355,0.5618,0.5745,0.58725,0.60265,0.61475,0.61225,0.6179,0.62775,0.6405,0.6413
0.00041666699999999996,0.00041666699999999996,0.00041666699999999996,0.00041666699999999996,0.00041666699999999996,0.0058333330000000004,0.0058333330000000004,0.0058333330000000004,0.0058333330000000004,0.0058333330000000004,0.0058333330000000004,0.0058333330000000004,0.0058333330000000004,0.0058333330000000004,0.006416666999999999,0.006999999999999999,0.006999999999999999,0.006999999999999999,0.006999999999999999,0.006999999999999999,0.006999999999999999,0.006999999999999999,0.006999999999999999,0.006999999999999999,0.006999999999999999,0.001166667,0.001166667,0.001166667,0.002916667,0.002916667
0.05,0.05,0.1,0.1,0.1,0.1,0.1,0.1,0.1,0.1,0.1,0.1,0.1,0.1,0.15,0.2,0.2,0.2,0.2,0.2,0.2,0.2,0.15,0.15,0.15,0.1,0.1,0.1,0.15,0.15
0.6186666670000001,0.618083333,0.617,0.61675,0.615833333,0.611916667,0.609666667,0.608833333,0.60425,0.60025,0.597833333,0.596333333,0.594833333,0.58975,0.5820000000000001,0.5721666670000001,0.5625,0.556666667,0.551416667,0.5468333329999999,0.54275,0.540083333,0.537166667,0.533833333,0.53175,0.533083333,0.5339166670000001,0.5325,0.53275,0.531333333
0.718916667,0.719833333,0.719333333,0.71775,0.715916667,0.7120000000000001,0.709916667,0.708666667,0.7041666670000001,0.701583333,0.70125,0.699666667,0.697333333,0.69025,0.6809999999999999,0.6685,0.6575833329999999,0.6535833329999999,0.6485,0.645416667,0.64225,0.6395833329999999,0.636166667,0.632583333,0.6316666670000001,0.634166667,0.6355,0.632916667,0.632583333,0.63025
0.530666667,0.5285,0.5279166670000001,0.528416667,0.530416667,0.525333333,0.5195833329999999,0.518,0.5136666670000001,0.5083333329999999,0.505083333,0.503916667,0.50375,0.50025,0.494,0.48700000000000004,0.47883333299999997,0.4695,0.46399999999999997,0.45825,0.45433333299999995,0.45283333299999995,0.45025,0.44833333299999995,0.445,0.447666667,0.452583333,0.454166667,0.45583333299999995,0.45675
0.557,0.547,0.540666667,0.537333333,0.53847619,0.545714286,0.534809524,0.529571429,0.522333333,0.516761905,0.521047619,0.53152381,0.53852381,0.534571429,0.540571429,0.542285714,0.5396190479999999,0.548190476,0.551380952,0.5540952379999999,0.561,0.5659047620000001,0.578142857,0.5913809520000001,0.607047619,0.62,0.613952381,0.621380952,0.62852381,0.634285714
0.000396825,0.000396825,0.000396825,0.000396825,0.000396825,0.005952381,0.005555556,0.005555556,0.005555556,0.005555556,0.005555556,0.005555556,0.005555556,0.005555556,0.006111111,0.006666666999999999,0.006666666999999999,0.006666666999999999,0.006666666999999999,0.006666666999999999,0.006666666999999999,0.006666666999999999,0.006666666999999999,0.006666666999999999,0.006666666999999999,0.006666666999999999,0.0011111110000000001,0.0011111110000000001,0.002777778,0.002777778
0.047619048,0.047619048,0.095238095,0.095238095,0.095238095,0.14285714300000002,0.095238095,0.095238095,0.095238095,0.095238095,0.095238095,0.095238095,0.095238095,0.095238095,0.14285714300000002,0.19047619,0.19047619,0.19047619,0.19047619,0.19047619,0.19047619,0.19047619,0.19047619,0.14285714300000002,0.14285714300000002,0.14285714300000002,0.095238095,0.095238095,0.14285714300000002,0.14285714300000002
0.618730159,0.6184920629999999,0.617539683,0.617063492,0.616190476,0.611349206,0.607777778,0.607777778,0.604920635,0.601666667,0.598412698,0.596825397,0.595793651,0.591269841,0.583730159,0.574761905,0.5665873020000001,0.55952381,0.555634921,0.551269841,0.546587302,0.5436507939999999,0.54047619,0.537857143,0.535238095,0.532539683,0.533492063,0.534285714,0.5324603170000001,0.532222222
0.7173809520000001,0.720238095,0.719920635,0.719365079,0.7162698409999999,0.709365079,0.7070634920000001,0.707460317,0.704603175,0.702857143,0.7009523809999999,0.70015873,0.699206349,0.692301587,0.6829365079999999,0.671904762,0.6627777779999999,0.655079365,0.653809524,0.650238095,0.645793651,0.64468254,0.640238095,0.636746032,0.634285714,0.6315079370000001,0.634206349,0.634126984,0.6321428570000001,0.632460317
0.5326190479999999,0.528571429,0.527539683,0.5273015870000001,0.530555556,0.525555556,0.519047619,0.5173015870000001,0.514126984,0.50984127,0.505634921,0.504126984,0.504285714,0.5018253970000001,0.496587302,0.488809524,0.48222222200000003,0.474126984,0.467698413,0.46341269799999996,0.45880952399999997,0.454444444,0.45301587299999996,0.451507937,0.451111111,0.446746032,0.449761905,0.455,0.454920635,0.455634921
0.567954545,0.549590909,0.540136364,0.532727273,0.5335,0.549227273,0.545227273,0.532954545,0.523181818,0.521045455,0.519409091,0.528045455,0.535136364,0.533954545,0.5425,0.5489999999999999,0.543318182,0.5452727270000001,0.5526363639999999,0.554545455,0.561181818,0.564954545,0.569772727,0.5825,0.596090909,0.612409091,0.621272727,0.617454545,0.622409091,0.6231363639999999
0.001136364,0.000378788,0.000378788,0.000378788,0.000378788,0.005681818000000001,0.005681818000000001,0.00530303,0.00530303,0.00530303,0.00530303,0.00530303,0.00530303,0.00530303,0.0058333330000000004,0.006363636,0.006363636,0.006363636,0.006363636,0.006363636,0.006363636,0.006363636,0.006363636,0.006363636,0.006363636,0.006363636,0.006363636,0.001060606,0.002651515,0.002651515
0.090909091,0.045454545,0.090909091,0.090909091,0.090909091,0.13636363599999998,0.13636363599999998,0.090909091,0.090909091,0.090909091,0.090909091,0.090909091,0.090909091,0.090909091,0.13636363599999998,0.181818182,0.181818182,0.181818182,0.181818182,0.181818182,0.181818182,0.181818182,0.181818182,0.181818182,0.13636363599999998,0.13636363599999998,0.13636363599999998,0.090909091,0.13636363599999998,0.13636363599999998
0.6185606060000001,0.6185606060000001,0.617954545,0.617575758,0.6165151520000001,0.611893939,0.607424242,0.606060606,0.604090909,0.602424242,0.599848485,0.597424242,0.596287879,0.592348485,0.585454545,0.576742424,0.5693181820000001,0.563560606,0.558409091,0.55530303,0.5508333329999999,0.5472727270000001,0.543863636,0.540984848,0.539015152,0.535833333,0.532954545,0.533863636,0.534166667,0.5319696970000001
0.714015152,0.7187121209999999,0.72030303,0.719924242,0.7178787879999999,0.71,0.704772727,0.704848485,0.7036363640000001,0.703333333,0.70219697,0.699924242,0.69969697,0.6943181820000001,0.685227273,0.674166667,0.666287879,0.660151515,0.6552272729999999,0.6552272729999999,0.6503787879999999,0.647954545,0.6450757579999999,0.6406060610000001,0.638181818,0.634015152,0.6316666670000001,0.632954545,0.6333333329999999,0.632045455
0.534469697,0.5305303029999999,0.527651515,0.5269696970000001,0.529393939,0.525909091,0.519545455,0.516893939,0.513636364,0.510454545,0.50719697,0.50469697,0.504469697,0.502424242,0.49825757600000004,0.491515152,0.48416666700000005,0.47757575799999996,0.47219697,0.466969697,0.46371212100000003,0.45871212100000003,0.454545455,0.454090909,0.45401515200000003,0.4525,0.448787879,0.45219697,0.45568181799999996,0.45477272700000004
0.573043478,0.560391304,0.542913043,0.532565217,0.52926087,0.544,0.5486086960000001,0.5429999999999999,0.526695652,0.521913043,0.523391304,0.5261739129999999,0.531652174,0.530913043,0.541565217,0.550478261,0.549695652,0.548565217,0.549652174,0.5556086960000001,0.561304348,0.564956522,0.568695652,0.574304348,0.587391304,0.6016956520000001,0.6139565220000001,0.624304348,0.618608696,0.617521739
0.001086957,0.001086957,0.000362319,0.000362319,0.000362319,0.005434783,0.005434783,0.005434783,0.0050724640000000005,0.0050724640000000005,0.0050724640000000005,0.0050724640000000005,0.0050724640000000005,0.0050724640000000005,0.00557971,0.006086957,0.006086957,0.006086957,0.006086957,0.006086957,0.006086957,0.006086957,0.006086957,0.006086957,0.006086957,0.006086957,0.006086957,0.006086957,0.0025362320000000002,0.0025362320000000002
0.086956522,0.086956522,0.086956522,0.086956522,0.086956522,0.130434783,0.130434783,0.130434783,0.086956522,0.086956522,0.086956522,0.086956522,0.086956522,0.086956522,0.130434783,0.17391304300000002,0.17391304300000002,0.17391304300000002,0.17391304300000002,0.17391304300000002,0.17391304300000002,0.17391304300000002,0.17391304300000002,0.17391304300000002,0.17391304300000002,0.130434783,0.130434783,0.130434783,0.130434783,0.130434783
0.6205072460000001,0.618405797,0.6180434779999999,0.617971014,0.617028986,0.612391304,0.6081159420000001,0.6057971010000001,0.602608696,0.60173913,0.600652174,0.59884058,0.596884058,0.592971014,0.58673913,0.5786956520000001,0.571449275,0.566304348,0.5623188410000001,0.5579710139999999,0.554710145,0.5513043479999999,0.5473188410000001,0.544202899,0.541956522,0.53942029,0.536086957,0.533333333,0.5337681160000001,0.533623188
0.716086957,0.715434783,0.71884058,0.720289855,0.7184782609999999,0.711811594,0.70557971,0.702753623,0.701304348,0.702463768,0.702681159,0.70115942,0.6994927540000001,0.695,0.687463768,0.67673913,0.668695652,0.663623188,0.660072464,0.656521739,0.655144928,0.652246377,0.648188406,0.645217391,0.641811594,0.6377536229999999,0.634057971,0.63057971,0.6322463770000001,0.633188406
0.537028986,0.532391304,0.529565217,0.527101449,0.528985507,0.525,0.520144928,0.5174637679999999,0.513405797,0.510144928,0.507898551,0.506231884,0.505,0.502681159,0.49898550700000005,0.493333333,0.486956522,0.47963768100000004,0.47557971,0.471304348,0.467101449,0.463405797,0.45862318799999996,0.45550724600000003,0.456376812,0.455217391,0.454202899,0.45115942,0.452971014,0.45550724600000003
0.5804583329999999,0.565583333,0.5535416670000001,0.535541667,0.52925,0.5395,0.543625,0.546333333,0.5365833329999999,0.525333333,0.524125,0.529708333,0.529708333,0.52775,0.538333333,0.54925,0.551083333,0.554458333,0.552625,0.552625,0.562041667,0.564916667,0.5685416670000001,0.5730833329999999,0.579333333,0.593125,0.603625,0.617166667,0.625125,0.614083333
0.003541667,0.001041667,0.001041667,0.00034722199999999995,0.00034722199999999995,0.005208333,0.005208333,0.005208333,0.005208333,0.0048611109999999996,0.0048611109999999996,0.0048611109999999996,0.0048611109999999996,0.0048611109999999996,0.0053472219999999996,0.0058333330000000004,0.0058333330000000004,0.0058333330000000004,0.0058333330000000004,0.0058333330000000004,0.0058333330000000004,0.0058333330000000004,0.0058333330000000004,0.0058333330000000004,0.0058333330000000004,0.0058333330000000004,0.0058333330000000004,0.0058333330000000004,0.007291667,0.002430556
0.125,0.083333333,0.125,0.083333333,0.083333333,0.125,0.125,0.125,0.125,0.083333333,0.083333333,0.083333333,0.083333333,0.083333333,0.125,0.166666667,0.166666667,0.166666667,0.166666667,0.166666667,0.166666667,0.166666667,0.166666667,0.166666667,0.166666667,0.166666667,0.125,0.125,0.166666667,0.125
0.6216666670000001,0.620277778,0.617916667,0.6180555560000001,0.617430556,0.6130555560000001,0.60875,0.606527778,0.6025,0.6004166670000001,0.600069444,0.5996527779999999,0.5982638889999999,0.593680556,0.587569444,0.580208333,0.573541667,0.568472222,0.565,0.561736111,0.557291667,0.555,0.551180556,0.5475,0.545,0.542222222,0.539513889,0.536319444,0.533263889,0.533263889
0.71625,0.717361111,0.715694444,0.718888889,0.718888889,0.712638889,0.7075,0.703611111,0.699444444,0.700277778,0.701875,0.701666667,0.700694444,0.695,0.6884027779999999,0.6792361109999999,0.671388889,0.666041667,0.6634027779999999,0.661111111,0.656388889,0.6567361110000001,0.6522916670000001,0.648194444,0.646180556,0.64125,0.637638889,0.632916667,0.63,0.6321527779999999
0.538819444,0.5349305560000001,0.531388889,0.528958333,0.529027778,0.524791667,0.519513889,0.518125,0.5140972220000001,0.510069444,0.507708333,0.5069444439999999,0.506458333,0.503263889,0.499375,0.49423611100000003,0.488888889,0.4825,0.477638889,0.474583333,0.47125,0.46666666700000003,0.463125,0.459375,0.457638889,0.457430556,0.456736111,0.45625,0.451944444,0.45291666700000005
0.58636,0.573,0.5588,0.54604,0.5322399999999999,0.53908,0.53932,0.54164,0.54004,0.53488,0.52732,0.5301600000000001,0.53296,0.52604,0.535,0.54584,0.54988,0.5556,0.55812,0.5553600000000001,0.55892,0.56548,0.5683600000000001,0.57276,0.57796,0.58516,0.59532,0.60712,0.61824,0.62052
0.003466667,0.0034,0.001,0.001,0.00033333300000000006,0.005,0.005,0.005,0.005,0.005,0.004666667,0.004666667,0.004666667,0.004666667,0.0051333329999999995,0.0056,0.0056,0.0056,0.0056,0.0056,0.0056,0.0056,0.0056,0.0056,0.0056,0.0056,0.0056,0.0056,0.006999999999999999,0.006999999999999999
0.16,0.12,0.12,0.12,0.08,0.12,0.12,0.12,0.12,0.12,0.08,0.08,0.08,0.08,0.12,0.16,0.16,0.16,0.16,0.16,0.16,0.16,0.16,0.16,0.16,0.16,0.16,0.12,0.16,0.16
0.622733333,0.6214,0.619733333,0.617933333,0.617533333,0.6136,0.609533333,0.6072,0.6033333329999999,0.6004,0.598866667,0.5991333329999999,0.599066667,0.5951333329999999,0.588466667,0.5812666670000001,0.5752,0.5706,0.567133333,0.564333333,0.5609333329999999,0.557466667,0.5547333329999999,0.5512,0.548133333,0.545133333,0.5422,0.5396,0.536133333,0.5328
0.716066667,0.7174666670000001,0.717533333,0.715866667,0.7176,0.7132666670000001,0.708466667,0.705533333,0.7004,0.698533333,0.6998,0.7009333329999999,0.7012,0.696333333,0.688666667,0.680466667,0.674,0.6687333329999999,0.6657333329999999,0.664266667,0.6608,0.6578666670000001,0.6566,0.652133333,0.649,0.645466667,0.6409999999999999,0.6364,0.632266667,0.63
0.541933333,0.5367333329999999,0.5338666670000001,0.5307333329999999,0.5307333329999999,0.525,0.5195333329999999,0.5176,0.5148666670000001,0.510866667,0.507733333,0.5068,0.507133333,0.504733333,0.500066667,0.4948,0.48993333299999997,0.48453333299999995,0.480466667,0.4766,0.4744,0.47066666700000004,0.466266667,0.46366666700000003,0.461266667,0.4586,0.4588,0.4586,0.4568,0.451933333
0.586653846,0.5789615379999999,0.566192308,0.551384615,0.542461538,0.5415769229999999,0.5389230770000001,0.5375769229999999,0.5357692310000001,0.538269231,0.536423077,0.5329999999999999,0.533269231,0.529307692,0.533076923,0.542346154,0.5465769229999999,0.554269231,0.559076923,0.560538462,0.5613076920000001,0.562346154,0.568769231,0.5724230770000001,0.577461538,0.583615385,0.587576923,0.599,0.6085384620000001,0.6140769229999999
0.003333333,0.003333333,0.0032692309999999996,0.0009615380000000001,0.0009615380000000001,0.004807692,0.004807692,0.004807692,0.004807692,0.004807692,0.004807692,0.004487179,0.004487179,0.004487179,0.004935897,0.005384615,0.005384615,0.005384615,0.005384615,0.005384615,0.005384615,0.005384615,0.005384615,0.005384615,0.005384615,0.005384615,0.005384615,0.005384615,0.006730769,0.006730769
0.153846154,0.153846154,0.153846154,0.115384615,0.115384615,0.115384615,0.115384615,0.115384615,0.115384615,0.115384615,0.115384615,0.076923077,0.076923077,0.076923077,0.115384615,0.153846154,0.153846154,0.153846154,0.153846154,0.153846154,0.153846154,0.153846154,0.153846154,0.153846154,0.153846154,0.153846154,0.153846154,0.153846154,0.153846154,0.153846154
0.625,0.622435897,0.620833333,0.6196794870000001,0.617435897,0.613846154,0.610192308,0.608012821,0.604102564,0.601282051,0.598910256,0.598012821,0.598589744,0.596025641,0.590064103,0.582371795,0.5764102560000001,0.572307692,0.569230769,0.5664102560000001,0.563461538,0.5609615379999999,0.557115385,0.554615385,0.551666667,0.548141026,0.545,0.5421794870000001,0.539294872,0.5355769229999999
0.7178205129999999,0.71724359,0.717628205,0.717628205,0.71474359,0.71224359,0.709230769,0.706538462,0.702371795,0.699487179,0.6981410259999999,0.698974359,0.7005128209999999,0.6969871790000001,0.690192308,0.681025641,0.675384615,0.6713461540000001,0.668333333,0.666474359,0.663846154,0.6620512820000001,0.657692308,0.656282051,0.65275641,0.648205128,0.6450641029999999,0.639679487,0.635641026,0.632179487
0.545192308,0.539807692,0.535641026,0.533141026,0.532371795,0.5267948720000001,0.519935897,0.517692308,0.514487179,0.511730769,0.508589744,0.506858974,0.506987179,0.505448718,0.501602564,0.49564102600000004,0.49064102600000004,0.485705128,0.4825,0.479358974,0.47634615399999997,0.47371794899999997,0.470128205,0.46666666700000003,0.465320513,0.462051282,0.459871795,0.460512821,0.45903846200000004,0.456602564
0.5882222220000001,0.579518519,0.572185185,0.558777778,0.547740741,0.551074074,0.541333333,0.5372592589999999,0.532074074,0.534222222,0.53962963,0.541555556,0.535888889,0.529740741,0.535962963,0.540222222,0.543185185,0.550925926,0.557666667,0.56137037,0.566074074,0.5645185189999999,0.56562963,0.572666667,0.5769629629999999,0.582925926,0.586,0.591407407,0.600666667,0.6048888889999999
0.0032098770000000003,0.0032098770000000003,0.0032098770000000003,0.003148148,0.0009259260000000001,0.005246914,0.00462963,0.00462963,0.00462963,0.00462963,0.00462963,0.00462963,0.0043209879999999996,0.0043209879999999996,0.004753086,0.005185185,0.005185185,0.005185185,0.005185185,0.005185185,0.005185185,0.005185185,0.005185185,0.005185185,0.005185185,0.005185185,0.005185185,0.005185185,0.006481481,0.006481481
0.148148148,0.148148148,0.185185185,0.148148148,0.111111111,0.148148148,0.111111111,0.111111111,0.111111111,0.111111111,0.111111111,0.111111111,0.074074074,0.074074074,0.111111111,0.148148148,0.148148148,0.148148148,0.148148148,0.148148148,0.148148148,0.148148148,0.148148148,0.148148148,0.148148148,0.148148148,0.148148148,0.148148148,0.185185185,0.148148148
0.627098765,0.62462963,0.621851852,0.620740741,0.6191358020000001,0.6138888889999999,0.610555556,0.608703704,0.605,0.602098765,0.599814815,0.59808642,0.597530864,0.5956790120000001,0.591111111,0.584135802,0.577654321,0.573580247,0.570925926,0.56845679,0.5654938270000001,0.563395062,0.5604938270000001,0.55691358,0.554938272,0.55154321,0.547901235,0.544876543,0.541790123,0.538641975
0.719753086,0.718888889,0.717407407,0.7177160490000001,0.716481481,0.7096913579999999,0.708395062,0.707345679,0.70345679,0.7014197529999999,0.6990740740000001,0.697407407,0.698641975,0.696481481,0.691049383,0.682777778,0.676111111,0.6727777779999999,0.670864198,0.668950617,0.665987654,0.664938272,0.661728395,0.657345679,0.656728395,0.6518518520000001,0.647716049,0.643641975,0.63882716,0.635432099
0.547222222,0.5430246910000001,0.538641975,0.534876543,0.53462963,0.528518519,0.5218518520000001,0.518148148,0.514691358,0.511481481,0.509506173,0.507716049,0.507037037,0.50537037,0.5024074070000001,0.497283951,0.491604938,0.48654321,0.483703704,0.481358025,0.47901234600000003,0.475617284,0.47308642,0.47037037,0.468148148,0.465925926,0.463148148,0.461481481,0.46086419799999995,0.45876543200000003
0.59075,0.581285714,0.572964286,0.564821429,0.555,0.555857143,0.5505,0.539642857,0.531964286,0.530714286,0.535678571,0.544464286,0.544035714,0.532392857,0.5361428570000001,0.54275,0.541107143,0.5475,0.554321429,0.559928571,0.566678571,0.569,0.5676071429999999,0.5695,0.577035714,0.58225,0.58525,0.58975,0.593285714,0.597428571
0.0030952379999999997,0.0030952379999999997,0.0030952379999999997,0.0030952379999999997,0.003035714,0.005059524,0.005059524,0.004464286,0.004464286,0.004464286,0.004464286,0.004464286,0.004464286,0.004166667,0.004583333,0.005,0.005,0.005,0.005,0.005,0.005,0.005,0.005,0.005,0.005,0.005,0.005,0.005,0.00625,0.00625
0.17857142899999998,0.14285714300000002,0.17857142899999998,0.17857142899999998,0.14285714300000002,0.14285714300000002,0.14285714300000002,0.107142857,0.107142857,0.107142857,0.107142857,0.107142857,0.107142857,0.071428571,0.107142857,0.14285714300000002,0.14285714300000002,0.14285714300000002,0.14285714300000002,0.14285714300000002,0.14285714300000002,0.14285714300000002,0.14285714300000002,0.14285714300000002,0.14285714300000002,0.14285714300000002,0.14285714300000002,0.14285714300000002,0.17857142899999998,0.17857142899999998
0.628452381,0.6266666670000001,0.623988095,0.62172619,0.6201785710000001,0.615654762,0.610714286,0.609107143,0.60577381,0.603035714,0.600654762,0.598988095,0.597619048,0.594761905,0.590952381,0.585357143,0.57952381,0.574880952,0.572202381,0.570119048,0.5675,0.565357143,0.562857143,0.560178571,0.557142857,0.554702381,0.551190476,0.5476785710000001,0.544404762,0.5410714289999999
0.7214285709999999,0.720714286,0.718988095,0.7175,0.716607143,0.7115476190000001,0.7060714290000001,0.7066071429999999,0.7043452379999999,0.7025,0.7009523809999999,0.698333333,0.697142857,0.6948214290000001,0.69077381,0.6838690479999999,0.67797619,0.6735714290000001,0.672261905,0.671369048,0.6683928570000001,0.666964286,0.66452381,0.66125,0.657738095,0.655714286,0.65125,0.64625,0.642678571,0.638511905
0.548452381,0.545059524,0.541785714,0.537797619,0.53625,0.530833333,0.523690476,0.520059524,0.515238095,0.511785714,0.509345238,0.5086309520000001,0.507857143,0.50547619,0.502440476,0.498214286,0.493333333,0.48761904799999994,0.48458333299999995,0.48255952399999996,0.48095238100000004,0.478214286,0.474940476,0.47321428600000004,0.47166666700000004,0.46863095200000005,0.466845238,0.464583333,0.46178571399999996,0.460535714
0.593068966,0.583965517,0.574896552,0.565827586,0.5609655170000001,0.5625862070000001,0.555137931,0.548551724,0.534448276,0.530655172,0.532241379,0.540482759,0.5467586210000001,0.54037931,0.538482759,0.542689655,0.543517241,0.545344828,0.550896552,0.55662069,0.565103448,0.569482759,0.571827586,0.571275862,0.5738275860000001,0.582137931,0.584517241,0.588896552,0.59162069,0.590413793
0.0029885059999999997,0.0029885059999999997,0.0029885059999999997,0.0029885059999999997,0.0029885059999999997,0.006954023,0.004885057,0.004885057,0.004310345,0.004310345,0.004310345,0.004310345,0.004310345,0.004310345,0.004425287,0.004827586,0.004827586,0.004827586,0.004827586,0.004827586,0.004827586,0.004827586,0.004827586,0.004827586,0.004827586,0.004827586,0.004827586,0.004827586,0.006034483,0.006034483
0.172413793,0.172413793,0.172413793,0.172413793,0.172413793,0.172413793,0.137931034,0.137931034,0.10344827599999999,0.10344827599999999,0.10344827599999999,0.10344827599999999,0.10344827599999999,0.10344827599999999,0.10344827599999999,0.137931034,0.137931034,0.137931034,0.137931034,0.137931034,0.137931034,0.137931034,0.137931034,0.137931034,0.137931034,0.137931034,0.137931034,0.137931034,0.172413793,0.172413793
0.629425287,0.627988506,0.625977011,0.623793103,0.621149425,0.616781609,0.612528736,0.609310345,0.6062643679999999,0.603850575,0.601609195,0.599827586,0.598505747,0.594942529,0.590229885,0.585402299,0.580862069,0.576781609,0.573505747,0.57137931,0.569137931,0.567298851,0.564770115,0.562471264,0.560287356,0.55683908,0.554252874,0.550862069,0.5471264370000001,0.54362069
0.7228735629999999,0.7222988509999999,0.7207471259999999,0.7190229890000001,0.716436782,0.71183908,0.707988506,0.7044252870000001,0.703735632,0.703390805,0.7020114940000001,0.7001724140000001,0.698045977,0.693505747,0.689367816,0.683850575,0.6791954020000001,0.67545977,0.673045977,0.6727011490000001,0.670747126,0.669252874,0.666494253,0.6639655170000001,0.661494253,0.656724138,0.655,0.649712644,0.645229885,0.642241379
0.54908046,0.546321839,0.5437931029999999,0.540862069,0.539022989,0.5325287360000001,0.526091954,0.5218965520000001,0.517183908,0.512413793,0.5097126439999999,0.5085057470000001,0.508735632,0.5063218389999999,0.502643678,0.498390805,0.494367816,0.48942528700000004,0.485689655,0.483448276,0.482126437,0.48011494299999996,0.477471264,0.475,0.474367816,0.472011494,0.469425287,0.468103448,0.464770115,0.46143678200000005
0.596433333,0.586433333,0.5777,0.5679333329999999,0.5620666670000001,0.5681,0.561666667,0.5531,0.543233333,0.5331,0.532133333,0.537,0.5428333329999999,0.543133333,0.546,0.5447333329999999,0.543433333,0.547533333,0.5487,0.553233333,0.561733333,0.567866667,0.5722,0.575233333,0.5754,0.578866667,0.584333333,0.588066667,0.590733333,0.5889
0.002922222,0.0028888890000000004,0.0028888890000000004,0.0028888890000000004,0.0028888890000000004,0.006777778000000001,0.006722222,0.004722222,0.004722222,0.004166667,0.004166667,0.004166667,0.004166667,0.004166667,0.004555556,0.004666667,0.004666667,0.004666667,0.004666667,0.004666667,0.004666667,0.004666667,0.004666667,0.004666667,0.004666667,0.004666667,0.004666667,0.004666667,0.0058333330000000004,0.0058333330000000004
0.2,0.166666667,0.2,0.166666667,0.166666667,0.2,0.166666667,0.133333333,0.133333333,0.1,0.1,0.1,0.1,0.1,0.133333333,0.133333333,0.133333333,0.133333333,0.133333333,0.133333333,0.133333333,0.133333333,0.133333333,0.133333333,0.133333333,0.133333333,0.133333333,0.133333333,0.166666667,0.166666667
0.6296666670000001,0.6289444439999999,0.627277778,0.625722222,0.623166667,0.617833333,0.613722222,0.611111111,0.606555556,0.604388889,0.602444444,0.600777778,0.599333333,0.595888889,0.590555556,0.584888889,0.581055556,0.5781666670000001,0.575388889,0.572666667,0.570388889,0.568888889,0.566666667,0.564333333,0.5625,0.559888889,0.556333333,0.5538333329999999,0.550222222,0.546277778
0.722722222,0.723666667,0.7222777779999999,0.720722222,0.717944444,0.711833333,0.7083888890000001,0.706333333,0.701722222,0.702833333,0.702888889,0.7012222220000001,0.699833333,0.6945,0.688277778,0.682722222,0.679333333,0.676722222,0.6748888890000001,0.673444444,0.6720555559999999,0.6715,0.668722222,0.665888889,0.664111111,0.660388889,0.6559999999999999,0.653388889,0.648611111,0.6447222220000001
0.549666667,0.547,0.545055556,0.5428333329999999,0.541944444,0.535333333,0.527888889,0.524277778,0.519055556,0.514388889,0.510388889,0.508888889,0.508611111,0.507222222,0.503555556,0.49872222200000005,0.494666667,0.490555556,0.4875,0.484555556,0.483,0.481277778,0.479333333,0.47744444399999997,0.476055556,0.47461111100000003,0.47266666700000004,0.47055555600000004,0.46816666700000004,0.46433333299999996
