,2014-05-09,2014-05-10,2014-05-11,2014-05-12,2014-05-13,2014-05-14,2014-05-15,2014-05-16,2014-05-17,2014-05-18,2014-05-19,2014-05-20,2014-05-21,2014-05-22,2014-05-23,2014-05-24,2014-05-25,2014-05-26,2014-05-27,2014-05-28,2014-05-29,2014-05-30,2014-05-31,2014-06-01,2014-06-02,2014-06-03,2014-06-04,2014-06-05,2014-06-06,2014-06-07
0,0.8390000000000001,0.608,0.434,0.544,0.7909999999999999,0.6990000000000001,0.591,0.669,0.503,0.48,0.501,0.551,0.45399999999999996,0.653,0.634,0.684,0.688,0.789,0.674,0.495,0.608,0.546,0.425,0.503,0.581,0.735,0.953,0.615,0.588,0.589
1,0.013333333000000001,0.0,0.0,0.07666666700000001,0.033333333,0.0,0.0,0.001,0.0,0.0,0.0,0.0,0.0,0.0,0.0,0.0,0.0,0.07,0.005,0.0,0.0,0.0,0.0,0.0,0.0,0.006666666999999999,0.11,0.0,0.0,0.0
2,1.0,0.0,0.0,1.0,1.0,0.0,0.0,1.0,0.0,0.0,0.0,0.0,0.0,0.0,0.0,0.0,0.0,1.0,1.0,0.0,0.0,0.0,0.0,0.0,0.0,1.0,1.0,0.0,0.0,0.0
3,0.49166666700000006,0.53,0.591666667,0.565,0.523333333,0.57,0.576666667,0.553333333,0.566666667,0.583333333,0.588333333,0.583333333,0.6083333329999999,0.585,0.598333333,0.6166666670000001,0.605,0.591666667,0.573333333,0.63,0.65,0.6366666670000001,0.663333333,0.686666667,0.661666667,0.6266666670000001,0.561666667,0.63,0.6316666670000001,0.656666667
4,0.575,0.6466666670000001,0.721666667,0.6466666670000001,0.59,0.676666667,0.681666667,0.645,0.686666667,0.686666667,0.701666667,0.686666667,0.723333333,0.691666667,0.721666667,0.713333333,0.715,0.665,0.661666667,0.721666667,0.7466666670000001,0.765,0.78,0.805,0.7483333329999999,0.66,0.6,0.713333333,0.685,0.768333333
5,0.441666667,0.41333333299999997,0.465,0.515,0.47666666700000004,0.44833333299999995,0.505,0.49166666700000006,0.455,0.488333333,0.47833333299999997,0.485,0.518333333,0.515,0.47666666700000004,0.543333333,0.531666667,0.555,0.525,0.528333333,0.581666667,0.541666667,0.538333333,0.591666667,0.59,0.593333333,0.541666667,0.561666667,0.59,0.563333333
6,0.6609999999999999,0.7235,0.521,0.489,0.6675,0.745,0.645,0.63,0.586,0.4915,0.4905,0.526,0.5025,0.5535,0.6435,0.659,0.6859999999999999,0.7385,0.7315,0.5845,0.5515,0.5770000000000001,0.4855,0.46399999999999997,0.542,0.6579999999999999,0.8440000000000001,0.784,0.6015,0.5885
7,0.01,0.006666666999999999,0.0,0.038333333,0.055,0.016666667,0.0,0.0005,0.0005,0.0,0.0,0.0,0.0,0.0,0.0,0.0,0.0,0.035,0.0375,0.0025,0.0,0.0,0.0,0.0,0.0,0.003333333,0.058333333,0.055,0.0,0.0
8,1.0,0.5,0.0,0.5,1.0,0.5,0.0,0.5,0.5,0.0,0.0,0.0,0.0,0.0,0.0,0.0,0.0,0.5,1.0,0.5,0.0,0.0,0.0,0.0,0.0,0.5,1.0,0.5,0.0,0.0
9,0.5016666670000001,0.510833333,0.5608333329999999,0.578333333,0.544166667,0.546666667,0.573333333,0.565,0.56,0.575,0.585833333,0.585833333,0.595833333,0.596666667,0.591666667,0.6075,0.610833333,0.598333333,0.5825,0.601666667,0.64,0.643333333,0.65,0.675,0.674166667,0.644166667,0.594166667,0.595833333,0.630833333,0.644166667
10,0.598333333,0.610833333,0.6841666670000001,0.6841666670000001,0.6183333329999999,0.6333333329999999,0.6791666670000001,0.663333333,0.6658333329999999,0.686666667,0.6941666670000001,0.6941666670000001,0.705,0.7075,0.706666667,0.7175,0.714166667,0.69,0.663333333,0.691666667,0.734166667,0.755833333,0.7725,0.7925,0.776666667,0.7041666670000001,0.63,0.656666667,0.6991666670000001,0.726666667
11,0.418333333,0.4275,0.439166667,0.49,0.495833333,0.4625,0.47666666700000004,0.498333333,0.47333333299999997,0.47166666700000004,0.483333333,0.48166666700000005,0.5016666670000001,0.5166666670000001,0.495833333,0.51,0.5375,0.543333333,0.54,0.526666667,0.555,0.561666667,0.54,0.565,0.590833333,0.591666667,0.5675,0.551666667,0.575833333,0.576666667
12,0.593666667,0.643333333,0.627,0.528666667,0.589666667,0.6779999999999999,0.693666667,0.653,0.587666667,0.550666667,0.494666667,0.5106666670000001,0.502,0.552666667,0.580333333,0.657,0.668666667,0.720333333,0.7170000000000001,0.652666667,0.592333333,0.549666667,0.526333333,0.491333333,0.503,0.6063333329999999,0.7563333329999999,0.7676666670000001,0.718666667,0.597333333
13,0.006666666999999999,0.006666666999999999,0.0044444440000000005,0.025555556,0.036666667,0.036666667,0.011111111000000002,0.00033333300000000006,0.00033333300000000006,0.00033333300000000006,0.0,0.0,0.0,0.0,0.0,0.0,0.0,0.023333332999999998,0.025,0.025,0.0016666670000000001,0.0,0.0,0.0,0.0,0.0022222220000000003,0.038888888999999996,0.038888888999999996,0.036666667,0.0
14,0.666666667,0.666666667,0.333333333,0.333333333,0.666666667,0.666666667,0.333333333,0.333333333,0.333333333,0.333333333,0.0,0.0,0.0,0.0,0.0,0.0,0.0,0.333333333,0.666666667,0.666666667,0.333333333,0.0,0.0,0.0,0.0,0.333333333,0.666666667,0.666666667,0.333333333,0.0
15,0.490555556,0.5111111110000001,0.5377777779999999,0.562222222,0.56,0.5527777779999999,0.556666667,0.566666667,0.5655555560000001,0.567777778,0.579444444,0.585,0.593333333,0.5922222220000001,0.5972222220000001,0.6,0.606666667,0.604444444,0.59,0.598333333,0.617777778,0.638888889,0.65,0.662222222,0.670555556,0.658333333,0.6166666670000001,0.606111111,0.607777778,0.639444444
16,0.587777778,0.614444444,0.6477777779999999,0.671666667,0.6527777779999999,0.637777778,0.649444444,0.6677777779999999,0.671111111,0.6727777779999999,0.691666667,0.691666667,0.703888889,0.700555556,0.7122222220000001,0.708888889,0.716666667,0.697777778,0.680555556,0.682777778,0.71,0.7444444440000001,0.7638888890000001,0.783333333,0.7777777779999999,0.737777778,0.669444444,0.6577777779999999,0.666111111,0.7222222220000001
17,0.40444444399999996,0.41666666700000005,0.44,0.464444444,0.485555556,0.48,0.47666666700000004,0.48166666700000005,0.483888889,0.47833333299999997,0.473888889,0.483888889,0.493888889,0.5061111110000001,0.5033333329999999,0.5116666670000001,0.517222222,0.543333333,0.537222222,0.536111111,0.545,0.5505555560000001,0.553888889,0.557222222,0.573333333,0.591666667,0.575,0.5655555560000001,0.5644444439999999,0.571666667
18,0.5865,0.59725,0.591,0.60625,0.59425,0.617,0.65625,0.6875,0.6155,0.56075,0.53825,0.50875,0.4965,0.53975,0.573,0.60625,0.66475,0.69875,0.70875,0.6615,0.6415,0.58075,0.5185,0.5205,0.51375,0.561,0.693,0.721,0.72275,0.68625
19,0.005,0.005,0.005,0.0225,0.0275,0.0275,0.0275,0.008583333,0.00025,0.00025,0.00025,0.0,0.0,0.0,0.0,0.0,0.0,0.0175,0.01875,0.01875,0.01875,0.00125,0.0,0.0,0.0,0.0016666670000000001,0.029166667,0.029166667,0.029166667,0.0275
20,0.5,0.5,0.5,0.5,0.5,0.5,0.5,0.5,0.25,0.25,0.25,0.0,0.0,0.0,0.0,0.0,0.0,0.25,0.5,0.5,0.5,0.25,0.0,0.0,0.0,0.25,0.5,0.5,0.5,0.25
21,0.4775,0.500416667,0.53125,0.544583333,0.5525,0.5625,0.55875,0.5558333329999999,0.566666667,0.57,0.572916667,0.580416667,0.590833333,0.59125,0.59375,0.6020833329999999,0.60125,0.602916667,0.596666667,0.6,0.61125,0.6225,0.645,0.659166667,0.662083333,0.6595833329999999,0.634166667,0.62,0.6125,0.62
22,0.567916667,0.6025,0.64125,0.6475,0.65125,0.65875,0.64875,0.648333333,0.6725,0.675,0.68,0.690416667,0.699583333,0.700833333,0.705833333,0.7125,0.7104166670000001,0.70375,0.68875,0.6908333329999999,0.69875,0.72375,0.7533333329999999,0.774166667,0.7745833329999999,0.7483333329999999,0.703333333,0.680416667,0.6645833329999999,0.691666667
23,0.394166667,0.40666666700000004,0.42875,0.45875,0.4675,0.47625,0.48625,0.480416667,0.475,0.485,0.47833333299999997,0.47666666700000004,0.4925,0.499166667,0.49875,0.513333333,0.5166666670000001,0.526666667,0.53875,0.535,0.5475,0.544166667,0.5475,0.563333333,0.565416667,0.578333333,0.5791666670000001,0.571666667,0.571666667,0.5641666670000001
24,0.5848,0.5908,0.5646,0.5816,0.6432,0.6152,0.6118,0.6588,0.6506,0.5884,0.5488,0.5408,0.4978,0.5278,0.5586,0.5952,0.6226,0.6896,0.6938,0.6659999999999999,0.6508,0.6224,0.5496,0.5154,0.5326,0.5579999999999999,0.6394,0.6774,0.6944,0.696
25,0.0041333329999999995,0.004,0.004,0.019333333,0.024666667000000003,0.022000000000000002,0.022000000000000002,0.0222,0.006866667,0.0002,0.0002,0.0002,0.0,0.0,0.0,0.0,0.0,0.013999999999999999,0.015,0.015,0.015,0.015,0.001,0.0,0.0,0.001333333,0.023333332999999998,0.023333332999999998,0.023333332999999998,0.023333332999999998
26,0.6,0.4,0.4,0.6,0.6,0.4,0.4,0.6,0.4,0.2,0.2,0.2,0.0,0.0,0.0,0.0,0.0,0.2,0.4,0.4,0.4,0.4,0.2,0.0,0.0,0.2,0.4,0.4,0.4,0.4
27,0.473,0.488,0.5186666670000001,0.5379999999999999,0.540333333,0.556,0.565333333,0.557666667,0.5579999999999999,0.57,0.573666667,0.575,0.586,0.589666667,0.592666667,0.598333333,0.602666667,0.599333333,0.597,0.6033333329999999,0.61,0.6163333329999999,0.6306666670000001,0.653333333,0.659666667,0.655,0.64,0.6333333329999999,0.6223333329999999,0.6213333329999999
28,0.572666667,0.583666667,0.6263333329999999,0.642333333,0.636,0.656333333,0.663333333,0.648,0.6559999999999999,0.675333333,0.680333333,0.681333333,0.6970000000000001,0.698,0.705,0.707333333,0.713,0.701333333,0.695333333,0.695333333,0.7020000000000001,0.7120000000000001,0.735,0.7636666670000001,0.769,0.7516666670000001,0.718666667,0.705333333,0.681333333,0.685333333
29,0.393666667,0.39799999999999996,0.418333333,0.446,0.46233333299999996,0.46366666700000003,0.48200000000000004,0.487333333,0.47533333299999997,0.47766666700000004,0.48366666700000005,0.47966666700000005,0.485,0.49700000000000005,0.494666667,0.5076666670000001,0.517,0.524333333,0.526333333,0.536666667,0.544333333,0.546333333,0.5429999999999999,0.556333333,0.568666667,0.5710000000000001,0.5710000000000001,0.575666667,0.575333333,0.57
30,0.578333333,0.588666667,0.564666667,0.5611666670000001,0.6165,0.6525,0.611166667,0.6213333329999999,0.632833333,0.622166667,0.573833333,0.549166667,0.526333333,0.523666667,0.5455,0.5795,0.610666667,0.650333333,0.687,0.660666667,0.656333333,0.6333333329999999,0.5895,0.5418333329999999,0.526333333,0.566333333,0.623833333,0.635333333,0.6625,0.6768333329999999
31,0.003444444,0.003444444,0.003333333,0.016111111,0.021666667,0.020555556000000003,0.018333333,0.0185,0.0185,0.005722222,0.000166667,0.000166667,0.000166667,0.0,0.0,0.0,0.0,0.011666667,0.0125,0.0125,0.0125,0.0125,0.0125,0.000833333,0.0,0.0011111110000000001,0.019444443999999998,0.019444443999999998,0.019444443999999998,0.019444443999999998
32,0.5,0.5,0.333333333,0.5,0.666666667,0.5,0.333333333,0.5,0.5,0.333333333,0.166666667,0.166666667,0.166666667,0.0,0.0,0.0,0.0,0.166666667,0.333333333,0.333333333,0.333333333,0.333333333,0.333333333,0.166666667,0.0,0.166666667,0.333333333,0.333333333,0.333333333,0.333333333
33,0.472222222,0.4825,0.505277778,0.526388889,0.535555556,0.545277778,0.5594444439999999,0.563333333,0.5591666670000001,0.562222222,0.573055556,0.575277778,0.580555556,0.585833333,0.591111111,0.596666667,0.599444444,0.600833333,0.595,0.6025,0.611111111,0.614444444,0.624166667,0.64,0.6547222220000001,0.654166667,0.639444444,0.638333333,0.633055556,0.6280555560000001
34,0.5725,0.585,0.606666667,0.629722222,0.633611111,0.642777778,0.660555556,0.660277778,0.654444444,0.661111111,0.679722222,0.681388889,0.688333333,0.6961111109999999,0.7019444440000001,0.7063888890000001,0.708611111,0.705,0.694722222,0.699722222,0.703888889,0.7125,0.723333333,0.7466666670000001,0.761111111,0.750833333,0.7263888890000001,0.717777778,0.7019444440000001,0.6958333329999999
35,0.391944444,0.396944444,0.40916666700000004,0.434444444,0.451111111,0.46,0.47055555600000004,0.48361111100000004,0.48194444399999997,0.4775,0.477777778,0.483888889,0.48611111100000004,0.49,0.493611111,0.502777778,0.5116666670000001,0.523333333,0.524444444,0.526666667,0.544166667,0.543888889,0.545,0.551111111,0.561944444,0.572777778,0.566111111,0.5694444439999999,0.578055556,0.573333333
36,0.597,0.582571429,0.566571429,0.5617142860000001,0.594,0.628285714,0.643714286,0.619428571,0.604428571,0.611,0.6048571429999999,0.570571429,0.535571429,0.544428571,0.539428571,0.5652857139999999,0.595,0.6361428570000001,0.653714286,0.659571429,0.6531428570000001,0.640571429,0.6035714289999999,0.577142857,0.547428571,0.556142857,0.621571429,0.622571429,0.628571429,0.652
37,0.0034285709999999996,0.0029523809999999996,0.0029523809999999996,0.013809523999999998,0.018571429,0.018571429,0.017619048000000002,0.015857143,0.015857143,0.015857143,0.004904762,0.000142857,0.000142857,0.000142857,0.0,0.0,0.0,0.01,0.010714286000000002,0.010714286000000002,0.010714286000000002,0.010714286000000002,0.010714286000000002,0.010714286000000002,0.0007142860000000001,0.0009523810000000001,0.016666667,0.016666667,0.016666667,0.016666667
38,0.571428571,0.428571429,0.428571429,0.428571429,0.571428571,0.571428571,0.428571429,0.428571429,0.428571429,0.428571429,0.28571428600000004,0.14285714300000002,0.14285714300000002,0.14285714300000002,0.0,0.0,0.0,0.14285714300000002,0.28571428600000004,0.28571428600000004,0.28571428600000004,0.28571428600000004,0.28571428600000004,0.28571428600000004,0.14285714300000002,0.14285714300000002,0.28571428600000004,0.28571428600000004,0.28571428600000004,0.28571428600000004
39,0.477857143,0.48047619,0.498095238,0.513809524,0.525952381,0.54047619,0.549761905,0.558571429,0.563809524,0.562619048,0.565952381,0.57452381,0.58,0.5811904760000001,0.587619048,0.594761905,0.5978571429999999,0.598333333,0.596904762,0.6,0.609285714,0.614761905,0.621428571,0.633095238,0.643095238,0.650714286,0.640952381,0.638095238,0.637380952,0.636428571
40,0.58547619,0.583095238,0.60452381,0.612380952,0.6240476189999999,0.639761905,0.648333333,0.658333333,0.664047619,0.659047619,0.666904762,0.680714286,0.687380952,0.6888095240000001,0.699761905,0.703571429,0.707619048,0.7023809520000001,0.6988095240000001,0.698571429,0.7064285709999999,0.712619048,0.722142857,0.735,0.746904762,0.7466666670000001,0.7292857140000001,0.72452381,0.713095238,0.7114285709999999
41,0.39809523799999996,0.395,0.40666666700000004,0.424285714,0.44047619,0.450714286,0.466428571,0.473571429,0.47952381,0.482857143,0.477619048,0.478809524,0.488809524,0.490238095,0.488095238,0.500714286,0.506904762,0.517857143,0.523571429,0.525,0.53452381,0.5438095239999999,0.5430952379999999,0.551666667,0.556666667,0.566428571,0.568333333,0.56547619,0.572380952,0.575952381
42,0.598,0.598375,0.564,0.56375,0.590375,0.607125,0.623625,0.646875,0.604875,0.588875,0.59725,0.598125,0.556,0.55025,0.555625,0.5575,0.580625,0.61925,0.640875,0.633875,0.653125,0.63975,0.613625,0.591,0.577625,0.570875,0.60575,0.62075,0.61825,0.623625
43,0.003,0.003,0.0025833329999999997,0.012166666999999999,0.01625,0.01625,0.01625,0.015541667,0.013875,0.013875,0.013875,0.004291667,0.000125,0.000125,0.000125,0.0,0.0,0.00875,0.009375,0.009375,0.009375,0.009375,0.009375,0.009375,0.009375,0.0014583329999999998,0.014583333,0.014583333,0.014583333,0.014583333
44,0.5,0.5,0.375,0.5,0.5,0.5,0.5,0.5,0.375,0.375,0.375,0.25,0.125,0.125,0.125,0.0,0.0,0.125,0.25,0.25,0.25,0.25,0.25,0.25,0.25,0.25,0.25,0.25,0.25,0.25
45,0.482708333,0.484375,0.494375,0.506458333,0.515,0.531458333,0.545,0.5502083329999999,0.559583333,0.56625,0.5658333329999999,0.568125,0.57875,0.580625,0.583333333,0.59125,0.596041667,0.5970833329999999,0.595208333,0.6010416670000001,0.60625,0.6127083329999999,0.620833333,0.629583333,0.6366666670000001,0.641041667,0.6395833329999999,0.6395833329999999,0.6372916670000001,0.639791667
46,0.589583333,0.593125,0.6004166670000001,0.609791667,0.609583333,0.630625,0.645,0.6479166670000001,0.661875,0.666875,0.664375,0.669375,0.686041667,0.687916667,0.692916667,0.7014583329999999,0.705,0.702291667,0.697291667,0.701666667,0.704583333,0.71375,0.721041667,0.7325,0.736666667,0.7360416670000001,0.7283333329999999,0.727291667,0.719583333,0.72
47,0.40125,0.4,0.40375,0.420208333,0.430833333,0.441458333,0.4575,0.469583333,0.47125,0.480625,0.48229166700000003,0.478541667,0.48375,0.49208333299999996,0.488541667,0.495,0.504583333,0.512916667,0.51875,0.524166667,0.532083333,0.535416667,0.543125,0.549166667,0.5564583329999999,0.56125,0.563333333,0.5675,0.5685416670000001,0.57125
48,0.600555556,0.599111111,0.580111111,0.561777778,0.589,0.602444444,0.6053333329999999,0.6286666670000001,0.630888889,0.591,0.579111111,0.592111111,0.582111111,0.566777778,0.5595555560000001,0.569888889,0.5720000000000001,0.603777778,0.6253333329999999,0.6246666670000001,0.631,0.641222222,0.6158888889999999,0.601333333,0.589888889,0.595111111,0.6133333329999999,0.606777778,0.617111111,0.615
49,0.002666667,0.002666667,0.002666667,0.010814815,0.014518518999999999,0.014444443999999999,0.014444443999999999,0.014555556,0.013814815,0.012333333,0.012333333,0.012333333,0.003814815,0.000111111,0.000111111,0.000111111,0.0,0.007777778000000001,0.008333333,0.008333333,0.008333333,0.008333333,0.008333333,0.008333333,0.008333333,0.009074074,0.013518519,0.012962963000000001,0.012962963000000001,0.012962963000000001
50,0.5555555560000001,0.444444444,0.444444444,0.444444444,0.5555555560000001,0.444444444,0.444444444,0.5555555560000001,0.444444444,0.333333333,0.333333333,0.333333333,0.222222222,0.111111111,0.111111111,0.111111111,0.0,0.111111111,0.222222222,0.222222222,0.222222222,0.222222222,0.222222222,0.222222222,0.222222222,0.333333333,0.333333333,0.222222222,0.222222222,0.222222222
51,0.48666666700000005,0.48796296299999997,0.496296296,0.502222222,0.5083333329999999,0.521111111,0.536481481,0.545925926,0.5520370370000001,0.562222222,0.568703704,0.567777778,0.572592593,0.579444444,0.582592593,0.587037037,0.592777778,0.595555556,0.594444444,0.599074074,0.606481481,0.60962963,0.6183333329999999,0.628148148,0.633148148,0.635555556,0.632222222,0.638518519,0.638703704,0.639444444
52,0.591481481,0.595925926,0.6074074070000001,0.605555556,0.607592593,0.617037037,0.636296296,0.645,0.652222222,0.66462963,0.670740741,0.6668518520000001,0.67537037,0.686666667,0.691666667,0.695185185,0.7029629629999999,0.700555556,0.697777778,0.7,0.706666667,0.711296296,0.7211111109999999,0.73037037,0.7342592590000001,0.7281481479999999,0.7209259259999999,0.726666667,0.722592593,0.725
53,0.40555555600000004,0.40259259299999994,0.407222222,0.41611111100000003,0.426481481,0.43277777799999995,0.448518519,0.461296296,0.46796296299999995,0.473148148,0.48037037,0.48259259299999996,0.48296296299999997,0.48722222200000004,0.49037037,0.49462963,0.499074074,0.510185185,0.514259259,0.519814815,0.530555556,0.533148148,0.535740741,0.548518519,0.553703704,0.5605555560000001,0.559074074,0.563148148,0.57,0.5679629629999999
54,0.61,0.6013,0.5826,0.5765,0.5847,0.6,0.6013,0.6117,0.6161,0.6158,0.5820000000000001,0.5763,0.5783,0.5892,0.5735,0.5720000000000001,0.5817,0.5937,0.6108,0.6123,0.623,0.6225,0.6196,0.6046,0.5993,0.6044,0.6309,0.6135,0.6049,0.6143
55,0.004233333,0.0024,0.0024,0.010066667,0.013066666999999999,0.013066666999999999,0.013000000000000001,0.0131,0.0131,0.012433333000000001,0.0111,0.0111,0.0111,0.003433333,0.0001,0.0001,0.0001,0.006999999999999999,0.0075,0.0075,0.0075,0.0075,0.0075,0.0075,0.0075,0.008166666999999999,0.019166667,0.012166666999999999,0.011666667,0.011666667
56,0.6,0.5,0.4,0.5,0.5,0.5,0.4,0.5,0.5,0.4,0.3,0.3,0.3,0.2,0.1,0.1,0.1,0.1,0.2,0.2,0.2,0.2,0.2,0.2,0.2,0.3,0.4,0.3,0.2,0.2
57,0.488,0.491,0.498333333,0.503166667,0.5043333329999999,0.5145,0.526666667,0.538166667,0.5479999999999999,0.5551666670000001,0.5648333329999999,0.5701666670000001,0.5718333329999999,0.573833333,0.581333333,0.586,0.588833333,0.592666667,0.593333333,0.598,0.604166667,0.6095,0.615,0.625166667,0.6315,0.6325,0.628166667,0.632,0.637833333,0.6405
58,0.588833333,0.597,0.6085,0.6113333329999999,0.604,0.6145,0.6235,0.637166667,0.649166667,0.655666667,0.668333333,0.672333333,0.6725,0.677,0.6901666670000001,0.6938333329999999,0.6971666670000001,0.6991666670000001,0.696666667,0.7001666670000001,0.704666667,0.7125,0.718166667,0.7295,0.732166667,0.726833333,0.715333333,0.720166667,0.7225,0.727166667
59,0.40983333299999997,0.40633333299999996,0.40883333299999997,0.418,0.42216666700000005,0.42866666700000006,0.44,0.45283333299999995,0.46066666700000003,0.47,0.47366666700000004,0.480833333,0.48616666700000005,0.48616666700000005,0.48616666700000005,0.495666667,0.498333333,0.5046666670000001,0.5116666670000001,0.5156666670000001,0.526,0.531666667,0.533666667,0.541333333,0.552666667,0.557666667,0.558666667,0.559333333,0.5658333329999999,0.569333333
60,0.6378181820000001,0.609818182,0.5860909089999999,0.5790909089999999,0.596,0.595090909,0.5991818179999999,0.607454545,0.601818182,0.603727273,0.605363636,0.579181818,0.565181818,0.5850909089999999,0.593272727,0.583545455,0.582545455,0.600545455,0.601,0.600272727,0.611909091,0.616,0.604545455,0.609,0.602454545,0.611636364,0.636090909,0.629454545,0.6111818179999999,0.603454545
61,0.007939394,0.003848485,0.002181818,0.009151515,0.012181818,0.011878788000000001,0.011878788000000001,0.011909091,0.011909091,0.011909091,0.01130303,0.010090909,0.010090909,0.010090909,0.003121212,9.09e-05,9.09e-05,0.006454545,0.006818182,0.006818182,0.006818182,0.006818182,0.006818182,0.006818182,0.006818182,0.007424241999999999,0.017424242,0.017424242,0.011060606,0.010606061000000002
62,0.636363636,0.545454545,0.454545455,0.454545455,0.545454545,0.454545455,0.454545455,0.454545455,0.454545455,0.454545455,0.363636364,0.272727273,0.272727273,0.272727273,0.181818182,0.090909091,0.090909091,0.181818182,0.181818182,0.181818182,0.181818182,0.181818182,0.181818182,0.181818182,0.181818182,0.272727273,0.363636364,0.363636364,0.272727273,0.181818182
63,0.48696969700000003,0.49181818200000005,0.500151515,0.504393939,0.505,0.51030303,0.520151515,0.529090909,0.540757576,0.551212121,0.558181818,0.566515152,0.573636364,0.573030303,0.576060606,0.584545455,0.5877272729999999,0.5890909089999999,0.590909091,0.596666667,0.602727273,0.607121212,0.614393939,0.6215151520000001,0.6284848479999999,0.631060606,0.626060606,0.6283333329999999,0.631969697,0.639545455
64,0.580757576,0.594090909,0.6083333329999999,0.611969697,0.6093939389999999,0.610606061,0.620606061,0.625454545,0.6416666670000001,0.652575758,0.659848485,0.67,0.676969697,0.674242424,0.681060606,0.692272727,0.695757576,0.694242424,0.695757576,0.698939394,0.704393939,0.710151515,0.7186363640000001,0.7260606059999999,0.731212121,0.7256060609999999,0.71530303,0.715151515,0.716969697,0.726666667
65,0.41378787899999997,0.410151515,0.41166666700000004,0.41848484799999996,0.423333333,0.424545455,0.435606061,0.44469697,0.45303030299999997,0.46318181799999997,0.470757576,0.47469697,0.484242424,0.488787879,0.48530303,0.491363636,0.498939394,0.5034848479999999,0.5065151520000001,0.513181818,0.5216666670000001,0.527424242,0.5322727270000001,0.538939394,0.545757576,0.556363636,0.5562121210000001,0.558939394,0.562121212,0.565606061
66,0.656833333,0.635333333,0.595166667,0.582583333,0.59675,0.604583333,0.59475,0.605,0.59875,0.591666667,0.595166667,0.600833333,0.56875,0.5725,0.589166667,0.600833333,0.59225,0.59975,0.606666667,0.592166667,0.600916667,0.6064166670000001,0.6000833329999999,0.5960833329999999,0.606666667,0.6135,0.640083333,0.6343333329999999,0.626,0.6093333329999999
67,0.009638889,0.007277778,0.003527778,0.008388889,0.011166667,0.011166667,0.010888888999999999,0.010972222,0.010916667,0.010916667,0.010916667,0.010361111,0.00925,0.00925,0.00925,0.002861111,8.329999999999999e-05,0.005916667,0.006333333000000001,0.00625,0.00625,0.00625,0.00625,0.00625,0.00625,0.006805556,0.015972222,0.015972222,0.015972222,0.010138889
68,0.666666667,0.583333333,0.5,0.5,0.5,0.5,0.41666666700000005,0.5,0.41666666700000005,0.41666666700000005,0.41666666700000005,0.333333333,0.25,0.25,0.25,0.166666667,0.083333333,0.166666667,0.25,0.166666667,0.166666667,0.166666667,0.166666667,0.166666667,0.166666667,0.25,0.333333333,0.333333333,0.333333333,0.25
69,0.488888889,0.490555556,0.500138889,0.505555556,0.505972222,0.510416667,0.515833333,0.5229166670000001,0.532222222,0.544305556,0.554305556,0.560277778,0.57,0.574583333,0.575138889,0.579444444,0.58625,0.588055556,0.587777778,0.594166667,0.601111111,0.605555556,0.611805556,0.620416667,0.624861111,0.6283333329999999,0.625277778,0.626388889,0.628611111,0.634027778
70,0.5786111110000001,0.58625,0.604722222,0.611527778,0.610138889,0.615,0.6165277779999999,0.622638889,0.630555556,0.645416667,0.656666667,0.662083333,0.674444444,0.6781944440000001,0.6781944440000001,0.68375,0.6941666670000001,0.6931944440000001,0.691527778,0.697916667,0.702916667,0.7094444440000001,0.715972222,0.725833333,0.727916667,0.7252777779999999,0.7151388890000001,0.7151388890000001,0.712638889,0.72125
71,0.41902777799999996,0.41375,0.41472222200000003,0.420277778,0.423333333,0.425416667,0.43125,0.44027777799999995,0.445555556,0.45597222200000004,0.464444444,0.47194444399999996,0.47833333299999997,0.48680555600000003,0.487777778,0.49013888899999997,0.49472222200000004,0.503611111,0.505277778,0.5083333329999999,0.518888889,0.523333333,0.528333333,0.537222222,0.5431944439999999,0.549722222,0.555138889,0.556666667,0.561527778,0.562222222
72,0.636230769,0.653076923,0.619846154,0.5912307689999999,0.598615385,0.604615385,0.603538462,0.600461538,0.597153846,0.589615385,0.5846923079999999,0.591769231,0.589538462,0.575230769,0.577230769,0.596461538,0.6075384620000001,0.607384615,0.605461538,0.5980769229999999,0.593384615,0.596692308,0.592461538,0.592615385,0.594923077,0.6165384620000001,0.639615385,0.638153846,0.630769231,0.623153846
73,0.008897436,0.008897436,0.006717949,0.009153846,0.010307692,0.010307692,0.010307692,0.010128205,0.010128205,0.010076923,0.010076923,0.010076923,0.009564103000000001,0.008538462,0.008538462,0.008538462,0.002641026,0.005461538,0.005846154,0.005846154,0.005769231,0.005769231,0.005769231,0.005769231,0.005769231,0.0062820509999999994,0.01474359,0.01474359,0.01474359,0.01474359
74,0.615384615,0.615384615,0.538461538,0.538461538,0.538461538,0.46153846200000004,0.46153846200000004,0.46153846200000004,0.46153846200000004,0.384615385,0.384615385,0.384615385,0.307692308,0.23076923100000002,0.23076923100000002,0.23076923100000002,0.153846154,0.153846154,0.23076923100000002,0.23076923100000002,0.153846154,0.153846154,0.153846154,0.153846154,0.153846154,0.23076923100000002,0.307692308,0.307692308,0.307692308,0.307692308
75,0.494487179,0.49205128200000003,0.498333333,0.505128205,0.506923077,0.510897436,0.5155128210000001,0.518717949,0.526282051,0.536153846,0.547692308,0.556538462,0.563974359,0.571153846,0.5764102560000001,0.578333333,0.5814102560000001,0.586666667,0.586923077,0.591025641,0.598461538,0.603846154,0.61,0.617564103,0.623589744,0.625,0.6232051279999999,0.625641026,0.6267948720000001,0.630769231
76,0.585897436,0.583846154,0.596666667,0.6079487179999999,0.609871795,0.61525641,0.620128205,0.618717949,0.627564103,0.634871795,0.64974359,0.658974359,0.666794872,0.675769231,0.681538462,0.680897436,0.686153846,0.691923077,0.690769231,0.693846154,0.701666667,0.7076923079999999,0.714871795,0.7228205129999999,0.727564103,0.722692308,0.7156410259999999,0.715,0.7128205129999999,0.716923077
77,0.423076923,0.418589744,0.41769230799999996,0.422435897,0.424615385,0.42525641,0.431538462,0.435897436,0.441410256,0.448846154,0.457692308,0.466025641,0.47551282100000003,0.481153846,0.486025641,0.49205128200000003,0.493333333,0.499358974,0.50525641,0.507051282,0.513974359,0.5206410260000001,0.524487179,0.533205128,0.541282051,0.5470512820000001,0.549102564,0.555641026,0.559230769,0.561666667
78,0.614,0.634214286,0.637428571,0.614428571,0.6055,0.605785714,0.603642857,0.608214286,0.5935,0.588785714,0.583285714,0.582285714,0.5819285710000001,0.594071429,0.579428571,0.584857143,0.603,0.6205,0.612142857,0.5975714289999999,0.598785714,0.59,0.584428571,0.586071429,0.591785714,0.604928571,0.640571429,0.637857143,0.634571429,0.6277857139999999
79,0.008261905,0.008261905,0.008261905,0.011714286,0.010880952,0.009571429000000001,0.009571429000000001,0.009642857,0.009404761999999999,0.009404761999999999,0.009357143,0.009357143,0.009357143,0.008880952,0.007928571,0.007928571,0.007928571,0.007452381,0.005428571,0.005428571,0.005428571,0.005357143000000001,0.005357143000000001,0.005357143000000001,0.005357143000000001,0.0058333330000000004,0.013690476000000002,0.013690476000000002,0.013690476000000002,0.013690476000000002
80,0.571428571,0.571428571,0.571428571,0.571428571,0.571428571,0.5,0.428571429,0.5,0.428571429,0.428571429,0.35714285700000004,0.35714285700000004,0.35714285700000004,0.28571428600000004,0.214285714,0.214285714,0.214285714,0.214285714,0.214285714,0.214285714,0.214285714,0.14285714300000002,0.14285714300000002,0.14285714300000002,0.14285714300000002,0.214285714,0.28571428600000004,0.28571428600000004,0.28571428600000004,0.28571428600000004
81,0.49964285700000005,0.49702381,0.499166667,0.503095238,0.506428571,0.511428571,0.515595238,0.518214286,0.5221428570000001,0.5303571429999999,0.5398809520000001,0.550238095,0.560238095,0.56547619,0.573095238,0.579285714,0.580238095,0.582142857,0.585714286,0.59,0.595238095,0.601190476,0.608095238,0.61547619,0.620714286,0.623809524,0.62047619,0.623690476,0.626071429,0.628928571
82,0.592738095,0.590238095,0.593690476,0.600238095,0.606666667,0.614642857,0.62,0.621904762,0.623571429,0.6317857139999999,0.639642857,0.652380952,0.663571429,0.668571429,0.6790476190000001,0.6838095240000001,0.683333333,0.684642857,0.689761905,0.69297619,0.697619048,0.706190476,0.7128571429999999,0.721309524,0.7246428570000001,0.722738095,0.713928571,0.71547619,0.7128571429999999,0.716785714
83,0.425357143,0.42238095200000003,0.42190476200000004,0.42464285700000004,0.426309524,0.426309524,0.430952381,0.435833333,0.437261905,0.444761905,0.450952381,0.459642857,0.469761905,0.47833333299999997,0.480833333,0.49011904799999995,0.49488095200000004,0.497738095,0.501190476,0.506904762,0.512380952,0.515952381,0.521904762,0.529285714,0.537261905,0.545,0.546666667,0.55,0.5580952379999999,0.55952381
84,0.605733333,0.6136,0.620866667,0.6312,0.6262,0.611733333,0.6048,0.608,0.6012,0.585933333,0.5829333329999999,0.5811333329999999,0.573733333,0.586666667,0.596733333,0.5864,0.591733333,0.6154,0.624066667,0.6043333329999999,0.5982666670000001,0.5952666670000001,0.579,0.579,0.585733333,0.601333333,0.628133333,0.638866667,0.6345333329999999,0.6315333329999999
85,0.007711111,0.007711111,0.007711111,0.012822222,0.013155556,0.010155556,0.008933333,0.009000000000000001,0.009000000000000001,0.008777778,0.008777778,0.008733333000000001,0.008733333000000001,0.008733333000000001,0.008288889,0.0074,0.0074,0.012066667,0.007288889000000001,0.005066667,0.005066667,0.005066667,0.005,0.005,0.005,0.0054444440000000005,0.012777778,0.012777778,0.012777778,0.012777778
86,0.533333333,0.533333333,0.533333333,0.6,0.6,0.533333333,0.46666666700000003,0.46666666700000003,0.46666666700000003,0.4,0.4,0.333333333,0.333333333,0.333333333,0.26666666699999997,0.2,0.2,0.26666666699999997,0.26666666699999997,0.2,0.2,0.2,0.133333333,0.133333333,0.133333333,0.2,0.26666666699999997,0.26666666699999997,0.26666666699999997,0.26666666699999997
87,0.5036666670000001,0.5016666670000001,0.5033333329999999,0.503555556,0.504444444,0.5106666670000001,0.515777778,0.5181111110000001,0.521444444,0.526222222,0.534222222,0.5427777779999999,0.554111111,0.561888889,0.567666667,0.5760000000000001,0.581,0.581,0.581555556,0.588666667,0.594,0.598,0.6053333329999999,0.6133333329999999,0.618555556,0.621111111,0.6196666670000001,0.621111111,0.624222222,0.628111111
88,0.599,0.596333333,0.599,0.5972222220000001,0.599555556,0.6113333329999999,0.619111111,0.6216666670000001,0.626222222,0.627777778,0.636444444,0.642777778,0.657111111,0.665444444,0.672111111,0.681333333,0.6858888890000001,0.682111111,0.683111111,0.691888889,0.696555556,0.7021111109999999,0.7111111109999999,0.7190000000000001,0.7231111109999999,0.720333333,0.714555556,0.713888889,0.7134444440000001,0.716555556
89,0.427111111,0.424555556,0.42522222200000004,0.428111111,0.428111111,0.427777778,0.431555556,0.435,0.437111111,0.440666667,0.447,0.453222222,0.46355555600000004,0.472777778,0.47822222200000003,0.485,0.492888889,0.498888889,0.499555556,0.503,0.511888889,0.514333333,0.517444444,0.526555556,0.533333333,0.541,0.5447777779999999,0.547666667,0.552666667,0.558444444
90,0.59875,0.605875,0.602375,0.6160625,0.6411875,0.63075,0.6104375,0.6088125,0.6014375,0.593625,0.580625,0.5809375,0.5731875,0.5786875,0.589625,0.6021875,0.59275,0.6040625,0.6190625,0.616,0.6045625,0.595,0.584625,0.57425,0.579125,0.5950625,0.6233125,0.6273125,0.6356875,0.6316875
91,0.007229167,0.007229167,0.007229167,0.012020833,0.014104166999999999,0.012333333,0.009520833000000001,0.0084375,0.0084375,0.0084375,0.008229166999999999,0.008229166999999999,0.0081875,0.0081875,0.0081875,0.007770833,0.0069375,0.0113125,0.011625,0.0068333330000000005,0.00475,0.00475,0.00475,0.0046875,0.0046875,0.005104167,0.011979166999999999,0.011979166999999999,0.011979166999999999,0.011979166999999999
92,0.5,0.5,0.5,0.5625,0.625,0.5625,0.5,0.5,0.4375,0.4375,0.375,0.375,0.3125,0.3125,0.3125,0.25,0.1875,0.25,0.3125,0.25,0.1875,0.1875,0.1875,0.125,0.125,0.1875,0.25,0.25,0.25,0.25
93,0.505729167,0.5053125,0.5072916670000001,0.5071875,0.504791667,0.508541667,0.514791667,0.518125,0.521145833,0.5253125,0.5301041670000001,0.5372916670000001,0.546875,0.556041667,0.5641666670000001,0.570729167,0.5778125,0.581666667,0.580520833,0.584583333,0.5925,0.596666667,0.6020833329999999,0.6104166670000001,0.616354167,0.6190625,0.617395833,0.6203125,0.621770833,0.62625
94,0.603125,0.601979167,0.604166667,0.601979167,0.596770833,0.604375,0.615729167,0.620729167,0.625729167,0.63,0.632395833,0.6395833329999999,0.6478125,0.659270833,0.668958333,0.6746875,0.6834375,0.684583333,0.6808333329999999,0.685520833,0.6953125,0.700833333,0.7069791670000001,0.7169791670000001,0.720833333,0.719166667,0.7128125,0.714479167,0.7120833329999999,0.716875
95,0.426875,0.42625,0.42708333299999995,0.430833333,0.431145833,0.429375,0.43260416700000004,0.4353125,0.43625,0.4403125,0.44302083299999995,0.449375,0.457291667,0.466770833,0.473020833,0.48229166700000003,0.487916667,0.49677083299999997,0.5005208329999999,0.501354167,0.507916667,0.51375,0.515833333,0.522083333,0.530520833,0.537083333,0.541041667,0.5458333329999999,0.5503125,0.553333333
96,0.588882353,0.599294118,0.595764706,0.598941176,0.626352941,0.644588235,0.628411765,0.6138823529999999,0.602588235,0.594294118,0.588176471,0.578882353,0.573470588,0.577882353,0.5819411760000001,0.595176471,0.607235294,0.604294118,0.608176471,0.611764706,0.615529412,0.601117647,0.585,0.579823529,0.574647059,0.588294118,0.616117647,0.6228235289999999,0.625,0.632941176
97,0.006803922,0.006803922,0.006803922,0.011313725,0.01327451,0.01327451,0.011607843,0.009019608,0.007941176,0.007941176,0.007941176,0.007745098000000001,0.007745098000000001,0.007705882,0.007705882,0.007705882,0.007313725,0.010647058999999999,0.010941176,0.010941176,0.006431373000000001,0.004470588,0.004470588,0.004470588,0.004411765,0.004803922,0.01127451,0.01127451,0.01127451,0.01127451
98,0.470588235,0.470588235,0.470588235,0.529411765,0.588235294,0.588235294,0.529411765,0.529411765,0.470588235,0.41176470600000004,0.41176470600000004,0.352941176,0.352941176,0.294117647,0.294117647,0.294117647,0.235294118,0.235294118,0.294117647,0.294117647,0.235294118,0.176470588,0.176470588,0.176470588,0.117647059,0.176470588,0.235294118,0.235294118,0.235294118,0.235294118
99,0.506372549,0.507156863,0.5103921570000001,0.510686275,0.508137255,0.5086274510000001,0.51254902,0.517058824,0.520980392,0.524803922,0.5290196079999999,0.533235294,0.5414705879999999,0.549117647,0.5585294120000001,0.5672549020000001,0.572745098,0.578627451,0.581176471,0.5834313729999999,0.5884313729999999,0.595098039,0.600588235,0.607058824,0.613431373,0.616960784,0.615686275,0.618137255,0.620980392,0.6238235289999999
100,0.605196078,0.605686275,0.609019608,0.606666667,0.60127451,0.601470588,0.6089215689999999,0.61745098,0.6246078429999999,0.629313725,0.634215686,0.635588235,0.644509804,0.6503921570000001,0.662941176,0.6715686270000001,0.6770588240000001,0.682352941,0.683235294,0.683235294,0.689117647,0.699411765,0.705490196,0.712745098,0.718823529,0.7172549020000001,0.7121568629999999,0.712843137,0.712745098,0.715392157
101,0.425882353,0.42607843100000004,0.42852941200000005,0.43225490200000005,0.433529412,0.43215686299999995,0.433823529,0.436078431,0.436470588,0.439313725,0.44254902,0.445490196,0.45343137299999997,0.460686275,0.467352941,0.477156863,0.485196078,0.491862745,0.49843137299999996,0.502156863,0.506078431,0.5099019610000001,0.515196078,0.5202941179999999,0.5260784310000001,0.534215686,0.537352941,0.542254902,0.548431373,0.551078431
102,0.586777778,0.589944444,0.590111111,0.592888889,0.609611111,0.630388889,0.641611111,0.6306666670000001,0.607722222,0.595777778,0.589111111,0.586111111,0.571944444,0.577888889,0.581,0.587611111,0.600333333,0.6173333329999999,0.608166667,0.601888889,0.611555556,0.611666667,0.591333333,0.580444444,0.579888889,0.583555556,0.608555556,0.6160555560000001,0.6208888889999999,0.623
103,0.006425925999999999,0.006425925999999999,0.006425925999999999,0.010685185,0.012537037,0.012537037,0.012537037,0.011018519,0.008518519,0.0075,0.0075,0.0075,0.007314815,0.007314815,0.007277778,0.007277778,0.007277778,0.010796296,0.010333333,0.010333333,0.010333333,0.0060740740000000005,0.004222222,0.004222222,0.004222222,0.004537037,0.010648148,0.010648148,0.010648148,0.010648148
104,0.444444444,0.444444444,0.444444444,0.5,0.5555555560000001,0.5555555560000001,0.5555555560000001,0.5555555560000001,0.5,0.444444444,0.38888888899999996,0.38888888899999996,0.333333333,0.333333333,0.27777777800000003,0.27777777800000003,0.27777777800000003,0.27777777800000003,0.27777777800000003,0.27777777800000003,0.27777777800000003,0.222222222,0.166666667,0.166666667,0.166666667,0.166666667,0.222222222,0.222222222,0.222222222,0.222222222
105,0.5061111110000001,0.507685185,0.511851852,0.513425926,0.511388889,0.511574074,0.512407407,0.514814815,0.519814815,0.524444444,0.528333333,0.532037037,0.537407407,0.543888889,0.551851852,0.561759259,0.569351852,0.573796296,0.578333333,0.583888889,0.58712963,0.591111111,0.598888889,0.60537037,0.610092593,0.614166667,0.6138888889999999,0.616481481,0.6188888889999999,0.622962963
106,0.6052777779999999,0.6075,0.61212963,0.611111111,0.605740741,0.605462963,0.6059259260000001,0.6109259260000001,0.621296296,0.6280555560000001,0.6333333329999999,0.63712963,0.6404629629999999,0.64712963,0.654351852,0.665740741,0.673981481,0.676388889,0.6812037040000001,0.68537037,0.686759259,0.693333333,0.703888889,0.711018519,0.714722222,0.715555556,0.710740741,0.7122222220000001,0.711296296,0.715833333
107,0.425185185,0.425185185,0.42824074100000004,0.433333333,0.43472222200000005,0.43435185200000004,0.43620370399999997,0.437037037,0.43712963,0.43935185200000004,0.441481481,0.44490740700000003,0.44953703700000003,0.456851852,0.461574074,0.471574074,0.480185185,0.48907407399999997,0.49370370399999997,0.500092593,0.506574074,0.508055556,0.511481481,0.519444444,0.524166667,0.529814815,0.53462963,0.538703704,0.5449074070000001,0.5492592589999999
108,0.584526316,0.5878947370000001,0.581736842,0.587684211,0.6033157889999999,0.614315789,0.628315789,0.6430526320000001,0.623947368,0.601,0.590789474,0.587105263,0.579157895,0.576210526,0.580842105,0.586421053,0.5928947370000001,0.610263158,0.620315789,0.602210526,0.602210526,0.608105263,0.601842105,0.586684211,0.580473684,0.588052632,0.603,0.6088947370000001,0.614578947,0.619210526
109,0.006087719,0.006087719,0.006087719,0.010122807,0.011877193000000001,0.011877193000000001,0.011877193000000001,0.011929825,0.010438596,0.008070175,0.0071052630000000006,0.0071052630000000006,0.0071052630000000006,0.006929825,0.006929825,0.006894737,0.006894737,0.010578947,0.010491228,0.009789474,0.009789474,0.009789474,0.005754385999999999,0.004,0.004,0.004350877,0.010087719,0.010087719,0.010087719,0.010087719
110,0.42105263200000004,0.42105263200000004,0.42105263200000004,0.473684211,0.526315789,0.526315789,0.526315789,0.578947368,0.526315789,0.473684211,0.42105263200000004,0.36842105299999994,0.36842105299999994,0.31578947399999996,0.31578947399999996,0.263157895,0.263157895,0.31578947399999996,0.31578947399999996,0.263157895,0.263157895,0.263157895,0.21052631600000002,0.15789473699999998,0.15789473699999998,0.21052631600000002,0.21052631600000002,0.21052631600000002,0.21052631600000002,0.21052631600000002
111,0.505438596,0.507368421,0.5121052629999999,0.514649123,0.513947368,0.5144736839999999,0.515,0.514561404,0.51754386,0.523157895,0.527807018,0.53122807,0.5360526320000001,0.539912281,0.546754386,0.5552631579999999,0.564035088,0.570526316,0.57377193,0.581052632,0.587368421,0.589736842,0.594912281,0.6035087720000001,0.6083333329999999,0.610964912,0.611403509,0.614736842,0.6172807020000001,0.620877193
112,0.6055263160000001,0.60745614,0.613508772,0.6139473679999999,0.61,0.609473684,0.609473684,0.607982456,0.6149122810000001,0.624736842,0.631929825,0.636140351,0.6416666670000001,0.643157895,0.6510526320000001,0.65745614,0.668333333,0.673508772,0.675614035,0.683333333,0.688596491,0.690877193,0.697894737,0.7092105259999999,0.712982456,0.711842105,0.7094736840000001,0.710877193,0.710789474,0.7142982459999999
113,0.424736842,0.424561404,0.427280702,0.432807018,0.435614035,0.435438596,0.438070175,0.439122807,0.437982456,0.439824561,0.44140350899999997,0.44377193,0.44877193,0.45298245600000003,0.45789473700000005,0.46587719299999997,0.47473684200000005,0.48412280700000004,0.49096491200000003,0.495526316,0.504385965,0.508421053,0.509649123,0.515701754,0.523157895,0.527807018,0.530438596,0.5360526320000001,0.541403509,0.5458771929999999
114,0.5833,0.5857,0.5802,0.57985,0.59785,0.6081,0.61315,0.63035,0.63605,0.61675,0.596,0.5888,0.58045,0.58285,0.5791,0.586,0.5915,0.6027,0.61345,0.61405,0.6025,0.5994,0.59895,0.5969,0.5864,0.5882,0.6063,0.6036,0.60785,0.6133
115,0.005783333000000001,0.005783333000000001,0.005783333000000001,0.009616666999999999,0.011283333000000001,0.011283333000000001,0.011283333000000001,0.011333333000000001,0.011333333000000001,0.009916666999999999,0.007666666999999999,0.00675,0.00675,0.00675,0.006583333,0.006583333,0.00655,0.01005,0.0103,0.009966667,0.0093,0.0093,0.0093,0.005466667,0.0038,0.0041333329999999995,0.009633333000000001,0.009583333000000001,0.009583333000000001,0.009583333000000001
116,0.4,0.4,0.4,0.45,0.5,0.5,0.5,0.55,0.55,0.5,0.45,0.4,0.35,0.35,0.3,0.3,0.25,0.3,0.35,0.3,0.25,0.25,0.25,0.2,0.15,0.2,0.25,0.2,0.2,0.2
117,0.5043333329999999,0.5066666670000001,0.5115833329999999,0.51475,0.515083333,0.51675,0.5175833329999999,0.516916667,0.517166667,0.520833333,0.526416667,0.5305833329999999,0.535083333,0.5385,0.5428333329999999,0.55025,0.55775,0.565416667,0.570666667,0.576583333,0.5845,0.589833333,0.5934166670000001,0.5995,0.6064166670000001,0.60925,0.6085,0.6123333329999999,0.615583333,0.61925
118,0.6030833329999999,0.607583333,0.613166667,0.615166667,0.61275,0.6133333329999999,0.613083333,0.61125,0.611916667,0.6185,0.628583333,0.6346666670000001,0.6405,0.644166667,0.647083333,0.654166667,0.660333333,0.668166667,0.6729166670000001,0.6779166670000001,0.6865,0.692416667,0.695333333,0.70325,0.711166667,0.710333333,0.70625,0.709666667,0.709583333,0.713666667
119,0.4255,0.42416666700000005,0.42658333299999995,0.431666667,0.435,0.43625,0.43891666700000004,0.44075,0.43991666700000004,0.4405,0.44175,0.44358333299999997,0.4475,0.452083333,0.454166667,0.46216666700000003,0.46916666700000004,0.47875,0.48616666700000005,0.492833333,0.499833333,0.50625,0.509916667,0.51375,0.519416667,0.526666667,0.5285,0.532,0.53875,0.5425
120,0.584047619,0.58447619,0.57847619,0.57847619,0.5899047620000001,0.602666667,0.607285714,0.615809524,0.624285714,0.628619048,0.611238095,0.5938571429999999,0.5823809520000001,0.5839047620000001,0.585285714,0.584095238,0.5908571429999999,0.600904762,0.606095238,0.607809524,0.613761905,0.599809524,0.591095238,0.5943809520000001,0.596142857,0.59347619,0.6055714289999999,0.606714286,0.6028571429999999,0.606952381
121,0.005507936999999999,0.005507936999999999,0.005507936999999999,0.00915873,0.010746031999999999,0.010746031999999999,0.010746031999999999,0.010793651000000001,0.010793651000000001,0.010793651000000001,0.009444444,0.007301586999999999,0.006428571,0.006428571,0.006428571,0.006269841,0.006269841,0.009571429000000001,0.009809524,0.009809524,0.009492063,0.008857143,0.008857143,0.008857143,0.005206349,0.003936508,0.009174603,0.009174603,0.009126984,0.009126984
122,0.380952381,0.380952381,0.380952381,0.428571429,0.47619047600000003,0.47619047600000003,0.47619047600000003,0.523809524,0.523809524,0.523809524,0.47619047600000003,0.428571429,0.380952381,0.333333333,0.333333333,0.28571428600000004,0.28571428600000004,0.28571428600000004,0.333333333,0.333333333,0.28571428600000004,0.23809523800000001,0.23809523800000001,0.23809523800000001,0.19047619,0.19047619,0.23809523800000001,0.23809523800000001,0.19047619,0.19047619
123,0.50484127,0.505555556,0.510714286,0.514126984,0.51515873,0.517698413,0.519603175,0.519285714,0.519285714,0.52031746,0.524047619,0.529126984,0.534285714,0.5374603170000001,0.541349206,0.546349206,0.552857143,0.559365079,0.565793651,0.573492063,0.580079365,0.586984127,0.593333333,0.5978571429999999,0.602460317,0.6073809520000001,0.606984127,0.60952381,0.613253968,0.617539683
124,0.60452381,0.60515873,0.6130158729999999,0.614761905,0.613968254,0.615793651,0.616587302,0.614603175,0.61484127,0.61547619,0.622460317,0.631349206,0.638888889,0.642936508,0.647857143,0.650238095,0.657063492,0.660555556,0.667857143,0.675238095,0.6811904759999999,0.690238095,0.6965873020000001,0.700555556,0.705396825,0.708730159,0.705079365,0.7065873020000001,0.708492063,0.7123809520000001
125,0.42666666700000005,0.424920635,0.42611111100000004,0.430793651,0.433809524,0.435634921,0.43952381,0.441428571,0.441428571,0.44222222200000005,0.44230158700000005,0.443809524,0.447142857,0.450714286,0.45325396799999995,0.45841269799999995,0.46547619,0.47325396799999997,0.48095238100000004,0.488174603,0.49706349200000005,0.5018253970000001,0.507777778,0.513809524,0.517380952,0.522936508,0.527380952,0.530079365,0.534761905,0.539920635
126,0.588136364,0.585136364,0.577636364,0.576909091,0.588136364,0.594863636,0.602136364,0.610090909,0.610681818,0.617727273,0.622818182,0.6085,0.5875,0.585590909,0.586181818,0.589772727,0.588818182,0.599863636,0.604227273,0.601045455,0.607818182,0.610681818,0.591863636,0.5870909089999999,0.5937727270000001,0.602454545,0.609818182,0.606,0.605863636,0.602227273
127,0.005712121,0.005257576,0.005257576,0.008742424,0.010257576,0.010257576,0.010257576,0.01030303,0.01030303,0.01030303,0.01030303,0.009015152,0.0069696969999999995,0.006136364,0.006136364,0.006136364,0.005984848,0.009166667,0.009363636,0.009363636,0.009363636,0.009060606,0.008454545,0.008454545,0.008454545,0.005272727,0.008757576,0.008757576,0.008757576,0.008712121
128,0.409090909,0.363636364,0.363636364,0.409090909,0.454545455,0.454545455,0.454545455,0.5,0.5,0.5,0.5,0.454545455,0.409090909,0.363636364,0.318181818,0.318181818,0.272727273,0.318181818,0.318181818,0.318181818,0.318181818,0.272727273,0.22727272699999998,0.22727272699999998,0.22727272699999998,0.22727272699999998,0.22727272699999998,0.22727272699999998,0.22727272699999998,0.181818182
129,0.504393939,0.505984848,0.509469697,0.513181818,0.514545455,0.517651515,0.5203787879999999,0.521136364,0.521439394,0.52219697,0.523409091,0.5267424239999999,0.532727273,0.536590909,0.540227273,0.544772727,0.5490151520000001,0.554621212,0.56,0.568712121,0.576969697,0.582651515,0.590454545,0.597575758,0.600757576,0.603560606,0.60530303,0.6080303029999999,0.610530303,0.615227273
130,0.604242424,0.606439394,0.610454545,0.614545455,0.613636364,0.616818182,0.618787879,0.617878788,0.617878788,0.618106061,0.619393939,0.625378788,0.635530303,0.641287879,0.646515152,0.650833333,0.653181818,0.657424242,0.660606061,0.67030303,0.678484848,0.685,0.6943181820000001,0.701515152,0.7027272729999999,0.703333333,0.7037878790000001,0.705454545,0.7056060609999999,0.711212121
131,0.425,0.426060606,0.426742424,0.430151515,0.43287878799999996,0.43446969700000004,0.438787879,0.44189393899999996,0.442045455,0.443560606,0.443863636,0.44424242399999997,0.44719697,0.450227273,0.45189393899999997,0.457348485,0.461742424,0.469545455,0.475606061,0.48310606100000003,0.492424242,0.49909090899999997,0.5034848479999999,0.511590909,0.517272727,0.520833333,0.523787879,0.528939394,0.53280303,0.536060606
132,0.597782609,0.589,0.5785652170000001,0.576173913,0.586217391,0.592956522,0.5946956520000001,0.605043478,0.605434783,0.605,0.6126521739999999,0.619695652,0.601782609,0.590347826,0.5876956520000001,0.590434783,0.594043478,0.5975217389999999,0.603086957,0.599478261,0.601347826,0.605130435,0.602608696,0.588,0.586826087,0.5999130429999999,0.617695652,0.6100434779999999,0.605217391,0.605130435
133,0.005463768000000001,0.005463768000000001,0.005028986,0.008362319,0.009811594,0.009811594,0.009811594,0.009855072,0.009855072,0.009855072,0.009855072,0.009855072,0.008623188,0.006666666999999999,0.005869565,0.005869565,0.005869565,0.008768116,0.008985507,0.008956522,0.008956522,0.008956522,0.008666667,0.008086956999999999,0.008086956999999999,0.008376811999999999,0.009826086999999999,0.008376811999999999,0.008376811999999999,0.008376811999999999
134,0.39130434799999997,0.39130434799999997,0.347826087,0.39130434799999997,0.434782609,0.434782609,0.434782609,0.47826087,0.47826087,0.47826087,0.47826087,0.47826087,0.434782609,0.39130434799999997,0.347826087,0.304347826,0.304347826,0.304347826,0.347826087,0.304347826,0.304347826,0.304347826,0.260869565,0.21739130399999998,0.21739130399999998,0.260869565,0.260869565,0.21739130399999998,0.21739130399999998,0.21739130399999998
135,0.503478261,0.505507246,0.509710145,0.5118840579999999,0.513623188,0.5169565220000001,0.520217391,0.521811594,0.523115942,0.524130435,0.525072464,0.5260144929999999,0.530289855,0.535,0.539275362,0.543550725,0.547391304,0.550869565,0.5554347829999999,0.563043478,0.572246377,0.5795652170000001,0.58615942,0.594637681,0.600362319,0.601884058,0.60173913,0.606376812,0.609057971,0.6125362320000001
136,0.602898551,0.606086957,0.611449275,0.612028986,0.613478261,0.616376812,0.619637681,0.6199275360000001,0.620869565,0.620869565,0.62173913,0.622318841,0.6296376810000001,0.637971014,0.644782609,0.64942029,0.653623188,0.653695652,0.657608696,0.66326087,0.673623188,0.682246377,0.689130435,0.699130435,0.703550725,0.700869565,0.69884058,0.7042028990000001,0.7045652170000001,0.708333333
137,0.424637681,0.42449275399999997,0.42775362299999997,0.43057971,0.43217391299999997,0.433550725,0.437536232,0.44108695700000006,0.442463768,0.444057971,0.445072464,0.445652174,0.447463768,0.45014492799999994,0.451376812,0.455869565,0.46057971,0.465797101,0.47195652200000004,0.477898551,0.48739130399999997,0.49456521700000006,0.500797101,0.507318841,0.515,0.52057971,0.52173913,0.525434783,0.5315942029999999,0.534130435
138,0.60625,0.598208333,0.582541667,0.577125,0.585125,0.590916667,0.592875,0.5977916670000001,0.6007916670000001,0.600208333,0.600666667,0.610083333,0.612791667,0.603916667,0.592166667,0.5917083329999999,0.5945,0.602166667,0.6007083329999999,0.598583333,0.599833333,0.599041667,0.597625,0.598458333,0.5877083329999999,0.593,0.614625,0.617583333,0.609125,0.604541667
139,0.005236111,0.005236111,0.005236111,0.008013889,0.009402778,0.009402778,0.009402778,0.009444444,0.009444444,0.009444444,0.009444444,0.009444444,0.009444444,0.008263889,0.006388889,0.005625,0.005625,0.008541667,0.008611111,0.008611111,0.008583333,0.008583333,0.008583333,0.008305556,0.00775,0.008027778000000001,0.012611111000000001,0.009416667,0.008027778000000001,0.008027778000000001
140,0.375,0.375,0.375,0.375,0.41666666700000005,0.41666666700000005,0.41666666700000005,0.45833333299999995,0.45833333299999995,0.45833333299999995,0.45833333299999995,0.45833333299999995,0.45833333299999995,0.41666666700000005,0.375,0.333333333,0.291666667,0.333333333,0.333333333,0.333333333,0.291666667,0.291666667,0.291666667,0.25,0.208333333,0.25,0.291666667,0.25,0.208333333,0.208333333
141,0.501875,0.504583333,0.5090972220000001,0.512013889,0.512361111,0.515972222,0.519444444,0.521597222,0.523680556,0.525625,0.526805556,0.5275,0.529444444,0.532569444,0.537638889,0.5425,0.546111111,0.549236111,0.551805556,0.5585416670000001,0.566666667,0.574930556,0.583055556,0.590347222,0.5974305560000001,0.601458333,0.600208333,0.602916667,0.6074305560000001,0.6110416670000001
142,0.5998611110000001,0.604722222,0.6109027779999999,0.612916667,0.611111111,0.616111111,0.6190972220000001,0.620694444,0.622708333,0.623611111,0.624236111,0.624444444,0.6265277779999999,0.632222222,0.641458333,0.647638889,0.6521527779999999,0.654097222,0.654027778,0.660277778,0.666736111,0.6774305559999999,0.6863194440000001,0.693958333,0.701180556,0.701736111,0.696666667,0.699444444,0.703402778,0.7072222220000001
143,0.423819444,0.42416666700000005,0.426180556,0.431388889,0.4325,0.43284722200000003,0.436527778,0.43979166700000005,0.441666667,0.444375,0.445486111,0.446736111,0.448680556,0.45027777799999996,0.45125,0.45520833299999997,0.459027778,0.46451388899999996,0.468263889,0.474305556,0.48222222200000003,0.48965277799999996,0.496388889,0.504583333,0.510763889,0.518263889,0.521458333,0.523402778,0.528125,0.5329166670000001
144,0.60332,0.60632,0.5916399999999999,0.581,0.58568,0.58968,0.59092,0.59592,0.594,0.59596,0.59624,0.59868,0.6038399999999999,0.6144,0.60512,0.5958399999999999,0.5955600000000001,0.60228,0.6050399999999999,0.59648,0.59896,0.59768,0.59208,0.5938399999999999,0.5977600000000001,0.5936,0.6074,0.61464,0.6164,0.60832
145,0.005026667,0.005026667,0.005026667,0.008093333000000001,0.009026667,0.009026667,0.009026667,0.009066666999999999,0.009066666999999999,0.009066666999999999,0.009066666999999999,0.009066666999999999,0.009066666999999999,0.009066666999999999,0.007933333,0.006133333,0.0054,0.0082,0.0084,0.008266667,0.008266667,0.00824,0.00824,0.00824,0.007973333,0.0077066669999999995,0.012106667,0.012106667,0.009040000000000001,0.0077066669999999995
146,0.36,0.36,0.36,0.4,0.4,0.4,0.4,0.44,0.44,0.44,0.44,0.44,0.44,0.44,0.4,0.36,0.32,0.32,0.36,0.32,0.32,0.28,0.28,0.28,0.24,0.24,0.28,0.28,0.24,0.2
147,0.5026666670000001,0.503,0.508066667,0.511333333,0.512466667,0.5146666670000001,0.5184,0.5208,0.5234,0.526066667,0.528133333,0.529066667,0.5307333329999999,0.531666667,0.5352,0.5408,0.545,0.547933333,0.5502,0.5549333329999999,0.5622,0.569466667,0.578466667,0.5872,0.5932,0.5986,0.599866667,0.6014,0.604066667,0.6094
148,0.6008,0.601733333,0.6094,0.6123333329999999,0.612,0.613733333,0.618733333,0.620133333,0.6233333329999999,0.625266667,0.626733333,0.626733333,0.6284,0.629133333,0.6358,0.644333333,0.650333333,0.652666667,0.6544,0.6567333329999999,0.6637333329999999,0.670666667,0.681533333,0.6910666670000001,0.696133333,0.699533333,0.697666667,0.697333333,0.698866667,0.706
149,0.42493333299999997,0.4234,0.4258,0.429733333,0.4332,0.43313333299999995,0.43573333299999994,0.43873333299999995,0.4404,0.443533333,0.44573333299999995,0.44706666700000003,0.4496,0.45133333299999995,0.45133333299999995,0.454933333,0.458266667,0.462866667,0.46693333299999995,0.47066666700000004,0.4786,0.4846,0.4916,0.5002,0.508,0.514066667,0.5192,0.523066667,0.526066667,0.5295333329999999
150,0.6012307689999999,0.6035,0.599692308,0.589807692,0.5890769229999999,0.590038462,0.589730769,0.593923077,0.592346154,0.589615385,0.592307692,0.5945,0.593115385,0.605730769,0.615153846,0.608153846,0.599384615,0.603,0.605038462,0.6008076920000001,0.596923077,0.596923077,0.591038462,0.588653846,0.593346154,0.603038462,0.607423077,0.607692308,0.613615385,0.615346154
151,0.0048333329999999996,0.0048333329999999996,0.0048333329999999996,0.007782051,0.009064103,0.008679487,0.008679487,0.008717949000000001,0.008717949000000001,0.008717949000000001,0.008717949000000001,0.008717949000000001,0.008717949000000001,0.008717949000000001,0.008717949000000001,0.007628205,0.005897436,0.007884615,0.008076923,0.008076923,0.007948718,0.007948718,0.007923076999999999,0.007923076999999999,0.007923076999999999,0.007923076999999999,0.011641026,0.011641026,0.011641026,0.008692308000000001
152,0.346153846,0.346153846,0.346153846,0.384615385,0.423076923,0.384615385,0.384615385,0.423076923,0.423076923,0.423076923,0.423076923,0.423076923,0.423076923,0.423076923,0.423076923,0.384615385,0.346153846,0.346153846,0.346153846,0.346153846,0.307692308,0.307692308,0.269230769,0.269230769,0.269230769,0.269230769,0.269230769,0.269230769,0.269230769,0.23076923100000002
153,0.503974359,0.503717949,0.506410256,0.51025641,0.5117948720000001,0.514679487,0.5170512820000001,0.51974359,0.522564103,0.525705128,0.528461538,0.53025641,0.532115385,0.532820513,0.534230769,0.538333333,0.543269231,0.546794872,0.548910256,0.553269231,0.5585897439999999,0.565064103,0.573076923,0.582628205,0.590064103,0.594487179,0.597179487,0.601025641,0.602564103,0.6060897439999999
154,0.602884615,0.602564103,0.606346154,0.610833333,0.611474359,0.6144871789999999,0.616346154,0.61974359,0.622692308,0.625769231,0.628205128,0.629038462,0.630448718,0.630833333,0.632692308,0.638782051,0.6470512820000001,0.650897436,0.653012821,0.656987179,0.660192308,0.667628205,0.674871795,0.686282051,0.6932692309999999,0.69474359,0.695705128,0.6982692309999999,0.6968589740000001,0.701538462
155,0.42666666700000005,0.424487179,0.425,0.429230769,0.431538462,0.433782051,0.435897436,0.437884615,0.43935897399999996,0.44224359,0.444871795,0.44724359,0.44980769200000004,0.452115385,0.45230769200000004,0.454871795,0.457884615,0.46198717899999997,0.46525641,0.46929487200000003,0.47493589700000005,0.481025641,0.48666666700000005,0.49544871799999995,0.503653846,0.511282051,0.515128205,0.520833333,0.5256410260000001,0.5275
156,0.604444444,0.601481481,0.5972222220000001,0.59762963,0.597259259,0.5931481479999999,0.590074074,0.592666667,0.590555556,0.588185185,0.586333333,0.590777778,0.589296296,0.595333333,0.606777778,0.617703704,0.611111111,0.6064074070000001,0.60562963,0.600962963,0.601074074,0.595037037,0.590555556,0.587777778,0.58837037,0.598592593,0.616,0.607703704,0.606962963,0.612703704
157,0.0046543209999999995,0.0046543209999999995,0.0046543209999999995,0.007493827,0.008728395,0.008728395,0.008358025,0.008395062,0.008395062,0.008395062,0.008395062,0.008395062,0.008395062,0.008395062,0.008395062,0.008395062,0.007345679,0.008271605,0.007777778000000001,0.007777778000000001,0.007777778000000001,0.0076543209999999995,0.0076543209999999995,0.00762963,0.00762963,0.007876543,0.011703703999999999,0.011209877,0.011209877,0.011209877
158,0.333333333,0.333333333,0.333333333,0.37037037,0.40740740700000005,0.40740740700000005,0.37037037,0.40740740700000005,0.40740740700000005,0.40740740700000005,0.40740740700000005,0.40740740700000005,0.40740740700000005,0.40740740700000005,0.40740740700000005,0.40740740700000005,0.37037037,0.37037037,0.37037037,0.333333333,0.333333333,0.296296296,0.296296296,0.25925925899999996,0.25925925899999996,0.296296296,0.296296296,0.25925925899999996,0.25925925899999996,0.25925925899999996
159,0.5033950620000001,0.5049382720000001,0.506975309,0.508580247,0.510740741,0.513950617,0.516975309,0.5183950620000001,0.521481481,0.524814815,0.528024691,0.530493827,0.533148148,0.534074074,0.535246914,0.537283951,0.540802469,0.545061728,0.5477777779999999,0.55191358,0.556851852,0.5614814810000001,0.568703704,0.577283951,0.585555556,0.5914197529999999,0.593271605,0.598395062,0.6021604939999999,0.604567901
160,0.6004320989999999,0.604506173,0.606975309,0.607839506,0.610061728,0.6138888889999999,0.616975309,0.6174074070000001,0.622222222,0.6250617279999999,0.628580247,0.63037037,0.632530864,0.632716049,0.634197531,0.635679012,0.641604938,0.647716049,0.651296296,0.655555556,0.6603086420000001,0.664074074,0.671790123,0.679691358,0.688580247,0.6920370370000001,0.6912345679999999,0.696358025,0.697777778,0.699506173
161,0.42697530899999997,0.42617284,0.425987654,0.428333333,0.430987654,0.432160494,0.43641975299999997,0.437962963,0.438518519,0.44117284,0.44358024700000004,0.446358025,0.44987654299999996,0.452222222,0.45302469100000003,0.45567901200000005,0.45771604899999996,0.461481481,0.464320988,0.46759259299999995,0.47345679,0.477407407,0.48314814799999994,0.490555556,0.49895061700000004,0.506975309,0.512407407,0.5168518520000001,0.5233950620000001,0.527037037
162,0.607678571,0.6045714289999999,0.5955,0.595321429,0.604535714,0.6008928570000001,0.593071429,0.592892857,0.589464286,0.5866071429999999,0.585071429,0.585071429,0.585892857,0.591571429,0.596714286,0.609535714,0.6202142860000001,0.617464286,0.608821429,0.601678571,0.601214286,0.599107143,0.5889642860000001,0.587428571,0.5875357139999999,0.593607143,0.61125,0.615964286,0.607,0.606321429
163,0.004488095,0.004488095,0.004488095,0.00722619,0.008416667,0.008416667,0.008416667,0.008095238000000001,0.008095238000000001,0.008095238000000001,0.008095238000000001,0.008095238000000001,0.008095238000000001,0.008095238000000001,0.008095238000000001,0.008095238000000001,0.008095238000000001,0.009583333000000001,0.008154762,0.0075,0.0075,0.0075,0.007380952,0.007380952,0.007357143000000001,0.007595238000000001,0.01152381,0.011285713999999999,0.010809524,0.010809524
164,0.321428571,0.321428571,0.321428571,0.35714285700000004,0.39285714299999996,0.39285714299999996,0.39285714299999996,0.39285714299999996,0.39285714299999996,0.39285714299999996,0.39285714299999996,0.39285714299999996,0.39285714299999996,0.39285714299999996,0.39285714299999996,0.39285714299999996,0.39285714299999996,0.39285714299999996,0.39285714299999996,0.35714285700000004,0.321428571,0.321428571,0.28571428600000004,0.28571428600000004,0.25,0.28571428600000004,0.321428571,0.28571428600000004,0.25,0.25
165,0.502440476,0.504345238,0.508035714,0.509047619,0.5091071429999999,0.512857143,0.516190476,0.51827381,0.520119048,0.523690476,0.527083333,0.53,0.53327381,0.535,0.536369048,0.538154762,0.539702381,0.5426190479999999,0.5460714289999999,0.550714286,0.555416667,0.559702381,0.565119048,0.572916667,0.580297619,0.58702381,0.590357143,0.594583333,0.599583333,0.604107143
166,0.599047619,0.6020833329999999,0.608690476,0.608392857,0.607202381,0.6124404760000001,0.6163095239999999,0.61797619,0.619880952,0.62452381,0.627797619,0.630654762,0.6336904760000001,0.634642857,0.635892857,0.63702381,0.638511905,0.642440476,0.648214286,0.653809524,0.658809524,0.664047619,0.668214286,0.676547619,0.682142857,0.6875595240000001,0.68875,0.69202381,0.6959523809999999,0.7002976190000001
167,0.42666666700000005,0.426488095,0.42755952399999997,0.42916666700000006,0.43005952399999997,0.43160714299999997,0.434761905,0.438392857,0.438571429,0.440297619,0.4425,0.445059524,0.448928571,0.45220238100000004,0.45309523799999996,0.45625,0.45839285700000004,0.461190476,0.46375,0.46660714299999995,0.47166666700000004,0.475892857,0.47958333299999995,0.48702381,0.49410714299999997,0.502321429,0.508214286,0.514166667,0.519464286,0.524821429
168,0.61137931,0.607689655,0.598689655,0.593724138,0.602068966,0.607793103,0.600551724,0.595689655,0.589793103,0.585689655,0.583655172,0.583896552,0.580551724,0.5882068970000001,0.593034483,0.599724138,0.612241379,0.626034483,0.619413793,0.604896552,0.601896552,0.599310345,0.5931034479999999,0.586,0.5872068970000001,0.59262069,0.606,0.61137931,0.615,0.60637931
169,0.004333333,0.004333333,0.004333333,0.006977011,0.008126437,0.008126437,0.008126437,0.00816092,0.007816092,0.007816092,0.007816092,0.007816092,0.007816092,0.007816092,0.007816092,0.007816092,0.007816092,0.010229885,0.009425287,0.007873563,0.007241379,0.007241379,0.007241379,0.007126436999999999,0.007126436999999999,0.007333333,0.011126437,0.011126437,0.010896552,0.010436782
170,0.310344828,0.310344828,0.310344828,0.344827586,0.379310345,0.379310345,0.379310345,0.413793103,0.379310345,0.379310345,0.379310345,0.379310345,0.379310345,0.379310345,0.379310345,0.379310345,0.379310345,0.413793103,0.413793103,0.379310345,0.344827586,0.310344828,0.310344828,0.275862069,0.275862069,0.275862069,0.310344828,0.310344828,0.275862069,0.24137931
171,0.50091954,0.503390805,0.507356322,0.51,0.50954023,0.511206897,0.515057471,0.517471264,0.5199425289999999,0.5222988510000001,0.52591954,0.529022989,0.532701149,0.535057471,0.5371839079999999,0.5391379310000001,0.54045977,0.541494253,0.543678161,0.5489655170000001,0.554137931,0.558218391,0.563275862,0.569310345,0.575977011,0.581896552,0.586149425,0.591724138,0.5958620689999999,0.601551724
172,0.598505747,0.600689655,0.6062068970000001,0.61,0.607758621,0.609597701,0.614827586,0.617298851,0.620344828,0.622183908,0.627183908,0.629827586,0.633850575,0.635689655,0.637643678,0.6385632179999999,0.6397126439999999,0.639425287,0.643103448,0.6507471260000001,0.657011494,0.662471264,0.668045977,0.6729310340000001,0.679022989,0.68137931,0.68454023,0.689597701,0.6917816090000001,0.6984482759999999
173,0.424712644,0.42620689700000003,0.42781609200000004,0.430574713,0.430804598,0.430689655,0.43413793100000003,0.436724138,0.438965517,0.440287356,0.441609195,0.44396551700000003,0.447586207,0.45120689700000005,0.45304597700000004,0.45620689700000006,0.458850575,0.46172413799999995,0.463390805,0.465977011,0.470574713,0.47408046,0.478045977,0.483448276,0.490574713,0.497528736,0.5036781610000001,0.510057471,0.516781609,0.520977011
174,0.6194333329999999,0.611266667,0.6019,0.596866667,0.6003,0.6053,0.6072333329999999,0.602833333,0.5926,0.5861333329999999,0.582866667,0.582566667,0.579566667,0.582966667,0.589733333,0.596066667,0.602666667,0.618133333,0.627633333,0.615266667,0.605,0.600033333,0.5935,0.5901,0.585833333,0.5921333329999999,0.604633333,0.6063,0.6106,0.614133333
175,0.004188889,0.004188889,0.004188889,0.0067444440000000005,0.007855556,0.007855556,0.007855556,0.007888889,0.007888889,0.007555556,0.007555556,0.007555556,0.007555556,0.007555556,0.007555556,0.007555556,0.007555556,0.009888889,0.010055556,0.009111111,0.007611110999999999,0.006999999999999999,0.006999999999999999,0.006999999999999999,0.0068888890000000005,0.007111111,0.010755556000000001,0.010755556000000001,0.010755556000000001,0.010533333
176,0.3,0.3,0.3,0.333333333,0.36666666700000006,0.36666666700000006,0.36666666700000006,0.4,0.4,0.36666666700000006,0.36666666700000006,0.36666666700000006,0.36666666700000006,0.36666666700000006,0.36666666700000006,0.36666666700000006,0.36666666700000006,0.4,0.433333333,0.4,0.36666666700000006,0.333333333,0.3,0.3,0.26666666699999997,0.3,0.3,0.3,0.3,0.26666666699999997
177,0.49827777799999995,0.501888889,0.5063333329999999,0.509277778,0.510444444,0.511555556,0.513388889,0.516333333,0.5191111110000001,0.522055556,0.5245,0.527833333,0.531666667,0.534444444,0.537166667,0.5398333329999999,0.541333333,0.542166667,0.542555556,0.546555556,0.552333333,0.556888889,0.561722222,0.567388889,0.572388889,0.577666667,0.5812222220000001,0.587611111,0.593055556,0.597888889
178,0.595388889,0.600111111,0.604722222,0.607555556,0.6093333329999999,0.610055556,0.612,0.615833333,0.619611111,0.622555556,0.624833333,0.629166667,0.6329444439999999,0.635777778,0.638555556,0.640166667,0.6411111110000001,0.640555556,0.640166667,0.6457222220000001,0.653944444,0.660611111,0.666388889,0.6726111109999999,0.675444444,0.678388889,0.678666667,0.6855,0.689444444,0.694333333
179,0.422777778,0.424333333,0.4275,0.43072222200000004,0.432111111,0.431388889,0.433166667,0.436055556,0.437333333,0.440611111,0.441555556,0.443055556,0.446444444,0.44983333299999995,0.452055556,0.45605555600000003,0.458722222,0.46205555600000003,0.46383333299999996,0.46555555600000004,0.46983333299999996,0.47294444399999996,0.47622222200000003,0.481833333,0.48700000000000004,0.494,0.499,0.505611111,0.5127222220000001,0.518333333
