0.7340000000000001,0.708,0.6940000000000001,0.684,0.759,0.805,0.7979999999999999,0.758,0.7390000000000001,0.8390000000000001,0.9,0.9279999999999999,0.8190000000000001,0.861,0.75,0.716,0.684,0.706,0.759,0.634,0.55,0.8759999999999999,0.93,0.875,0.924,0.9109999999999999,0.623,0.484,0.794,0.784
0.0,0.0,0.0,0.0,0.000666667,0.005,0.0,0.0,0.0,0.055,0.18333333300000001,0.16,0.198333333,0.008333333,0.0,0.0,0.0,0.0,0.005,0.0,0.0,0.043333332999999995,0.021666667,0.0,0.035,0.000666667,0.0,0.0,0.141666667,0.0
0.0,0.0,0.0,0.0,1.0,1.0,0.0,0.0,0.0,1.0,1.0,1.0,1.0,1.0,0.0,0.0,0.0,0.0,1.0,0.0,1.0,1.0,1.0,1.0,1.0,1.0,0.0,0.0,1.0,0.0
0.673333333,0.69,0.696666667,0.693333333,0.681666667,0.685,0.7,0.715,0.705,0.681666667,0.643333333,0.615,0.708333333,0.6266666670000001,0.666666667,0.693333333,0.691666667,0.726666667,0.726666667,0.7533333329999999,0.773333333,0.691666667,0.69,0.693333333,0.656666667,0.661666667,0.685,0.691666667,0.64,0.645
0.74,0.7616666670000001,0.788333333,0.786666667,0.7433333329999999,0.76,0.7616666670000001,0.803333333,0.776666667,0.72,0.67,0.658333333,0.811666667,0.705,0.76,0.7716666670000001,0.7516666670000001,0.808333333,0.823333333,0.828333333,0.846666667,0.7583333329999999,0.7433333329999999,0.736666667,0.686666667,0.701666667,0.76,0.776666667,0.711666667,0.726666667
0.6333333329999999,0.63,0.648333333,0.6416666670000001,0.643333333,0.6266666670000001,0.661666667,0.66,0.656666667,0.66,0.611666667,0.568333333,0.6183333329999999,0.596666667,0.606666667,0.61,0.64,0.666666667,0.68,0.661666667,0.7283333329999999,0.651666667,0.661666667,0.666666667,0.625,0.6266666670000001,0.615,0.6216666670000001,0.576666667,0.555
0.7385,0.721,0.701,0.6890000000000001,0.7215,0.782,0.8015,0.778,0.7485,0.789,0.8695,0.914,0.8735,0.84,0.8055,0.733,0.7,0.695,0.7325,0.6965,0.5920000000000001,0.713,0.903,0.9025,0.8995,0.9175,0.767,0.5535,0.639,0.789
0.0,0.0,0.0,0.0,0.00033333300000000006,0.002833333,0.0025,0.0,0.0,0.0275,0.11916666699999999,0.171666667,0.179166667,0.10333333300000001,0.004166667,0.0,0.0,0.0,0.0025,0.0025,0.0,0.021666667,0.0325,0.010833333,0.0175,0.017833333,0.00033333300000000006,0.0,0.070833333,0.070833333
0.0,0.0,0.0,0.0,0.5,1.0,0.5,0.0,0.0,0.5,1.0,1.0,1.0,1.0,0.5,0.0,0.0,0.0,0.5,0.5,0.5,1.0,1.0,1.0,1.0,1.0,0.5,0.0,0.5,0.5
0.6725,0.681666667,0.693333333,0.695,0.6875,0.683333333,0.6925,0.7075,0.71,0.693333333,0.6625,0.629166667,0.661666667,0.6675,0.6466666670000001,0.68,0.6925,0.7091666670000001,0.726666667,0.74,0.763333333,0.7325,0.6908333329999999,0.691666667,0.675,0.659166667,0.673333333,0.688333333,0.6658333329999999,0.6425
0.7416666670000001,0.750833333,0.775,0.7875,0.765,0.7516666670000001,0.760833333,0.7825,0.79,0.7483333329999999,0.695,0.664166667,0.735,0.7583333329999999,0.7325,0.765833333,0.7616666670000001,0.78,0.8158333329999999,0.825833333,0.8375,0.8025,0.750833333,0.74,0.711666667,0.6941666670000001,0.730833333,0.768333333,0.744166667,0.719166667
0.6325,0.6316666670000001,0.639166667,0.645,0.6425,0.635,0.644166667,0.660833333,0.658333333,0.658333333,0.635833333,0.59,0.593333333,0.6075,0.601666667,0.6083333329999999,0.625,0.653333333,0.673333333,0.6708333329999999,0.695,0.69,0.656666667,0.664166667,0.645833333,0.625833333,0.620833333,0.6183333329999999,0.599166667,0.5658333329999999
0.703666667,0.7283333329999999,0.7120000000000001,0.695333333,0.712333333,0.7493333329999999,0.787333333,0.787,0.765,0.778666667,0.826,0.889,0.8823333329999999,0.8693333329999999,0.81,0.775666667,0.716666667,0.7020000000000001,0.716333333,0.699666667,0.6476666670000001,0.686666667,0.785333333,0.8936666670000001,0.909666667,0.903333333,0.819333333,0.672666667,0.6336666670000001,0.687333333
0.0,0.0,0.0,0.0,0.000222222,0.001888889,0.001888889,0.0016666670000000001,0.0,0.018333333,0.079444444,0.132777778,0.180555556,0.12222222199999999,0.06888888900000001,0.002777778,0.0,0.0,0.0016666670000000001,0.0016666670000000001,0.0016666670000000001,0.014444443999999999,0.021666667,0.021666667,0.018888889,0.011888889,0.011888889,0.000222222,0.047222222,0.047222222
0.0,0.0,0.0,0.0,0.333333333,0.666666667,0.666666667,0.333333333,0.0,0.333333333,0.666666667,1.0,1.0,1.0,0.666666667,0.333333333,0.0,0.0,0.333333333,0.333333333,0.666666667,0.666666667,1.0,1.0,1.0,1.0,0.666666667,0.333333333,0.333333333,0.333333333
0.682222222,0.678333333,0.686666667,0.693333333,0.690555556,0.686666667,0.688888889,0.7,0.706666667,0.700555556,0.676666667,0.6466666670000001,0.655555556,0.65,0.667222222,0.662222222,0.6838888890000001,0.703888889,0.715,0.7355555559999999,0.7511111109999999,0.7394444440000001,0.718333333,0.691666667,0.68,0.670555556,0.6677777779999999,0.679444444,0.672222222,0.658888889
0.76,0.7483333329999999,0.763333333,0.7788888890000001,0.7727777779999999,0.763333333,0.755,0.775,0.7805555559999999,0.7666666670000001,0.7222222220000001,0.682777778,0.713333333,0.725,0.7588888890000001,0.7455555559999999,0.761111111,0.777222222,0.794444444,0.82,0.832777778,0.811111111,0.7827777779999999,0.7461111109999999,0.7222222220000001,0.708333333,0.7161111109999999,0.7461111109999999,0.7494444440000001,0.7383333329999999
0.632777778,0.6316666670000001,0.637222222,0.64,0.644444444,0.637222222,0.643888889,0.649444444,0.659444444,0.658888889,0.642777778,0.6133333329999999,0.599444444,0.594444444,0.607222222,0.604444444,0.6188888889999999,0.638888889,0.662222222,0.669444444,0.69,0.680555556,0.680555556,0.66,0.651111111,0.639444444,0.622222222,0.621111111,0.604444444,0.584444444
0.6725,0.70475,0.71975,0.705,0.71125,0.7355,0.7615,0.78,0.775,0.7835,0.809,0.8515,0.8715,0.877,0.8395,0.7865,0.75275,0.7140000000000001,0.71625,0.69575,0.66225,0.70475,0.7475,0.80775,0.90125,0.91,0.83325,0.7355,0.703,0.67125
0.0,0.0,0.0,0.0,0.000166667,0.0014166670000000001,0.0014166670000000001,0.0014166670000000001,0.00125,0.01375,0.059583332999999995,0.09958333300000001,0.149166667,0.1375,0.091666667,0.051666667,0.0020833329999999997,0.0,0.00125,0.00125,0.00125,0.012083333,0.01625,0.01625,0.025,0.014333333,0.008916667,0.008916667,0.035583332999999995,0.035416667
0.0,0.0,0.0,0.0,0.25,0.5,0.5,0.5,0.25,0.25,0.5,0.75,1.0,1.0,0.75,0.5,0.25,0.0,0.25,0.25,0.5,0.75,0.75,1.0,1.0,1.0,0.75,0.5,0.5,0.25
0.694583333,0.6841666670000001,0.682916667,0.688333333,0.690416667,0.6891666670000001,0.69,0.695416667,0.70125,0.700416667,0.68625,0.66125,0.662083333,0.648333333,0.654166667,0.67375,0.669583333,0.694583333,0.709583333,0.724583333,0.745,0.73625,0.7270833329999999,0.7120833329999999,0.682916667,0.675416667,0.674166667,0.67375,0.669583333,0.665416667
0.7725,0.760416667,0.7583333329999999,0.769166667,0.77,0.7695833329999999,0.762916667,0.767083333,0.775416667,0.765416667,0.7425,0.70625,0.715,0.71125,0.73375,0.762083333,0.747083333,0.7729166670000001,0.78875,0.8029166670000001,0.826666667,0.8141666670000001,0.794166667,0.77125,0.73125,0.7170833329999999,0.72125,0.73125,0.7375,0.74375
0.6395833329999999,0.632083333,0.635833333,0.638333333,0.640833333,0.64,0.643333333,0.6479166670000001,0.65125,0.6595833329999999,0.647083333,0.624166667,0.614583333,0.59875,0.5975,0.607916667,0.6133333329999999,0.630833333,0.649166667,0.662083333,0.6841666670000001,0.680416667,0.6758333329999999,0.677083333,0.65125,0.645,0.6333333329999999,0.622083333,0.61,0.5920833329999999
0.6946,0.6796,0.7026,0.7126,0.7158,0.73,0.748,0.7608,0.7718,0.7878,0.8068,0.8328,0.845,0.8694,0.8516,0.8148,0.7659999999999999,0.7434,0.723,0.6998,0.6666,0.705,0.7498,0.773,0.831,0.9032,0.8526,0.7634,0.7472,0.7192
0.00033333300000000006,0.0,0.0,0.0,0.000133333,0.001133333,0.001133333,0.001133333,0.001133333,0.012,0.047666667,0.079666667,0.11933333300000001,0.121,0.11,0.073333333,0.041333333,0.0016666670000000001,0.001,0.001,0.001,0.009666667,0.013999999999999999,0.013000000000000001,0.02,0.020133333,0.011466667,0.007133333,0.035466667,0.028466667
0.2,0.0,0.0,0.0,0.2,0.4,0.4,0.4,0.4,0.4,0.4,0.6,0.8,1.0,0.8,0.6,0.4,0.2,0.2,0.2,0.4,0.6,0.8,0.8,1.0,1.0,0.8,0.6,0.6,0.4
0.697666667,0.693666667,0.686666667,0.685,0.687,0.689333333,0.691333333,0.695,0.697333333,0.697333333,0.6890000000000001,0.672,0.670666667,0.655,0.652,0.662,0.677333333,0.6809999999999999,0.701,0.718333333,0.7343333329999999,0.7343333329999999,0.727,0.720333333,0.701,0.678666667,0.677333333,0.677666667,0.667,0.664666667
0.778,0.770333333,0.7659999999999999,0.764,0.764,0.768,0.768,0.7709999999999999,0.769,0.764333333,0.7463333329999999,0.725666667,0.7273333329999999,0.713,0.721,0.7413333329999999,0.76,0.7593333329999999,0.7829999999999999,0.796666667,0.811666667,0.813,0.8,0.782666667,0.7543333329999999,0.725333333,0.725666667,0.7323333329999999,0.7273333329999999,0.7353333329999999
0.647,0.6376666670000001,0.635333333,0.637,0.639333333,0.638,0.644333333,0.6466666670000001,0.649666667,0.653,0.65,0.6313333329999999,0.623,0.611,0.600333333,0.6,0.6143333329999999,0.624,0.6406666670000001,0.651666667,0.675333333,0.677666667,0.676666667,0.674,0.666666667,0.646333333,0.639,0.631,0.613,0.599
0.7005,0.6968333329999999,0.682,0.6995,0.720333333,0.730666667,0.7413333329999999,0.7496666670000001,0.757166667,0.7829999999999999,0.8065,0.8270000000000001,0.8305,0.847666667,0.8495,0.8290000000000001,0.7929999999999999,0.7559999999999999,0.746,0.7081666670000001,0.6748333329999999,0.7015,0.7425,0.7706666670000001,0.798166667,0.844333333,0.8565,0.791166667,0.7685,0.7533333329999999
0.000388889,0.000277778,0.0,0.0,0.000111111,0.0009444439999999999,0.0009444439999999999,0.0009444439999999999,0.0009444439999999999,0.010111110999999999,0.040555556,0.066388889,0.099444444,0.10083333300000001,0.10083333300000001,0.091666667,0.061111110999999996,0.034444444,0.0022222220000000003,0.000833333,0.000833333,0.008055556,0.011666667,0.011666667,0.016666667,0.016777778,0.016777778,0.009555556,0.029555556,0.029555556
0.333333333,0.166666667,0.0,0.0,0.166666667,0.333333333,0.333333333,0.333333333,0.333333333,0.5,0.5,0.5,0.666666667,0.833333333,0.833333333,0.666666667,0.5,0.333333333,0.333333333,0.166666667,0.333333333,0.5,0.666666667,0.833333333,0.833333333,1.0,0.833333333,0.666666667,0.666666667,0.5
0.695,0.6963888890000001,0.6941666670000001,0.687777778,0.684444444,0.686666667,0.6911111109999999,0.695277778,0.696666667,0.694722222,0.688333333,0.676666667,0.6780555559999999,0.663333333,0.656944444,0.658888889,0.666944444,0.685555556,0.6886111109999999,0.709722222,0.7275,0.7272222220000001,0.726944444,0.7213888890000001,0.709722222,0.694444444,0.679722222,0.679722222,0.671388889,0.663333333
0.771388889,0.775277778,0.773333333,0.769444444,0.7605555559999999,0.763333333,0.7669444440000001,0.7738888890000001,0.7719444440000001,0.760833333,0.748611111,0.731666667,0.74,0.723611111,0.720833333,0.7294444440000001,0.743055556,0.768055556,0.77,0.7905555559999999,0.805,0.8027777779999999,0.801388889,0.789444444,0.7666666670000001,0.7455555559999999,0.7311111109999999,0.734166667,0.728888889,0.7272222220000001
0.6466666670000001,0.644166667,0.639444444,0.636388889,0.638055556,0.637222222,0.641944444,0.646944444,0.648333333,0.651388889,0.646111111,0.636388889,0.629166667,0.618611111,0.6102777779999999,0.601944444,0.606666667,0.6230555560000001,0.6333333329999999,0.644166667,0.664444444,0.671388889,0.675,0.675,0.6658333329999999,0.66,0.6411111110000001,0.6361111110000001,0.6219444439999999,0.6033333329999999
0.688142857,0.701571429,0.6964285709999999,0.682285714,0.708,0.7324285709999999,0.7402857140000001,0.7437142859999999,0.748142857,0.768857143,0.7997142859999999,0.823857143,0.825857143,0.834857143,0.833714286,0.8304285709999999,0.808285714,0.7805714290000001,0.7564285709999999,0.73,0.685571429,0.703571429,0.734142857,0.7614285709999999,0.7925714290000001,0.814285714,0.812714286,0.803285714,0.7915714290000001,0.7707142859999999
0.00033333300000000006,0.00033333300000000006,0.000238095,0.0,9.520000000000001e-05,0.0008095239999999999,0.0008095239999999999,0.0008095239999999999,0.0008095239999999999,0.008666667,0.034857143,0.057619048,0.085238095,0.086428571,0.086428571,0.086428571,0.078571429,0.052380952,0.030238095,0.0019047620000000002,0.0007142860000000001,0.006904761999999999,0.01,0.01,0.015,0.014380951999999999,0.014380951999999999,0.014380951999999999,0.028428571,0.025333333
0.28571428600000004,0.28571428600000004,0.14285714300000002,0.0,0.14285714300000002,0.28571428600000004,0.28571428600000004,0.28571428600000004,0.28571428600000004,0.428571429,0.571428571,0.571428571,0.571428571,0.7142857140000001,0.7142857140000001,0.7142857140000001,0.571428571,0.428571429,0.428571429,0.28571428600000004,0.28571428600000004,0.428571429,0.571428571,0.7142857140000001,0.857142857,0.857142857,0.857142857,0.7142857140000001,0.7142857140000001,0.571428571
0.6959523809999999,0.694285714,0.6964285709999999,0.694047619,0.6869047620000001,0.68452381,0.688571429,0.69452381,0.696666667,0.69452381,0.687380952,0.677857143,0.6811904759999999,0.670714286,0.663809524,0.6621428570000001,0.663571429,0.67547619,0.691428571,0.697857143,0.7188095240000001,0.7223809520000001,0.721904762,0.722142857,0.712142857,0.702857143,0.693095238,0.681428571,0.6740476190000001,0.6676190479999999
0.777380952,0.77,0.7771428570000001,0.775238095,0.7657142859999999,0.76047619,0.763095238,0.7721428570000001,0.774285714,0.76452381,0.747857143,0.735714286,0.743095238,0.735,0.7288095240000001,0.728095238,0.732619048,0.752380952,0.775952381,0.778333333,0.7985714290000001,0.798333333,0.794285714,0.792142857,0.774761905,0.757380952,0.747619048,0.737619048,0.7309523809999999,0.728571429
0.63952381,0.644285714,0.644761905,0.639761905,0.637380952,0.636428571,0.640714286,0.64452381,0.648333333,0.65,0.645714286,0.635,0.633809524,0.62452381,0.616904762,0.610238095,0.6073809520000001,0.615238095,0.631190476,0.637380952,0.656190476,0.6626190479999999,0.67,0.673809524,0.667857143,0.660238095,0.653571429,0.638333333,0.627619048,0.612380952
0.684375,0.690625,0.700625,0.694875,0.691875,0.720125,0.740625,0.7425,0.743125,0.7595,0.78525,0.81575,0.82325,0.83025,0.82425,0.8190000000000001,0.812125,0.7955,0.777875,0.741125,0.7075,0.709375,0.731875,0.75175,0.78175,0.807375,0.790375,0.771625,0.802125,0.790625
0.000291667,0.000291667,0.000291667,0.000208333,8.329999999999999e-05,0.000708333,0.000708333,0.000708333,0.000708333,0.007583333,0.0305,0.0505,0.075208333,0.075625,0.075625,0.075625,0.075625,0.06875,0.046458333,0.026458332999999997,0.0016666670000000001,0.006041667,0.00875,0.00875,0.013125,0.013208333000000001,0.012583333,0.012583333,0.030291667,0.024875
0.25,0.25,0.25,0.125,0.125,0.25,0.25,0.25,0.25,0.375,0.5,0.625,0.625,0.625,0.625,0.625,0.625,0.5,0.5,0.375,0.375,0.375,0.5,0.625,0.75,0.875,0.75,0.75,0.75,0.625
0.69375,0.695208333,0.694583333,0.696041667,0.6925,0.686666667,0.6864583329999999,0.691875,0.6958333329999999,0.6947916670000001,0.688125,0.678333333,0.681666667,0.674375,0.6702083329999999,0.6675,0.6658333329999999,0.671458333,0.681875,0.6991666670000001,0.707291667,0.7154166670000001,0.718333333,0.718333333,0.713958333,0.705833333,0.700625,0.692916667,0.67625,0.670416667
0.7729166670000001,0.775416667,0.7722916670000001,0.778333333,0.77125,0.765,0.760625,0.768125,0.772708333,0.7675,0.752708333,0.736666667,0.745208333,0.7383333329999999,0.738125,0.734166667,0.7310416670000001,0.742083333,0.76125,0.7825,0.786875,0.7935416670000001,0.791458333,0.787083333,0.778958333,0.765625,0.757708333,0.75125,0.734375,0.7304166670000001
0.63875,0.638333333,0.644791667,0.644375,0.640208333,0.636041667,0.6395833329999999,0.643125,0.646041667,0.649791667,0.645208333,0.636041667,0.632916667,0.629166667,0.622291667,0.6160416670000001,0.613958333,0.614791667,0.6233333329999999,0.635,0.64875,0.655625,0.6625,0.669583333,0.667708333,0.662708333,0.6545833329999999,0.6495833329999999,0.630625,0.618541667
0.686555556,0.687,0.691,0.698777778,0.7020000000000001,0.7044444440000001,0.728777778,0.7425555559999999,0.7421111109999999,0.753777778,0.775111111,0.801111111,0.8161111109999999,0.8274444440000001,0.821333333,0.812222222,0.804,0.800333333,0.791444444,0.7618888890000001,0.719888889,0.7262222220000001,0.733888889,0.747777778,0.7708888890000001,0.796111111,0.7868888890000001,0.7563333329999999,0.774111111,0.800111111
0.000259259,0.000259259,0.000259259,0.000259259,0.000259259,0.00062963,0.00062963,0.00062963,0.00062963,0.006740741,0.027111111,0.044888889,0.066925926,0.067777778,0.067222222,0.067222222,0.067222222,0.067222222,0.061666667,0.041296296,0.023518518999999998,0.006296296,0.007777778000000001,0.007777778000000001,0.011666667,0.011740741,0.011740741,0.011185185,0.026925926,0.026925926
0.222222222,0.222222222,0.222222222,0.222222222,0.222222222,0.222222222,0.222222222,0.222222222,0.222222222,0.333333333,0.444444444,0.5555555560000001,0.666666667,0.666666667,0.5555555560000001,0.5555555560000001,0.5555555560000001,0.5555555560000001,0.5555555560000001,0.444444444,0.444444444,0.444444444,0.444444444,0.5555555560000001,0.666666667,0.7777777779999999,0.7777777779999999,0.666666667,0.7777777779999999,0.666666667
0.6920370370000001,0.693333333,0.69537037,0.694444444,0.694444444,0.691666667,0.688148148,0.68962963,0.693333333,0.6942592590000001,0.6890740740000001,0.68,0.681666667,0.675555556,0.673518519,0.6727777779999999,0.670185185,0.672592593,0.677592593,0.689814815,0.707407407,0.705555556,0.712592593,0.715555556,0.711481481,0.7081481479999999,0.7035185190000001,0.69962963,0.6870370370000001,0.6727777779999999
0.769814815,0.7716666670000001,0.7768518520000001,0.7738888890000001,0.774444444,0.77,0.76462963,0.76537037,0.769074074,0.7668518520000001,0.7566666670000001,0.742222222,0.745,0.740740741,0.740740741,0.741851852,0.7361111109999999,0.73962963,0.7511111109999999,0.7687037040000001,0.78962963,0.7837037040000001,0.787962963,0.78537037,0.775925926,0.77037037,0.765,0.759814815,0.746851852,0.7335185190000001
0.636851852,0.637777778,0.639444444,0.644444444,0.644259259,0.638703704,0.638888889,0.6418518520000001,0.64462963,0.6475925929999999,0.645555556,0.6366666670000001,0.6340740739999999,0.628888889,0.6266666670000001,0.620925926,0.618703704,0.619814815,0.622037037,0.6275925929999999,0.64537037,0.649074074,0.6562962960000001,0.662962963,0.66462963,0.663148148,0.657407407,0.650925926,0.641481481,0.622222222
0.68,0.6887,0.6877,0.6903,0.7048,0.7123,0.7138,0.7317,0.7422,0.7518,0.7684,0.7904,0.8029,0.8206,0.8197,0.8108,0.7994,0.7942,0.7962,0.7757,0.7407,0.7355,0.7466,0.748,0.7654,0.7849,0.7788,0.7566,0.7601,0.7751
0.00023333299999999998,0.00023333299999999998,0.00023333299999999998,0.00023333299999999998,0.0003,0.0007333330000000001,0.000566667,0.000566667,0.000566667,0.0060666669999999995,0.0244,0.0404,0.060233333,0.061066667000000005,0.061,0.0605,0.0605,0.0605,0.061,0.0555,0.037166667,0.0255,0.007833333,0.006999999999999999,0.0105,0.010566667,0.010566667,0.010566667,0.024233333,0.024233333
0.2,0.2,0.2,0.2,0.3,0.3,0.2,0.2,0.2,0.3,0.4,0.5,0.6,0.7,0.6,0.5,0.5,0.5,0.6,0.5,0.5,0.5,0.5,0.5,0.6,0.7,0.7,0.7,0.7,0.7
0.6925,0.6918333329999999,0.693666667,0.6951666670000001,0.6931666670000001,0.6935,0.6925,0.6908333329999999,0.6911666670000001,0.6921666670000001,0.6891666670000001,0.681666667,0.6828333329999999,0.676166667,0.674666667,0.6755,0.674666667,0.6758333329999999,0.6779999999999999,0.6851666670000001,0.6981666670000001,0.705833333,0.7040000000000001,0.710666667,0.709666667,0.7065,0.705833333,0.702333333,0.693666667,0.6828333329999999
0.7716666670000001,0.769,0.773333333,0.777833333,0.770833333,0.773,0.769166667,0.7685,0.7665,0.764166667,0.757166667,0.746833333,0.749166667,0.741,0.7426666670000001,0.743833333,0.742833333,0.7433333329999999,0.748,0.758833333,0.7765,0.7865,0.779666667,0.782833333,0.7755,0.7685,0.769333333,0.766166667,0.755,0.744833333
0.634166667,0.636166667,0.638833333,0.6396666670000001,0.644333333,0.6425,0.6409999999999999,0.6409999999999999,0.643333333,0.646166667,0.644,0.637833333,0.634833333,0.6303333329999999,0.6266666670000001,0.625,0.622833333,0.6235,0.625833333,0.626,0.6376666670000001,0.6459999999999999,0.650333333,0.657333333,0.659166667,0.660833333,0.658333333,0.653833333,0.6435,0.632833333
0.695909091,0.682545455,0.689181818,0.687363636,0.696545455,0.713909091,0.7200909090000001,0.717818182,0.732363636,0.7509999999999999,0.765272727,0.782909091,0.7929999999999999,0.808181818,0.814181818,0.8102727270000001,0.7992727270000001,0.790909091,0.7909999999999999,0.781454545,0.755181818,0.753,0.753181818,0.758272727,0.764,0.778636364,0.770181818,0.752,0.76,0.762272727
0.000818182,0.00021212099999999998,0.00021212099999999998,0.00021212099999999998,0.000272727,0.0007272730000000001,0.000666667,0.000515152,0.000515152,0.005515152,0.022181818,0.036727273,0.054757575999999995,0.055515152000000005,0.055515152000000005,0.055454545,0.055,0.055,0.055454545,0.055454545,0.050454545,0.037727273,0.025151515,0.007121211999999999,0.009545455,0.009606060999999999,0.009606060999999999,0.009606060999999999,0.022484847999999998,0.022030302999999998
0.272727273,0.181818182,0.181818182,0.181818182,0.272727273,0.363636364,0.272727273,0.181818182,0.181818182,0.272727273,0.363636364,0.454545455,0.545454545,0.636363636,0.636363636,0.545454545,0.454545455,0.454545455,0.545454545,0.545454545,0.545454545,0.545454545,0.545454545,0.545454545,0.545454545,0.636363636,0.636363636,0.636363636,0.727272727,0.636363636
0.686515152,0.692272727,0.692272727,0.6936363640000001,0.693939394,0.6924242420000001,0.694090909,0.694545455,0.692121212,0.69030303,0.6877272729999999,0.6824242420000001,0.684090909,0.677727273,0.67530303,0.6763636359999999,0.676969697,0.6793939390000001,0.680454545,0.684848485,0.693181818,0.6975757579999999,0.704393939,0.703030303,0.7057575759999999,0.70530303,0.704545455,0.704545455,0.696666667,0.689242424
0.7616666670000001,0.7707575759999999,0.7707575759999999,0.774545455,0.77469697,0.769848485,0.7719696970000001,0.772272727,0.7692424240000001,0.762272727,0.7556060609999999,0.7481818179999999,0.752727273,0.745151515,0.742727273,0.74530303,0.744545455,0.7487878790000001,0.7506060609999999,0.75530303,0.7668181820000001,0.774848485,0.782575758,0.775757576,0.7740909090000001,0.768787879,0.767727273,0.77,0.7612121209999999,0.752424242
0.6316666670000001,0.633787879,0.637272727,0.639090909,0.64,0.642727273,0.644242424,0.642727273,0.642424242,0.644848485,0.643030303,0.637121212,0.636060606,0.631363636,0.628181818,0.625151515,0.626363636,0.6268181820000001,0.628636364,0.629090909,0.63530303,0.638939394,0.647424242,0.6518181820000001,0.654393939,0.656212121,0.656666667,0.655,0.6468181820000001,0.635454545
0.702333333,0.696916667,0.6835,0.68875,0.693333333,0.705583333,0.720916667,0.72325,0.719583333,0.74125,0.763416667,0.778833333,0.7859166670000001,0.798666667,0.803333333,0.8059999999999999,0.79975,0.7915,0.78825,0.7779166670000001,0.762166667,0.76525,0.76775,0.763333333,0.772083333,0.77625,0.7656666670000001,0.7463333329999999,0.7555,0.762
0.0064444440000000006,0.00075,0.00019444400000000002,0.00019444400000000002,0.00025,0.000666667,0.000666667,0.000611111,0.00047222199999999995,0.005055556,0.020333333000000002,0.033666667000000004,0.050194444000000005,0.05088888900000001,0.05088888900000001,0.05088888900000001,0.050833333,0.050416667000000005,0.050833333,0.050833333,0.050833333,0.049861111,0.036388889,0.023055556,0.009444444,0.008805555999999999,0.008805555999999999,0.008805555999999999,0.020611111,0.020611111
0.333333333,0.25,0.166666667,0.166666667,0.25,0.333333333,0.333333333,0.25,0.166666667,0.25,0.333333333,0.41666666700000005,0.5,0.583333333,0.583333333,0.583333333,0.5,0.41666666700000005,0.5,0.5,0.583333333,0.583333333,0.583333333,0.583333333,0.583333333,0.583333333,0.583333333,0.583333333,0.666666667,0.666666667
0.6858333329999999,0.6868055559999999,0.692638889,0.692361111,0.692638889,0.6931944440000001,0.6930555559999999,0.6958333329999999,0.695416667,0.69125,0.6863888890000001,0.681666667,0.684583333,0.679305556,0.6768055559999999,0.6768055559999999,0.677638889,0.681111111,0.683333333,0.686527778,0.692222222,0.6930555559999999,0.6969444440000001,0.703472222,0.6991666670000001,0.7020833329999999,0.703611111,0.703472222,0.6991666670000001,0.692361111
0.762222222,0.7616666670000001,0.772222222,0.772083333,0.7719444440000001,0.773472222,0.769166667,0.7745833329999999,0.7726388890000001,0.765138889,0.754583333,0.7475,0.7534722220000001,0.74875,0.7463888890000001,0.745138889,0.745833333,0.749861111,0.755,0.757083333,0.762916667,0.766111111,0.772222222,0.77875,0.768333333,0.768055556,0.768055556,0.768472222,0.765138889,0.7583333329999999
0.630555556,0.6315277779999999,0.635,0.637638889,0.639444444,0.638888889,0.6443055560000001,0.645555556,0.643888889,0.643888889,0.642083333,0.636805556,0.635555556,0.632777778,0.629305556,0.6266666670000001,0.626388889,0.629722222,0.63125,0.631388889,0.637361111,0.6366666670000001,0.640833333,0.649027778,0.6495833329999999,0.652083333,0.6527777779999999,0.65375,0.648472222,0.639166667
0.700461538,0.702769231,0.6966923079999999,0.683538462,0.694153846,0.701923077,0.7126923079999999,0.7237692309999999,0.724461538,0.7287692309999999,0.7534615379999999,0.776076923,0.7819230770000001,0.791692308,0.794923077,0.796615385,0.796615385,0.792538462,0.789,0.776384615,0.760384615,0.7709230770000001,0.7779230770000001,0.7759999999999999,0.775692308,0.782769231,0.7644615379999999,0.7440000000000001,0.75,0.757692308
0.005948718,0.005948718,0.000692308,0.000179487,0.00023076900000000003,0.000615385,0.000615385,0.000615385,0.000564103,0.004666667,0.018769231,0.031076923,0.046333333,0.04697435900000001,0.04697435900000001,0.04697435900000001,0.04697435900000001,0.046923077,0.046923077,0.046923077,0.046923077,0.05025641,0.047692307999999996,0.033589744,0.023974359,0.008769231,0.008128205,0.008128205,0.019025641,0.019025641
0.307692308,0.307692308,0.23076923100000002,0.153846154,0.23076923100000002,0.307692308,0.307692308,0.307692308,0.23076923100000002,0.23076923100000002,0.307692308,0.384615385,0.46153846200000004,0.538461538,0.538461538,0.538461538,0.538461538,0.46153846200000004,0.46153846200000004,0.46153846200000004,0.538461538,0.615384615,0.615384615,0.615384615,0.615384615,0.615384615,0.538461538,0.538461538,0.615384615,0.615384615
0.685641026,0.686153846,0.6875641029999999,0.6926923079999999,0.691538462,0.692051282,0.6937179490000001,0.69474359,0.696538462,0.694358974,0.6875641029999999,0.680897436,0.683717949,0.680128205,0.678333333,0.678076923,0.677948718,0.6814102559999999,0.684615385,0.688717949,0.693205128,0.692179487,0.6928205129999999,0.696666667,0.699871795,0.696282051,0.700769231,0.7026923079999999,0.6985897440000001,0.695
0.762820513,0.762179487,0.763717949,0.773333333,0.769871795,0.7710256409999999,0.772564103,0.7717948720000001,0.77474359,0.768589744,0.757820513,0.747179487,0.752435897,0.74974359,0.749615385,0.7483333329999999,0.7456410259999999,0.7506410259999999,0.755512821,0.7606410259999999,0.7639743590000001,0.762564103,0.7643589740000001,0.7694871790000001,0.7716666670000001,0.763205128,0.767435897,0.768717949,0.7641025640000001,0.762179487
0.6283333329999999,0.6305128210000001,0.632820513,0.6355128210000001,0.638076923,0.6384615379999999,0.6406410260000001,0.6455128210000001,0.646410256,0.645128205,0.641410256,0.636410256,0.635384615,0.632564103,0.630769231,0.627820513,0.627692308,0.629487179,0.633589744,0.633589744,0.638846154,0.6384615379999999,0.638589744,0.642820513,0.647179487,0.647820513,0.649230769,0.650384615,0.647820513,0.641282051
0.6990000000000001,0.701,0.702142857,0.6957857140000001,0.6889285709999999,0.7020714290000001,0.708785714,0.715928571,0.7248571429999999,0.732642857,0.741,0.7659285709999999,0.7791428570000001,0.7875714290000001,0.7887142859999999,0.789285714,0.7885714290000001,0.790142857,0.790142857,0.7779285709999999,0.760214286,0.768642857,0.782285714,0.784857143,0.7865714290000001,0.7853571429999999,0.771357143,0.7444285709999999,0.7475714290000001,0.7524285709999999
0.00552381,0.00552381,0.00552381,0.0006428569999999999,0.00021428599999999997,0.000571429,0.000571429,0.000571429,0.000571429,0.004452381,0.017428571,0.028857143,0.04302381,0.043619048,0.043619048,0.043619048,0.043619048,0.043619048,0.043928571,0.043571429,0.043571429,0.046666667,0.048214285999999995,0.044285714000000004,0.033690476000000004,0.022309524,0.008142857,0.007547619,0.017666667,0.017666667
0.28571428600000004,0.28571428600000004,0.28571428600000004,0.214285714,0.214285714,0.28571428600000004,0.28571428600000004,0.28571428600000004,0.28571428600000004,0.28571428600000004,0.28571428600000004,0.35714285700000004,0.428571429,0.5,0.5,0.5,0.5,0.5,0.5,0.428571429,0.5,0.571428571,0.642857143,0.642857143,0.642857143,0.642857143,0.571428571,0.5,0.571428571,0.571428571
0.684642857,0.6859523809999999,0.6869047620000001,0.68797619,0.6919047620000001,0.6910714290000001,0.692619048,0.695238095,0.69547619,0.69547619,0.690714286,0.682380952,0.682857143,0.679642857,0.6791666670000001,0.679404762,0.6790476190000001,0.681428571,0.684642857,0.68952381,0.694761905,0.693095238,0.69202381,0.692857143,0.6938095240000001,0.697142857,0.69547619,0.700119048,0.6982142859999999,0.694761905
0.7621428570000001,0.762738095,0.7640476190000001,0.765357143,0.7711904759999999,0.769166667,0.770357143,0.774761905,0.7721428570000001,0.770833333,0.761547619,0.7507142859999999,0.751785714,0.749047619,0.75047619,0.751190476,0.7485714290000001,0.750119048,0.755833333,0.7607142859999999,0.7667857140000001,0.7635714290000001,0.7611904759999999,0.762380952,0.7635714290000001,0.7666666670000001,0.76297619,0.768095238,0.764642857,0.7614285709999999
0.626547619,0.628452381,0.6317857139999999,0.633452381,0.636071429,0.637261905,0.640119048,0.64202381,0.646309524,0.647380952,0.642738095,0.636190476,0.635119048,0.632619048,0.630714286,0.629285714,0.628690476,0.63047619,0.633095238,0.635595238,0.640357143,0.639761905,0.640119048,0.640595238,0.641547619,0.645714286,0.64547619,0.647261905,0.645119048,0.641190476
0.6992666670000001,0.6996,0.700533333,0.7009333329999999,0.7,0.696666667,0.708466667,0.712066667,0.7174666670000001,0.7324666670000001,0.7438,0.753466667,0.769466667,0.7846,0.785066667,0.7838666670000001,0.782266667,0.783066667,0.788066667,0.7797333329999999,0.762733333,0.767933333,0.7794,0.788466667,0.794133333,0.7948666670000001,0.7745333329999999,0.7522,0.747733333,0.75
0.0051555559999999995,0.0051555559999999995,0.0051555559999999995,0.0051555559999999995,0.000644444,0.000533333,0.000533333,0.000533333,0.000533333,0.0042,0.016377778,0.026933332999999997,0.040155556,0.040711111,0.040711111,0.040711111,0.040711111,0.040711111,0.041044444,0.040999999999999995,0.040666667000000004,0.043555555999999995,0.045,0.045,0.043666667,0.031488889,0.020822221999999998,0.0076,0.016488889,0.016488889
0.26666666699999997,0.26666666699999997,0.26666666699999997,0.26666666699999997,0.26666666699999997,0.26666666699999997,0.26666666699999997,0.26666666699999997,0.26666666699999997,0.333333333,0.333333333,0.333333333,0.4,0.46666666700000003,0.46666666700000003,0.46666666700000003,0.46666666700000003,0.46666666700000003,0.533333333,0.46666666700000003,0.46666666700000003,0.533333333,0.6,0.666666667,0.666666667,0.666666667,0.6,0.533333333,0.533333333,0.533333333
0.682444444,0.685,0.686666667,0.687333333,0.687555556,0.691444444,0.691666667,0.6941111109999999,0.695888889,0.694555556,0.6920000000000001,0.685666667,0.684111111,0.679111111,0.6787777779999999,0.680111111,0.680222222,0.682222222,0.684444444,0.689222222,0.6951111109999999,0.694555556,0.692888889,0.6921111109999999,0.690444444,0.691666667,0.696333333,0.6952222220000001,0.6961111109999999,0.694666667
0.761111111,0.762111111,0.7644444440000001,0.7655555559999999,0.7638888890000001,0.770444444,0.7686666670000001,0.7725555559999999,0.7748888890000001,0.7686666670000001,0.764111111,0.7546666670000001,0.754777778,0.7486666670000001,0.749777778,0.7518888890000001,0.751222222,0.7525555559999999,0.755,0.7606666670000001,0.7664444440000001,0.766222222,0.762222222,0.7595555559999999,0.7573333329999999,0.7594444440000001,0.766222222,0.7638888890000001,0.764333333,0.762111111
0.6246666670000001,0.626777778,0.629777778,0.632444444,0.6341111110000001,0.635444444,0.638888889,0.641444444,0.643,0.647222222,0.645,0.637777778,0.635,0.632555556,0.630888889,0.6293333329999999,0.63,0.631222222,0.633777778,0.635,0.641777778,0.6411111110000001,0.641222222,0.641888889,0.639555556,0.640555556,0.6436666670000001,0.643888889,0.642555556,0.6391111110000001
0.7003125,0.6998125,0.69925,0.6995,0.7045625,0.7065625,0.703,0.7115625,0.71375,0.7250625,0.7429375,0.7553125,0.7575625,0.7751875,0.7824375,0.78075,0.777625,0.7775,0.7815625,0.7784375,0.765375,0.7698125,0.7780625,0.785375,0.7969375,0.8014375,0.784125,0.756375,0.7548125,0.75
0.0048333329999999996,0.0048333329999999996,0.0048333329999999996,0.0048333329999999996,0.004875,0.000916667,0.0005,0.0005,0.0005,0.0039375,0.015395833000000001,0.025354167,0.037645833,0.038166667,0.038166667,0.038166667,0.038166667,0.038166667,0.038479167,0.038479167,0.0384375,0.040833333,0.0421875,0.0421875,0.044375,0.040979167000000004,0.029520833,0.019520833,0.015979167,0.015458333000000001
0.3125,0.25,0.25,0.25,0.3125,0.3125,0.25,0.25,0.25,0.3125,0.375,0.375,0.375,0.4375,0.4375,0.4375,0.4375,0.4375,0.5,0.5,0.5,0.5,0.5625,0.625,0.6875,0.6875,0.625,0.5625,0.5625,0.5
0.6802083329999999,0.682916667,0.6857291670000001,0.687083333,0.6869791670000001,0.687395833,0.6919791670000001,0.693125,0.6947916670000001,0.695,0.6913541670000001,0.6871875,0.687083333,0.680520833,0.678333333,0.6796875,0.6808333329999999,0.683125,0.685,0.68875,0.694479167,0.694895833,0.6942708329999999,0.692916667,0.689895833,0.6886458329999999,0.69125,0.696041667,0.691770833,0.692916667
0.75875,0.7611458329999999,0.76375,0.765833333,0.764166667,0.763645833,0.769895833,0.770833333,0.7728125,0.771458333,0.7625,0.7575,0.758229167,0.7516666670000001,0.749375,0.7511458329999999,0.751875,0.754791667,0.756979167,0.7595833329999999,0.766041667,0.7659375,0.764791667,0.760625,0.755,0.7538541670000001,0.7594791670000001,0.766875,0.760625,0.761979167
0.6234375,0.625,0.628125,0.630520833,0.633125,0.633645833,0.637083333,0.640208333,0.6423958329999999,0.6440625,0.645,0.640208333,0.6365625,0.632604167,0.6309375,0.629583333,0.63,0.6322916670000001,0.634270833,0.635520833,0.640833333,0.6423958329999999,0.6423958329999999,0.6428125,0.640833333,0.63875,0.6389583329999999,0.6422916670000001,0.6396875,0.637083333
0.703117647,0.700764706,0.699470588,0.6983529409999999,0.703,0.710470588,0.711941176,0.7062352940000001,0.7131764709999999,0.721117647,0.7353529409999999,0.753823529,0.759058824,0.7636470590000001,0.773705882,0.778529412,0.775058824,0.773411765,0.776411765,0.772882353,0.765,0.771882353,0.779235294,0.7837647059999999,0.793529412,0.8036470590000001,0.7909411759999999,0.766470588,0.758588235,0.756529412
0.00454902,0.00454902,0.00454902,0.00454902,0.004588235,0.004882353,0.000862745,0.00047058800000000003,0.00047058800000000003,0.003705882,0.014490196,0.023901961,0.035529412,0.035921569,0.035921569,0.035921569,0.035921569,0.035921569,0.036215686000000004,0.036215686000000004,0.036215686000000004,0.03872549,0.039705882000000005,0.039705882000000005,0.041764706,0.041803922,0.038568627,0.027784313999999997,0.026705882,0.015039216000000001
0.294117647,0.294117647,0.235294118,0.235294118,0.294117647,0.352941176,0.294117647,0.235294118,0.235294118,0.294117647,0.352941176,0.41176470600000004,0.41176470600000004,0.41176470600000004,0.41176470600000004,0.41176470600000004,0.41176470600000004,0.41176470600000004,0.470588235,0.470588235,0.529411765,0.529411765,0.529411765,0.588235294,0.647058824,0.705882353,0.647058824,0.588235294,0.588235294,0.529411765
0.678529412,0.6807843140000001,0.68372549,0.6861764709999999,0.686764706,0.686862745,0.688137255,0.693333333,0.6938235290000001,0.694019608,0.691960784,0.686862745,0.688431373,0.6835294120000001,0.679705882,0.6792156859999999,0.680392157,0.6835294120000001,0.685686275,0.689019608,0.69372549,0.694313725,0.694607843,0.6942156859999999,0.6907843140000001,0.688235294,0.688431373,0.69127451,0.692745098,0.689019608
0.757745098,0.7589215690000001,0.762745098,0.7650980390000001,0.764509804,0.7639215690000001,0.763529412,0.771862745,0.771176471,0.769705882,0.7654901959999999,0.7563725490000001,0.760686275,0.755098039,0.752156863,0.750686275,0.751176471,0.755196078,0.758823529,0.761176471,0.764705882,0.765588235,0.764607843,0.763137255,0.75627451,0.751862745,0.7542156859999999,0.7604901959999999,0.763627451,0.758627451
0.6216666670000001,0.6238235289999999,0.626372549,0.628921569,0.63127451,0.632745098,0.635294118,0.638431373,0.641176471,0.643431373,0.642156863,0.640490196,0.638921569,0.634215686,0.631078431,0.629705882,0.630196078,0.632156863,0.635098039,0.635882353,0.640980392,0.641470588,0.643529412,0.643823529,0.641764706,0.64,0.6373529410000001,0.637941176,0.638431373,0.634705882
0.701833333,0.7033888890000001,0.7003888890000001,0.698611111,0.701722222,0.708666667,0.715333333,0.7145,0.7080555559999999,0.720166667,0.7310555559999999,0.746055556,0.7574444440000001,0.7647222220000001,0.7628888890000001,0.7705,0.773277778,0.771222222,0.7726111109999999,0.7685,0.7605,0.771166667,0.780666667,0.7845555559999999,0.7915555559999999,0.8000555559999999,0.7936111109999999,0.7738888890000001,0.768,0.76
0.004296296,0.004296296,0.004296296,0.004296296,0.004333333,0.004611110999999999,0.004611110999999999,0.000814815,0.000444444,0.0035,0.013685185,0.022574074,0.033592593,0.034018519,0.033925926,0.033925926,0.033925926,0.033925926,0.034203704,0.034203704,0.034203704,0.036611111,0.037777778,0.0375,0.039444444,0.039481481,0.039481481,0.036425926000000004,0.034111111,0.025222222000000002
0.27777777800000003,0.27777777800000003,0.27777777800000003,0.222222222,0.27777777800000003,0.333333333,0.333333333,0.27777777800000003,0.222222222,0.27777777800000003,0.333333333,0.38888888899999996,0.444444444,0.444444444,0.38888888899999996,0.38888888899999996,0.38888888899999996,0.38888888899999996,0.444444444,0.444444444,0.5,0.5555555560000001,0.5555555560000001,0.5555555560000001,0.611111111,0.666666667,0.666666667,0.611111111,0.611111111,0.5555555560000001
0.677314815,0.6791666670000001,0.681666667,0.6842592590000001,0.6859259259999999,0.686666667,0.687592593,0.68962963,0.6939814809999999,0.693148148,0.6912037040000001,0.687685185,0.6880555559999999,0.685,0.682592593,0.680462963,0.6799074070000001,0.6829629629999999,0.6859259259999999,0.689444444,0.693703704,0.693611111,0.6940740740000001,0.694537037,0.69212963,0.6891666670000001,0.6880555559999999,0.6886111109999999,0.688425926,0.6900925929999999
0.756851852,0.757962963,0.7605555559999999,0.764074074,0.7638888890000001,0.764259259,0.763796296,0.7657407409999999,0.77212963,0.768333333,0.764166667,0.7595370370000001,0.7594444440000001,0.7575925929999999,0.75537037,0.7532407409999999,0.750740741,0.754351852,0.758981481,0.762685185,0.765925926,0.764351852,0.764351852,0.763055556,0.7588888890000001,0.7532407409999999,0.752314815,0.7554629629999999,0.757777778,0.7615740740000001
0.619722222,0.62212963,0.625185185,0.627222222,0.629722222,0.6310185189999999,0.634351852,0.6366666670000001,0.639444444,0.642222222,0.6416666670000001,0.638055556,0.639259259,0.636574074,0.632685185,0.629907407,0.630277778,0.632222222,0.634814815,0.636574074,0.641018519,0.641574074,0.6425925929999999,0.644814815,0.642777778,0.640925926,0.638611111,0.636481481,0.6345370370000001,0.633796296
0.703894737,0.702157895,0.702894737,0.6995263159999999,0.701789474,0.707157895,0.713368421,0.717578947,0.715789474,0.7149473679999999,0.7296315790000001,0.7414210529999999,0.749894737,0.762894737,0.763947368,0.760421053,0.765947368,0.769736842,0.7705789470000001,0.7653157890000001,0.757,0.7665789470000001,0.7795263159999999,0.785631579,0.791894737,0.797842105,0.790736842,0.7773157890000001,0.774947368,0.768842105
0.004070175,0.004070175,0.004070175,0.004070175,0.004105263,0.004368421,0.004368421,0.004368421,0.00077193,0.0033157890000000004,0.012964912,0.021385965,0.031824561,0.032263158,0.03222807,0.032140351,0.032140351,0.032140351,0.032403509,0.032403509,0.032403509,0.034684211,0.035824561,0.035789474,0.037368421,0.037403509,0.037403509,0.037403509,0.041964912,0.032315789
0.263157895,0.263157895,0.263157895,0.263157895,0.263157895,0.31578947399999996,0.31578947399999996,0.31578947399999996,0.263157895,0.263157895,0.31578947399999996,0.36842105299999994,0.42105263200000004,0.473684211,0.42105263200000004,0.36842105299999994,0.36842105299999994,0.36842105299999994,0.42105263200000004,0.42105263200000004,0.473684211,0.526315789,0.578947368,0.578947368,0.578947368,0.6315789470000001,0.6315789470000001,0.6315789470000001,0.6315789470000001,0.578947368
0.6757017540000001,0.677982456,0.6800877190000001,0.682280702,0.684122807,0.6858771929999999,0.687368421,0.689035088,0.6904385959999999,0.693333333,0.6905263159999999,0.687192982,0.68877193,0.6848245609999999,0.684035088,0.683157895,0.681052632,0.682368421,0.6852631579999999,0.6894736840000001,0.6938596490000001,0.693596491,0.693421053,0.694035088,0.69254386,0.6905263159999999,0.688947368,0.6882456140000001,0.686052632,0.6861403509999999
0.755614035,0.7571052629999999,0.759561404,0.761929825,0.7629824559999999,0.763684211,0.764122807,0.765877193,0.7663157890000001,0.769385965,0.763157895,0.7585964909999999,0.762280702,0.7565789470000001,0.7577192979999999,0.75622807,0.753157895,0.75377193,0.7579824559999999,0.7626315790000001,0.7671052629999999,0.765526316,0.763245614,0.762894737,0.759035088,0.755877193,0.7535964909999999,0.7535964909999999,0.753157895,0.756140351
0.617982456,0.620263158,0.623508772,0.626052632,0.628070175,0.6295614039999999,0.632631579,0.635701754,0.6377192979999999,0.640526316,0.640614035,0.637807018,0.637017544,0.637017544,0.635,0.631491228,0.630438596,0.6321929820000001,0.634736842,0.63622807,0.641403509,0.6415789470000001,0.642631579,0.643859649,0.64377193,0.641929825,0.639561404,0.6377192979999999,0.6333333329999999,0.630350877
0.706,0.7041,0.70175,0.70195,0.7025,0.70695,0.7117,0.7156,0.71865,0.72195,0.7242,0.73955,0.7453,0.75545,0.76225,0.76155,0.7566,0.76295,0.7692,0.76375,0.75455,0.76295,0.77475,0.7843,0.79255,0.79785,0.7891,0.7754,0.77815,0.7754
0.0038666670000000003,0.0038666670000000003,0.0038666670000000003,0.0038666670000000003,0.0039,0.00415,0.00415,0.00415,0.00415,0.003483333,0.012316667,0.020316667,0.030233332999999998,0.03065,0.03065,0.030616667,0.030533333,0.030533333,0.030783333,0.030783333,0.030783333,0.03295,0.034033333,0.034033333,0.03575,0.035533333,0.035533333,0.035533333,0.042616667000000004,0.039866667
0.25,0.25,0.25,0.25,0.3,0.3,0.3,0.3,0.3,0.3,0.3,0.35,0.4,0.45,0.45,0.4,0.35,0.35,0.4,0.4,0.45,0.5,0.55,0.6,0.6,0.6,0.6,0.6,0.65,0.6
0.6735,0.676416667,0.6789166670000001,0.68075,0.68225,0.6841666670000001,0.686583333,0.68875,0.6898333329999999,0.69,0.6908333329999999,0.68675,0.68825,0.685666667,0.683916667,0.6845,0.683583333,0.683333333,0.684583333,0.688666667,0.693666667,0.69375,0.693416667,0.693416667,0.6921666670000001,0.691,0.69025,0.689083333,0.6858333329999999,0.684
0.753,0.755916667,0.7586666670000001,0.760916667,0.7609999999999999,0.762833333,0.7635833329999999,0.766083333,0.766416667,0.764,0.764416667,0.757916667,0.76125,0.759416667,0.75675,0.758416667,0.7559999999999999,0.755916667,0.75725,0.7615,0.766833333,0.7666666670000001,0.764416667,0.761916667,0.759083333,0.756166667,0.756083333,0.75475,0.7515,0.751833333
0.61575,0.618583333,0.6216666670000001,0.624416667,0.626916667,0.628,0.631166667,0.634,0.63675,0.638833333,0.639083333,0.637,0.636833333,0.635,0.6355,0.63375,0.631916667,0.63225,0.6345833329999999,0.636083333,0.640833333,0.641916667,0.6425833329999999,0.643833333,0.642916667,0.642916667,0.6405833329999999,0.6386666670000001,0.6346666670000001,0.629416667
0.7159047620000001,0.706095238,0.703619048,0.7009047620000001,0.704666667,0.7073809520000001,0.7112857140000001,0.7139047620000001,0.716714286,0.7243809520000001,0.7304285709999999,0.733904762,0.7433333329999999,0.750809524,0.7551904759999999,0.7600476190000001,0.757857143,0.7541904759999999,0.762761905,0.762761905,0.7535714290000001,0.760333333,0.770904762,0.77952381,0.790952381,0.7981904759999999,0.78952381,0.7745714290000001,0.776285714,0.778428571
0.007571429,0.00368254,0.00368254,0.00368254,0.003714286,0.003952381,0.003952381,0.003952381,0.003952381,0.006571429,0.012047618999999999,0.019349206,0.028793651,0.029190476,0.029190476,0.029190476,0.02915873,0.029079365,0.02931746,0.02931746,0.02931746,0.031380952000000004,0.032412698,0.032412698,0.034079365,0.034079365,0.03384127,0.03384127,0.040587302,0.040587302
0.28571428600000004,0.23809523800000001,0.23809523800000001,0.23809523800000001,0.28571428600000004,0.333333333,0.28571428600000004,0.28571428600000004,0.28571428600000004,0.333333333,0.333333333,0.333333333,0.380952381,0.428571429,0.428571429,0.428571429,0.380952381,0.333333333,0.380952381,0.380952381,0.428571429,0.47619047600000003,0.523809524,0.571428571,0.6190476189999999,0.6190476189999999,0.571428571,0.571428571,0.6190476189999999,0.6190476189999999
0.67,0.674285714,0.677380952,0.679603175,0.6807936509999999,0.682380952,0.684920635,0.687936508,0.68952381,0.689444444,0.687777778,0.687222222,0.687777778,0.68531746,0.684761905,0.6843650790000001,0.68484127,0.6856349209999999,0.685396825,0.687857143,0.692698413,0.693571429,0.693571429,0.6934126979999999,0.691666667,0.690714286,0.690714286,0.69031746,0.6867460320000001,0.6838888890000001
0.747460317,0.753412698,0.757460317,0.76,0.760079365,0.760952381,0.762777778,0.76547619,0.766587302,0.7642063490000001,0.75952381,0.759365079,0.76047619,0.7585714290000001,0.7594444440000001,0.757460317,0.758095238,0.7584920629999999,0.759126984,0.760634921,0.7655555559999999,0.766428571,0.7655555559999999,0.763095238,0.7583333329999999,0.7563492059999999,0.7563492059999999,0.757063492,0.752698413,0.75031746
0.6137301589999999,0.616428571,0.62,0.622619048,0.62531746,0.626904762,0.629603175,0.632539683,0.635079365,0.637857143,0.637539683,0.635714286,0.6361111110000001,0.634920635,0.633650794,0.634285714,0.634047619,0.633571429,0.63452381,0.635873016,0.64047619,0.641349206,0.642857143,0.643730159,0.642936508,0.6421428570000001,0.641587302,0.63968254,0.635714286,0.630873016
0.7171818179999999,0.715545455,0.705545455,0.7027272729999999,0.703545455,0.709227273,0.7115,0.7134090909999999,0.715045455,0.722272727,0.732363636,0.739409091,0.7377727270000001,0.748681818,0.7507727270000001,0.753409091,0.756590909,0.7555,0.754409091,0.7569090909999999,0.7530909090000001,0.7591363640000001,0.768045455,0.775636364,0.786090909,0.7964090909999999,0.790227273,0.775636364,0.775454545,0.776636364
0.007287879000000001,0.007227273,0.003515152,0.003515152,0.003545455,0.003772727,0.003772727,0.003772727,0.003772727,0.006272727,0.014606061000000002,0.018772727,0.027484848,0.027863636,0.027863636,0.027863636,0.027863636,0.027833333,0.027984848,0.027984848,0.027984848,0.029954545,0.030939394,0.030939394,0.032530302999999997,0.032560606,0.032530302999999997,0.03230303,0.038742424,0.038742424
0.318181818,0.272727273,0.22727272699999998,0.22727272699999998,0.272727273,0.318181818,0.318181818,0.272727273,0.272727273,0.318181818,0.363636364,0.363636364,0.363636364,0.409090909,0.409090909,0.409090909,0.409090909,0.363636364,0.363636364,0.363636364,0.409090909,0.454545455,0.5,0.545454545,0.590909091,0.636363636,0.590909091,0.545454545,0.590909091,0.590909091
0.668863636,0.6709090910000001,0.67530303,0.6781060609999999,0.67969697,0.6809848479999999,0.683181818,0.6862878790000001,0.6887121209999999,0.6891666670000001,0.687348485,0.684469697,0.688181818,0.685,0.684469697,0.685151515,0.68469697,0.6867424240000001,0.6875,0.688484848,0.6917424240000001,0.692651515,0.6934090909999999,0.6935606059999999,0.6917424240000001,0.69030303,0.690454545,0.690757576,0.688030303,0.684848485
0.746818182,0.748106061,0.755,0.7587878790000001,0.7592424240000001,0.7600757579999999,0.760984848,0.764621212,0.765984848,0.764469697,0.7599242420000001,0.7549242420000001,0.761742424,0.757954545,0.758636364,0.76,0.75719697,0.7603787879999999,0.761439394,0.762272727,0.764545455,0.7652272729999999,0.7653787879999999,0.7642424240000001,0.759621212,0.7557575759999999,0.7565151520000001,0.757272727,0.755,0.7515151520000001
0.6125,0.614469697,0.617878788,0.620984848,0.623560606,0.625378788,0.6284848479999999,0.630984848,0.633636364,0.636212121,0.6366666670000001,0.634393939,0.6349242420000001,0.634318182,0.633636364,0.632575758,0.634545455,0.635530303,0.635681818,0.635757576,0.6400757579999999,0.640984848,0.642272727,0.643939394,0.642878788,0.64219697,0.640909091,0.640681818,0.6368181820000001,0.632045455
0.721173913,0.716782609,0.714608696,0.704608696,0.705173913,0.707956522,0.713086957,0.713521739,0.714521739,0.720434783,0.73,0.740869565,0.742869565,0.743130435,0.74873913,0.74926087,0.7503913040000001,0.7543913040000001,0.7556521740000001,0.749173913,0.7479130429999999,0.758434783,0.766565217,0.772695652,0.7820869570000001,0.7915217390000001,0.788869565,0.776913043,0.776434783,0.775826087
0.008202899,0.006971014,0.006913043000000001,0.0033623190000000003,0.0033913040000000004,0.0036086959999999998,0.0036086959999999998,0.0036086959999999998,0.0036086959999999998,0.006,0.013971013999999999,0.020927536,0.02657971,0.026652174,0.026652174,0.026652174,0.026652174,0.026652174,0.02684058,0.026768116,0.026768116,0.028652174,0.029594203,0.029594203,0.031115942,0.031144928,0.031144928,0.031115942,0.037057971,0.037057971
0.347826087,0.304347826,0.260869565,0.21739130399999998,0.260869565,0.304347826,0.304347826,0.304347826,0.260869565,0.304347826,0.347826087,0.39130434799999997,0.39130434799999997,0.39130434799999997,0.39130434799999997,0.39130434799999997,0.39130434799999997,0.39130434799999997,0.39130434799999997,0.347826087,0.39130434799999997,0.434782609,0.47826087,0.52173913,0.565217391,0.608695652,0.608695652,0.565217391,0.565217391,0.565217391
0.667391304,0.669782609,0.6720289859999999,0.676086957,0.67826087,0.6799275359999999,0.681811594,0.6845652170000001,0.687101449,0.688405797,0.687173913,0.6842028990000001,0.6855072459999999,0.6855072459999999,0.6842028990000001,0.6848550720000001,0.6854347829999999,0.686521739,0.688478261,0.6903623190000001,0.692173913,0.69173913,0.692536232,0.693405797,0.691956522,0.6904347829999999,0.6900724640000001,0.6905072459999999,0.688550725,0.68615942
0.7456521740000001,0.7474637679999999,0.749855072,0.7563768120000001,0.758115942,0.759275362,0.760144928,0.762826087,0.765144928,0.763985507,0.7603623190000001,0.755507246,0.7573913040000001,0.759275362,0.7580434779999999,0.759202899,0.759637681,0.75942029,0.763115942,0.764347826,0.7659420290000001,0.764275362,0.764275362,0.764130435,0.760869565,0.7571014490000001,0.7559420290000001,0.7573913040000001,0.755289855,0.7537681159999999
0.611086957,0.61326087,0.615942029,0.6189130429999999,0.6219565220000001,0.623695652,0.6269565220000001,0.629855072,0.632101449,0.6347826089999999,0.635144928,0.633695652,0.633695652,0.63326087,0.633115942,0.632608696,0.632898551,0.635942029,0.6374637679999999,0.636811594,0.639782609,0.64057971,0.6418840579999999,0.643333333,0.643115942,0.6421739129999999,0.641014493,0.640072464,0.637898551,0.63326087
0.723,0.720625,0.715833333,0.713333333,0.706875,0.709333333,0.7117083329999999,0.714958333,0.714583333,0.7197083329999999,0.727916667,0.73825,0.744125,0.747791667,0.743416667,0.747375,0.746541667,0.748541667,0.754583333,0.750583333,0.740875,0.75325,0.7655833329999999,0.771083333,0.779,0.787458333,0.7845,0.776166667,0.777625,0.77675
0.008069444,0.007861111,0.006680556,0.006625,0.00325,0.003458333,0.003458333,0.003458333,0.003458333,0.00575,0.013388889,0.020055556000000002,0.028319444,0.025819444,0.025541667,0.025541667,0.025541667,0.025541667,0.02575,0.025722222000000003,0.025652777999999998,0.027458332999999998,0.028361111,0.028361111,0.029819444,0.029847222000000003,0.029847222000000003,0.029847222000000003,0.035722222000000005,0.035513889
0.375,0.333333333,0.291666667,0.25,0.25,0.291666667,0.291666667,0.291666667,0.291666667,0.291666667,0.333333333,0.375,0.41666666700000005,0.41666666700000005,0.375,0.375,0.375,0.375,0.41666666700000005,0.375,0.375,0.41666666700000005,0.45833333299999995,0.5,0.541666667,0.583333333,0.583333333,0.583333333,0.583333333,0.541666667
0.666805556,0.668333333,0.670902778,0.6729166670000001,0.6763194440000001,0.6785416670000001,0.6807638890000001,0.6831944440000001,0.685416667,0.686875,0.686527778,0.6841666670000001,0.685208333,0.6830555559999999,0.684722222,0.684583333,0.6851388890000001,0.687152778,0.6881944440000001,0.691180556,0.6938194440000001,0.692152778,0.691666667,0.6925694440000001,0.691875,0.690694444,0.690208333,0.6901388890000001,0.6884027779999999,0.686736111
0.744861111,0.746319444,0.749166667,0.751388889,0.755833333,0.758194444,0.759375,0.761944444,0.763402778,0.7632638890000001,0.7600694440000001,0.756111111,0.757847222,0.755208333,0.7593055559999999,0.7586111109999999,0.7588888890000001,0.7616666670000001,0.762083333,0.765833333,0.767777778,0.765625,0.763402778,0.763125,0.760902778,0.758402778,0.757222222,0.756805556,0.755486111,0.7540972220000001
0.6104166670000001,0.611875,0.614722222,0.617013889,0.619930556,0.622152778,0.625277778,0.6283333329999999,0.630972222,0.633263889,0.633819444,0.632361111,0.633055556,0.6321527779999999,0.6321527779999999,0.6321527779999999,0.632916667,0.634305556,0.637777778,0.638472222,0.640625,0.640277778,0.641458333,0.642916667,0.6425694439999999,0.642430556,0.641041667,0.640208333,0.637430556,0.634444444
0.7258,0.7224,0.7195600000000001,0.7145600000000001,0.71516,0.7108,0.7128800000000001,0.7135600000000001,0.71592,0.7195600000000001,0.72692,0.73592,0.74148,0.7488,0.74788,0.74232,0.74484,0.74492,0.7489600000000001,0.74976,0.74256,0.74628,0.76032,0.7699600000000001,0.7772,0.78428,0.78088,0.77248,0.77688,0.77788
0.007746667,0.007746667,0.007546667,0.006413333,0.0063866669999999995,0.0033200000000000005,0.0033200000000000005,0.0033200000000000005,0.0033200000000000005,0.005520000000000001,0.012853333,0.019253333,0.027186667,0.02752,0.024786667000000002,0.02452,0.02452,0.02452,0.02472,0.02472,0.024693332999999998,0.02636,0.027226667000000003,0.027226667000000003,0.028626667,0.028653333,0.028653333,0.028653333,0.034319999999999996,0.034293332999999995
0.4,0.36,0.32,0.28,0.28,0.28,0.28,0.28,0.28,0.32,0.32,0.36,0.4,0.44,0.4,0.36,0.36,0.36,0.4,0.4,0.4,0.4,0.44,0.48,0.52,0.56,0.56,0.56,0.6,0.56
0.665133333,0.6677333329999999,0.669466667,0.6718,0.673266667,0.676666667,0.6794,0.682133333,0.6840666670000001,0.685266667,0.685133333,0.683666667,0.685133333,0.682866667,0.6824,0.6850666670000001,0.684866667,0.6868,0.688733333,0.6908,0.694466667,0.693733333,0.6920666670000001,0.691733333,0.691133333,0.690666667,0.690466667,0.6902666670000001,0.688133333,0.686666667
0.742133333,0.745533333,0.748,0.7506666670000001,0.751066667,0.7559999999999999,0.7583333329999999,0.761133333,0.7625333329999999,0.7616666670000001,0.7595333329999999,0.7559999999999999,0.7583333329999999,0.755733333,0.7554,0.7598,0.7583333329999999,0.760866667,0.764133333,0.764733333,0.769066667,0.7674,0.764733333,0.762333333,0.760066667,0.7585333329999999,0.758466667,0.758,0.755,0.7543333329999999
0.609866667,0.6112,0.6133333329999999,0.6158,0.618066667,0.6202,0.623733333,0.6266666670000001,0.629466667,0.632133333,0.6324,0.6312,0.6318,0.6316,0.631133333,0.631266667,0.632466667,0.634266667,0.636133333,0.638733333,0.642066667,0.641066667,0.641133333,0.642466667,0.6422,0.641933333,0.641333333,0.640266667,0.6376666670000001,0.634133333
0.725307692,0.725115385,0.721307692,0.718192308,0.716269231,0.718615385,0.714153846,0.714615385,0.714538462,0.7206538459999999,0.7265,0.7346538459999999,0.739115385,0.746076923,0.7488461540000001,0.746653846,0.7400769229999999,0.743346154,0.7454615379999999,0.7445384620000001,0.7420769229999999,0.747692308,0.753346154,0.764730769,0.775884615,0.7823461540000001,0.778076923,0.769461538,0.773307692,0.7771538459999999
0.007461538,0.007448718000000001,0.007448718000000001,0.00725641,0.0061923080000000005,0.006333333000000001,0.003192308,0.003192308,0.003192308,0.005307691999999999,0.012358973999999998,0.018512821000000002,0.026141026,0.026461538,0.026461538,0.023833332999999998,0.023576923,0.023576923,0.023769231000000002,0.023769231000000002,0.023769231000000002,0.025410256000000003,0.026179487,0.026179487,0.027525641,0.027551282000000003,0.027551282000000003,0.027551282000000003,0.033,0.033
0.423076923,0.384615385,0.346153846,0.307692308,0.307692308,0.307692308,0.269230769,0.269230769,0.269230769,0.307692308,0.346153846,0.346153846,0.384615385,0.423076923,0.423076923,0.384615385,0.346153846,0.346153846,0.384615385,0.384615385,0.423076923,0.423076923,0.423076923,0.46153846200000004,0.5,0.538461538,0.538461538,0.538461538,0.576923077,0.576923077
0.664807692,0.666089744,0.668846154,0.670384615,0.6721794870000001,0.673717949,0.6775641029999999,0.680769231,0.6830128209999999,0.683974359,0.6836538459999999,0.6824358970000001,0.684615385,0.682884615,0.68224359,0.682820513,0.685320513,0.6864743590000001,0.688333333,0.6912179490000001,0.693974359,0.694358974,0.6935897440000001,0.692115385,0.690384615,0.69,0.690448718,0.6905128209999999,0.688333333,0.6864743590000001
0.741858974,0.742884615,0.747179487,0.7494871790000001,0.750384615,0.7514102559999999,0.7562179490000001,0.7600641029999999,0.761730769,0.7608974359999999,0.758141026,0.7556410259999999,0.758141026,0.7562820509999999,0.7558974359999999,0.7560256409999999,0.7594871790000001,0.76025641,0.763269231,0.766602564,0.767884615,0.768653846,0.766474359,0.763653846,0.759423077,0.757820513,0.758589744,0.759166667,0.7562179490000001,0.753910256
0.609166667,0.610641026,0.612628205,0.614423077,0.616858974,0.618397436,0.621794872,0.625128205,0.627820513,0.630641026,0.6313461539999999,0.6299358970000001,0.630705128,0.630448718,0.630641026,0.6303205129999999,0.631602564,0.6337820510000001,0.636025641,0.637115385,0.642179487,0.642435897,0.641858974,0.642115385,0.6417948720000001,0.6416025639999999,0.640897436,0.640576923,0.637820513,0.634487179
0.725037037,0.724666667,0.723962963,0.7199259259999999,0.719703704,0.719555556,0.721555556,0.715777778,0.7155185190000001,0.7191481479999999,0.7272962959999999,0.733962963,0.737777778,0.74362963,0.746222222,0.74762963,0.7443333329999999,0.738814815,0.743925926,0.7413333329999999,0.7373333329999999,0.747037037,0.7544444440000001,0.757851852,0.77062963,0.7808888890000001,0.776444444,0.767185185,0.77037037,0.7737037040000001
0.007617284,0.007185185,0.00717284,0.00717284,0.007012346,0.006148148000000001,0.006098765,0.0030740740000000004,0.0030740740000000004,0.005111111,0.011901235,0.01782716,0.02517284,0.025481481,0.025481481,0.025481481,0.022950617000000003,0.022703703999999998,0.022888889,0.022888889,0.022888889,0.024493827000000003,0.025271605,0.025209877000000002,0.026506172999999997,0.026530863999999998,0.026530863999999998,0.026530863999999998,0.031777778,0.031777778
0.444444444,0.40740740700000005,0.37037037,0.333333333,0.333333333,0.333333333,0.296296296,0.25925925899999996,0.25925925899999996,0.296296296,0.333333333,0.37037037,0.37037037,0.40740740700000005,0.40740740700000005,0.40740740700000005,0.37037037,0.333333333,0.37037037,0.37037037,0.40740740700000005,0.444444444,0.444444444,0.444444444,0.481481481,0.518518519,0.518518519,0.518518519,0.5555555560000001,0.5555555560000001
0.664567901,0.665740741,0.667222222,0.669753086,0.670802469,0.6726543209999999,0.674691358,0.678950617,0.681666667,0.6829629629999999,0.6824691359999999,0.681111111,0.683395062,0.6824691359999999,0.6822839509999999,0.6826543209999999,0.683148148,0.686851852,0.6879629629999999,0.6907407409999999,0.6942592590000001,0.693888889,0.6941975309999999,0.693580247,0.6908024690000001,0.689320988,0.689814815,0.6904938270000001,0.688641975,0.686728395
0.742592593,0.742592593,0.7445679009999999,0.748641975,0.749259259,0.750740741,0.7517901229999999,0.757962963,0.760679012,0.760185185,0.757530864,0.7544444440000001,0.7577160490000001,0.75617284,0.756419753,0.7564814809999999,0.7558641979999999,0.7612962959999999,0.7625925929999999,0.765679012,0.7695679009999999,0.767530864,0.767716049,0.76537037,0.760802469,0.7572839509999999,0.757901235,0.759259259,0.757407407,0.755123457
0.6091358020000001,0.6099382720000001,0.612037037,0.613703704,0.615493827,0.617222222,0.62,0.6232098770000001,0.626296296,0.629012346,0.6299382720000001,0.629012346,0.629506173,0.629444444,0.629567901,0.629876543,0.630679012,0.632901235,0.635493827,0.636975309,0.640493827,0.642530864,0.643148148,0.642777778,0.641481481,0.641234568,0.640617284,0.640185185,0.638209877,0.634753086
0.7228571429999999,0.7244285709999999,0.723571429,0.722535714,0.7213214290000001,0.72275,0.722357143,0.7228571429999999,0.716607143,0.719928571,0.725607143,0.7344642859999999,0.737,0.742178571,0.7438571429999999,0.745142857,0.745357143,0.742964286,0.7395357140000001,0.74,0.7345,0.7422857140000001,0.7535714290000001,0.75875,0.7637857140000001,0.775642857,0.77525,0.7659999999999999,0.7681428570000001,0.770857143
0.0073452380000000005,0.0073452380000000005,0.006928571,0.006916667,0.006940476,0.006940476,0.005928571,0.005880951999999999,0.0029642859999999996,0.004928571,0.01147619,0.017190476,0.02427381,0.024571429,0.024571429,0.024571429,0.024571429,0.022130952000000002,0.022071429,0.022071429,0.022071429,0.023619047999999997,0.024392857,0.024369047999999997,0.025559524,0.025583333,0.025583333,0.025583333,0.030642857000000003,0.030642857000000003
0.428571429,0.428571429,0.39285714299999996,0.35714285700000004,0.35714285700000004,0.35714285700000004,0.321428571,0.28571428600000004,0.25,0.28571428600000004,0.321428571,0.35714285700000004,0.39285714299999996,0.39285714299999996,0.39285714299999996,0.39285714299999996,0.39285714299999996,0.35714285700000004,0.35714285700000004,0.35714285700000004,0.39285714299999996,0.428571429,0.46428571399999996,0.46428571399999996,0.46428571399999996,0.5,0.5,0.5,0.535714286,0.535714286
0.663988095,0.66547619,0.666845238,0.668154762,0.670178571,0.6713095240000001,0.673630952,0.6761309520000001,0.679880952,0.681666667,0.681547619,0.680059524,0.682083333,0.681369048,0.681904762,0.682678571,0.68297619,0.6847023809999999,0.68827381,0.6902976190000001,0.6936904759999999,0.6941666670000001,0.69375,0.6941666670000001,0.692261905,0.689761905,0.6891666670000001,0.689880952,0.688690476,0.687083333
0.742261905,0.74327381,0.74422619,0.746071429,0.7484523809999999,0.749642857,0.751130952,0.7536309520000001,0.7586309520000001,0.75922619,0.756964286,0.753988095,0.756488095,0.755833333,0.7563095240000001,0.756964286,0.7563095240000001,0.757738095,0.763511905,0.7649404759999999,0.7685714290000001,0.769166667,0.7666666670000001,0.766607143,0.762559524,0.758690476,0.757380952,0.7585714290000001,0.757559524,0.7563095240000001
0.607678571,0.609880952,0.6113095239999999,0.613095238,0.614761905,0.6158928570000001,0.618809524,0.621428571,0.6244047620000001,0.6275,0.628392857,0.627738095,0.6286309520000001,0.6283333329999999,0.6286309520000001,0.628869048,0.630238095,0.631964286,0.6345833329999999,0.636428571,0.640238095,0.640892857,0.643214286,0.643988095,0.6421428570000001,0.640952381,0.640297619,0.639940476,0.637916667,0.635238095
0.722034483,0.722344828,0.72337931,0.7222068970000001,0.723793103,0.7242068970000001,0.725344828,0.723586207,0.723413793,0.720827586,0.7261379309999999,0.732586207,0.73737931,0.7412758620000001,0.742448276,0.742896552,0.743034483,0.7440000000000001,0.7435172409999999,0.735896552,0.733448276,0.73937931,0.7487586209999999,0.7577586209999999,0.764448276,0.7688620690000001,0.77037931,0.765206897,0.766965517,0.768689655
0.007091954,0.007091954,0.007091954,0.006689655,0.006701149,0.006873563,0.006701149,0.005724138,0.005678161,0.004758620999999999,0.01108046,0.016597701,0.023436782000000003,0.023724138,0.023724138,0.023724138,0.023724138,0.023724138,0.02154023,0.021310345,0.021310345,0.022804598,0.023551724,0.023551724,0.024735632,0.024701149,0.024701149,0.024701149,0.029586207000000003,0.029586207000000003
0.413793103,0.413793103,0.413793103,0.379310345,0.379310345,0.379310345,0.344827586,0.310344828,0.275862069,0.275862069,0.310344828,0.344827586,0.379310345,0.413793103,0.379310345,0.379310345,0.379310345,0.379310345,0.379310345,0.344827586,0.379310345,0.413793103,0.448275862,0.482758621,0.482758621,0.482758621,0.482758621,0.482758621,0.517241379,0.517241379
0.663045977,0.664885057,0.666551724,0.667758621,0.66862069,0.670689655,0.672298851,0.6750574709999999,0.6771264370000001,0.6799425290000001,0.680344828,0.679252874,0.681034483,0.6801724140000001,0.680862069,0.682298851,0.6829885059999999,0.6844827590000001,0.686149425,0.6905172409999999,0.69316092,0.69362069,0.694022989,0.693735632,0.692873563,0.691206897,0.689597701,0.689252874,0.68816092,0.687183908
0.7416666670000001,0.742931034,0.744827586,0.745689655,0.7459770109999999,0.748850575,0.750057471,0.752931034,0.754425287,0.7572988509999999,0.756149425,0.7535632179999999,0.7559770109999999,0.754712644,0.7559770109999999,0.75683908,0.756781609,0.758103448,0.76,0.765747126,0.7677586209999999,0.7682183909999999,0.768275862,0.7656321840000001,0.763850575,0.76045977,0.758735632,0.758045977,0.7569540229999999,0.756494253
0.606551724,0.6084482760000001,0.6112068970000001,0.612356322,0.614137931,0.615172414,0.617471264,0.620229885,0.622643678,0.625632184,0.6269540229999999,0.6263218389999999,0.627413793,0.627528736,0.627586207,0.627988506,0.629252874,0.631494253,0.63362069,0.6355172410000001,0.639597701,0.640632184,0.641609195,0.644022989,0.643333333,0.641609195,0.640057471,0.639655172,0.637758621,0.635057471
0.721833333,0.721566667,0.7214,0.722066667,0.723433333,0.7265,0.726666667,0.726433333,0.7241,0.727266667,0.7268,0.732866667,0.7354666670000001,0.7415,0.7415666670000001,0.7415666670000001,0.740933333,0.7418,0.7445,0.739866667,0.7297,0.7382,0.745733333,0.752966667,0.7633,0.769333333,0.764,0.760833333,0.766166667,0.7675333329999999
0.006855556,0.006855556,0.006855556,0.006855556,0.006488889,0.006644444,0.006644444,0.006477778000000001,0.0055333330000000005,0.007322222,0.010711111,0.016044443999999998,0.022655556,0.022933332999999997,0.022933332999999997,0.022933332999999997,0.022933332999999997,0.022933332999999997,0.0231,0.020822221999999998,0.0206,0.022044444,0.022766667,0.022766667,0.023933332999999998,0.023933332999999998,0.023877778,0.023877778,0.0286,0.0286
0.4,0.4,0.4,0.4,0.4,0.4,0.36666666700000006,0.333333333,0.3,0.3,0.3,0.333333333,0.36666666700000006,0.4,0.4,0.36666666700000006,0.36666666700000006,0.36666666700000006,0.4,0.36666666700000006,0.36666666700000006,0.4,0.433333333,0.46666666700000003,0.5,0.5,0.46666666700000003,0.46666666700000003,0.5,0.5
0.6617777779999999,0.663944444,0.665944444,0.667444444,0.668222222,0.669166667,0.671666667,0.673722222,0.6760555559999999,0.677277778,0.678722222,0.6781666670000001,0.680222222,0.679222222,0.679722222,0.681277778,0.6826111109999999,0.684444444,0.6858888890000001,0.6883888890000001,0.693277778,0.6931111109999999,0.6935,0.6940000000000001,0.6925,0.6918333329999999,0.691,0.689666667,0.6876111109999999,0.686722222
0.7406666670000001,0.7423333329999999,0.7444444440000001,0.746222222,0.745611111,0.7464444440000001,0.749277778,0.751833333,0.753722222,0.753277778,0.754388889,0.7528888890000001,0.7555,0.754277778,0.7548888890000001,0.7565,0.7566666670000001,0.7585,0.760277778,0.762277778,0.768444444,0.7674444440000001,0.767388889,0.767222222,0.763,0.761777778,0.7604444440000001,0.7593333329999999,0.7565,0.755944444
0.604833333,0.6073333329999999,0.609777778,0.612222222,0.613388889,0.614555556,0.616722222,0.6188888889999999,0.621444444,0.623888889,0.625166667,0.625,0.6260555560000001,0.626388889,0.626833333,0.627,0.628388889,0.6305,0.6331111110000001,0.634555556,0.638611111,0.64,0.641333333,0.642444444,0.643388889,0.642777778,0.6407222220000001,0.639444444,0.637555556,0.635
