,2013-11-13,2013-11-14,2013-11-15,2013-11-16,2013-11-17,2013-11-18,2013-11-19,2013-11-20,2013-11-21,2013-11-22,2013-11-23,2013-11-24,2013-11-25,2013-11-26,2013-11-27,2013-11-28,2013-11-29,2013-11-30,2013-12-01,2013-12-02,2013-12-03,2013-12-04,2013-12-05,2013-12-06,2013-12-07,2013-12-08,2013-12-09,2013-12-10,2013-12-11,2013-12-12
0,0.361,0.435,0.551,0.7829999999999999,0.72,0.581,0.536,0.539,0.38799999999999996,0.488,0.579,0.6459999999999999,0.743,0.6459999999999999,0.609,0.6679999999999999,0.489,0.529,0.569,0.669,0.643,0.626,0.728,0.7340000000000001,0.426,0.608,0.753,0.831,0.561,0.6409999999999999
1,0.0,0.0,0.003333333,0.006666666999999999,0.006666666999999999,0.003333333,0.0,0.0,0.0,0.0,0.0,0.0,0.046666667,0.031666667,0.005,0.005666666999999999,0.0,0.0,0.0,0.0,0.0,0.0,0.0,0.0,0.0,0.00033333300000000006,0.0,0.046666667,0.0,0.008666667
2,0.0,0.0,1.0,1.0,1.0,1.0,1.0,1.0,0.0,0.0,0.0,0.0,1.0,1.0,1.0,1.0,0.0,1.0,0.0,0.0,1.0,0.0,0.0,0.0,1.0,1.0,1.0,1.0,0.0,1.0
3,0.306666667,0.33,0.36166666700000005,0.386666667,0.36666666700000006,0.33666666700000003,0.268333333,0.268333333,0.275,0.29333333300000003,0.32666666699999997,0.368333333,0.371666667,0.328333333,0.285,0.25,0.18666666699999998,0.238333333,0.33833333299999996,0.325,0.315,0.36166666700000005,0.34166666700000003,0.34166666700000003,0.3,0.35333333299999997,0.32,0.313333333,0.255,0.22166666699999998
4,0.391666667,0.44,0.415,0.456666667,0.45,0.376666667,0.32,0.313333333,0.34833333299999997,0.371666667,0.425,0.45833333299999995,0.42666666700000005,0.42,0.34666666700000004,0.328333333,0.235,0.33,0.42666666700000005,0.39333333299999995,0.36,0.415,0.41,0.4,0.36666666700000006,0.433333333,0.358333333,0.33666666700000003,0.308333333,0.253333333
5,0.231666667,0.235,0.301666667,0.34666666700000004,0.29,0.286666667,0.225,0.22166666699999998,0.21833333300000002,0.226666667,0.238333333,0.286666667,0.323333333,0.24833333300000002,0.21,0.178333333,0.143333333,0.16,0.231666667,0.273333333,0.251666667,0.325,0.285,0.285,0.238333333,0.313333333,0.291666667,0.281666667,0.213333333,0.178333333
6,0.345,0.39799999999999996,0.493,0.667,0.7515,0.6505,0.5585,0.5375,0.4635,0.43799999999999994,0.5335,0.6125,0.6945,0.6945,0.6275,0.6385,0.5785,0.509,0.5489999999999999,0.619,0.6559999999999999,0.6345,0.677,0.731,0.58,0.517,0.6805,0.792,0.696,0.601
7,0.0,0.0,0.0016666670000000001,0.005,0.006666666999999999,0.005,0.0016666670000000001,0.0,0.0,0.0,0.0,0.0,0.023333332999999998,0.039166667,0.018333333,0.005333333000000001,0.002833333,0.0,0.0,0.0,0.0,0.0,0.0,0.0,0.0,0.000166667,0.000166667,0.023333332999999998,0.023333332999999998,0.004333333
8,0.0,0.0,0.5,1.0,1.0,1.0,1.0,1.0,0.5,0.0,0.0,0.0,0.5,1.0,1.0,1.0,0.5,0.5,0.5,0.0,0.5,0.5,0.0,0.0,0.5,1.0,1.0,1.0,0.5,0.5
9,0.3,0.318333333,0.34583333299999997,0.374166667,0.376666667,0.35166666700000004,0.3025,0.268333333,0.271666667,0.284166667,0.31,0.3475,0.37,0.35,0.306666667,0.2675,0.21833333300000002,0.2125,0.288333333,0.33166666699999997,0.32,0.33833333299999996,0.35166666700000004,0.34166666700000003,0.320833333,0.32666666699999997,0.33666666700000003,0.316666667,0.284166667,0.238333333
10,0.38333333299999994,0.41583333299999997,0.4275,0.435833333,0.45333333299999995,0.41333333299999997,0.34833333299999997,0.316666667,0.330833333,0.36,0.39833333299999996,0.441666667,0.4425,0.423333333,0.38333333299999994,0.3375,0.281666667,0.2825,0.378333333,0.41,0.376666667,0.3875,0.4125,0.405,0.38333333299999994,0.4,0.39583333299999995,0.3475,0.3225,0.280833333
11,0.229166667,0.233333333,0.268333333,0.324166667,0.318333333,0.288333333,0.255833333,0.223333333,0.22,0.2225,0.2325,0.2625,0.305,0.285833333,0.229166667,0.194166667,0.160833333,0.151666667,0.195833333,0.2525,0.2625,0.288333333,0.305,0.285,0.261666667,0.275833333,0.3025,0.286666667,0.2475,0.195833333
12,0.381,0.375,0.449,0.589666667,0.684666667,0.694666667,0.6123333329999999,0.552,0.48766666700000005,0.47166666700000004,0.485,0.5710000000000001,0.6559999999999999,0.678333333,0.6659999999999999,0.6409999999999999,0.588666667,0.562,0.529,0.589,0.627,0.6459999999999999,0.665666667,0.696,0.6293333329999999,0.589333333,0.595666667,0.730666667,0.715,0.677666667
13,0.0,0.0,0.0011111110000000001,0.003333333,0.005555556,0.005555556,0.003333333,0.0011111110000000001,0.0,0.0,0.0,0.0,0.015555556000000002,0.026111111,0.027777778,0.014111111,0.0035555559999999996,0.001888889,0.0,0.0,0.0,0.0,0.0,0.0,0.0,0.000111111,0.000111111,0.015666667,0.015555556000000002,0.018444443999999997
14,0.333333333,0.0,0.333333333,0.666666667,1.0,1.0,1.0,1.0,0.666666667,0.333333333,0.0,0.0,0.333333333,0.666666667,1.0,1.0,0.666666667,0.666666667,0.333333333,0.333333333,0.333333333,0.333333333,0.333333333,0.0,0.333333333,0.666666667,1.0,1.0,0.666666667,0.666666667
15,0.313888889,0.31,0.332777778,0.359444444,0.371666667,0.363333333,0.32388888899999996,0.29111111100000003,0.27055555600000003,0.278888889,0.29833333300000003,0.329444444,0.355555556,0.35611111100000004,0.328333333,0.287777778,0.240555556,0.225,0.254444444,0.300555556,0.326111111,0.33388888899999997,0.339444444,0.34833333299999997,0.327777778,0.33166666699999997,0.324444444,0.32888888899999996,0.29611111100000004,0.263333333
16,0.39666666700000003,0.402222222,0.415555556,0.43722222200000005,0.440555556,0.427777778,0.38222222200000006,0.33666666700000003,0.327222222,0.34444444399999996,0.381666667,0.418333333,0.436666667,0.435,0.39777777799999997,0.365,0.303333333,0.297777778,0.33055555600000003,0.38333333299999994,0.39333333299999995,0.389444444,0.395,0.40833333299999997,0.392222222,0.4,0.386111111,0.376111111,0.334444444,0.299444444
17,0.247777778,0.231111111,0.256111111,0.29444444399999997,0.312777778,0.307777778,0.267222222,0.24444444399999998,0.22166666699999998,0.222222222,0.22777777800000001,0.250555556,0.28277777800000004,0.28611111100000003,0.260555556,0.212222222,0.17722222199999998,0.160555556,0.178333333,0.22166666699999998,0.252222222,0.283333333,0.28722222199999997,0.29833333300000003,0.269444444,0.278888889,0.281111111,0.295555556,0.262222222,0.224444444
18,0.441,0.3945,0.419,0.5325,0.62225,0.65875,0.655,0.594,0.511,0.48775,0.4985,0.52525,0.614,0.6535,0.6609999999999999,0.6665,0.603,0.57375,0.56375,0.564,0.6025,0.62675,0.6665,0.68275,0.6285,0.624,0.63025,0.6545,0.68825,0.6965
19,0.004583333,0.0,0.000833333,0.0025,0.004166667,0.005,0.004166667,0.0025,0.000833333,0.0,0.0,0.0,0.011666667,0.019583333,0.020833333,0.02225,0.010583333,0.002666667,0.0014166670000000001,0.0,0.0,0.0,0.0,0.0,0.0,8.329999999999999e-05,8.329999999999999e-05,0.01175,0.01175,0.013833333
20,0.5,0.25,0.25,0.5,0.75,1.0,1.0,1.0,0.75,0.5,0.25,0.0,0.25,0.5,0.75,1.0,0.75,0.75,0.5,0.25,0.5,0.25,0.25,0.25,0.25,0.5,0.75,1.0,0.75,0.75
21,0.34625,0.317916667,0.322916667,0.34625,0.36125,0.362916667,0.339583333,0.31,0.287083333,0.27625,0.290833333,0.315833333,0.34,0.34875,0.33833333299999996,0.30875,0.2625,0.24,0.253333333,0.272083333,0.304166667,0.335,0.33583333299999996,0.34,0.33625,0.334166667,0.32875,0.321666667,0.310416667,0.2775
22,0.42458333299999995,0.4075,0.405416667,0.425833333,0.44041666700000004,0.42458333299999995,0.40083333299999996,0.365,0.339583333,0.33833333299999996,0.36458333299999995,0.40083333299999996,0.420416667,0.4325,0.412916667,0.38041666700000004,0.3325,0.31,0.33,0.34625,0.3775,0.39875,0.394583333,0.39625,0.39791666700000006,0.4025,0.389583333,0.37375,0.35916666700000005,0.314166667
23,0.286666667,0.244583333,0.24875,0.27875,0.29333333300000003,0.30625,0.287083333,0.255833333,0.237916667,0.22291666699999999,0.22625,0.2425,0.26875,0.274166667,0.26708333300000003,0.24,0.195,0.172916667,0.178333333,0.202083333,0.229166667,0.270416667,0.28375,0.286666667,0.283333333,0.280416667,0.282083333,0.28125,0.275,0.24125
24,0.4396,0.4398,0.4258,0.4918,0.57,0.614,0.6342,0.6318,0.5528,0.5064,0.506,0.528,0.5688,0.6204,0.6446,0.6624,0.631,0.5882,0.5728,0.5848,0.5798,0.6072,0.647,0.68,0.6314,0.6244,0.6498,0.6704,0.6358,0.6788
25,0.0037333329999999997,0.003666667,0.000666667,0.002,0.003333333,0.004,0.004,0.003333333,0.002,0.000666667,0.0,0.0,0.009333333000000001,0.015666667,0.016666667,0.0178,0.0178,0.008466666999999999,0.002133333,0.001133333,0.0,0.0,0.0,0.0,0.0,6.670000000000001e-05,6.670000000000001e-05,0.0094,0.0094,0.011133333
26,0.6,0.4,0.4,0.4,0.6,0.8,1.0,1.0,0.8,0.6,0.4,0.2,0.2,0.4,0.6,0.8,0.8,0.8,0.6,0.4,0.4,0.4,0.2,0.2,0.4,0.4,0.6,0.8,0.8,0.8
27,0.35700000000000004,0.34299999999999997,0.32666666699999997,0.33566666700000003,0.35033333299999997,0.356333333,0.344,0.325333333,0.303,0.288333333,0.286333333,0.306333333,0.327,0.33766666700000003,0.336,0.320666667,0.284333333,0.257666667,0.259666667,0.26766666699999997,0.280666667,0.315666667,0.33633333299999996,0.337,0.332,0.33966666700000003,0.331333333,0.32566666699999997,0.308333333,0.292666667
28,0.43799999999999994,0.42766666700000006,0.409,0.41566666700000005,0.430666667,0.42766666700000006,0.40366666700000003,0.38333333299999994,0.36166666700000005,0.34600000000000003,0.35566666700000005,0.38333333299999994,0.406,0.420333333,0.41533333299999997,0.396,0.35133333299999997,0.332,0.333333333,0.34266666700000004,0.349,0.385,0.401,0.395666667,0.39033333299999995,0.405,0.393666667,0.379,0.36066666700000005,0.33799999999999997
29,0.292666667,0.276333333,0.256,0.268333333,0.281,0.292,0.29,0.27399999999999997,0.24833333300000002,0.235666667,0.226,0.238333333,0.258666667,0.26466666699999997,0.261333333,0.24933333300000002,0.22066666699999998,0.188,0.18466666699999998,0.197333333,0.212,0.24833333300000002,0.273333333,0.284,0.27699999999999997,0.289333333,0.282666667,0.282,0.26766666699999997,0.255666667
30,0.4545,0.438833333,0.45833333299999995,0.485333333,0.529833333,0.5718333329999999,0.601,0.6183333329999999,0.591166667,0.542,0.5185,0.529333333,0.5638333329999999,0.581666667,0.6185,0.6485,0.6335,0.614,0.585,0.588833333,0.5945,0.5875,0.6273333329999999,0.6615,0.6376666670000001,0.6275,0.645833333,0.68,0.652166667,0.6366666670000001
31,0.003166667,0.0031111109999999997,0.0036111109999999997,0.0016666670000000001,0.002777778,0.003333333,0.003333333,0.003333333,0.002777778,0.0016666670000000001,0.000555556,0.0,0.007777778000000001,0.013055556000000001,0.013888889,0.014833333,0.014833333,0.014833333,0.007055556,0.0017777779999999998,0.0009444439999999999,0.0,0.0,0.0,0.0,5.56e-05,5.56e-05,0.007833333,0.007833333,0.009277778
32,0.666666667,0.5,0.5,0.5,0.5,0.666666667,0.833333333,1.0,0.833333333,0.666666667,0.5,0.333333333,0.333333333,0.333333333,0.5,0.666666667,0.666666667,0.833333333,0.666666667,0.5,0.5,0.333333333,0.333333333,0.166666667,0.333333333,0.5,0.5,0.666666667,0.666666667,0.833333333
33,0.373055556,0.3525,0.346111111,0.33666666700000003,0.34083333299999996,0.348055556,0.34166666700000003,0.33138888899999996,0.316944444,0.301388889,0.294722222,0.3,0.317222222,0.327222222,0.32888888899999996,0.321666667,0.29833333300000003,0.276666667,0.271111111,0.27055555600000003,0.27555555600000003,0.294166667,0.32,0.337222222,0.330833333,0.33555555600000003,0.33638888899999997,0.328333333,0.313888889,0.293888889
34,0.450555556,0.438333333,0.425555556,0.41694444399999997,0.421388889,0.42166666700000005,0.409722222,0.388611111,0.3775,0.363333333,0.35916666700000005,0.37277777799999995,0.390555556,0.40833333299999997,0.40805555600000004,0.40083333299999996,0.369166667,0.347777778,0.347777778,0.34333333299999996,0.34555555600000004,0.36,0.389166667,0.40083333299999996,0.39083333299999995,0.3975,0.397222222,0.384166667,0.36722222200000004,0.342777778
35,0.306388889,0.28305555600000004,0.28055555600000004,0.271111111,0.271944444,0.28194444399999996,0.280833333,0.278611111,0.264722222,0.244722222,0.236111111,0.236111111,0.2525,0.256944444,0.255555556,0.2475,0.231666667,0.210555556,0.195277778,0.199444444,0.206388889,0.230833333,0.254444444,0.27527777800000003,0.27638888899999997,0.28305555600000004,0.289722222,0.2825,0.27055555600000003,0.252777778
36,0.500285714,0.451714286,0.45485714299999996,0.504714286,0.518857143,0.5371428570000001,0.5667142860000001,0.592142857,0.585428571,0.576428571,0.547285714,0.536714286,0.559857143,0.575571429,0.585571429,0.625571429,0.625714286,0.618571429,0.6075714289999999,0.597,0.5965714289999999,0.599,0.6075714289999999,0.642571429,0.627857143,0.633428571,0.6454285710000001,0.672285714,0.6629999999999999,0.650571429
37,0.003190476,0.0027142859999999998,0.003142857,0.0040476190000000006,0.002380952,0.002857143,0.002857143,0.002857143,0.002857143,0.002380952,0.001428571,0.00047619,0.006666666999999999,0.011190476000000001,0.011904762,0.012714286000000002,0.012714286000000002,0.012714286000000002,0.012714286000000002,0.006047619000000001,0.00152381,0.0008095239999999999,0.0,0.0,0.0,4.7600000000000005e-05,4.7600000000000005e-05,0.006714286,0.006714286,0.007952381
38,0.7142857140000001,0.571428571,0.571428571,0.571428571,0.571428571,0.571428571,0.7142857140000001,0.857142857,0.857142857,0.7142857140000001,0.571428571,0.428571429,0.428571429,0.428571429,0.428571429,0.571428571,0.571428571,0.7142857140000001,0.7142857140000001,0.571428571,0.571428571,0.428571429,0.28571428600000004,0.28571428600000004,0.28571428600000004,0.428571429,0.571428571,0.571428571,0.571428571,0.7142857140000001
39,0.38452381,0.36690476200000005,0.353809524,0.35190476200000004,0.340952381,0.340238095,0.33666666700000003,0.331190476,0.323333333,0.313571429,0.305,0.305238095,0.310238095,0.318809524,0.321190476,0.317619048,0.302380952,0.289761905,0.28547619,0.278809524,0.27690476199999997,0.287857143,0.300952381,0.323095238,0.331904762,0.33404761899999996,0.333333333,0.333095238,0.317857143,0.300714286
40,0.459761905,0.449047619,0.435,0.43,0.42166666700000005,0.415,0.407142857,0.395952381,0.38285714299999996,0.376666667,0.37214285700000005,0.373333333,0.38047619,0.394761905,0.39952381,0.39666666700000003,0.37714285700000005,0.363571429,0.359047619,0.354285714,0.34571428600000004,0.35547619,0.36714285700000004,0.390714286,0.395952381,0.396904762,0.391904762,0.38857142899999997,0.373333333,0.35095238100000004
41,0.319761905,0.29619047600000004,0.28571428600000004,0.29,0.27380952399999997,0.27404761899999996,0.27380952399999997,0.272380952,0.27,0.259285714,0.24380952399999997,0.243333333,0.24857142899999998,0.251904762,0.250238095,0.24452381,0.232619048,0.22142857100000002,0.21357142899999998,0.206428571,0.206904762,0.223333333,0.23857142899999997,0.25880952399999996,0.27,0.281666667,0.28428571399999997,0.288571429,0.27261904800000003,0.257380952
42,0.518125,0.492125,0.464125,0.495875,0.531625,0.526625,0.537,0.56325,0.566625,0.57325,0.57675,0.559625,0.5625,0.570625,0.57975,0.595875,0.6085,0.613625,0.612375,0.61525,0.60275,0.60025,0.615125,0.623375,0.6155,0.625375,0.648375,0.668625,0.658375,0.66025
43,0.0027916670000000003,0.0027916670000000003,0.0027916670000000003,0.0035833329999999997,0.004375,0.0025,0.0025,0.0025,0.0025,0.0025,0.0020833329999999997,0.00125,0.00625,0.009791666999999999,0.010416667,0.011125,0.011125,0.011125,0.011125,0.011125,0.005291667,0.001333333,0.000708333,0.0,0.0,4.1700000000000004e-05,4.1700000000000004e-05,0.005875,0.005875,0.006958333000000001
44,0.625,0.625,0.625,0.625,0.625,0.625,0.625,0.75,0.75,0.75,0.625,0.5,0.5,0.5,0.5,0.5,0.5,0.625,0.625,0.625,0.625,0.5,0.375,0.25,0.375,0.375,0.5,0.625,0.5,0.625
45,0.39333333299999995,0.37770833299999995,0.36625,0.357916667,0.35375,0.340416667,0.33125,0.328125,0.324166667,0.319583333,0.315208333,0.312916667,0.31354166699999997,0.3125,0.314583333,0.312291667,0.30125,0.294375,0.29583333300000003,0.290416667,0.283333333,0.2875,0.294583333,0.306041667,0.320208333,0.334583333,0.332291667,0.330833333,0.323333333,0.305833333
46,0.472083333,0.457291667,0.44479166700000006,0.43770833299999995,0.4325,0.416041667,0.403125,0.39541666700000005,0.39,0.381458333,0.38270833299999996,0.38291666700000004,0.38,0.38541666700000005,0.38875,0.390625,0.376458333,0.37125,0.371458333,0.363333333,0.355,0.354375,0.36229166700000004,0.37125,0.38770833299999996,0.400625,0.392083333,0.385,0.378541667,0.358333333
47,0.32666666699999997,0.309166667,0.296875,0.29333333300000003,0.29,0.275416667,0.267916667,0.267291667,0.265625,0.26458333300000003,0.256666667,0.24916666699999998,0.253333333,0.248541667,0.246666667,0.24125,0.231875,0.223541667,0.222708333,0.221041667,0.212083333,0.22166666699999998,0.231041667,0.244375,0.25625,0.275416667,0.282916667,0.283958333,0.279166667,0.260833333
48,0.538666667,0.508888889,0.498666667,0.499555556,0.520777778,0.537111111,0.527666667,0.537222222,0.5437777779999999,0.557888889,0.573888889,0.584444444,0.58,0.571777778,0.574888889,0.589555556,0.584,0.599666667,0.608666667,0.6186666670000001,0.6183333329999999,0.6053333329999999,0.614444444,0.6283333329999999,0.601444444,0.614666667,0.639555556,0.668666667,0.656666667,0.656444444
49,0.0024814810000000002,0.0024814810000000002,0.002851852,0.0032222220000000003,0.003925926,0.0042592590000000005,0.0022222220000000003,0.0022222220000000003,0.0022222220000000003,0.0022222220000000003,0.0022222220000000003,0.0018518520000000002,0.006296296,0.009074074,0.009259259,0.009888889,0.009888889,0.009888889,0.009888889,0.009888889,0.009888889,0.004703704,0.001185185,0.00062963,0.0,3.7e-05,3.7e-05,0.005222222,0.005222222,0.006185185
50,0.5555555560000001,0.5555555560000001,0.666666667,0.666666667,0.666666667,0.666666667,0.666666667,0.666666667,0.666666667,0.666666667,0.666666667,0.5555555560000001,0.5555555560000001,0.5555555560000001,0.5555555560000001,0.5555555560000001,0.444444444,0.5555555560000001,0.5555555560000001,0.5555555560000001,0.666666667,0.5555555560000001,0.444444444,0.333333333,0.333333333,0.444444444,0.444444444,0.5555555560000001,0.5555555560000001,0.5555555560000001
51,0.400740741,0.38629629600000004,0.375925926,0.368518519,0.358888889,0.351851852,0.332407407,0.32425925899999997,0.322222222,0.320740741,0.32037037,0.321111111,0.319444444,0.315185185,0.309444444,0.30740740699999997,0.29833333300000003,0.294259259,0.299259259,0.29907407399999997,0.293148148,0.292037037,0.293518519,0.299814815,0.30537037,0.32388888899999996,0.332962963,0.330185185,0.322407407,0.312037037
52,0.48,0.46851851899999997,0.452592593,0.446111111,0.439074074,0.426296296,0.40537037,0.393148148,0.390185185,0.387962963,0.38629629600000004,0.391111111,0.38777777799999996,0.384444444,0.381111111,0.382037037,0.373333333,0.371296296,0.37740740700000003,0.373888889,0.36296296299999997,0.36166666700000005,0.360555556,0.366481481,0.37074074100000004,0.39277777799999997,0.39592592600000004,0.38592592600000003,0.376481481,0.36462963
53,0.335185185,0.316481481,0.308333333,0.302407407,0.292962963,0.28962963,0.269814815,0.262777778,0.261851852,0.26129629600000004,0.261666667,0.26,0.257407407,0.252777778,0.24425925899999998,0.239074074,0.23037037,0.22388888899999998,0.224444444,0.228333333,0.224444444,0.22462963,0.22870370399999998,0.237037037,0.243703704,0.262592593,0.277222222,0.28277777800000004,0.276111111,0.267962963
54,0.5651,0.5283,0.5131,0.5271,0.5216,0.5268,0.537,0.5288,0.5223,0.5382,0.56,0.5811,0.6003,0.5866,0.5755,0.5842,0.5795,0.5785,0.5966,0.6147,0.6211,0.6191,0.6176,0.6264,0.6081,0.6021,0.6285,0.6587,0.6579,0.6551
55,0.0022333329999999997,0.0022333329999999997,0.002566667,0.0032333329999999997,0.003566667,0.0038666670000000003,0.003833333,0.002,0.002,0.002,0.002,0.002,0.006333333000000001,0.008833333,0.008666667,0.0089,0.0089,0.0089,0.0089,0.0089,0.0089,0.0089,0.004233333,0.0010666669999999999,0.000566667,3.3299999999999996e-05,3.3299999999999996e-05,0.0047,0.0047,0.005566666999999999
56,0.6,0.5,0.6,0.7,0.7,0.7,0.7,0.7,0.6,0.6,0.6,0.6,0.6,0.6,0.6,0.6,0.5,0.5,0.5,0.5,0.6,0.6,0.5,0.4,0.4,0.4,0.5,0.5,0.5,0.6
57,0.4055,0.393666667,0.38383333299999994,0.377,0.368333333,0.35666666700000005,0.3435,0.326,0.319333333,0.319333333,0.321333333,0.32516666699999996,0.32616666699999997,0.320333333,0.312166667,0.3035,0.29533333300000003,0.29233333300000003,0.298666667,0.301833333,0.300666667,0.3,0.297,0.29833333300000003,0.29983333300000004,0.310166667,0.3235,0.331,0.322666667,0.312333333
58,0.484833333,0.47600000000000003,0.46316666700000003,0.45299999999999996,0.4465,0.432833333,0.41566666700000005,0.39616666700000003,0.388666667,0.38833333299999995,0.391666667,0.3935,0.394666667,0.391,0.380666667,0.375833333,0.367333333,0.369,0.376833333,0.379,0.3725,0.368166667,0.3665,0.3645,0.3665,0.377,0.38933333299999995,0.39,0.378166667,0.36416666700000005
59,0.33966666700000003,0.32516666699999996,0.315,0.312166667,0.301166667,0.29233333300000003,0.283166667,0.265,0.258333333,0.258333333,0.259,0.26416666699999997,0.266333333,0.2565,0.2485,0.237666667,0.2295,0.223333333,0.224666667,0.229333333,0.230666667,0.2345,0.230666667,0.234333333,0.237166667,0.250666667,0.2655,0.277666667,0.275833333,0.266333333
60,0.586272727,0.5532727270000001,0.530363636,0.537636364,0.544636364,0.527,0.527636364,0.537181818,0.516,0.519181818,0.5419090910000001,0.567818182,0.595818182,0.604454545,0.588636364,0.583909091,0.575545455,0.574909091,0.577636364,0.6031818179999999,0.617272727,0.621545455,0.629,0.628181818,0.6081818179999999,0.608090909,0.615818182,0.646909091,0.6498181820000001,0.656363636
61,0.00430303,0.002030303,0.002333333,0.002939394,0.003545455,0.003545455,0.003515152,0.003484848,0.0018181820000000002,0.0018181820000000002,0.0018181820000000002,0.0018181820000000002,0.006060606,0.008636364,0.008484848,0.008393939,0.008090909,0.008090909,0.008090909,0.008090909,0.008090909,0.008090909,0.008090909,0.003848485,0.0009696969999999999,0.000545455,3.0299999999999998e-05,0.0042727270000000005,0.0042727270000000005,0.005060606
62,0.636363636,0.545454545,0.545454545,0.636363636,0.727272727,0.727272727,0.727272727,0.727272727,0.636363636,0.545454545,0.545454545,0.545454545,0.636363636,0.636363636,0.636363636,0.636363636,0.545454545,0.545454545,0.454545455,0.454545455,0.545454545,0.545454545,0.545454545,0.454545455,0.454545455,0.454545455,0.454545455,0.545454545,0.454545455,0.545454545
63,0.408939394,0.39863636399999997,0.390757576,0.384090909,0.376060606,0.365454545,0.348636364,0.33666666700000003,0.321363636,0.316969697,0.32,0.325606061,0.32939393899999997,0.326363636,0.317121212,0.306515152,0.292878788,0.290151515,0.296515152,0.301060606,0.303030303,0.306212121,0.303787879,0.301060606,0.298484848,0.30469697,0.311060606,0.322575758,0.324090909,0.313484848
64,0.486060606,0.480757576,0.470454545,0.46257575799999995,0.452727273,0.440151515,0.42257575799999997,0.40636363600000003,0.391818182,0.38712121200000005,0.391666667,0.397727273,0.39651515200000004,0.396969697,0.38696969700000006,0.37590909100000003,0.36303030299999994,0.36393939399999997,0.37424242399999996,0.378333333,0.37727272700000003,0.376363636,0.37196969700000004,0.369545455,0.36469697,0.372575758,0.37530303,0.384545455,0.382575758,0.36681818200000005
65,0.344545455,0.330151515,0.323030303,0.317878788,0.310151515,0.299848485,0.28621212100000004,0.277575758,0.260757576,0.255454545,0.25651515199999997,0.261515152,0.269545455,0.26469697,0.252272727,0.242121212,0.22909090899999998,0.223181818,0.22409090899999998,0.22909090899999998,0.231363636,0.23924242399999998,0.239090909,0.235606061,0.23469697,0.244090909,0.25439393899999996,0.266969697,0.271818182,0.266969697
66,0.57975,0.573666667,0.553083333,0.551416667,0.5528333329999999,0.547666667,0.52775,0.5285833329999999,0.52475,0.5136666670000001,0.524166667,0.550583333,0.582416667,0.6,0.604833333,0.59525,0.5760000000000001,0.571666667,0.574416667,0.58525,0.6065,0.618,0.630416667,0.63775,0.6113333329999999,0.608166667,0.620166667,0.63375,0.63975,0.649083333
67,0.003944444,0.003944444,0.002138889,0.0026944440000000003,0.00325,0.003527778,0.00325,0.0032222220000000003,0.0031944440000000003,0.0016666670000000001,0.0016666670000000001,0.0016666670000000001,0.005555556,0.008194444,0.008333333,0.00825,0.007694444,0.007416666999999999,0.007416666999999999,0.007416666999999999,0.007416666999999999,0.007416666999999999,0.007416666999999999,0.007416666999999999,0.003527778,0.000916667,0.0005,0.003916667,0.003916667,0.004638889
68,0.583333333,0.583333333,0.583333333,0.583333333,0.666666667,0.75,0.75,0.75,0.666666667,0.583333333,0.5,0.5,0.583333333,0.666666667,0.666666667,0.666666667,0.583333333,0.583333333,0.5,0.41666666700000005,0.5,0.5,0.5,0.5,0.5,0.5,0.5,0.5,0.5,0.5
69,0.41625,0.402361111,0.39555555600000003,0.39041666700000005,0.382638889,0.37277777799999995,0.357361111,0.34194444399999996,0.331527778,0.319027778,0.317777778,0.324027778,0.329444444,0.329305556,0.322916667,0.31152777800000003,0.296527778,0.288333333,0.294166667,0.298888889,0.302222222,0.307916667,0.309166667,0.306944444,0.300972222,0.303055556,0.305972222,0.31125,0.316944444,0.315555556
70,0.49513888899999997,0.48222222200000003,0.475277778,0.469305556,0.46152777799999994,0.446388889,0.43013888899999997,0.41347222200000006,0.40152777799999995,0.390138889,0.39027777799999996,0.397222222,0.400138889,0.39847222200000004,0.39277777799999997,0.38208333299999997,0.36416666700000005,0.360277778,0.369166667,0.375833333,0.37680555600000004,0.38041666700000004,0.379166667,0.37430555600000004,0.36930555600000003,0.37041666700000003,0.371388889,0.37208333299999996,0.37819444399999996,0.37180555600000004
71,0.34861111100000003,0.335416667,0.327777778,0.325,0.315555556,0.308194444,0.29361111100000004,0.280833333,0.272638889,0.257916667,0.254027778,0.259027778,0.26666666699999997,0.267777778,0.260138889,0.24611111100000002,0.233888889,0.223333333,0.22388888899999998,0.228194444,0.230972222,0.239166667,0.243055556,0.242916667,0.235833333,0.24125,0.248055556,0.256666667,0.2625,0.264027778
72,0.577384615,0.568615385,0.571923077,0.570769231,0.564384615,0.555,0.546769231,0.528615385,0.517769231,0.5219230770000001,0.518692308,0.533538462,0.565384615,0.587307692,0.600692308,0.609692308,0.5870769229999999,0.572384615,0.571461538,0.5816923079999999,0.5896923079999999,0.608,0.6264615379999999,0.638384615,0.6214615379999999,0.6110769229999999,0.619307692,0.636384615,0.628153846,0.639846154
73,0.003641026,0.003641026,0.0038974359999999998,0.002487179,0.003,0.00325641,0.00325641,0.003,0.002974359,0.002948718,0.0015384620000000002,0.0015384620000000002,0.005128205,0.007564103000000001,0.007948718,0.008128205,0.007615385,0.0071025640000000004,0.006846154,0.006846154,0.006846154,0.006846154,0.006846154,0.006846154,0.006846154,0.003282051,0.0008461539999999999,0.004051282,0.003615385,0.004282050999999999
74,0.538461538,0.538461538,0.615384615,0.615384615,0.615384615,0.692307692,0.7692307690000001,0.7692307690000001,0.692307692,0.615384615,0.538461538,0.46153846200000004,0.538461538,0.615384615,0.692307692,0.692307692,0.615384615,0.615384615,0.538461538,0.46153846200000004,0.46153846200000004,0.46153846200000004,0.46153846200000004,0.46153846200000004,0.538461538,0.538461538,0.538461538,0.538461538,0.46153846200000004,0.538461538
75,0.41846153799999997,0.409615385,0.399230769,0.394871795,0.38858974399999996,0.379102564,0.36474359,0.35051282100000003,0.336794872,0.32858974399999996,0.319615385,0.321666667,0.327692308,0.32935897399999997,0.32589743600000004,0.317307692,0.301923077,0.29205128199999997,0.292179487,0.296538462,0.300128205,0.306794872,0.310512821,0.311666667,0.306410256,0.305,0.304358974,0.306538462,0.306923077,0.309615385
76,0.500384615,0.490897436,0.477051282,0.47384615399999996,0.467820513,0.455,0.436666667,0.421153846,0.40846153799999996,0.399230769,0.392820513,0.395512821,0.39948717899999997,0.40166666700000003,0.39448717899999997,0.387820513,0.37076923100000003,0.361538462,0.365384615,0.371025641,0.374615385,0.37974359,0.382692308,0.38076923100000004,0.373717949,0.37423076899999996,0.369487179,0.368717949,0.367179487,0.368589744
77,0.348076923,0.339871795,0.332820513,0.329230769,0.322307692,0.313333333,0.301794872,0.288076923,0.276025641,0.269102564,0.256410256,0.25653846199999997,0.263974359,0.26525641,0.263333333,0.253846154,0.23820512800000002,0.228205128,0.22397435899999998,0.227692308,0.23,0.23820512800000002,0.242692308,0.246282051,0.242564103,0.241794872,0.245128205,0.250641026,0.253333333,0.256025641
78,0.578214286,0.567214286,0.567357143,0.5870000000000001,0.581428571,0.565571429,0.553642857,0.546214286,0.518571429,0.515642857,0.526,0.527785714,0.5485,0.571142857,0.5888571429999999,0.6055,0.601071429,0.5829285710000001,0.572142857,0.578428571,0.586071429,0.592285714,0.616571429,0.6341428570000001,0.6232142860000001,0.6205,0.6212142860000001,0.634428571,0.631,0.629071429
79,0.003380952,0.003380952,0.0036190479999999997,0.004095238,0.0027857140000000003,0.00302381,0.00302381,0.00302381,0.0027857140000000003,0.002761905,0.002738095,0.001428571,0.004761905,0.00702381,0.007380952,0.007785714,0.007547619,0.007071429000000001,0.006595238000000001,0.006357143000000001,0.006357143000000001,0.006357143000000001,0.006357143000000001,0.006357143000000001,0.006357143000000001,0.006380952,0.003047619,0.004119048,0.003761905,0.00397619
80,0.5,0.5,0.571428571,0.642857143,0.642857143,0.642857143,0.7142857140000001,0.7857142859999999,0.7142857140000001,0.642857143,0.571428571,0.5,0.5,0.571428571,0.642857143,0.7142857140000001,0.642857143,0.642857143,0.571428571,0.5,0.5,0.428571429,0.428571429,0.428571429,0.5,0.571428571,0.571428571,0.571428571,0.5,0.5
81,0.418928571,0.41214285700000003,0.406190476,0.39833333299999996,0.39285714299999996,0.38488095200000005,0.371190476,0.357857143,0.345119048,0.333690476,0.328452381,0.323095238,0.325238095,0.327738095,0.326190476,0.32047619,0.30797619,0.297380952,0.295357143,0.29452381,0.297857143,0.30452381,0.309285714,0.312738095,0.310833333,0.309761905,0.306071429,0.305,0.302857143,0.300833333
82,0.5017857139999999,0.496071429,0.48547619,0.475595238,0.472142857,0.46130952399999997,0.44535714299999996,0.427857143,0.41595238100000004,0.40583333299999996,0.401071429,0.3975,0.397738095,0.400952381,0.397738095,0.389761905,0.376904762,0.367857143,0.36619047600000004,0.36738095200000004,0.370238095,0.3775,0.381904762,0.383928571,0.379761905,0.37797619,0.373095238,0.36714285700000004,0.36440476200000005,0.359047619
83,0.348690476,0.34,0.337142857,0.33380952399999997,0.326428571,0.319761905,0.30702381,0.296071429,0.283095238,0.2725,0.266904762,0.25857142899999996,0.26130952399999996,0.262857143,0.26130952399999996,0.257261905,0.24595238100000003,0.232619048,0.228452381,0.2275,0.22940476199999998,0.23678571399999998,0.241547619,0.245714286,0.245714286,0.247619048,0.245357143,0.247738095,0.24797619,0.24797619
84,0.5872,0.568666667,0.566133333,0.581733333,0.595866667,0.5814,0.5636,0.552666667,0.535666667,0.5165333329999999,0.5198666670000001,0.534,0.542133333,0.555,0.573666667,0.5941333329999999,0.597733333,0.5962666670000001,0.5820000000000001,0.5786,0.582733333,0.588733333,0.601333333,0.6244,0.620266667,0.6222,0.6293333329999999,0.6352,0.6295333329999999,0.6316666670000001
85,0.003266667,0.003155556,0.0033777779999999997,0.003822222,0.004266667,0.002822222,0.002822222,0.002822222,0.002822222,0.0026,0.0025777779999999998,0.002555556,0.0044444440000000005,0.006555556,0.0068888890000000005,0.007266666999999999,0.007266666999999999,0.007044444,0.0066,0.0061555559999999995,0.005933333000000001,0.005933333000000001,0.005933333000000001,0.005933333000000001,0.005933333000000001,0.005955556,0.005955556,0.005955556,0.0038444440000000002,0.004088889
86,0.533333333,0.46666666700000003,0.533333333,0.6,0.666666667,0.666666667,0.666666667,0.7333333329999999,0.7333333329999999,0.666666667,0.6,0.533333333,0.533333333,0.533333333,0.6,0.666666667,0.666666667,0.666666667,0.6,0.533333333,0.533333333,0.46666666700000003,0.4,0.4,0.46666666700000003,0.533333333,0.6,0.6,0.533333333,0.533333333
87,0.421777778,0.413,0.408777778,0.404888889,0.396222222,0.389111111,0.377111111,0.364333333,0.35233333299999997,0.34166666700000003,0.333222222,0.331111111,0.326333333,0.325444444,0.32488888899999996,0.321111111,0.311555556,0.303333333,0.30011111100000004,0.29733333300000003,0.295888889,0.302111111,0.307,0.311444444,0.311888889,0.313666667,0.310444444,0.306555556,0.301666667,0.297444444
88,0.5033333329999999,0.497666667,0.49066666700000006,0.483555556,0.473888889,0.465777778,0.45188888899999996,0.436555556,0.422555556,0.413,0.407111111,0.404888889,0.399444444,0.399222222,0.39733333299999996,0.393111111,0.379444444,0.37377777799999995,0.37177777799999995,0.368,0.366888889,0.37322222200000005,0.379666667,0.383111111,0.38277777799999996,0.38333333299999994,0.376666667,0.370666667,0.36322222200000004,0.35700000000000004
89,0.35266666700000004,0.341111111,0.337444444,0.337777778,0.33088888899999996,0.323777778,0.313444444,0.301333333,0.290888889,0.279333333,0.270222222,0.268222222,0.26288888899999996,0.260444444,0.259333333,0.255777778,0.24966666699999998,0.24022222199999999,0.23255555600000002,0.23144444399999997,0.229111111,0.23577777800000002,0.24,0.24444444399999998,0.245222222,0.250222222,0.250555556,0.247777778,0.24544444399999998,0.243333333
90,0.5914375,0.5776875,0.5675625,0.5796875,0.590375,0.5949375,0.5785625,0.5620625,0.542375,0.5326875,0.5204375,0.52775,0.5470625,0.548625,0.558375,0.5795625,0.5875625,0.5934375,0.5945625,0.5874375,0.582625,0.5854375,0.5974375,0.609625,0.612,0.6195,0.630375,0.6419375,0.6305625,0.63025
91,0.0030625,0.0030625,0.003166667,0.0035833329999999997,0.004,0.004208333,0.0026458329999999998,0.0026458329999999998,0.0026458329999999998,0.0026458329999999998,0.0024375,0.002416667,0.0053125,0.006145833000000001,0.006458333,0.0068125,0.0068125,0.0068125,0.006604166999999999,0.0061875,0.005770833,0.0055625,0.0055625,0.0055625,0.0055625,0.005583333,0.005583333,0.0085,0.005583333,0.004145833
92,0.5,0.5,0.5,0.5625,0.625,0.6875,0.6875,0.6875,0.6875,0.6875,0.625,0.5625,0.5625,0.5625,0.5625,0.625,0.625,0.6875,0.625,0.5625,0.5625,0.5,0.4375,0.375,0.4375,0.5,0.5625,0.625,0.5625,0.5625
93,0.423125,0.416041667,0.409791667,0.407395833,0.4025,0.3925,0.3815625,0.3703125,0.35875,0.34864583299999996,0.34072916700000005,0.335416667,0.333645833,0.326458333,0.322916667,0.320208333,0.312708333,0.306979167,0.305520833,0.301666667,0.2984375,0.3,0.304583333,0.309166667,0.310729167,0.314479167,0.3140625,0.310625,0.303333333,0.296666667
94,0.504895833,0.499375,0.4925,0.488541667,0.48145833299999996,0.4678125,0.456666667,0.44322916700000003,0.431041667,0.419375,0.41375,0.4103125,0.40625,0.40072916700000005,0.3959375,0.39302083299999996,0.38322916700000004,0.376354167,0.37708333299999997,0.373125,0.3675,0.36989583299999995,0.37552083299999994,0.3809375,0.38208333299999997,0.3859375,0.381770833,0.374166667,0.36677083299999996,0.35635416700000005
95,0.353229167,0.3453125,0.33864583299999995,0.33802083299999997,0.334791667,0.328125,0.317604167,0.307708333,0.296145833,0.286875,0.276770833,0.27125,0.271666667,0.261979167,0.257291667,0.25427083300000003,0.24875,0.2440625,0.2396875,0.235104167,0.23270833300000002,0.235104167,0.238854167,0.2428125,0.2440625,0.249479167,0.2528125,0.2525,0.245625,0.24125
96,0.589764706,0.582235294,0.576117647,0.580235294,0.5879411760000001,0.589823529,0.591470588,0.576235294,0.551823529,0.539176471,0.535411765,0.527823529,0.540411765,0.552882353,0.552176471,0.564823529,0.574235294,0.584117647,0.5920000000000001,0.598941176,0.5907058820000001,0.585176471,0.593823529,0.605470588,0.598823529,0.611764706,0.627352941,0.642176471,0.637176471,0.631176471
97,0.002882353,0.002882353,0.003078431,0.0033725490000000003,0.0037647059999999996,0.003960784,0.003960784,0.002490196,0.002490196,0.002490196,0.002490196,0.002294118,0.005019608,0.006862745,0.006078431,0.006411765,0.006411765,0.006411765,0.006411765,0.006215686,0.005823529,0.005431373000000001,0.005235294000000001,0.005235294000000001,0.005235294000000001,0.005254902,0.005254902,0.008,0.008,0.005764706
98,0.470588235,0.470588235,0.529411765,0.529411765,0.588235294,0.647058824,0.705882353,0.705882353,0.647058824,0.647058824,0.647058824,0.588235294,0.588235294,0.588235294,0.588235294,0.588235294,0.588235294,0.647058824,0.647058824,0.588235294,0.588235294,0.529411765,0.470588235,0.41176470600000004,0.41176470600000004,0.470588235,0.529411765,0.588235294,0.588235294,0.588235294
99,0.42411764700000004,0.417647059,0.412843137,0.408431373,0.405,0.398627451,0.385196078,0.374901961,0.36470588200000004,0.354901961,0.347352941,0.342352941,0.33754902,0.333333333,0.324019608,0.318627451,0.312352941,0.308333333,0.308823529,0.306666667,0.30245098,0.302156863,0.30245098,0.306764706,0.308627451,0.313235294,0.314803922,0.314019608,0.307352941,0.298529412
100,0.50754902,0.501078431,0.494411765,0.49039215700000005,0.48627451,0.475294118,0.459117647,0.448235294,0.437647059,0.42754902,0.41970588200000003,0.416372549,0.41127451,0.407058824,0.39754902,0.391960784,0.38372549,0.380098039,0.379313725,0.378039216,0.372352941,0.37029411799999995,0.37225490200000005,0.376960784,0.380098039,0.385098039,0.384313725,0.379117647,0.37029411799999995,0.360098039
101,0.352156863,0.34627451,0.34274509799999997,0.339117647,0.335196078,0.331960784,0.32205882399999997,0.311960784,0.30245098,0.292058824,0.28401960800000003,0.277352941,0.274313725,0.270294118,0.25892156899999996,0.252647059,0.247745098,0.243529412,0.243333333,0.241666667,0.236078431,0.238137255,0.23803921600000003,0.24156862699999998,0.24254902,0.248137255,0.251960784,0.254509804,0.250196078,0.241666667
102,0.585055556,0.5811666670000001,0.5805,0.587611111,0.588,0.587555556,0.586833333,0.588555556,0.565777778,0.548277778,0.541388889,0.541555556,0.5397777779999999,0.546277778,0.556,0.558611111,0.560611111,0.571722222,0.583277778,0.5962777779999999,0.601388889,0.592666667,0.593111111,0.601611111,0.5955,0.599333333,0.619611111,0.6386666670000001,0.6376666670000001,0.637388889
103,0.0027222220000000003,0.0027222220000000003,0.0029074070000000003,0.003277778,0.0035555559999999996,0.0037407409999999997,0.0037407409999999997,0.0037407409999999997,0.002351852,0.002351852,0.002351852,0.002351852,0.004759259,0.0065,0.006759259,0.006055556,0.006055556,0.006055556,0.006055556,0.006055556,0.00587037,0.0055,0.00512963,0.004944444,0.004944444,0.004962963,0.004962963,0.007555556,0.007555556,0.008037037
104,0.444444444,0.444444444,0.5,0.5555555560000001,0.5555555560000001,0.611111111,0.666666667,0.7222222220000001,0.666666667,0.611111111,0.611111111,0.611111111,0.611111111,0.611111111,0.611111111,0.611111111,0.5555555560000001,0.611111111,0.611111111,0.611111111,0.611111111,0.5555555560000001,0.5,0.444444444,0.444444444,0.444444444,0.5,0.5555555560000001,0.5555555560000001,0.611111111
105,0.42370370399999996,0.418888889,0.41453703700000005,0.411388889,0.406111111,0.401203704,0.39138888899999996,0.378703704,0.36935185200000004,0.36074074100000003,0.35333333299999997,0.34851851899999997,0.34398148100000003,0.33703703700000004,0.33064814800000003,0.319907407,0.31129629600000003,0.30824074100000004,0.31,0.309722222,0.30712963,0.30574074100000004,0.304351852,0.30462963,0.306388889,0.311111111,0.313611111,0.314722222,0.31074074100000004,0.302592593
106,0.507777778,0.503796296,0.496296296,0.492314815,0.48814814799999995,0.480185185,0.46666666700000003,0.451018519,0.442685185,0.433981481,0.427407407,0.421851852,0.41694444399999997,0.411759259,0.403703704,0.393703704,0.383240741,0.380740741,0.382685185,0.380092593,0.377037037,0.37472222200000005,0.3725,0.37379629600000003,0.376388889,0.383055556,0.383611111,0.381666667,0.375185185,0.363796296
107,0.35046296299999996,0.345648148,0.343796296,0.34296296299999995,0.33638888899999997,0.3325,0.326018519,0.316481481,0.306759259,0.29824074100000003,0.28907407399999996,0.284166667,0.279907407,0.27287037,0.266944444,0.254444444,0.24657407399999998,0.24287037,0.24287037,0.245,0.242222222,0.241018519,0.240740741,0.240648148,0.241388889,0.246481481,0.250555556,0.253611111,0.252222222,0.246203704
108,0.576315789,0.577157895,0.579578947,0.591157895,0.594578947,0.587631579,0.584842105,0.584315789,0.578,0.561684211,0.549894737,0.546894737,0.552157895,0.545368421,0.549578947,0.561894737,0.554947368,0.558947368,0.571578947,0.587789474,0.598736842,0.602684211,0.5997894739999999,0.6005263160000001,0.592368421,0.596157895,0.6074210529999999,0.630736842,0.6345789470000001,0.637842105
109,0.0025789470000000003,0.0025789470000000003,0.0027543859999999997,0.003105263,0.00345614,0.00354386,0.00354386,0.00354386,0.00354386,0.00222807,0.00222807,0.00222807,0.004684211,0.0061754390000000004,0.006421053,0.006701754,0.005736842,0.005736842,0.005736842,0.005736842,0.005736842,0.005561404,0.005210526,0.004859649000000001,0.004684211,0.004701754,0.004701754,0.007157895,0.007157895,0.007614035
110,0.42105263200000004,0.42105263200000004,0.473684211,0.526315789,0.578947368,0.578947368,0.6315789470000001,0.684210526,0.684210526,0.6315789470000001,0.578947368,0.578947368,0.6315789470000001,0.6315789470000001,0.6315789470000001,0.6315789470000001,0.578947368,0.578947368,0.578947368,0.578947368,0.6315789470000001,0.578947368,0.526315789,0.473684211,0.473684211,0.473684211,0.473684211,0.526315789,0.526315789,0.578947368
111,0.42271929799999997,0.41877193,0.415877193,0.413070175,0.409035088,0.40245614,0.394210526,0.384912281,0.373245614,0.365350877,0.358947368,0.35412280700000004,0.34973684200000005,0.343157895,0.334298246,0.326403509,0.312894737,0.30745614,0.309824561,0.310789474,0.31,0.31,0.307631579,0.306315789,0.304385965,0.30885964899999996,0.311578947,0.31359649100000003,0.311578947,0.306052632
112,0.506929825,0.504210526,0.49912280700000006,0.49421052600000004,0.490087719,0.482280702,0.471754386,0.458596491,0.445614035,0.43894736799999995,0.43350877200000004,0.42903508799999995,0.42210526299999995,0.41710526299999995,0.40833333299999997,0.39973684200000004,0.38535087700000004,0.380438596,0.383157895,0.383245614,0.37903508799999996,0.37903508799999996,0.37657894700000005,0.37394736799999995,0.37342105299999995,0.379385965,0.381754386,0.381140351,0.377807018,0.36877193
113,0.34982456100000003,0.344385965,0.34333333299999996,0.343947368,0.34017543899999997,0.33377193,0.326842105,0.32052631600000003,0.311315789,0.30254386,0.29508771899999997,0.288947368,0.28622807,0.278245614,0.269561404,0.262280702,0.248596491,0.24201754399999997,0.242280702,0.244473684,0.245350877,0.246578947,0.243333333,0.243070175,0.24052631600000002,0.245175439,0.248859649,0.252192982,0.251491228,0.24833333300000002
114,0.5729,0.56925,0.57585,0.58975,0.5976,0.5939,0.58505,0.58255,0.5745,0.5735,0.56255,0.5547,0.5567,0.55685,0.54855,0.5555,0.55825,0.55365,0.55945,0.57645,0.59055,0.6001,0.60895,0.6065,0.5918,0.59315,0.604,0.6186,0.62725,0.6349
115,0.00245,0.00245,0.002616667,0.00295,0.003283333,0.00345,0.0033666670000000003,0.0033666670000000003,0.0033666670000000003,0.0033666670000000003,0.002116667,0.002116667,0.00445,0.006033333,0.006116666999999999,0.006383333000000001,0.0063666669999999995,0.00545,0.00545,0.00545,0.00545,0.00545,0.005283333,0.00495,0.0046166670000000005,0.004466667,0.004466667,0.0068,0.0068,0.007233333000000001
116,0.4,0.4,0.45,0.5,0.55,0.6,0.6,0.65,0.65,0.65,0.6,0.55,0.6,0.65,0.65,0.65,0.6,0.6,0.55,0.55,0.6,0.6,0.55,0.5,0.5,0.5,0.5,0.5,0.5,0.55
117,0.425,0.41808333299999995,0.415916667,0.414416667,0.41075,0.405416667,0.39575,0.38791666700000005,0.37941666700000004,0.36925,0.363416667,0.359416667,0.355,0.34866666700000004,0.34025,0.33008333300000003,0.319416667,0.309166667,0.309,0.310583333,0.311,0.312583333,0.311583333,0.309333333,0.306,0.306833333,0.309416667,0.311666667,0.310666667,0.307083333
118,0.5095,0.503583333,0.49975,0.49700000000000005,0.49200000000000005,0.484416667,0.47416666700000004,0.46383333299999996,0.453083333,0.44191666700000004,0.43825,0.43475,0.42891666700000003,0.42200000000000004,0.413583333,0.40433333299999996,0.3915,0.38258333299999997,0.38275,0.383666667,0.38208333299999997,0.380833333,0.38058333299999997,0.37775,0.37358333299999996,0.37641666700000004,0.378333333,0.3795,0.3775,0.37158333299999996
119,0.35133333299999997,0.344083333,0.34225,0.3435,0.34125,0.3375,0.328333333,0.321583333,0.315416667,0.307083333,0.29933333300000003,0.294666667,0.290666667,0.284333333,0.274833333,0.265,0.256333333,0.244166667,0.2415,0.243833333,0.24483333300000001,0.24933333300000002,0.2485,0.245416667,0.242833333,0.244166667,0.2475,0.2505,0.25025,0.24783333300000002
120,0.569,0.566333333,0.568380952,0.585714286,0.595952381,0.596809524,0.591142857,0.582857143,0.573285714,0.570380952,0.573761905,0.56652381,0.563666667,0.560952381,0.559333333,0.554238095,0.552333333,0.556857143,0.554380952,0.564666667,0.579619048,0.592238095,0.606190476,0.614904762,0.597904762,0.592571429,0.600761905,0.614809524,0.6158571429999999,0.627904762
121,0.002333333,0.002333333,0.002492063,0.0028095240000000003,0.003126984,0.0032857140000000003,0.0032857140000000003,0.0032063490000000003,0.0032063490000000003,0.0032063490000000003,0.0032063490000000003,0.002015873,0.004238095,0.005746032,0.005984127,0.006095238,0.006079365,0.006063491999999999,0.005190475999999999,0.005190475999999999,0.005190475999999999,0.005190475999999999,0.005190475999999999,0.005031746,0.004714286,0.004412698,0.0042539679999999995,0.00647619,0.00647619,0.0068888890000000005
122,0.380952381,0.380952381,0.428571429,0.47619047600000003,0.523809524,0.571428571,0.6190476189999999,0.6190476189999999,0.6190476189999999,0.6190476189999999,0.6190476189999999,0.571428571,0.571428571,0.6190476189999999,0.666666667,0.666666667,0.6190476189999999,0.6190476189999999,0.571428571,0.523809524,0.571428571,0.571428571,0.571428571,0.523809524,0.523809524,0.523809524,0.523809524,0.523809524,0.47619047600000003,0.523809524
123,0.42952381,0.42047619,0.415396825,0.41452381,0.41214285700000003,0.407222222,0.39888888899999997,0.38968254,0.38253968299999996,0.37531746,0.36722222200000004,0.363650794,0.36,0.353730159,0.34563492100000004,0.335952381,0.323253968,0.315555556,0.310555556,0.309761905,0.310793651,0.313412698,0.313968254,0.313015873,0.308888889,0.308253968,0.307460317,0.309603175,0.308968254,0.30642857100000004
124,0.51468254,0.506190476,0.499365079,0.49769841299999995,0.494761905,0.48650793700000006,0.47658730200000005,0.46650793700000004,0.45833333299999995,0.449206349,0.441111111,0.439206349,0.434365079,0.428492063,0.41841269799999997,0.40952381,0.396269841,0.38857142899999997,0.38468254,0.38325396799999994,0.38253968299999996,0.38365079399999996,0.38222222200000006,0.381507937,0.37722222200000005,0.376428571,0.375555556,0.376349206,0.376111111,0.371587302
125,0.35619047600000003,0.34579365100000004,0.342063492,0.342460317,0.340952381,0.338650794,0.332142857,0.323253968,0.316666667,0.311190476,0.303809524,0.298730159,0.29603174600000004,0.288650794,0.28079365100000003,0.270238095,0.259206349,0.251746032,0.24357142899999998,0.24301587300000002,0.244206349,0.24865079399999998,0.251031746,0.250238095,0.245079365,0.24619047600000002,0.246428571,0.249126984,0.24873015899999998,0.246825397
126,0.564090909,0.562909091,0.565636364,0.578136364,0.591818182,0.595272727,0.594045455,0.588772727,0.574,0.569409091,0.570772727,0.577045455,0.574545455,0.567409091,0.563136364,0.5642727270000001,0.5512727270000001,0.5512727270000001,0.557409091,0.559590909,0.568227273,0.5817272729999999,0.5984090910000001,0.612,0.606318182,0.598363636,0.599863636,0.611227273,0.612363636,0.617
127,0.002227273,0.002227273,0.0023787879999999997,0.002681818,0.002984848,0.0031363640000000004,0.0031363640000000004,0.0031363640000000004,0.0030606059999999996,0.0030606059999999996,0.0030606059999999996,0.0030606059999999996,0.004045455,0.0054848480000000005,0.005712121,0.0059696969999999995,0.005818182,0.00580303,0.005787879,0.004954545,0.004954545,0.004954545,0.004954545,0.004954545,0.00480303,0.004515152,0.004212121,0.006181818,0.006181818,0.006575758
128,0.363636364,0.363636364,0.409090909,0.454545455,0.5,0.545454545,0.590909091,0.636363636,0.590909091,0.590909091,0.590909091,0.590909091,0.590909091,0.590909091,0.636363636,0.681818182,0.636363636,0.636363636,0.590909091,0.545454545,0.545454545,0.545454545,0.545454545,0.545454545,0.545454545,0.545454545,0.545454545,0.545454545,0.5,0.5
129,0.433409091,0.425,0.41780303,0.414090909,0.412348485,0.40871212100000004,0.400909091,0.392954545,0.38446969700000005,0.378484848,0.373106061,0.367272727,0.364015152,0.358560606,0.350606061,0.34128787899999996,0.32916666699999997,0.31939393899999996,0.316590909,0.311212121,0.31,0.313106061,0.31469697,0.31522727300000003,0.312424242,0.310909091,0.308787879,0.307727273,0.307121212,0.305
130,0.519090909,0.511287879,0.502045455,0.497424242,0.49553030299999995,0.489393939,0.47893939399999996,0.46916666700000004,0.46113636399999997,0.45439393899999997,0.448106061,0.44189393899999996,0.438636364,0.433712121,0.424772727,0.41431818200000003,0.401590909,0.393257576,0.39030303,0.385075758,0.38219697,0.384015152,0.384848485,0.38303030299999996,0.380833333,0.37977272700000003,0.375606061,0.373787879,0.37325757600000004,0.37053030299999995
131,0.359924242,0.350681818,0.34378787899999996,0.34227272700000005,0.34007575799999995,0.33848484799999995,0.333484848,0.327121212,0.318484848,0.312575758,0.307878788,0.303030303,0.299848485,0.29386363600000004,0.285075758,0.27613636399999997,0.264469697,0.25469697,0.250833333,0.244924242,0.24340909100000002,0.24787878800000002,0.25030303,0.252575758,0.24969697,0.248181818,0.248257576,0.248030303,0.2475,0.245530303
132,0.5614347829999999,0.558478261,0.562391304,0.575086957,0.584304348,0.591347826,0.5926956520000001,0.591652174,0.580043478,0.57026087,0.569826087,0.574043478,0.58426087,0.577652174,0.569217391,0.567695652,0.561,0.5503043479999999,0.552043478,0.56226087,0.563217391,0.57073913,0.588086957,0.604304348,0.6039130429999999,0.606391304,0.605086957,0.6099130429999999,0.6090434779999999,0.613608696
133,0.002130435,0.002130435,0.002275362,0.0025652170000000003,0.002855072,0.003,0.003,0.003,0.003,0.0029275359999999997,0.0029275359999999997,0.0029275359999999997,0.0049565220000000005,0.005246376999999999,0.005463768000000001,0.005710145,0.005710145,0.005565217,0.005550725,0.0055362319999999994,0.00473913,0.00473913,0.00473913,0.00473913,0.00473913,0.004608696,0.0043188409999999995,0.006057971,0.005913043000000001,0.006289855
134,0.347826087,0.347826087,0.39130434799999997,0.434782609,0.47826087,0.52173913,0.565217391,0.608695652,0.608695652,0.565217391,0.565217391,0.565217391,0.608695652,0.608695652,0.608695652,0.6521739129999999,0.6521739129999999,0.6521739129999999,0.608695652,0.565217391,0.565217391,0.52173913,0.52173913,0.52173913,0.565217391,0.565217391,0.565217391,0.565217391,0.52173913,0.52173913
135,0.43717391299999997,0.428913043,0.422246377,0.416449275,0.41202898600000004,0.409057971,0.402608696,0.39514492799999995,0.38782608700000004,0.380507246,0.37623188399999996,0.372898551,0.36746376799999997,0.36246376799999996,0.355362319,0.346231884,0.33456521699999997,0.325217391,0.320217391,0.316956522,0.311376812,0.312246377,0.314347826,0.315869565,0.314565217,0.314202899,0.311304348,0.308985507,0.305434783,0.303405797
136,0.5234782610000001,0.515652174,0.507101449,0.5000724639999999,0.495362319,0.490362319,0.482028986,0.47173913,0.46391304299999997,0.45724637700000004,0.45311594200000005,0.448550725,0.44123188399999996,0.43782608700000003,0.429927536,0.42057971,0.406521739,0.398478261,0.394710145,0.39043478299999995,0.383985507,0.38362318799999995,0.385144928,0.385507246,0.382318841,0.38311594200000004,0.37884058,0.37391304299999994,0.370942029,0.368043478
137,0.36384058,0.35449275399999997,0.348550725,0.343913043,0.34,0.33775362299999995,0.333550725,0.328623188,0.322391304,0.314492754,0.309347826,0.306956522,0.303913043,0.297608696,0.290217391,0.280434783,0.27036231899999996,0.259927536,0.253695652,0.25181159399999997,0.245217391,0.24695652199999998,0.24949275399999998,0.25181159399999997,0.251956522,0.25246376800000003,0.250072464,0.249710145,0.246521739,0.24449275399999998
138,0.563083333,0.5561666670000001,0.5581666670000001,0.571583333,0.581125,0.5841666670000001,0.589041667,0.590458333,0.5831666670000001,0.576208333,0.570625,0.573,0.5810833329999999,0.586833333,0.578958333,0.573333333,0.564416667,0.559666667,0.551083333,0.556916667,0.565625,0.5658333329999999,0.577291667,0.594166667,0.596875,0.604083333,0.6125,0.6145,0.607875,0.610375
139,0.002041667,0.002041667,0.002180556,0.002458333,0.002736111,0.002875,0.002875,0.002875,0.002875,0.002875,0.002805556,0.002805556,0.00475,0.006069444,0.005236111,0.005472222,0.005472222,0.005472222,0.005333333000000001,0.005319444,0.0053055559999999995,0.004541667,0.004541667,0.004541667,0.004541667,0.004555556,0.004416667,0.006083333000000001,0.005805556,0.006027778
140,0.333333333,0.333333333,0.375,0.41666666700000005,0.45833333299999995,0.5,0.541666667,0.583333333,0.583333333,0.583333333,0.541666667,0.541666667,0.583333333,0.625,0.625,0.625,0.625,0.666666667,0.625,0.583333333,0.583333333,0.541666667,0.5,0.5,0.541666667,0.583333333,0.583333333,0.583333333,0.541666667,0.541666667
141,0.440972222,0.43270833299999995,0.42611111100000004,0.420763889,0.414375,0.408888889,0.403194444,0.397013889,0.390138889,0.383888889,0.37826388899999996,0.375902778,0.37284722200000003,0.365833333,0.359236111,0.35097222200000006,0.339583333,0.33055555600000003,0.325763889,0.320416667,0.316875,0.31347222199999997,0.31347222199999997,0.315486111,0.315208333,0.316180556,0.314444444,0.311388889,0.30673611100000003,0.301944444
142,0.527986111,0.52,0.511458333,0.505,0.497986111,0.49041666700000003,0.483263889,0.475,0.46659722200000003,0.460069444,0.45590277799999995,0.45333333299999995,0.447638889,0.44034722200000004,0.434027778,0.425694444,0.412847222,0.40333333299999996,0.399652778,0.394652778,0.389166667,0.38527777799999996,0.384722222,0.38576388899999997,0.384722222,0.384444444,0.38208333299999997,0.37708333299999997,0.371180556,0.366041667
143,0.36722222200000004,0.358472222,0.35229166700000003,0.34847222200000005,0.34166666700000003,0.337777778,0.33305555600000003,0.32888888899999996,0.324027778,0.318402778,0.311319444,0.308402778,0.30763888899999997,0.301597222,0.293958333,0.285555556,0.274722222,0.265763889,0.25875,0.254513889,0.25180555600000004,0.248541667,0.248541667,0.25097222199999997,0.25125,0.254513889,0.254097222,0.251388889,0.248194444,0.24368055600000002
144,0.5642,0.55796,0.55596,0.56716,0.57752,0.58112,0.58224,0.58704,0.58236,0.57936,0.5763199999999999,0.5736399999999999,0.5798,0.58368,0.58772,0.5825199999999999,0.56996,0.563,0.56004,0.5558,0.5603600000000001,0.56804,0.5723199999999999,0.5835600000000001,0.58744,0.59732,0.6100399999999999,0.62124,0.61236,0.6092
145,0.00196,0.00196,0.0020933329999999997,0.00236,0.002626667,0.0027600000000000003,0.0027600000000000003,0.0027600000000000003,0.0027600000000000003,0.0027600000000000003,0.0027600000000000003,0.002693333,0.00456,0.005826667,0.0060266669999999994,0.005253333000000001,0.005253333000000001,0.005253333000000001,0.005253333000000001,0.00512,0.0051066670000000005,0.005093333,0.00436,0.00436,0.00436,0.004373333,0.004373333,0.006106667,0.00584,0.00592
146,0.32,0.32,0.36,0.4,0.44,0.48,0.52,0.56,0.56,0.56,0.56,0.52,0.56,0.6,0.64,0.64,0.6,0.64,0.64,0.6,0.6,0.56,0.52,0.48,0.52,0.56,0.6,0.6,0.56,0.56
147,0.443066667,0.43653333299999997,0.42986666700000004,0.42453333299999996,0.4186,0.41126666700000003,0.403266667,0.3978,0.392133333,0.386266667,0.3816,0.37786666700000004,0.37573333299999995,0.371066667,0.3626,0.354866667,0.3444,0.335533333,0.330866667,0.325733333,0.3202,0.318666667,0.3146,0.3146,0.314866667,0.316733333,0.316333333,0.3144,0.309133333,0.303333333
148,0.5298666670000001,0.524466667,0.5158,0.509266667,0.5028,0.49313333299999995,0.4836,0.476466667,0.46993333299999995,0.4628,0.45866666700000003,0.456,0.452266667,0.446533333,0.4366,0.4298,0.418066667,0.40953333299999994,0.404266667,0.3994,0.393266667,0.3902,0.386266667,0.38533333299999994,0.385,0.386666667,0.3834,0.380266667,0.374333333,0.366466667
149,0.369066667,0.36193333299999997,0.3562,0.35206666700000006,0.346133333,0.33946666700000006,0.333266667,0.3286,0.324466667,0.320133333,0.3152,0.310333333,0.309,0.305266667,0.297933333,0.289333333,0.279866667,0.27013333300000003,0.2644,0.259333333,0.2544,0.254733333,0.25,0.25,0.250466667,0.253733333,0.256,0.2552,0.249866667,0.2454
150,0.563576923,0.559230769,0.557692308,0.5646923079999999,0.5730384620000001,0.577653846,0.579384615,0.580576923,0.579384615,0.578730769,0.579346154,0.579,0.580153846,0.582346154,0.584653846,0.590807692,0.578923077,0.568384615,0.563230769,0.564230769,0.5591538460000001,0.562884615,0.574192308,0.578538462,0.5775,0.5882307689999999,0.603307692,0.6185384620000001,0.618923077,0.6134615379999999
151,0.001884615,0.001884615,0.002012821,0.002269231,0.002525641,0.0026538459999999996,0.0026538459999999996,0.0026538459999999996,0.0026538459999999996,0.0026538459999999996,0.0026538459999999996,0.0026538459999999996,0.004384615,0.005602564,0.0057948719999999995,0.006012821,0.005051282,0.005051282,0.005051282,0.005051282,0.0049230770000000005,0.004910256,0.004897436,0.004192308,0.004192308,0.004205128,0.004205128,0.006,0.005871795,0.005948718
152,0.307692308,0.307692308,0.346153846,0.384615385,0.423076923,0.46153846200000004,0.5,0.538461538,0.538461538,0.538461538,0.538461538,0.538461538,0.538461538,0.576923077,0.615384615,0.653846154,0.615384615,0.615384615,0.615384615,0.615384615,0.615384615,0.576923077,0.538461538,0.5,0.5,0.538461538,0.576923077,0.615384615,0.576923077,0.576923077
153,0.44435897399999996,0.438717949,0.433653846,0.428205128,0.422307692,0.415448718,0.405769231,0.39807692299999997,0.39307692299999997,0.38833333299999995,0.383974359,0.381089744,0.377628205,0.373910256,0.36775641,0.358269231,0.348397436,0.340320513,0.335641026,0.330641026,0.32532051300000003,0.321794872,0.319551282,0.315641026,0.314038462,0.316346154,0.31685897399999996,0.316217949,0.312115385,0.30576923100000003
154,0.5320512820000001,0.526410256,0.52025641,0.513525641,0.506987179,0.49794871799999996,0.48647435899999997,0.477051282,0.47153846200000005,0.46615384600000004,0.461346154,0.45865384600000003,0.454871795,0.45102564100000003,0.442692308,0.432435897,0.422307692,0.414679487,0.41019230799999995,0.403846154,0.397884615,0.394102564,0.390961538,0.386794872,0.384615385,0.38685897399999997,0.38557692299999996,0.381602564,0.3775,0.36967948700000003
155,0.36967948700000003,0.363910256,0.359615385,0.355833333,0.349679487,0.34384615399999996,0.335064103,0.328974359,0.32435897399999997,0.320705128,0.316987179,0.314102564,0.310833333,0.306666667,0.30160256399999996,0.29333333300000003,0.28371794899999997,0.27525641,0.26865384600000003,0.26474359,0.25903846199999997,0.257115385,0.25589743600000003,0.251346154,0.24955128199999999,0.252884615,0.25519230800000003,0.256987179,0.253589744,0.247115385
156,0.563259259,0.558814815,0.558925926,0.5660370370000001,0.5704444439999999,0.573333333,0.576111111,0.577888889,0.5734444439999999,0.5760000000000001,0.5787407410000001,0.581814815,0.585074074,0.582592593,0.583333333,0.5877407410000001,0.587037037,0.577074074,0.568407407,0.567148148,0.567148148,0.56162963,0.569,0.580111111,0.572888889,0.57862963,0.594333333,0.611740741,0.6164074070000001,0.619740741
157,0.001814815,0.001814815,0.0019382720000000002,0.002185185,0.002432099,0.002555556,0.002555556,0.002555556,0.002555556,0.002555556,0.002555556,0.002555556,0.004283950999999999,0.005395062,0.005580246999999999,0.005790123,0.005790123,0.004864198,0.004864198,0.004864198,0.004864198,0.004740741,0.004728395,0.004716049,0.004037037,0.004049383,0.004049383,0.005777778000000001,0.005777778000000001,0.005975309
158,0.296296296,0.296296296,0.333333333,0.37037037,0.40740740700000005,0.444444444,0.481481481,0.518518519,0.518518519,0.518518519,0.518518519,0.518518519,0.5555555560000001,0.5555555560000001,0.592592593,0.62962963,0.62962963,0.62962963,0.592592593,0.592592593,0.62962963,0.592592593,0.5555555560000001,0.518518519,0.518518519,0.518518519,0.5555555560000001,0.592592593,0.592592593,0.592592593
159,0.444814815,0.44012345700000005,0.435864198,0.43191358,0.425925926,0.41913580200000006,0.41,0.40067901200000006,0.393518519,0.389382716,0.38604938299999997,0.383395062,0.380740741,0.375802469,0.370617284,0.36339506200000005,0.35191358,0.344320988,0.340246914,0.335246914,0.330061728,0.32666666699999997,0.322530864,0.32037037,0.315061728,0.315493827,0.316481481,0.316728395,0.313950617,0.308765432
160,0.533271605,0.528641975,0.522283951,0.517901235,0.51117284,0.502160494,0.491358025,0.48006172799999997,0.47228395100000004,0.467839506,0.46462963,0.46123456799999996,0.457469136,0.45358024700000005,0.44716049399999996,0.43845679,0.42512345700000004,0.418888889,0.41512345700000003,0.409567901,0.402222222,0.39851851899999996,0.394691358,0.391296296,0.38604938299999997,0.386419753,0.385802469,0.383765432,0.378888889,0.372901235
161,0.369444444,0.36469135799999997,0.361604938,0.359135802,0.35339506200000004,0.34734567899999996,0.339444444,0.330864198,0.324876543,0.320740741,0.317654321,0.315864198,0.314444444,0.308518519,0.30308642,0.297037037,0.287777778,0.279135802,0.273641975,0.26882716,0.26425925899999997,0.261481481,0.258148148,0.256975309,0.250864198,0.25191358,0.254320988,0.25617284,0.25537037,0.250802469
162,0.562107143,0.5586785710000001,0.558535714,0.566928571,0.571535714,0.570821429,0.5720000000000001,0.574785714,0.571107143,0.570392857,0.576107143,0.581142857,0.587571429,0.58725,0.583535714,0.586357143,0.584214286,0.584964286,0.576785714,0.5720000000000001,0.569857143,0.56925,0.567571429,0.574892857,0.5746071429999999,0.574142857,0.584857143,0.602785714,0.609928571,0.617285714
163,0.00175,0.00175,0.0018690479999999999,0.0021071429999999997,0.002345238,0.002464286,0.002464286,0.002464286,0.002464286,0.002464286,0.002464286,0.002464286,0.004130952,0.005261905,0.005380952,0.005583333,0.005583333,0.005583333,0.004690476,0.004690476,0.004690476,0.004690476,0.004571429,0.0045595240000000006,0.004547619,0.003904762,0.003904762,0.005571429,0.005571429,0.005880951999999999
164,0.28571428600000004,0.28571428600000004,0.321428571,0.35714285700000004,0.39285714299999996,0.428571429,0.46428571399999996,0.5,0.5,0.5,0.5,0.5,0.535714286,0.571428571,0.571428571,0.607142857,0.607142857,0.642857143,0.607142857,0.571428571,0.607142857,0.607142857,0.571428571,0.535714286,0.535714286,0.535714286,0.535714286,0.571428571,0.571428571,0.607142857
165,0.44452381,0.440714286,0.437321429,0.434107143,0.42958333299999996,0.422738095,0.41375,0.404940476,0.396190476,0.38994047600000004,0.387142857,0.38541666700000005,0.38297619,0.378869048,0.372559524,0.366309524,0.35708333299999995,0.347857143,0.34410714299999995,0.339702381,0.33452381,0.331190476,0.32720238100000004,0.323214286,0.319642857,0.316428571,0.315654762,0.316369048,0.31452381,0.310654762
166,0.533154762,0.529940476,0.5245833329999999,0.519940476,0.51547619,0.5063690479999999,0.495654762,0.485,0.475357143,0.468690476,0.466309524,0.464404762,0.46,0.45613095200000003,0.449761905,0.44291666700000004,0.431190476,0.42172619,0.41916666700000005,0.41434523799999995,0.407797619,0.40267857100000004,0.398928571,0.394880952,0.39041666700000005,0.387738095,0.38541666700000005,0.384047619,0.38107142899999996,0.374404762
167,0.368809524,0.36464285700000004,0.362440476,0.361071429,0.35666666700000005,0.351011905,0.34297619,0.335238095,0.326845238,0.321369048,0.317797619,0.316547619,0.31613095199999997,0.312083333,0.305,0.298630952,0.291547619,0.28321428600000004,0.277440476,0.273630952,0.268214286,0.266428571,0.262321429,0.259107143,0.256309524,0.253095238,0.253333333,0.255297619,0.254642857,0.252619048
168,0.570103448,0.557724138,0.5584137929999999,0.566275862,0.572206897,0.571862069,0.56962069,0.570862069,0.568344828,0.5682413789999999,0.570689655,0.578517241,0.586724138,0.5895862070000001,0.588,0.586448276,0.583,0.582310345,0.584413793,0.579965517,0.574448276,0.571793103,0.574724138,0.573310345,0.569758621,0.575758621,0.580310345,0.593344828,0.601344828,0.611
169,0.002091954,0.001689655,0.001804598,0.0020344829999999997,0.0022643679999999997,0.00237931,0.00237931,0.00237931,0.00237931,0.00237931,0.00237931,0.00237931,0.003988506,0.00508046,0.005252874,0.005390805,0.005390805,0.005390805,0.005390805,0.004528735999999999,0.004528735999999999,0.004528735999999999,0.004528735999999999,0.004413793,0.004402299,0.004402299,0.003770115,0.00537931,0.00537931,0.005678161
170,0.310344828,0.275862069,0.310344828,0.344827586,0.379310345,0.413793103,0.448275862,0.482758621,0.482758621,0.482758621,0.482758621,0.482758621,0.517241379,0.551724138,0.5862068970000001,0.5862068970000001,0.5862068970000001,0.620689655,0.620689655,0.5862068970000001,0.5862068970000001,0.5862068970000001,0.5862068970000001,0.551724138,0.551724138,0.551724138,0.551724138,0.551724138,0.551724138,0.5862068970000001
171,0.444712644,0.44057471299999995,0.437988506,0.43557471299999995,0.431781609,0.42637931,0.417413793,0.408735632,0.40045977,0.392643678,0.387758621,0.38649425299999995,0.384942529,0.381091954,0.375632184,0.368333333,0.36011494299999997,0.35298850600000004,0.347528736,0.343448276,0.338850575,0.33545977,0.331551724,0.32770114899999997,0.322413793,0.320804598,0.316551724,0.315574713,0.31425287399999996,0.311321839
172,0.533390805,0.5299425289999999,0.525977011,0.522241379,0.517528736,0.510689655,0.49994252899999997,0.489367816,0.480287356,0.471781609,0.467183908,0.46603448299999994,0.463103448,0.45862069,0.45235632200000003,0.44557471299999996,0.43574712600000004,0.427701149,0.42189655200000004,0.41827586200000005,0.412471264,0.408045977,0.40293103399999997,0.39896551700000005,0.393908046,0.391896552,0.386724138,0.38373563200000005,0.38143678200000003,0.376666667
173,0.36913793100000003,0.36419540200000006,0.36247126399999996,0.36189655200000004,0.35862069,0.354252874,0.34666666700000004,0.338793103,0.331206897,0.323390805,0.318505747,0.316724138,0.31678160899999996,0.313793103,0.30856321800000003,0.30063218399999997,0.293275862,0.287011494,0.281436782,0.277298851,0.272873563,0.27017241399999997,0.267068966,0.263103448,0.258390805,0.25827586199999997,0.254425287,0.254310345,0.253850575,0.252011494
174,0.5723,0.5656,0.5575,0.5659,0.5714,0.5725,0.570666667,0.5686,0.564766667,0.565666667,0.5686,0.5732,0.584,0.5887,0.5902333329999999,0.590666667,0.5832,0.5812,0.581866667,0.587233333,0.582066667,0.5761666670000001,0.5770000000000001,0.5800333329999999,0.5684,0.5710333329999999,0.581666667,0.588666667,0.5922666670000001,0.602666667
175,0.002022222,0.002022222,0.001744444,0.001966667,0.002188889,0.0023,0.0023,0.0023,0.0023,0.0023,0.0023,0.0023,0.0038555559999999996,0.004911111,0.005077778,0.005266666999999999,0.005211111,0.005211111,0.005211111,0.005211111,0.004377778,0.004377778,0.004377778,0.004377778,0.004266667,0.004266667,0.004255556,0.0052,0.0052,0.005488889
176,0.3,0.3,0.3,0.333333333,0.36666666700000006,0.4,0.433333333,0.46666666700000003,0.46666666700000003,0.46666666700000003,0.46666666700000003,0.46666666700000003,0.5,0.533333333,0.566666667,0.6,0.566666667,0.6,0.6,0.6,0.6,0.566666667,0.566666667,0.566666667,0.566666667,0.566666667,0.566666667,0.566666667,0.533333333,0.566666667
177,0.448388889,0.440888889,0.437944444,0.43627777799999995,0.43327777799999995,0.428611111,0.42111111100000004,0.41244444399999997,0.404277778,0.39688888899999997,0.390444444,0.387111111,0.386,0.383055556,0.377888889,0.371444444,0.362277778,0.356055556,0.3525,0.346777778,0.3425,0.339611111,0.33566666700000003,0.33188888899999996,0.326777778,0.323444444,0.320777778,0.316444444,0.313555556,0.311166667
178,0.5375,0.530277778,0.526111111,0.523666667,0.519833333,0.512833333,0.5043333329999999,0.49372222200000004,0.48466666700000005,0.47666666700000004,0.470222222,0.466888889,0.464722222,0.46166666700000003,0.45488888899999996,0.448222222,0.438555556,0.43222222200000004,0.42766666700000006,0.420944444,0.41633333299999997,0.412555556,0.408111111,0.40283333299999996,0.39788888899999997,0.395222222,0.39077777799999996,0.385055556,0.38122222200000005,0.377166667
179,0.372555556,0.36466666700000006,0.36211111100000004,0.361944444,0.3595,0.35622222200000003,0.34994444399999997,0.3425,0.334777778,0.327722222,0.320555556,0.317444444,0.316944444,0.3145,0.310333333,0.304222222,0.295388889,0.288833333,0.285166667,0.281166667,0.276444444,0.274611111,0.27066666699999997,0.26766666699999997,0.262277778,0.260222222,0.259388889,0.255333333,0.252944444,0.251333333
