0.434,0.45899999999999996,0.55,0.564,0.504,0.65,0.758,0.545,0.546,0.6679999999999999,0.6829999999999999,0.79,0.753,0.655,0.713,0.525,0.635,0.636,0.605,0.759,0.6459999999999999,0.6890000000000001,0.573,0.7340000000000001,0.635,0.493,0.33799999999999997,0.3,0.63,0.526
0.0,0.0,0.0,0.007333333,0.0,0.0,0.000666667,0.0,0.0,0.0,0.0,0.0016666670000000001,0.001333333,0.0,0.001333333,0.0,0.0,0.0,0.0,0.0,0.0,0.0,0.0,0.011666667,0.0,0.0,0.0,0.0,0.0016666670000000001,0.0
1.0,0.0,0.0,1.0,0.0,0.0,1.0,1.0,0.0,0.0,0.0,1.0,1.0,0.0,1.0,0.0,0.0,0.0,1.0,1.0,1.0,0.0,0.0,1.0,1.0,0.0,0.0,0.0,1.0,0.0
0.255,0.24,0.283333333,0.273333333,0.275,0.325,0.365,0.33666666700000003,0.306666667,0.363333333,0.438333333,0.46,0.425,0.41,0.355,0.34833333299999997,0.39333333299999995,0.41,0.431666667,0.493333333,0.5066666670000001,0.475,0.526666667,0.5,0.498333333,0.49166666700000006,0.51,0.5083333329999999,0.42,0.36
0.333333333,0.321666667,0.36666666700000006,0.33,0.378333333,0.40666666700000004,0.40833333299999997,0.38833333299999995,0.391666667,0.47333333299999997,0.558333333,0.573333333,0.5166666670000001,0.455,0.42166666700000005,0.45,0.5083333329999999,0.5083333329999999,0.505,0.553333333,0.615,0.59,0.6466666670000001,0.55,0.593333333,0.586666667,0.6333333329999999,0.615,0.47666666700000004,0.445
0.2,0.173333333,0.213333333,0.223333333,0.19,0.235,0.316666667,0.276666667,0.225,0.251666667,0.345,0.365,0.378333333,0.373333333,0.296666667,0.27,0.288333333,0.32666666699999997,0.32666666699999997,0.44833333299999995,0.446666667,0.378333333,0.438333333,0.47,0.42,0.39666666700000003,0.40833333299999997,0.415,0.34166666700000003,0.288333333
0.441,0.4465,0.5045,0.557,0.534,0.5770000000000001,0.7040000000000001,0.6515,0.5455,0.607,0.6755,0.7365,0.7715,0.7040000000000001,0.684,0.619,0.58,0.6355,0.6205,0.682,0.7025,0.6675,0.631,0.6535,0.6845,0.564,0.4155,0.319,0.465,0.578
0.0,0.0,0.0,0.003666667,0.003666667,0.0,0.00033333300000000006,0.00033333300000000006,0.0,0.0,0.0,0.000833333,0.0015,0.000666667,0.000666667,0.000666667,0.0,0.0,0.0,0.0,0.0,0.0,0.0,0.0058333330000000004,0.0058333330000000004,0.0,0.0,0.0,0.000833333,0.000833333
1.0,0.5,0.0,0.5,0.5,0.0,0.5,1.0,0.5,0.0,0.0,0.5,1.0,0.5,0.5,0.5,0.0,0.0,0.5,1.0,1.0,0.5,0.0,0.5,1.0,0.5,0.0,0.0,0.5,0.5
0.26416666699999997,0.2475,0.261666667,0.278333333,0.274166667,0.3,0.345,0.35083333299999997,0.321666667,0.335,0.40083333299999996,0.449166667,0.4425,0.4175,0.3825,0.35166666700000004,0.370833333,0.40166666700000003,0.420833333,0.4625,0.5,0.490833333,0.500833333,0.513333333,0.499166667,0.495,0.500833333,0.509166667,0.46416666700000003,0.39
0.33583333299999996,0.3275,0.34416666700000004,0.34833333299999997,0.35416666700000005,0.3925,0.4075,0.39833333299999996,0.39,0.4325,0.515833333,0.5658333329999999,0.545,0.485833333,0.438333333,0.435833333,0.47916666700000005,0.5083333329999999,0.5066666670000001,0.529166667,0.5841666670000001,0.6025,0.6183333329999999,0.598333333,0.571666667,0.59,0.61,0.624166667,0.5458333329999999,0.46083333299999996
0.213333333,0.18666666699999998,0.193333333,0.21833333300000002,0.206666667,0.2125,0.275833333,0.296666667,0.250833333,0.238333333,0.29833333300000003,0.355,0.371666667,0.375833333,0.335,0.283333333,0.279166667,0.3075,0.32666666699999997,0.3875,0.4475,0.4125,0.40833333299999997,0.454166667,0.445,0.40833333299999997,0.4025,0.41166666700000004,0.378333333,0.315
0.45399999999999996,0.447,0.48100000000000004,0.524333333,0.539333333,0.572666667,0.637333333,0.6509999999999999,0.6163333329999999,0.586333333,0.6323333329999999,0.713666667,0.742,0.732666667,0.7070000000000001,0.631,0.6243333329999999,0.598666667,0.6253333329999999,0.666666667,0.67,0.698,0.636,0.665333333,0.647333333,0.6206666670000001,0.48866666700000005,0.377,0.42266666700000005,0.485333333
0.0,0.0,0.0,0.002444444,0.002444444,0.002444444,0.000222222,0.000222222,0.000222222,0.0,0.0,0.000555556,0.001,0.001,0.0008888889999999999,0.000444444,0.000444444,0.0,0.0,0.0,0.0,0.0,0.0,0.0038888890000000004,0.0038888890000000004,0.0038888890000000004,0.0,0.0,0.000555556,0.000555556
0.666666667,0.666666667,0.333333333,0.333333333,0.333333333,0.333333333,0.333333333,0.666666667,0.666666667,0.333333333,0.0,0.333333333,0.666666667,0.666666667,0.666666667,0.333333333,0.333333333,0.0,0.333333333,0.666666667,1.0,0.666666667,0.333333333,0.333333333,0.666666667,0.666666667,0.333333333,0.0,0.333333333,0.333333333
0.29444444399999997,0.256111111,0.259444444,0.265555556,0.277222222,0.29111111100000003,0.321666667,0.342222222,0.336111111,0.33555555600000003,0.369444444,0.420555556,0.441111111,0.431666667,0.39666666700000003,0.371111111,0.365555556,0.383888889,0.41166666700000004,0.445,0.47722222200000003,0.49166666700000006,0.502777778,0.500555556,0.5083333329999999,0.496666667,0.5,0.5033333329999999,0.47944444399999997,0.429444444
0.375555556,0.331111111,0.34055555600000004,0.339444444,0.358333333,0.371666667,0.39777777799999997,0.401111111,0.396111111,0.417777778,0.47444444399999997,0.535,0.549444444,0.515,0.464444444,0.44222222200000005,0.46,0.488888889,0.507222222,0.522222222,0.557777778,0.586111111,0.617222222,0.595555556,0.596666667,0.576666667,0.604444444,0.611666667,0.575,0.512222222
0.237777778,0.2,0.19555555600000002,0.203333333,0.208888889,0.21611111100000002,0.247222222,0.276111111,0.272777778,0.251111111,0.27388888899999997,0.320555556,0.362777778,0.37222222200000005,0.34944444399999997,0.313333333,0.285,0.295,0.313888889,0.36722222200000004,0.407222222,0.424444444,0.42111111100000004,0.428888889,0.44277777799999996,0.428888889,0.40833333299999997,0.40666666700000004,0.38833333299999995,0.34833333299999997
0.4265,0.45525,0.47275,0.50175,0.51925,0.5670000000000001,0.619,0.61425,0.62475,0.62925,0.6105,0.67175,0.7235,0.72025,0.72775,0.6615,0.632,0.62725,0.60025,0.65875,0.6615,0.67475,0.66675,0.6605,0.65775,0.60875,0.55,0.4415,0.44025,0.4485
0.0,0.0,0.0,0.001833333,0.001833333,0.001833333,0.002,0.000166667,0.000166667,0.000166667,0.0,0.00041666699999999996,0.00075,0.00075,0.0010833330000000001,0.000666667,0.00033333300000000006,0.00033333300000000006,0.0,0.0,0.0,0.0,0.0,0.002916667,0.002916667,0.002916667,0.002916667,0.0,0.00041666699999999996,0.00041666699999999996
0.5,0.5,0.5,0.5,0.25,0.25,0.5,0.5,0.5,0.5,0.25,0.25,0.5,0.5,0.75,0.5,0.25,0.25,0.25,0.5,0.75,0.75,0.5,0.5,0.5,0.5,0.5,0.25,0.25,0.25
0.305,0.280833333,0.262916667,0.262916667,0.267916667,0.289166667,0.309583333,0.325416667,0.333333333,0.342916667,0.36125,0.392083333,0.42166666700000005,0.433333333,0.4125,0.38458333299999997,0.376666667,0.376666667,0.39583333299999995,0.43208333299999996,0.46041666700000006,0.47666666700000004,0.500416667,0.502083333,0.5,0.504166667,0.5,0.502083333,0.4825,0.449583333
0.39375,0.36208333299999995,0.34,0.337916667,0.34916666700000004,0.37041666700000003,0.380833333,0.39541666700000005,0.39875,0.415416667,0.45291666700000005,0.499166667,0.530416667,0.525833333,0.49166666700000006,0.46083333299999996,0.45875,0.472083333,0.49291666700000003,0.51875,0.545416667,0.5658333329999999,0.60125,0.6004166670000001,0.595,0.594166667,0.590833333,0.607083333,0.577916667,0.5425
0.236666667,0.22166666699999998,0.203333333,0.2025,0.2,0.215416667,0.24125,0.254583333,0.263333333,0.2675,0.274583333,0.296666667,0.335,0.36541666700000003,0.35333333299999997,0.32958333300000003,0.307083333,0.29541666699999997,0.302916667,0.3475,0.387083333,0.4,0.42791666700000003,0.433333333,0.42666666700000005,0.43125,0.42375,0.41,0.39041666700000005,0.363333333
0.434,0.433,0.4742,0.491,0.5022,0.5454,0.6052,0.6042,0.6006,0.6334,0.64,0.6464,0.688,0.7098,0.7188,0.6872,0.6562,0.6328,0.6228,0.632,0.6562,0.667,0.6544,0.6802,0.6554,0.6248,0.5546,0.5,0.4792,0.4574
0.0,0.0,0.0,0.001466667,0.001466667,0.001466667,0.0016,0.0016,0.000133333,0.000133333,0.000133333,0.00033333300000000006,0.0006,0.0006,0.000866667,0.000866667,0.000533333,0.000266667,0.000266667,0.0,0.0,0.0,0.0,0.002333333,0.002333333,0.002333333,0.002333333,0.002333333,0.00033333300000000006,0.00033333300000000006
0.4,0.4,0.4,0.6,0.4,0.2,0.4,0.6,0.4,0.4,0.4,0.4,0.4,0.4,0.6,0.6,0.4,0.2,0.4,0.4,0.6,0.6,0.6,0.6,0.6,0.4,0.4,0.4,0.4,0.2
0.309,0.292,0.281333333,0.265,0.265333333,0.279333333,0.304333333,0.315,0.321666667,0.33933333299999996,0.36200000000000004,0.381,0.39866666700000003,0.419333333,0.41766666700000005,0.39966666700000003,0.38633333299999995,0.38333333299999994,0.387666667,0.41533333299999997,0.447,0.46333333299999996,0.48666666700000005,0.5003333329999999,0.5013333329999999,0.498333333,0.5053333329999999,0.5016666670000001,0.48566666700000005,0.45799999999999996
0.39866666700000003,0.379333333,0.363,0.33799999999999997,0.34600000000000003,0.36066666700000005,0.37799999999999995,0.382333333,0.394666667,0.41366666700000004,0.444,0.47700000000000004,0.5026666670000001,0.515333333,0.505,0.483333333,0.47033333299999996,0.46866666700000004,0.47866666700000005,0.505,0.5379999999999999,0.554333333,0.5820000000000001,0.591,0.599,0.593333333,0.602,0.595666667,0.581,0.551333333
0.238666667,0.22399999999999998,0.22,0.207333333,0.2,0.207,0.235666667,0.24833333300000002,0.24866666699999998,0.261,0.28300000000000003,0.292666667,0.313,0.34266666700000004,0.35166666700000004,0.33666666700000003,0.321333333,0.311,0.301666667,0.332,0.367333333,0.38533333299999994,0.40766666700000004,0.436333333,0.430666667,0.42066666700000005,0.42666666700000005,0.42200000000000004,0.39633333299999995,0.37
0.4635,0.438166667,0.4525,0.48916666700000005,0.493166667,0.526833333,0.580833333,0.595166667,0.5945,0.611833333,0.6416666670000001,0.665,0.664166667,0.6825,0.710333333,0.6865,0.6785,0.652833333,0.628166667,0.6455,0.6343333329999999,0.661666667,0.651333333,0.667666667,0.672666667,0.6283333329999999,0.5770000000000001,0.512166667,0.5216666670000001,0.48700000000000004
0.0,0.0,0.0,0.001222222,0.001222222,0.001222222,0.001333333,0.001333333,0.001333333,0.000111111,0.000111111,0.000388889,0.0005,0.0005,0.000722222,0.000722222,0.000722222,0.000444444,0.000222222,0.000222222,0.0,0.0,0.0,0.001944444,0.001944444,0.001944444,0.001944444,0.001944444,0.0022222220000000003,0.000277778
0.333333333,0.333333333,0.333333333,0.5,0.5,0.333333333,0.333333333,0.5,0.5,0.333333333,0.333333333,0.5,0.5,0.333333333,0.5,0.5,0.5,0.333333333,0.333333333,0.5,0.5,0.5,0.5,0.666666667,0.666666667,0.5,0.333333333,0.333333333,0.5,0.333333333
0.315833333,0.2975,0.290555556,0.28,0.26666666699999997,0.27527777800000003,0.29361111100000004,0.309722222,0.313611111,0.328611111,0.355833333,0.378333333,0.38833333299999995,0.40055555600000003,0.408611111,0.406111111,0.398611111,0.39027777799999996,0.39138888899999996,0.405277778,0.430555556,0.451666667,0.473888889,0.488888889,0.5,0.49972222200000005,0.500277778,0.505833333,0.488055556,0.464722222
0.4,0.38583333299999995,0.37722222200000005,0.3575,0.344722222,0.35611111100000004,0.368611111,0.37972222200000005,0.383888889,0.407777778,0.43777777799999995,0.46555555600000004,0.48361111100000004,0.49472222200000004,0.49972222200000005,0.495833333,0.4875,0.47666666700000004,0.474722222,0.491111111,0.523333333,0.546666667,0.569722222,0.576666667,0.591388889,0.596944444,0.6,0.604166667,0.575833333,0.558333333
0.249722222,0.22777777800000001,0.222222222,0.220555556,0.20444444399999998,0.205833333,0.225277778,0.2425,0.24444444399999998,0.24916666699999998,0.275,0.296666667,0.306944444,0.323055556,0.335,0.33805555600000003,0.328611111,0.322222222,0.313611111,0.326111111,0.35111111100000003,0.369166667,0.394166667,0.418055556,0.433611111,0.425,0.41861111100000004,0.42472222200000004,0.408611111,0.378333333
0.481285714,0.46285714299999997,0.454142857,0.468428571,0.491285714,0.515571429,0.559857143,0.575714286,0.588142857,0.605,0.622,0.662857143,0.6775714290000001,0.662857143,0.686857143,0.683857143,0.679142857,0.672428571,0.6459999999999999,0.646857143,0.645571429,0.6421428570000001,0.649,0.663142857,0.6629999999999999,0.647,0.586857143,0.537428571,0.529,0.522285714
0.0,0.0,0.0,0.0010476189999999999,0.0010476189999999999,0.0010476189999999999,0.001142857,0.001142857,0.001142857,0.001142857,9.520000000000001e-05,0.00033333300000000006,0.00052381,0.000428571,0.0006190480000000001,0.0006190480000000001,0.0006190480000000001,0.0006190480000000001,0.000380952,0.000190476,0.000190476,0.0,0.0,0.0016666670000000001,0.0016666670000000001,0.0016666670000000001,0.0016666670000000001,0.0016666670000000001,0.0019047620000000002,0.0019047620000000002
0.28571428600000004,0.28571428600000004,0.28571428600000004,0.428571429,0.428571429,0.428571429,0.428571429,0.428571429,0.428571429,0.428571429,0.28571428600000004,0.428571429,0.571428571,0.428571429,0.428571429,0.428571429,0.428571429,0.428571429,0.428571429,0.428571429,0.571428571,0.428571429,0.428571429,0.571428571,0.7142857140000001,0.571428571,0.428571429,0.28571428600000004,0.428571429,0.428571429
0.322380952,0.305,0.29547619,0.28809523800000003,0.27928571399999996,0.275,0.28809523800000003,0.299761905,0.309285714,0.320714286,0.34428571399999996,0.370714286,0.385,0.391428571,0.39404761899999996,0.4,0.40428571399999996,0.400238095,0.396190476,0.40595238100000003,0.419761905,0.436904762,0.462380952,0.477619048,0.490238095,0.498809524,0.501190476,0.501428571,0.493571429,0.469761905
0.407857143,0.38880952399999996,0.38309523799999995,0.37047619,0.36047619,0.353571429,0.363571429,0.37142857100000004,0.381428571,0.39666666700000003,0.429285714,0.457142857,0.472857143,0.47952381,0.484285714,0.49261904799999995,0.49761904799999995,0.49047619,0.480714286,0.485952381,0.508809524,0.532857143,0.560952381,0.5669047620000001,0.579047619,0.590714286,0.602142857,0.602142857,0.585952381,0.557142857
0.252857143,0.238809524,0.22571428600000001,0.222380952,0.21619047600000002,0.208809524,0.22166666699999998,0.232619048,0.24,0.24547619,0.262857143,0.287857143,0.308333333,0.316428571,0.319285714,0.325714286,0.330952381,0.328333333,0.322857143,0.332857143,0.34333333299999996,0.355,0.379047619,0.405,0.418333333,0.428333333,0.422619048,0.418095238,0.412857143,0.391428571
0.490375,0.4785,0.47375,0.467875,0.472875,0.511125,0.545875,0.5579999999999999,0.5720000000000001,0.598125,0.61475,0.643,0.674125,0.67475,0.669125,0.666625,0.67775,0.67375,0.664,0.660125,0.64675,0.6509999999999999,0.6335,0.659625,0.659625,0.64175,0.608375,0.551,0.5489999999999999,0.528625
0.0,0.0,0.0,0.000916667,0.000916667,0.000916667,0.001,0.001,0.001,0.001,0.001,0.000291667,0.000458333,0.000458333,0.000541667,0.000541667,0.000541667,0.000541667,0.000541667,0.00033333300000000006,0.000166667,0.000166667,0.0,0.0014583329999999998,0.0014583329999999998,0.0014583329999999998,0.0014583329999999998,0.0014583329999999998,0.0016666670000000001,0.0016666670000000001
0.25,0.25,0.25,0.375,0.375,0.375,0.5,0.5,0.375,0.375,0.375,0.375,0.5,0.5,0.5,0.375,0.375,0.375,0.5,0.5,0.5,0.5,0.375,0.5,0.625,0.625,0.5,0.375,0.375,0.375
0.329375,0.312083333,0.302291667,0.292708333,0.286458333,0.285,0.28625,0.294166667,0.300625,0.31604166699999997,0.335416667,0.35875,0.3775,0.388125,0.386875,0.38833333299999995,0.39916666700000003,0.405,0.40416666700000003,0.40833333299999997,0.418541667,0.42666666700000005,0.448125,0.467083333,0.480208333,0.49041666700000003,0.500208333,0.502083333,0.49125,0.476875
0.415416667,0.397083333,0.38604166700000003,0.376458333,0.371458333,0.36625,0.360416667,0.36666666700000006,0.373958333,0.39291666700000005,0.416875,0.447291667,0.464583333,0.470625,0.472291667,0.48,0.49458333299999996,0.498958333,0.49229166700000004,0.48979166700000004,0.502083333,0.5189583329999999,0.547083333,0.559583333,0.570208333,0.58,0.596041667,0.60375,0.5864583329999999,0.568333333
0.260416667,0.242916667,0.235625,0.225416667,0.21833333300000002,0.218541667,0.222291667,0.228541667,0.231666667,0.241458333,0.257916667,0.275625,0.299166667,0.316458333,0.31395833300000003,0.313125,0.321041667,0.330416667,0.328125,0.33854166700000005,0.347083333,0.347708333,0.36541666700000003,0.39041666700000005,0.406875,0.415625,0.425833333,0.42166666700000005,0.40854166700000005,0.397291667
0.485777778,0.486888889,0.486444444,0.483777778,0.471888889,0.492555556,0.538555556,0.5457777779999999,0.556666667,0.582666667,0.607555556,0.634222222,0.655222222,0.672,0.679,0.653111111,0.663111111,0.673111111,0.666111111,0.674555556,0.658555556,0.651444444,0.642333333,0.6446666670000001,0.656888889,0.6411111110000001,0.608,0.574111111,0.559777778,0.546444444
0.0,0.0,0.0,0.000814815,0.000814815,0.000814815,0.0008888889999999999,0.0008888889999999999,0.0008888889999999999,0.0008888889999999999,0.0008888889999999999,0.001074074,0.000407407,0.000407407,0.000555556,0.00048148099999999997,0.00048148099999999997,0.00048148099999999997,0.00048148099999999997,0.00048148099999999997,0.000296296,0.000148148,0.000148148,0.001296296,0.001296296,0.001296296,0.001296296,0.001296296,0.001481481,0.001481481
0.222222222,0.222222222,0.222222222,0.333333333,0.333333333,0.333333333,0.444444444,0.5555555560000001,0.444444444,0.333333333,0.333333333,0.444444444,0.444444444,0.444444444,0.5555555560000001,0.444444444,0.333333333,0.333333333,0.444444444,0.5555555560000001,0.5555555560000001,0.444444444,0.444444444,0.444444444,0.5555555560000001,0.5555555560000001,0.5555555560000001,0.444444444,0.444444444,0.333333333
0.336111111,0.319444444,0.308888889,0.29907407399999997,0.290740741,0.290740741,0.293888889,0.29185185199999997,0.295555556,0.307592593,0.32962963,0.349259259,0.366111111,0.381111111,0.384444444,0.382592593,0.38888888899999996,0.40037037,0.40796296299999996,0.41407407399999996,0.419259259,0.424814815,0.43777777799999995,0.45388888899999996,0.47055555600000004,0.481481481,0.49259259299999997,0.501111111,0.492962963,0.47666666700000004
0.427407407,0.405,0.393703704,0.379814815,0.376666667,0.37537037,0.370925926,0.363518519,0.369444444,0.385,0.411296296,0.434259259,0.455,0.46351851899999996,0.465185185,0.469814815,0.48314814799999994,0.496111111,0.49962963,0.499074074,0.503703704,0.511851852,0.533148148,0.547407407,0.563333333,0.5720370370000001,0.585925926,0.5981481479999999,0.58962963,0.570740741
0.261851852,0.250740741,0.23962963,0.234259259,0.221481481,0.220185185,0.229444444,0.228333333,0.228148148,0.233888889,0.252962963,0.269814815,0.287037037,0.30740740699999997,0.31425925899999996,0.309074074,0.31037037,0.321666667,0.33,0.34148148100000003,0.350555556,0.350555556,0.357777778,0.377037037,0.393703704,0.405740741,0.414814815,0.42462963,0.412777778,0.395185185
0.4971,0.4831,0.4932,0.4942,0.4858,0.4897,0.5191,0.5392,0.5458,0.5678,0.5927,0.6258,0.6461,0.6552,0.6761,0.6636,0.6513,0.6604,0.6663,0.6754,0.6717,0.6616,0.6436,0.6515,0.6437,0.6405,0.6108,0.5772,0.5797,0.5564
0.0,0.0,0.0,0.0007333330000000001,0.0007333330000000001,0.0007333330000000001,0.0008,0.0008,0.0008,0.0008,0.0008,0.0009666669999999999,0.0011,0.000366667,0.0005,0.0005,0.00043333300000000005,0.00043333300000000005,0.00043333300000000005,0.00043333300000000005,0.00043333300000000005,0.000266667,0.000133333,0.0013,0.001166667,0.001166667,0.001166667,0.001166667,0.001333333,0.001333333
0.2,0.2,0.2,0.3,0.3,0.3,0.4,0.5,0.5,0.4,0.3,0.4,0.5,0.4,0.5,0.5,0.4,0.3,0.4,0.5,0.6,0.5,0.4,0.5,0.5,0.5,0.5,0.5,0.5,0.4
0.337,0.3265,0.315833333,0.305333333,0.296666667,0.294166667,0.298166667,0.298166667,0.29333333300000003,0.302333333,0.320666667,0.34266666700000004,0.356833333,0.3705,0.3785,0.380833333,0.383666667,0.391,0.4035,0.4165,0.423333333,0.424833333,0.435,0.444,0.45833333299999995,0.47266666700000004,0.484333333,0.494166667,0.493,0.47966666700000005
0.430166667,0.416833333,0.40116666700000003,0.38733333299999995,0.379666667,0.379666667,0.378666667,0.372666667,0.366333333,0.379833333,0.40233333299999996,0.4275,0.4425,0.455,0.45933333299999995,0.46366666700000003,0.47366666700000004,0.48566666700000005,0.49700000000000005,0.505,0.5106666670000001,0.512333333,0.525333333,0.534833333,0.552,0.565666667,0.5781666670000001,0.588833333,0.586,0.5751666670000001
0.261666667,0.253,0.247,0.23800000000000002,0.229833333,0.222833333,0.229833333,0.234166667,0.228,0.2305,0.245,0.26416666699999997,0.280666667,0.295666667,0.306333333,0.309833333,0.307,0.312,0.322166667,0.34183333299999996,0.35200000000000004,0.35333333299999997,0.359333333,0.369,0.381333333,0.39399999999999996,0.406,0.41483333299999997,0.41633333299999997,0.40033333299999996
0.504636364,0.493636364,0.489181818,0.499636364,0.49509090899999997,0.500727273,0.514090909,0.521454545,0.539818182,0.556909091,0.578272727,0.610636364,0.637363636,0.646909091,0.660454545,0.662363636,0.6609999999999999,0.649909091,0.655363636,0.674727273,0.672727273,0.6732727270000001,0.653545455,0.6518181820000001,0.65,0.63,0.613,0.582545455,0.5820000000000001,0.574818182
0.0,0.0,0.0,0.000666667,0.000666667,0.000666667,0.0007272730000000001,0.0007272730000000001,0.0007272730000000001,0.0007272730000000001,0.0007272730000000001,0.000878788,0.001,0.001,0.000454545,0.000454545,0.000454545,0.000393939,0.000393939,0.000393939,0.000393939,0.000393939,0.000242424,0.001181818,0.001181818,0.001060606,0.001060606,0.001060606,0.001212121,0.001212121
0.181818182,0.181818182,0.181818182,0.272727273,0.272727273,0.272727273,0.363636364,0.454545455,0.454545455,0.454545455,0.363636364,0.363636364,0.454545455,0.454545455,0.454545455,0.454545455,0.454545455,0.363636364,0.363636364,0.454545455,0.545454545,0.545454545,0.454545455,0.454545455,0.545454545,0.454545455,0.454545455,0.454545455,0.545454545,0.454545455
0.33530303,0.328181818,0.322575758,0.311969697,0.30257575800000003,0.299242424,0.30060606100000004,0.301666667,0.29893939399999997,0.29969697,0.31469697,0.333333333,0.350151515,0.36166666700000005,0.36909090899999997,0.37575757600000004,0.38196969700000005,0.38606060600000003,0.39469697,0.41166666700000004,0.42469697,0.42803030299999995,0.43409090899999997,0.44090909100000003,0.448939394,0.461363636,0.476060606,0.486515152,0.487424242,0.480909091
0.42787878799999995,0.42030303,0.412272727,0.39469697,0.38651515200000003,0.38212121200000004,0.38227272700000003,0.379545455,0.374393939,0.376060606,0.39606060600000004,0.41787878799999995,0.435606061,0.443636364,0.451969697,0.45848484799999994,0.46772727299999994,0.47681818200000003,0.487424242,0.502121212,0.515,0.517878788,0.524545455,0.527575758,0.540151515,0.555151515,0.571818182,0.581515152,0.578636364,0.573181818
0.260151515,0.253636364,0.24939393899999998,0.244848485,0.23363636399999999,0.23030303,0.231363636,0.23409090899999999,0.233333333,0.230151515,0.24090909100000002,0.25590909100000003,0.274545455,0.289090909,0.295757576,0.303030303,0.307878788,0.308787879,0.313333333,0.33363636399999996,0.35136363600000003,0.354393939,0.361060606,0.369393939,0.373636364,0.382727273,0.39530303,0.40681818200000003,0.408181818,0.40469697
0.50475,0.500833333,0.498333333,0.49541666700000003,0.5,0.508,0.522166667,0.5166666670000001,0.5235,0.5505,0.567416667,0.595916667,0.6225,0.638833333,0.652416667,0.649166667,0.660083333,0.6589166670000001,0.646166667,0.664,0.672333333,0.674083333,0.6649166670000001,0.66025,0.650416667,0.636916667,0.605666667,0.586916667,0.5865,0.577333333
0.0,0.0,0.0,0.000611111,0.000611111,0.000611111,0.000666667,0.000666667,0.000666667,0.000666667,0.000666667,0.000805556,0.000916667,0.000916667,0.001027778,0.00041666699999999996,0.00041666699999999996,0.00041666699999999996,0.000361111,0.000361111,0.000361111,0.000361111,0.000361111,0.001194444,0.0010833330000000001,0.0010833330000000001,0.000972222,0.000972222,0.0011111110000000001,0.0011111110000000001
0.166666667,0.166666667,0.166666667,0.25,0.25,0.25,0.333333333,0.41666666700000005,0.41666666700000005,0.41666666700000005,0.41666666700000005,0.41666666700000005,0.41666666700000005,0.41666666700000005,0.5,0.41666666700000005,0.41666666700000005,0.41666666700000005,0.41666666700000005,0.41666666700000005,0.5,0.5,0.5,0.5,0.5,0.5,0.41666666700000005,0.41666666700000005,0.5,0.5
0.3325,0.32736111100000004,0.324444444,0.31847222199999997,0.308888889,0.304444444,0.304722222,0.303611111,0.302083333,0.30430555600000003,0.31125,0.326805556,0.34097222200000005,0.35513888899999996,0.36111111100000004,0.367361111,0.37722222200000005,0.384305556,0.38986111100000004,0.402916667,0.41958333299999995,0.428888889,0.43625,0.43958333299999997,0.44569444399999997,0.4525,0.465416667,0.47875,0.480972222,0.476805556
0.424861111,0.41902777799999996,0.41583333299999997,0.405416667,0.39333333299999995,0.38819444399999997,0.384305556,0.38277777799999996,0.380555556,0.382638889,0.39125,0.41083333299999997,0.42611111100000004,0.43722222200000005,0.441805556,0.451805556,0.462638889,0.471111111,0.47916666700000005,0.49291666700000003,0.5115277779999999,0.52125,0.528611111,0.526666667,0.533055556,0.544027778,0.561666667,0.575416667,0.572777778,0.5675
0.256805556,0.252916667,0.250277778,0.247222222,0.240277778,0.23375,0.2375,0.235138889,0.233333333,0.234861111,0.23972222199999998,0.25125,0.266111111,0.28277777800000004,0.289722222,0.29361111100000004,0.30180555600000003,0.309444444,0.310277778,0.32458333300000003,0.34305555600000004,0.35361111100000003,0.361388889,0.37013888899999997,0.373611111,0.375555556,0.38486111100000003,0.396944444,0.40138888899999997,0.398194444
0.503846154,0.501230769,0.504615385,0.503384615,0.49607692299999995,0.5115384620000001,0.527230769,0.5239230770000001,0.5189230770000001,0.534615385,0.5606923079999999,0.584538462,0.608,0.625,0.644538462,0.642615385,0.648076923,0.658230769,0.6547692310000001,0.654846154,0.662615385,0.673615385,0.6663076920000001,0.670230769,0.658307692,0.638307692,0.613923077,0.582153846,0.5902307689999999,0.581846154
0.0,0.0,0.0,0.000564103,0.000564103,0.000564103,0.000615385,0.000615385,0.000615385,0.000615385,0.000615385,0.00074359,0.0008461539999999999,0.0008461539999999999,0.000948718,0.000948718,0.000384615,0.000384615,0.000384615,0.00033333300000000006,0.00033333300000000006,0.00033333300000000006,0.00033333300000000006,0.001230769,0.0011025639999999999,0.001,0.001,0.000897436,0.001025641,0.001025641
0.153846154,0.153846154,0.153846154,0.23076923100000002,0.23076923100000002,0.23076923100000002,0.307692308,0.384615385,0.384615385,0.384615385,0.384615385,0.46153846200000004,0.46153846200000004,0.384615385,0.46153846200000004,0.46153846200000004,0.384615385,0.384615385,0.46153846200000004,0.46153846200000004,0.46153846200000004,0.46153846200000004,0.46153846200000004,0.538461538,0.538461538,0.46153846200000004,0.46153846200000004,0.384615385,0.46153846200000004,0.46153846200000004
0.328974359,0.325384615,0.323974359,0.320512821,0.315128205,0.310128205,0.30910256399999997,0.307179487,0.303846154,0.306794872,0.314615385,0.322692308,0.334358974,0.34628205100000004,0.355128205,0.360128205,0.369358974,0.37974359,0.38794871799999997,0.397820513,0.410897436,0.423846154,0.436410256,0.441153846,0.444102564,0.449230769,0.456923077,0.46871794899999997,0.474230769,0.47166666700000004
0.420897436,0.41692307700000003,0.415,0.409230769,0.40333333299999996,0.394358974,0.38974359,0.384615385,0.383461538,0.387692308,0.39615384600000003,0.40525641,0.41897435899999996,0.428333333,0.436025641,0.442435897,0.45615384600000003,0.46615384600000004,0.47371794899999997,0.484871795,0.502307692,0.517564103,0.5308974360000001,0.53025641,0.5317948720000001,0.5371794870000001,0.550897436,0.565769231,0.5678205129999999,0.562948718
0.253589744,0.250384615,0.249871795,0.248205128,0.24282051300000002,0.239871795,0.240128205,0.24051282100000002,0.234358974,0.23474359,0.243333333,0.24935897399999998,0.26102564100000003,0.274358974,0.28384615399999996,0.28820512800000003,0.293205128,0.303717949,0.31076923100000003,0.32089743600000004,0.333974359,0.345769231,0.360128205,0.36974359,0.373974359,0.375384615,0.37807692299999995,0.38717948700000004,0.392692308,0.392692308
0.502928571,0.500642857,0.504714286,0.508857143,0.503428571,0.507071429,0.5291428570000001,0.5285,0.5255,0.529571429,0.545214286,0.577071429,0.5965714289999999,0.611357143,0.631285714,0.636,0.642071429,0.647214286,0.6544285710000001,0.662214286,0.654214286,0.6645,0.666428571,0.671142857,0.667714286,0.6465,0.6168571429999999,0.5915,0.585571429,0.5856428570000001
0.0,0.0,0.0,0.00052381,0.00052381,0.00052381,0.000571429,0.000571429,0.000571429,0.000571429,0.000571429,0.0006904760000000001,0.000785714,0.000785714,0.000880952,0.000880952,0.000880952,0.00035714300000000003,0.00035714300000000003,0.00035714300000000003,0.00030952400000000004,0.00030952400000000004,0.00030952400000000004,0.001142857,0.001142857,0.00102381,0.0009285710000000001,0.0009285710000000001,0.0009523810000000001,0.0009523810000000001
0.14285714300000002,0.14285714300000002,0.14285714300000002,0.214285714,0.214285714,0.214285714,0.28571428600000004,0.35714285700000004,0.35714285700000004,0.35714285700000004,0.35714285700000004,0.428571429,0.5,0.428571429,0.428571429,0.428571429,0.428571429,0.35714285700000004,0.428571429,0.5,0.5,0.428571429,0.428571429,0.5,0.571428571,0.5,0.428571429,0.428571429,0.428571429,0.428571429
0.324404762,0.322619048,0.322380952,0.320357143,0.317261905,0.315833333,0.314047619,0.311071429,0.307142857,0.308095238,0.316190476,0.325,0.33,0.339761905,0.34690476200000003,0.35464285700000003,0.3625,0.372261905,0.383452381,0.39547619,0.40559523799999997,0.41547619,0.431190476,0.440952381,0.445238095,0.4475,0.45357142899999997,0.46059523799999996,0.465238095,0.466071429
0.41690476200000004,0.413809524,0.41333333299999997,0.408928571,0.40702381,0.403571429,0.39535714299999997,0.389642857,0.38511904799999996,0.389880952,0.399880952,0.408809524,0.41321428600000004,0.421547619,0.427857143,0.43702381,0.447142857,0.459880952,0.468928571,0.47940476200000004,0.494166667,0.508571429,0.526785714,0.532261905,0.534761905,0.535714286,0.544047619,0.55547619,0.559404762,0.559047619
0.24857142899999998,0.247857143,0.247738095,0.24797619,0.244047619,0.242261905,0.245357143,0.242738095,0.239404762,0.235595238,0.242619048,0.25202381,0.25857142899999996,0.26904761899999996,0.275952381,0.28285714300000003,0.28821428600000004,0.295595238,0.305357143,0.320595238,0.329880952,0.337142857,0.352380952,0.36797619,0.373333333,0.375595238,0.377738095,0.380714286,0.383928571,0.385238095
0.5104,0.5,0.503933333,0.5086666670000001,0.5085333329999999,0.5132,0.5238,0.5302,0.529666667,0.535,0.5398,0.561533333,0.5888,0.6004666670000001,0.618133333,0.6242,0.635933333,0.6416666670000001,0.6444,0.6614,0.661133333,0.6565333329999999,0.6584,0.670933333,0.6687333329999999,0.656066667,0.625933333,0.595733333,0.594066667,0.5816
0.0,0.0,0.0,0.0004888890000000001,0.0004888890000000001,0.0004888890000000001,0.000533333,0.000533333,0.000533333,0.000533333,0.000533333,0.000644444,0.0007333330000000001,0.0007333330000000001,0.000822222,0.000822222,0.000822222,0.000822222,0.00033333300000000006,0.00033333300000000006,0.00033333300000000006,0.000288889,0.000288889,0.0010666669999999999,0.0010666669999999999,0.0010666669999999999,0.0009555560000000001,0.000866667,0.0009777780000000001,0.0008888889999999999
0.133333333,0.133333333,0.133333333,0.2,0.2,0.2,0.26666666699999997,0.333333333,0.333333333,0.333333333,0.333333333,0.4,0.46666666700000003,0.46666666700000003,0.46666666700000003,0.4,0.4,0.4,0.4,0.46666666700000003,0.533333333,0.46666666700000003,0.4,0.46666666700000003,0.533333333,0.533333333,0.46666666700000003,0.4,0.46666666700000003,0.4
0.320777778,0.318777778,0.32,0.319111111,0.317333333,0.317777778,0.319111111,0.315555556,0.310777778,0.310888889,0.316777778,0.325777778,0.33166666699999997,0.335333333,0.340777778,0.34700000000000003,0.35722222200000003,0.36566666700000006,0.37622222200000005,0.39077777799999996,0.402888889,0.410222222,0.422888889,0.43577777799999995,0.44477777799999996,0.44833333299999995,0.451666667,0.457222222,0.45788888899999997,0.458222222
0.411888889,0.410555556,0.41066666700000004,0.407777778,0.406888889,0.40700000000000003,0.403888889,0.39488888899999997,0.38977777799999996,0.391,0.401111111,0.41144444399999996,0.41600000000000004,0.41600000000000004,0.421555556,0.429333333,0.44177777799999995,0.451222222,0.46288888899999997,0.474555556,0.488444444,0.500555556,0.517777778,0.528333333,0.536333333,0.538222222,0.542222222,0.5487777779999999,0.550222222,0.5517777779999999
0.24733333300000002,0.243555556,0.245555556,0.24611111100000002,0.24411111100000002,0.24344444399999998,0.247222222,0.24744444399999999,0.241555556,0.24022222199999999,0.242888889,0.250777778,0.260444444,0.266222222,0.27088888899999997,0.27555555600000003,0.28322222199999997,0.290777778,0.297666667,0.314888889,0.32899999999999996,0.333111111,0.343888889,0.36022222200000004,0.371444444,0.374888889,0.37777777799999995,0.38022222200000005,0.378111111,0.377555556
0.508875,0.5071875,0.503125,0.5076875,0.508375,0.517375,0.5285,0.525125,0.5311875,0.5383125,0.54425,0.5554375,0.5735,0.5929375,0.6075,0.6123125,0.624875,0.6359375,0.639375,0.6515625,0.6604375,0.662875,0.6513125,0.663125,0.6686875,0.65775,0.6361875,0.6055625,0.597875,0.5898125
0.0,0.0,0.0,0.000458333,0.000458333,0.000458333,0.0005,0.0005,0.0005,0.0005,0.0005,0.000604167,0.0006875,0.0006875,0.0007708330000000001,0.0007708330000000001,0.0007708330000000001,0.0007708330000000001,0.0007708330000000001,0.0003125,0.0003125,0.0003125,0.000270833,0.001,0.001,0.001,0.001,0.0008958330000000001,0.000916667,0.000916667
0.125,0.125,0.125,0.1875,0.1875,0.1875,0.25,0.3125,0.3125,0.3125,0.3125,0.375,0.4375,0.4375,0.5,0.4375,0.375,0.375,0.4375,0.4375,0.5,0.5,0.4375,0.4375,0.5,0.5,0.5,0.4375,0.4375,0.4375
0.318541667,0.315729167,0.3165625,0.317083333,0.316354167,0.3178125,0.320729167,0.320208333,0.315,0.3140625,0.31885416699999997,0.325729167,0.331979167,0.3365625,0.3365625,0.34125,0.349895833,0.360520833,0.36979166700000005,0.38354166700000003,0.39802083299999996,0.407395833,0.4175,0.427708333,0.4396875,0.44770833299999996,0.4521875,0.45520833299999997,0.45489583299999997,0.451770833
0.40875,0.40625,0.4078125,0.405625,0.4059375,0.406875,0.407083333,0.402916667,0.3946875,0.395,0.40145833299999995,0.411875,0.418020833,0.4184375,0.41635416700000005,0.423333333,0.43427083299999997,0.4459375,0.454583333,0.46854166700000005,0.483333333,0.49479166700000005,0.5096875,0.519791667,0.5323958329999999,0.539479167,0.544166667,0.546770833,0.544270833,0.543645833
0.245520833,0.242708333,0.241666667,0.244166667,0.24260416699999998,0.243541667,0.248020833,0.2490625,0.246041667,0.2421875,0.246770833,0.250520833,0.25875,0.2675,0.268125,0.270833333,0.276354167,0.2859375,0.293020833,0.307083333,0.323125,0.332083333,0.3396875,0.35177083299999995,0.36395833299999997,0.373020833,0.376979167,0.38010416700000005,0.3778125,0.3725
0.505941176,0.505941176,0.509705882,0.506705882,0.507470588,0.516705882,0.531529412,0.529470588,0.526352941,0.539235294,0.546823529,0.558705882,0.567058824,0.578294118,0.6,0.602647059,0.6136470589999999,0.625529412,0.6341176470000001,0.646411765,0.651235294,0.662117647,0.657588235,0.656176471,0.6614705879999999,0.658352941,0.638941176,0.616411765,0.607,0.593647059
0.0,0.0,0.0,0.00043137300000000003,0.00043137300000000003,0.00043137300000000003,0.00047058800000000003,0.00047058800000000003,0.00047058800000000003,0.00047058800000000003,0.00047058800000000003,0.0005686269999999999,0.0006470590000000001,0.0006470590000000001,0.00072549,0.00072549,0.00072549,0.00072549,0.00072549,0.00072549,0.000294118,0.000294118,0.000294118,0.0009411760000000001,0.0009411760000000001,0.0009411760000000001,0.0009411760000000001,0.0009411760000000001,0.0009411760000000001,0.000862745
0.117647059,0.117647059,0.117647059,0.176470588,0.176470588,0.176470588,0.235294118,0.294117647,0.294117647,0.294117647,0.294117647,0.352941176,0.41176470600000004,0.41176470600000004,0.470588235,0.470588235,0.41176470600000004,0.352941176,0.41176470600000004,0.470588235,0.470588235,0.470588235,0.470588235,0.470588235,0.470588235,0.470588235,0.470588235,0.470588235,0.470588235,0.41176470600000004
0.316960784,0.313921569,0.313823529,0.314019608,0.314607843,0.316862745,0.320588235,0.321666667,0.319411765,0.317843137,0.321372549,0.327156863,0.331568627,0.336568627,0.33764705899999997,0.337254902,0.344313725,0.353431373,0.36470588200000004,0.37705882399999996,0.39078431399999997,0.40254902,0.414411765,0.42235294100000004,0.431862745,0.44274509799999995,0.451372549,0.455490196,0.453137255,0.449313725
0.404705882,0.403627451,0.403921569,0.40323529399999997,0.404019608,0.405980392,0.40696078399999996,0.405980392,0.402254902,0.399313725,0.40460784299999997,0.411568627,0.418039216,0.420196078,0.41862745100000004,0.418333333,0.428333333,0.438627451,0.449411765,0.460392157,0.477156863,0.489607843,0.50372549,0.512058824,0.5241176470000001,0.535588235,0.545,0.548333333,0.542647059,0.538431373
0.24607843100000001,0.24127451,0.240980392,0.240588235,0.240980392,0.242156863,0.247843137,0.249705882,0.24764705899999997,0.246372549,0.248235294,0.25372549,0.258039216,0.265490196,0.269215686,0.26823529399999996,0.271862745,0.279313725,0.288333333,0.302156863,0.315294118,0.326372549,0.33833333299999996,0.347352941,0.355784314,0.365882353,0.375098039,0.379215686,0.37784313700000005,0.37254902
0.503111111,0.5033333329999999,0.508388889,0.5127222220000001,0.506555556,0.515388889,0.530111111,0.532277778,0.530388889,0.534222222,0.547222222,0.560333333,0.5695,0.571944444,0.585777778,0.595833333,0.604444444,0.6148888889999999,0.624388889,0.641055556,0.646388889,0.653333333,0.657166667,0.661833333,0.655,0.652111111,0.640555556,0.620111111,0.617166667,0.6025
0.0,0.0,0.0,0.000407407,0.000407407,0.000407407,0.000444444,0.000444444,0.000444444,0.000444444,0.000444444,0.000537037,0.000611111,0.000611111,0.000685185,0.000685185,0.000685185,0.000685185,0.000685185,0.000685185,0.000685185,0.000277778,0.000277778,0.0009259260000000001,0.0008888889999999999,0.0008888889999999999,0.0008888889999999999,0.0008888889999999999,0.000981481,0.0008888889999999999
0.111111111,0.111111111,0.111111111,0.166666667,0.166666667,0.166666667,0.222222222,0.27777777800000003,0.27777777800000003,0.27777777800000003,0.27777777800000003,0.333333333,0.38888888899999996,0.38888888899999996,0.444444444,0.444444444,0.444444444,0.38888888899999996,0.38888888899999996,0.444444444,0.5,0.444444444,0.444444444,0.5,0.5,0.444444444,0.444444444,0.444444444,0.5,0.444444444
0.31712963,0.312685185,0.312222222,0.311574074,0.311851852,0.315185185,0.31953703699999997,0.321481481,0.320833333,0.321851852,0.324537037,0.329074074,0.332592593,0.33592592600000004,0.337592593,0.338240741,0.34037037,0.34796296299999996,0.357777778,0.37185185200000004,0.38425925899999996,0.39546296299999995,0.40944444399999996,0.41916666700000005,0.42657407399999997,0.435185185,0.446481481,0.45453703700000003,0.453518519,0.447962963
0.40398148100000003,0.400092593,0.401574074,0.399814815,0.401851852,0.40416666700000003,0.406111111,0.405925926,0.405185185,0.406203704,0.408148148,0.41398148100000004,0.417407407,0.42009259299999996,0.420277778,0.42037037,0.423333333,0.43277777799999995,0.442314815,0.455185185,0.46898148100000003,0.483425926,0.498333333,0.506296296,0.516574074,0.5275925929999999,0.541018519,0.548888889,0.544351852,0.537222222
0.24712963,0.24203703699999998,0.23972222199999998,0.24,0.237777778,0.240648148,0.24629629600000003,0.249444444,0.24833333300000002,0.24787037,0.251851852,0.254722222,0.260648148,0.264444444,0.267222222,0.269259259,0.269351852,0.274907407,0.28194444399999996,0.297222222,0.310185185,0.31879629600000003,0.332592593,0.345648148,0.351388889,0.358055556,0.36824074100000004,0.377314815,0.37712963,0.37287037
0.504684211,0.500789474,0.505789474,0.511315789,0.512263158,0.5141052629999999,0.528157895,0.530894737,0.5329999999999999,0.537631579,0.542052632,0.56,0.570473684,0.574,0.579368421,0.582578947,0.5978947370000001,0.606105263,0.614368421,0.631473684,0.641315789,0.648631579,0.6491052629999999,0.661210526,0.660421053,0.6464736839999999,0.6355789470000001,0.622631579,0.620631579,0.612368421
0.0,0.0,0.0,0.000385965,0.000385965,0.000385965,0.000421053,0.000421053,0.000421053,0.000421053,0.000421053,0.000508772,0.000578947,0.000578947,0.000649123,0.000649123,0.000649123,0.000649123,0.000649123,0.000649123,0.000649123,0.000649123,0.000263158,0.0008771930000000001,0.0008771930000000001,0.000842105,0.000842105,0.000842105,0.000929825,0.000929825
0.10526315800000001,0.10526315800000001,0.10526315800000001,0.15789473699999998,0.15789473699999998,0.15789473699999998,0.21052631600000002,0.263157895,0.263157895,0.263157895,0.263157895,0.31578947399999996,0.36842105299999994,0.36842105299999994,0.42105263200000004,0.42105263200000004,0.42105263200000004,0.42105263200000004,0.42105263200000004,0.42105263200000004,0.473684211,0.473684211,0.42105263200000004,0.473684211,0.526315789,0.473684211,0.42105263200000004,0.42105263200000004,0.473684211,0.473684211
0.316052632,0.313070175,0.31114035100000004,0.310175439,0.309649123,0.31254386,0.317807018,0.320438596,0.320701754,0.323070175,0.32798245600000003,0.33166666699999997,0.33412280699999997,0.33666666700000003,0.336929825,0.338157895,0.341140351,0.344035088,0.352368421,0.364912281,0.37894736799999995,0.389035088,0.40236842100000003,0.414210526,0.423333333,0.43,0.439122807,0.449736842,0.452719298,0.44859649100000004
0.402982456,0.399649123,0.39833333299999996,0.39780701799999996,0.398684211,0.402105263,0.404385965,0.40517543899999997,0.40517543899999997,0.40877193,0.414210526,0.416842105,0.419385965,0.419385965,0.420175439,0.421842105,0.425,0.427807018,0.43657894700000005,0.448157895,0.463596491,0.475350877,0.492017544,0.501052632,0.510877193,0.520263158,0.533157895,0.544912281,0.545087719,0.539122807
0.24631578899999998,0.243245614,0.24052631600000002,0.23885964899999998,0.23736842100000002,0.23763157899999998,0.244649123,0.247894737,0.248157895,0.248508772,0.252982456,0.257807018,0.26122807,0.266578947,0.266140351,0.267368421,0.270263158,0.272368421,0.27763157899999996,0.290701754,0.305087719,0.31377193,0.325087719,0.339824561,0.34956140399999996,0.35377193,0.360701754,0.370701754,0.375438596,0.37245614
0.50675,0.5024,0.50325,0.5087,0.51095,0.51915,0.5263,0.529,0.53165,0.53975,0.5449,0.55445,0.56965,0.5747,0.58095,0.57665,0.5852,0.5998,0.60605,0.6216,0.6322,0.6437,0.64485,0.65335,0.6599,0.65205,0.63105,0.6188,0.623,0.6159
0.0,0.0,0.0,0.000366667,0.000366667,0.000366667,0.0004,0.0004,0.0004,0.0004,0.0004,0.000483333,0.00055,0.00055,0.000616667,0.000616667,0.000616667,0.000616667,0.000616667,0.000616667,0.000616667,0.000616667,0.000616667,0.000833333,0.000833333,0.000833333,0.0008,0.0008,0.000883333,0.000883333
0.1,0.1,0.1,0.15,0.15,0.15,0.2,0.25,0.25,0.25,0.25,0.3,0.35,0.35,0.4,0.4,0.4,0.4,0.45,0.45,0.45,0.45,0.45,0.45,0.5,0.5,0.45,0.4,0.45,0.45
0.315,0.31225,0.311583333,0.30925,0.308416667,0.310416667,0.315166667,0.31875,0.31975,0.322833333,0.328833333,0.334583333,0.33633333299999996,0.337916667,0.337583333,0.3375,0.340916667,0.344583333,0.348416667,0.359416667,0.37200000000000005,0.38375,0.39591666700000006,0.40725,0.418416667,0.42675,0.434,0.44258333299999997,0.44825,0.448083333
0.402416667,0.398916667,0.39799999999999996,0.39491666700000005,0.39683333299999995,0.399083333,0.402416667,0.403583333,0.4045,0.408583333,0.41625,0.42216666700000005,0.421833333,0.42116666700000005,0.4195,0.42166666700000005,0.42616666700000005,0.42916666700000006,0.431666667,0.44241666700000004,0.4565,0.469916667,0.483916667,0.49491666700000003,0.5056666670000001,0.5146666670000001,0.5259166670000001,0.53725,0.5415,0.540083333
0.244916667,0.242666667,0.24175,0.239666667,0.236416667,0.23725,0.241583333,0.24625,0.24675,0.24833333300000002,0.253333333,0.258583333,0.263833333,0.266833333,0.26808333300000003,0.266333333,0.268416667,0.273083333,0.275083333,0.286166667,0.2985,0.30875,0.32,0.332333333,0.34383333299999996,0.351916667,0.3565,0.363416667,0.36925,0.37108333299999996
0.5051428570000001,0.50447619,0.5046666670000001,0.5061428570000001,0.50847619,0.517571429,0.53052381,0.527190476,0.529809524,0.538142857,0.546571429,0.556571429,0.5639047620000001,0.573714286,0.581285714,0.578285714,0.579428571,0.587619048,0.600047619,0.6133333329999999,0.622761905,0.634904762,0.640333333,0.649095238,0.65247619,0.651952381,0.637095238,0.615285714,0.6193333329999999,0.618380952
0.0,0.0,0.0,0.00034920599999999996,0.00034920599999999996,0.00034920599999999996,0.000380952,0.000380952,0.000380952,0.000380952,0.000380952,0.00046031699999999996,0.00052381,0.00052381,0.0005873019999999999,0.0005873019999999999,0.0005873019999999999,0.0005873019999999999,0.0005873019999999999,0.0005873019999999999,0.0005873019999999999,0.0005873019999999999,0.0005873019999999999,0.001142857,0.000793651,0.000793651,0.000793651,0.000761905,0.00084127,0.00084127
0.095238095,0.095238095,0.095238095,0.14285714300000002,0.14285714300000002,0.14285714300000002,0.19047619,0.23809523800000001,0.23809523800000001,0.23809523800000001,0.23809523800000001,0.28571428600000004,0.333333333,0.333333333,0.380952381,0.380952381,0.380952381,0.380952381,0.428571429,0.47619047600000003,0.47619047600000003,0.428571429,0.428571429,0.47619047600000003,0.47619047600000003,0.47619047600000003,0.47619047600000003,0.428571429,0.428571429,0.428571429
0.314047619,0.311428571,0.310873016,0.309761905,0.307619048,0.309206349,0.313015873,0.316190476,0.318174603,0.321825397,0.328333333,0.335079365,0.33888888899999997,0.33984127,0.338730159,0.33809523799999996,0.34015873,0.34420634899999997,0.348730159,0.35531746,0.36642857100000004,0.376904762,0.390555556,0.400873016,0.41158730200000004,0.42190476200000004,0.430714286,0.43753968299999996,0.441507937,0.444047619
0.401190476,0.398571429,0.397380952,0.394761905,0.39412698399999996,0.397301587,0.39952381,0.40174603200000003,0.40301587299999997,0.407777778,0.415714286,0.423730159,0.42666666700000005,0.423412698,0.42119047600000004,0.42095238100000004,0.425793651,0.430079365,0.43277777799999995,0.43746031700000004,0.450634921,0.46285714299999997,0.47833333299999997,0.48706349200000004,0.499603175,0.50952381,0.52031746,0.53015873,0.534365079,0.536904762
0.244603175,0.241507937,0.241269841,0.24087301600000002,0.23730158699999998,0.236349206,0.24103174600000002,0.24325396800000001,0.245238095,0.246984127,0.252936508,0.25865079399999996,0.264285714,0.26904761899999996,0.268253968,0.268174603,0.267380952,0.271190476,0.27563492100000003,0.283333333,0.293809524,0.302301587,0.314920635,0.327142857,0.33650793700000003,0.346349206,0.354603175,0.359285714,0.36238095200000003,0.365396825
0.503136364,0.503045455,0.506545455,0.507363636,0.506045455,0.514909091,0.5285,0.531181818,0.528045455,0.536090909,0.544727273,0.5576363639999999,0.5655,0.568045455,0.580045455,0.5787272729999999,0.580863636,0.5820000000000001,0.588409091,0.607272727,0.614818182,0.6257727270000001,0.632090909,0.6445909089999999,0.648454545,0.6452272729999999,0.637681818,0.6217727270000001,0.615954545,0.615090909
0.0,0.0,0.0,0.00033333300000000006,0.00033333300000000006,0.00033333300000000006,0.00036363599999999997,0.00036363599999999997,0.00036363599999999997,0.00036363599999999997,0.00036363599999999997,0.000439394,0.0005,0.0005,0.000560606,0.000560606,0.000560606,0.000560606,0.000560606,0.000560606,0.000560606,0.000560606,0.000560606,0.001090909,0.001090909,0.000757576,0.000757576,0.000757576,0.00080303,0.00080303
0.090909091,0.090909091,0.090909091,0.13636363599999998,0.13636363599999998,0.13636363599999998,0.181818182,0.22727272699999998,0.22727272699999998,0.22727272699999998,0.22727272699999998,0.272727273,0.318181818,0.318181818,0.363636364,0.363636364,0.363636364,0.363636364,0.409090909,0.454545455,0.5,0.454545455,0.409090909,0.454545455,0.5,0.454545455,0.454545455,0.454545455,0.454545455,0.409090909
0.312575758,0.310681818,0.310151515,0.309166667,0.308181818,0.308409091,0.31174242399999996,0.314090909,0.31575757600000004,0.32022727300000003,0.327121212,0.334318182,0.33916666700000003,0.342121212,0.340530303,0.33916666700000003,0.340606061,0.34333333299999996,0.348181818,0.35530303,0.36219697,0.371363636,0.383712121,0.39553030299999997,0.40530303,0.41522727299999995,0.425909091,0.43424242399999996,0.43674242399999996,0.43780303
0.399242424,0.39757575799999995,0.39712121200000006,0.394318182,0.39401515200000004,0.39469697,0.39780303,0.39901515200000004,0.40128787899999996,0.40621212100000004,0.414621212,0.42287878799999995,0.427954545,0.427954545,0.423333333,0.4225,0.424924242,0.429545455,0.433484848,0.43825757600000004,0.44553030299999996,0.456969697,0.47121212100000004,0.481590909,0.491893939,0.503560606,0.515151515,0.524621212,0.527727273,0.53030303
0.243257576,0.24136363600000002,0.24022727300000002,0.240454545,0.238560606,0.23719697,0.24,0.242651515,0.24242424199999998,0.245530303,0.251439394,0.258030303,0.264090909,0.269242424,0.27030303,0.268333333,0.269090909,0.270075758,0.27371212100000003,0.283484848,0.290757576,0.297651515,0.30848484800000003,0.321969697,0.331363636,0.339242424,0.34916666700000004,0.357348485,0.35848484799999997,0.359015152
0.502695652,0.5012173910000001,0.5050869570000001,0.5090434779999999,0.507217391,0.512304348,0.5254782610000001,0.529217391,0.531826087,0.534130435,0.542478261,0.555391304,0.566130435,0.5693913039999999,0.574347826,0.577652174,0.581173913,0.58326087,0.583,0.5958260870000001,0.6089565220000001,0.6180434779999999,0.623478261,0.636521739,0.6441739129999999,0.641695652,0.631869565,0.623,0.622130435,0.6120434779999999
0.0,0.0,0.0,0.000318841,0.000318841,0.000318841,0.00034782599999999997,0.00034782599999999997,0.00034782599999999997,0.00034782599999999997,0.00034782599999999997,0.00042029,0.000478261,0.000478261,0.000536232,0.000536232,0.000536232,0.000536232,0.000536232,0.000536232,0.000536232,0.000536232,0.000536232,0.001043478,0.001043478,0.001043478,0.000724638,0.000724638,0.000797101,0.0007681160000000001
0.130434783,0.086956522,0.086956522,0.130434783,0.130434783,0.130434783,0.17391304300000002,0.21739130399999998,0.21739130399999998,0.21739130399999998,0.21739130399999998,0.260869565,0.304347826,0.304347826,0.347826087,0.347826087,0.347826087,0.347826087,0.39130434799999997,0.434782609,0.47826087,0.47826087,0.434782609,0.434782609,0.47826087,0.47826087,0.434782609,0.434782609,0.47826087,0.434782609
0.310724638,0.30942029,0.309492754,0.308550725,0.307681159,0.308913043,0.310869565,0.312826087,0.31376811600000004,0.317826087,0.325362319,0.33289855100000004,0.33826087,0.34224637700000005,0.34268115899999996,0.340869565,0.341521739,0.34362318799999997,0.34717391299999995,0.35449275399999997,0.36188405799999995,0.36710144899999997,0.37811594200000004,0.388768116,0.4,0.409057971,0.41934782600000003,0.429492754,0.433623188,0.43340579700000004
0.396449275,0.395869565,0.396231884,0.394202899,0.39362318799999996,0.394565217,0.395289855,0.397391304,0.398695652,0.40442029,0.412826087,0.421521739,0.426956522,0.429130435,0.427681159,0.42449275399999997,0.426231884,0.428550725,0.432826087,0.43869565200000005,0.44594202899999996,0.451811594,0.46521739100000004,0.47463768100000003,0.486449275,0.49601449299999995,0.5092028989999999,0.519492754,0.522536232,0.524130435
0.242101449,0.240217391,0.240144928,0.23949275399999997,0.23826087,0.238405797,0.240652174,0.241594203,0.241884058,0.242826087,0.24985507199999998,0.256376812,0.26326087,0.26884058,0.270434783,0.270289855,0.269202899,0.27159420300000003,0.272536232,0.281304348,0.29057971,0.294565217,0.30376811600000003,0.315507246,0.32623188399999997,0.334202899,0.34224637700000005,0.352028986,0.35666666700000005,0.355434783
0.49929166700000005,0.500875,0.50325,0.507541667,0.508833333,0.513166667,0.522541667,0.5262916670000001,0.5299166670000001,0.5375,0.540333333,0.552791667,0.563625,0.5698333329999999,0.575375,0.572291667,0.580041667,0.5834583329999999,0.5841666670000001,0.590333333,0.597916667,0.612291667,0.616166667,0.628083333,0.636458333,0.637875,0.6290416670000001,0.6180416670000001,0.623291667,0.618125
0.0,0.0,0.0,0.00030555599999999996,0.00030555599999999996,0.00030555599999999996,0.00033333300000000006,0.00033333300000000006,0.00033333300000000006,0.00033333300000000006,0.00033333300000000006,0.000402778,0.000458333,0.000458333,0.000513889,0.000513889,0.000513889,0.000513889,0.000513889,0.000513889,0.000513889,0.000513889,0.000513889,0.001,0.001,0.001,0.001,0.0006944439999999999,0.0007638889999999999,0.0007638889999999999
0.125,0.125,0.083333333,0.125,0.125,0.125,0.166666667,0.208333333,0.208333333,0.208333333,0.208333333,0.25,0.291666667,0.291666667,0.333333333,0.333333333,0.333333333,0.333333333,0.375,0.41666666700000005,0.45833333299999995,0.45833333299999995,0.45833333299999995,0.45833333299999995,0.45833333299999995,0.45833333299999995,0.45833333299999995,0.41666666700000005,0.45833333299999995,0.45833333299999995
0.308333333,0.307777778,0.308333333,0.307986111,0.307152778,0.308402778,0.31125,0.311944444,0.312569444,0.315833333,0.322847222,0.330972222,0.336736111,0.34125,0.342777778,0.342916667,0.34305555600000004,0.344375,0.347291667,0.353263889,0.360833333,0.36659722200000006,0.37375,0.38319444399999997,0.39333333299999995,0.40381944399999997,0.413263889,0.423055556,0.42909722200000006,0.430555556
0.393958333,0.39333333299999995,0.394652778,0.39347222200000004,0.39354166700000004,0.394166667,0.395138889,0.395,0.397152778,0.401805556,0.41083333299999997,0.419513889,0.425486111,0.428125,0.428819444,0.428611111,0.427986111,0.42965277799999996,0.43173611100000003,0.43784722200000004,0.44604166700000003,0.451944444,0.459930556,0.46875,0.47958333299999995,0.490625,0.501736111,0.513611111,0.517708333,0.5193055560000001
0.239791667,0.239236111,0.239097222,0.23944444399999998,0.23743055600000001,0.238125,0.241666667,0.242152778,0.240902778,0.242291667,0.24708333300000002,0.254652778,0.261458333,0.267847222,0.27,0.270416667,0.271041667,0.27159722199999997,0.27388888899999997,0.279861111,0.288194444,0.294236111,0.300555556,0.31069444399999996,0.31986111100000003,0.32916666699999997,0.337291667,0.345277778,0.35159722200000004,0.353819444
0.50132,0.49768,0.50284,0.50568,0.5074,0.51448,0.5229600000000001,0.52344,0.52708,0.5354399999999999,0.54332,0.55032,0.5608,0.56728,0.5755600000000001,0.5733600000000001,0.5748,0.58228,0.58432,0.59116,0.5925600000000001,0.60156,0.6107199999999999,0.62088,0.62836,0.63072,0.62588,0.61588,0.61852,0.6194
2.6700000000000002e-05,0.0,0.0,0.000293333,0.000293333,0.000293333,0.00032,0.00032,0.00032,0.00032,0.00032,0.000386667,0.00044,0.00044,0.000493333,0.000493333,0.000493333,0.000493333,0.000493333,0.000493333,0.000493333,0.000493333,0.000493333,0.0009599999999999999,0.0009599999999999999,0.0009599999999999999,0.0009599999999999999,0.0009599999999999999,0.0007333330000000001,0.0007333330000000001
0.16,0.12,0.12,0.12,0.12,0.12,0.16,0.2,0.2,0.2,0.2,0.24,0.28,0.28,0.32,0.32,0.32,0.32,0.36,0.4,0.44,0.44,0.44,0.48,0.48,0.44,0.44,0.44,0.44,0.44
0.30593333300000003,0.3056,0.3068,0.30693333300000003,0.306666667,0.307866667,0.310666667,0.312266667,0.311733333,0.3146,0.320733333,0.328333333,0.334733333,0.33966666700000003,0.3418,0.34299999999999997,0.34493333299999995,0.345733333,0.347866667,0.353133333,0.3594,0.3654,0.373,0.3788,0.3878,0.397266667,0.40806666700000005,0.41706666700000006,0.42293333299999997,0.426333333
0.39113333299999997,0.39106666700000003,0.392266667,0.39206666700000004,0.392866667,0.39406666700000004,0.39473333299999996,0.394866667,0.394866667,0.4002,0.40806666700000005,0.417333333,0.4234,0.42666666700000005,0.42786666700000003,0.429666667,0.4318,0.4312,0.432666667,0.4366,0.444933333,0.4518,0.45973333299999997,0.463533333,0.473733333,0.48386666700000003,0.496333333,0.506266667,0.512133333,0.5148
0.238266667,0.237133333,0.2382,0.238466667,0.237466667,0.237333333,0.241266667,0.243066667,0.241466667,0.241333333,0.2464,0.2518,0.2596,0.265933333,0.26899999999999996,0.27,0.27113333300000003,0.273266667,0.2738,0.280866667,0.286533333,0.2918,0.3,0.307333333,0.31506666699999997,0.322933333,0.332333333,0.3404,0.345133333,0.34906666700000005
0.5114615379999999,0.499692308,0.499692308,0.5051923079999999,0.505615385,0.512884615,0.523846154,0.523807692,0.524307692,0.5325,0.541115385,0.552807692,0.558115385,0.564423077,0.572884615,0.573615385,0.575730769,0.577153846,0.583153846,0.591038462,0.5932692310000001,0.5962692310000001,0.600461538,0.6154615379999999,0.621423077,0.623153846,0.6194615379999999,0.613346154,0.616423077,0.614961538
5.13e-05,2.56e-05,0.0,0.00028205099999999996,0.00028205099999999996,0.00028205099999999996,0.000307692,0.000307692,0.000307692,0.000307692,0.000307692,0.000371795,0.00042307699999999995,0.00042307699999999995,0.000474359,0.000474359,0.000474359,0.000474359,0.000474359,0.000474359,0.000474359,0.000474359,0.000474359,0.000923077,0.000923077,0.000923077,0.000923077,0.000923077,0.000987179,0.0007051280000000001
0.192307692,0.153846154,0.115384615,0.153846154,0.115384615,0.115384615,0.153846154,0.192307692,0.192307692,0.192307692,0.192307692,0.23076923100000002,0.269230769,0.269230769,0.307692308,0.307692308,0.307692308,0.307692308,0.346153846,0.384615385,0.423076923,0.423076923,0.423076923,0.46153846200000004,0.5,0.46153846200000004,0.423076923,0.423076923,0.46153846200000004,0.423076923
0.30275641,0.303397436,0.30474359,0.305512821,0.305705128,0.307371795,0.310064103,0.311666667,0.312051282,0.313717949,0.31935897399999996,0.32608974399999996,0.332051282,0.337628205,0.34025641,0.342051282,0.34493589700000005,0.34743589700000005,0.34903846200000005,0.35346153799999996,0.359038462,0.363846154,0.37160256399999997,0.377884615,0.38339743600000004,0.391794872,0.401602564,0.411923077,0.417179487,0.42051282100000004
0.386153846,0.388461538,0.390128205,0.389871795,0.39153846200000003,0.393397436,0.394615385,0.39448717899999997,0.39474359,0.397884615,0.40628205100000003,0.41442307700000003,0.421153846,0.424615385,0.42647435899999997,0.428717949,0.43269230799999997,0.43474359,0.434038462,0.437307692,0.443461538,0.450512821,0.459294872,0.46320512799999997,0.468525641,0.478076923,0.489615385,0.500897436,0.505128205,0.509551282
0.236538462,0.23576923100000002,0.23621794899999998,0.237628205,0.236602564,0.237371795,0.240384615,0.242628205,0.242371795,0.24185897399999998,0.24532051300000002,0.250961538,0.256666667,0.263974359,0.267115385,0.269038462,0.270705128,0.273269231,0.275320513,0.280512821,0.28724359,0.290064103,0.297435897,0.306538462,0.311666667,0.318205128,0.326217949,0.335512821,0.340448718,0.342948718
0.521925926,0.509518519,0.501555556,0.502074074,0.505148148,0.510962963,0.521962963,0.52462963,0.52462963,0.52962963,0.538074074,0.550333333,0.560222222,0.561703704,0.569925926,0.571111111,0.575888889,0.5779629629999999,0.578185185,0.589666667,0.593074074,0.596814815,0.595407407,0.6054074070000001,0.616185185,0.6166666670000001,0.612592593,0.60762963,0.613962963,0.613074074
0.000580247,4.94e-05,2.47e-05,0.000271605,0.000271605,0.000271605,0.000296296,0.000296296,0.000296296,0.000296296,0.000296296,0.000358025,0.000407407,0.000407407,0.00045679,0.00045679,0.00045679,0.00045679,0.00045679,0.00045679,0.00045679,0.00045679,0.00045679,0.0008888889999999999,0.0008888889999999999,0.0008888889999999999,0.0008888889999999999,0.0008888889999999999,0.000950617,0.000950617
0.222222222,0.185185185,0.148148148,0.148148148,0.148148148,0.111111111,0.148148148,0.185185185,0.185185185,0.185185185,0.185185185,0.222222222,0.25925925899999996,0.25925925899999996,0.296296296,0.296296296,0.296296296,0.296296296,0.333333333,0.37037037,0.40740740700000005,0.40740740700000005,0.40740740700000005,0.444444444,0.481481481,0.481481481,0.444444444,0.40740740700000005,0.444444444,0.444444444
0.300925926,0.300432099,0.302654321,0.30358024699999997,0.304382716,0.306419753,0.309506173,0.311049383,0.311481481,0.313950617,0.318333333,0.324567901,0.32975308600000003,0.334938272,0.338271605,0.34055555600000004,0.343950617,0.34734567899999996,0.350555556,0.35438271600000004,0.359135802,0.363333333,0.36987654299999995,0.376358025,0.382345679,0.38740740700000004,0.39617284,0.40555555600000004,0.412222222,0.41506172799999996
0.382654321,0.383765432,0.387654321,0.387901235,0.389444444,0.392098765,0.393950617,0.394382716,0.394382716,0.39765432100000003,0.40382716,0.412469136,0.418209877,0.422407407,0.424506173,0.427345679,0.431666667,0.43549382700000006,0.437345679,0.43845679,0.443888889,0.44888888899999996,0.45777777799999997,0.46265432100000004,0.468024691,0.472901235,0.48382716,0.494259259,0.5,0.502901235
0.236111111,0.23419753100000001,0.234938272,0.235740741,0.235864198,0.23654321,0.240308642,0.241728395,0.24197530899999997,0.242716049,0.245679012,0.249753086,0.255679012,0.26098765399999996,0.265185185,0.267222222,0.26975308600000003,0.272777778,0.275246914,0.281728395,0.286666667,0.290617284,0.295555556,0.30382716,0.31074074100000004,0.314814815,0.32154321,0.329506173,0.335740741,0.33851851899999996
0.520178571,0.519678571,0.510964286,0.5037857139999999,0.502142857,0.510321429,0.519785714,0.522785714,0.525392857,0.52975,0.535107143,0.5470714289999999,0.557571429,0.5636071429999999,0.567107143,0.5683214289999999,0.573392857,0.578035714,0.5789285710000001,0.5846428570000001,0.591678571,0.5965,0.5959642860000001,0.600357143,0.606464286,0.611785714,0.606714286,0.601428571,0.608428571,0.610821429
0.000559524,0.000559524,4.7600000000000005e-05,0.000285714,0.000261905,0.000261905,0.000285714,0.000285714,0.000285714,0.000285714,0.000285714,0.00034523800000000004,0.000392857,0.000392857,0.000440476,0.000440476,0.000440476,0.000440476,0.000440476,0.000440476,0.000440476,0.000440476,0.000440476,0.000857143,0.000857143,0.000857143,0.000857143,0.000857143,0.000916667,0.000916667
0.25,0.214285714,0.17857142899999998,0.17857142899999998,0.14285714300000002,0.14285714300000002,0.14285714300000002,0.17857142899999998,0.17857142899999998,0.17857142899999998,0.17857142899999998,0.214285714,0.25,0.25,0.28571428600000004,0.28571428600000004,0.28571428600000004,0.28571428600000004,0.321428571,0.35714285700000004,0.39285714299999996,0.39285714299999996,0.39285714299999996,0.428571429,0.46428571399999996,0.46428571399999996,0.46428571399999996,0.428571429,0.428571429,0.428571429
0.300535714,0.29875,0.299821429,0.301607143,0.30255952399999997,0.305119048,0.308511905,0.31047619,0.31089285699999997,0.313333333,0.318392857,0.323392857,0.328154762,0.33261904800000003,0.33565476200000005,0.33863095200000004,0.342440476,0.346309524,0.350357143,0.355654762,0.35982142899999997,0.36327381,0.369166667,0.37452381,0.380714286,0.38625,0.391785714,0.40017857100000004,0.406071429,0.410357143
0.38244047600000003,0.38047619,0.38315476200000004,0.38559523799999995,0.387559524,0.390059524,0.39267857100000003,0.39375,0.394285714,0.397202381,0.40339285700000005,0.409880952,0.41619047600000003,0.41952381,0.42238095200000003,0.425416667,0.430238095,0.43440476200000006,0.43797619,0.441488095,0.444761905,0.449107143,0.455952381,0.461071429,0.467321429,0.472261905,0.47863095200000005,0.488511905,0.493630952,0.49803571399999996
0.235416667,0.233869048,0.23345238100000001,0.23452381,0.23410714300000002,0.235833333,0.239404762,0.241607143,0.24113095199999998,0.24232142899999998,0.246369048,0.24994047600000002,0.25434523800000003,0.259880952,0.262261905,0.265357143,0.26797619,0.271785714,0.274702381,0.281428571,0.287619048,0.289940476,0.295892857,0.301785714,0.30797619,0.313809524,0.318154762,0.324880952,0.32994047600000004,0.33404761899999996
0.5125172410000001,0.518068966,0.520724138,0.5127931029999999,0.503793103,0.507241379,0.518862069,0.520655172,0.523586207,0.530310345,0.535034483,0.543896552,0.554172414,0.560931034,0.568758621,0.565655172,0.57062069,0.575551724,0.578965517,0.585137931,0.586758621,0.595034483,0.595689655,0.600724138,0.601551724,0.602551724,0.602344828,0.596137931,0.602413793,0.605586207
0.00054023,0.00054023,0.00054023,0.000298851,0.000275862,0.000252874,0.000275862,0.000275862,0.000275862,0.000275862,0.000275862,0.00033333300000000006,0.00037931,0.00037931,0.000425287,0.000425287,0.000425287,0.000425287,0.000425287,0.000425287,0.000425287,0.000425287,0.000425287,0.0008275860000000001,0.0008275860000000001,0.0008275860000000001,0.0008275860000000001,0.0008275860000000001,0.000885057,0.000885057
0.24137931,0.24137931,0.20689655199999998,0.20689655199999998,0.172413793,0.137931034,0.172413793,0.172413793,0.172413793,0.172413793,0.172413793,0.20689655199999998,0.24137931,0.24137931,0.275862069,0.275862069,0.275862069,0.275862069,0.310344828,0.344827586,0.379310345,0.379310345,0.379310345,0.413793103,0.448275862,0.448275862,0.448275862,0.448275862,0.448275862,0.413793103
0.298045977,0.298448276,0.298218391,0.29890804600000004,0.300689655,0.303333333,0.307183908,0.309482759,0.310344828,0.312701149,0.317643678,0.32327586199999997,0.326896552,0.330977011,0.333390805,0.33609195399999997,0.340517241,0.344770115,0.349252874,0.355287356,0.360862069,0.36379310299999995,0.368908046,0.373678161,0.37879310299999996,0.38454023,0.390517241,0.39580459799999995,0.400862069,0.40448275899999997
0.38045977,0.38034482799999997,0.38,0.381321839,0.385344828,0.388218391,0.390689655,0.392528736,0.393678161,0.39701149399999996,0.40275862100000004,0.409252874,0.41356321799999995,0.417528736,0.419597701,0.423333333,0.428275862,0.432931034,0.43683908,0.441954023,0.447471264,0.449770115,0.45591954,0.45919540200000003,0.465632184,0.47143678200000005,0.477816092,0.483333333,0.488103448,0.49195402299999996
0.23293103399999998,0.233275862,0.23316092,0.23310344800000002,0.232988506,0.23413793100000002,0.23862069,0.240689655,0.241034483,0.24149425300000002,0.245862069,0.25045977,0.254367816,0.25844827600000003,0.261149425,0.26252873600000004,0.266149425,0.27,0.27367816100000003,0.280689655,0.287126437,0.290747126,0.295057471,0.301896552,0.30586206899999996,0.31103448300000003,0.317068966,0.321494253,0.32545977,0.328505747
0.5046,0.510733333,0.519133333,0.522166667,0.5125,0.5086666670000001,0.5156,0.519733333,0.5215,0.5284,0.5354,0.543533333,0.550866667,0.557533333,0.5660000000000001,0.5673,0.567966667,0.5728,0.576533333,0.584966667,0.587166667,0.590166667,0.5943,0.6003,0.601866667,0.597933333,0.593733333,0.5922666670000001,0.5972666670000001,0.599866667
0.0005222219999999999,0.0005222219999999999,0.0005222219999999999,0.000766667,0.000288889,0.000266667,0.000266667,0.000266667,0.000266667,0.000266667,0.000266667,0.000322222,0.000366667,0.000366667,0.000411111,0.000411111,0.000411111,0.000411111,0.000411111,0.000411111,0.000411111,0.000411111,0.000411111,0.0008,0.0008,0.0008,0.0008,0.0008,0.000855556,0.000855556
0.233333333,0.233333333,0.233333333,0.233333333,0.2,0.166666667,0.166666667,0.2,0.166666667,0.166666667,0.166666667,0.2,0.233333333,0.233333333,0.26666666699999997,0.26666666699999997,0.26666666699999997,0.26666666699999997,0.3,0.333333333,0.36666666700000006,0.36666666700000006,0.36666666700000006,0.4,0.433333333,0.433333333,0.433333333,0.433333333,0.46666666700000003,0.433333333
0.293777778,0.29611111100000004,0.297944444,0.297388889,0.29811111100000004,0.3015,0.305388889,0.308166667,0.309388889,0.312111111,0.316888889,0.322388889,0.32666666699999997,0.32966666699999997,0.331777778,0.33388888899999997,0.33799999999999997,0.34283333299999996,0.34766666700000004,0.354055556,0.360333333,0.36466666700000006,0.36922222200000004,0.37327777799999995,0.377833333,0.382555556,0.388722222,0.394444444,0.396611111,0.3995
0.37627777799999995,0.3785,0.379888889,0.378333333,0.38122222200000005,0.386055556,0.38888888899999996,0.390611111,0.3925,0.39633333299999995,0.40238888899999997,0.40844444399999996,0.41283333299999997,0.41494444399999997,0.41766666700000005,0.42061111100000004,0.42616666700000005,0.430944444,0.435333333,0.44072222200000005,0.447722222,0.452222222,0.45633333299999995,0.45905555600000003,0.46366666700000003,0.46966666700000004,0.47683333299999997,0.482388889,0.48311111100000004,0.48666666700000005
0.22855555600000002,0.230944444,0.232611111,0.232833333,0.231666667,0.23305555600000002,0.236888889,0.239888889,0.240166667,0.241388889,0.24494444399999998,0.24983333300000002,0.254722222,0.258333333,0.259722222,0.261444444,0.26338888899999996,0.26816666699999997,0.27188888899999997,0.2795,0.28622222199999997,0.290166667,0.295666667,0.300888889,0.305833333,0.308888889,0.314277778,0.320333333,0.322166667,0.324222222
