,2013-06-20,2013-06-21,2013-06-22,2013-06-23,2013-06-24,2013-06-25,2013-06-26,2013-06-27,2013-06-28,2013-06-29,2013-06-30,2013-07-01,2013-07-02,2013-07-03,2013-07-04,2013-07-05,2013-07-06,2013-07-07,2013-07-08,2013-07-09,2013-07-10,2013-07-11,2013-07-12,2013-07-13,2013-07-14,2013-07-15,2013-07-16,2013-07-17,2013-07-18,2013-07-19
0,0.711,0.585,0.575,0.639,0.696,0.6659999999999999,0.586,0.598,0.631,0.611,0.5479999999999999,0.604,0.584,0.825,0.691,0.843,0.7340000000000001,0.73,0.7879999999999999,0.8859999999999999,0.873,0.828,0.86,0.884,0.9009999999999999,0.909,0.8009999999999999,0.7040000000000001,0.8909999999999999,0.856
1,0.00033333300000000006,0.0,0.0,0.0,0.001,0.0,0.0,0.0,0.0,0.005,0.0,0.000666667,0.0,0.171666667,0.0,0.108333333,0.003333333,0.0,0.01,0.226666667,0.021666667,0.003333333,0.046666667,0.246666667,0.55,0.07666666700000001,0.011666667,0.005,0.061666667,0.08833333300000001
2,1.0,0.0,0.0,0.0,1.0,0.0,0.0,1.0,0.0,1.0,0.0,1.0,0.0,1.0,0.0,1.0,1.0,0.0,1.0,1.0,1.0,1.0,1.0,1.0,1.0,1.0,1.0,1.0,1.0,1.0
3,0.655,0.68,0.693333333,0.668333333,0.6316666670000001,0.6416666670000001,0.668333333,0.658333333,0.668333333,0.675,0.703333333,0.711666667,0.701666667,0.655,0.67,0.665,0.676666667,0.67,0.665,0.655,0.658333333,0.671666667,0.66,0.643333333,0.653333333,0.651666667,0.691666667,0.698333333,0.653333333,0.668333333
4,0.7433333329999999,0.768333333,0.78,0.7433333329999999,0.686666667,0.74,0.7466666670000001,0.745,0.78,0.76,0.793333333,0.781666667,0.7716666670000001,0.715,0.7616666670000001,0.71,0.7533333329999999,0.76,0.7416666670000001,0.688333333,0.686666667,0.685,0.668333333,0.655,0.676666667,0.673333333,0.735,0.73,0.678333333,0.711666667
5,0.593333333,0.598333333,0.6316666670000001,0.6283333329999999,0.593333333,0.576666667,0.6,0.601666667,0.59,0.6083333329999999,0.6133333329999999,0.64,0.648333333,0.6083333329999999,0.591666667,0.635,0.6183333329999999,0.61,0.6233333329999999,0.6216666670000001,0.6416666670000001,0.66,0.6466666670000001,0.6366666670000001,0.62,0.635,0.643333333,0.67,0.6416666670000001,0.6466666670000001
6,0.8059999999999999,0.648,0.58,0.607,0.6675,0.6809999999999999,0.626,0.5920000000000001,0.6145,0.621,0.5795,0.5760000000000001,0.594,0.7045,0.758,0.767,0.7885,0.732,0.759,0.8370000000000001,0.8795,0.8505,0.8440000000000001,0.872,0.8925,0.905,0.855,0.7525,0.7975,0.8735
7,0.020166667,0.000166667,0.0,0.0,0.0005,0.0005,0.0,0.0,0.0,0.0025,0.0025,0.00033333300000000006,0.00033333300000000006,0.08583333300000001,0.08583333300000001,0.054166667,0.055833333,0.0016666670000000001,0.005,0.11833333300000001,0.124166667,0.0125,0.025,0.146666667,0.39833333299999996,0.313333333,0.044166667,0.008333333,0.033333333,0.075
8,1.0,0.5,0.0,0.0,0.5,0.5,0.0,0.5,0.5,0.5,0.5,0.5,0.5,0.5,0.5,0.5,1.0,0.5,0.5,1.0,1.0,1.0,1.0,1.0,1.0,1.0,1.0,1.0,1.0,1.0
9,0.6333333329999999,0.6675,0.686666667,0.6808333329999999,0.65,0.6366666670000001,0.655,0.663333333,0.663333333,0.671666667,0.6891666670000001,0.7075,0.706666667,0.678333333,0.6625,0.6675,0.6708333329999999,0.673333333,0.6675,0.66,0.656666667,0.665,0.6658333329999999,0.651666667,0.648333333,0.6525,0.671666667,0.695,0.6758333329999999,0.660833333
10,0.6891666670000001,0.755833333,0.774166667,0.7616666670000001,0.715,0.713333333,0.7433333329999999,0.745833333,0.7625,0.77,0.776666667,0.7875,0.776666667,0.7433333329999999,0.7383333329999999,0.735833333,0.731666667,0.7566666670000001,0.750833333,0.715,0.6875,0.6858333329999999,0.676666667,0.661666667,0.6658333329999999,0.675,0.7041666670000001,0.7325,0.7041666670000001,0.695
11,0.5925,0.595833333,0.615,0.63,0.610833333,0.585,0.588333333,0.600833333,0.595833333,0.599166667,0.610833333,0.6266666670000001,0.644166667,0.6283333329999999,0.6,0.6133333329999999,0.6266666670000001,0.614166667,0.6166666670000001,0.6225,0.6316666670000001,0.650833333,0.653333333,0.6416666670000001,0.6283333329999999,0.6275,0.639166667,0.656666667,0.655833333,0.644166667
12,0.793333333,0.7323333329999999,0.6236666670000001,0.599666667,0.6366666670000001,0.667,0.649333333,0.6166666670000001,0.605,0.6133333329999999,0.596666667,0.587666667,0.578666667,0.6709999999999999,0.7,0.786333333,0.7559999999999999,0.769,0.7506666670000001,0.801333333,0.8490000000000001,0.8623333329999999,0.853666667,0.8573333329999999,0.8816666670000001,0.898,0.8703333329999999,0.804666667,0.798666667,0.8170000000000001
13,0.013999999999999999,0.013444444,0.000111111,0.0,0.00033333300000000006,0.00033333300000000006,0.00033333300000000006,0.0,0.0,0.0016666670000000001,0.0016666670000000001,0.001888889,0.000222222,0.057444444000000004,0.057222222,0.093333333,0.037222222,0.037222222,0.0044444440000000005,0.078888889,0.08611111099999999,0.08388888900000001,0.023888889,0.09888888900000001,0.281111111,0.29111111100000003,0.212777778,0.031111111,0.026111111,0.051666667
14,1.0,0.666666667,0.333333333,0.0,0.333333333,0.333333333,0.333333333,0.333333333,0.333333333,0.666666667,0.333333333,0.666666667,0.333333333,0.666666667,0.333333333,0.666666667,0.666666667,0.666666667,0.666666667,0.666666667,1.0,1.0,1.0,1.0,1.0,1.0,1.0,1.0,1.0,1.0
15,0.629444444,0.648888889,0.676111111,0.680555556,0.664444444,0.647222222,0.647222222,0.656111111,0.665,0.667222222,0.682222222,0.696666667,0.705555556,0.689444444,0.675555556,0.663333333,0.670555556,0.670555556,0.670555556,0.663333333,0.659444444,0.661666667,0.663333333,0.658333333,0.652222222,0.649444444,0.665555556,0.680555556,0.681111111,0.673333333
16,0.686111111,0.715555556,0.7638888890000001,0.7638888890000001,0.736666667,0.723333333,0.7244444440000001,0.743888889,0.757222222,0.7616666670000001,0.7777777779999999,0.778333333,0.782222222,0.756111111,0.7494444440000001,0.728888889,0.7416666670000001,0.7411111109999999,0.7516666670000001,0.73,0.705555556,0.686666667,0.68,0.669444444,0.666666667,0.668333333,0.695,0.712777778,0.7144444440000001,0.706666667
17,0.588888889,0.594444444,0.607777778,0.619444444,0.617777778,0.599444444,0.59,0.592777778,0.5972222220000001,0.6,0.603888889,0.620555556,0.633888889,0.632222222,0.616111111,0.611666667,0.615,0.621111111,0.617222222,0.6183333329999999,0.628888889,0.6411111110000001,0.649444444,0.6477777779999999,0.634444444,0.630555556,0.632777778,0.649444444,0.651666667,0.6527777779999999
18,0.7695,0.74125,0.693,0.6275,0.62375,0.644,0.64675,0.6365,0.62025,0.6065,0.597,0.5985,0.58675,0.64025,0.6759999999999999,0.73575,0.77325,0.7495,0.77375,0.7845,0.81925,0.84375,0.86175,0.86125,0.86825,0.8885,0.87375,0.82875,0.82625,0.813
19,0.0105,0.0105,0.010083333,8.329999999999999e-05,0.00025,0.00025,0.00025,0.00025,0.0,0.00125,0.00125,0.0014166670000000001,0.0014166670000000001,0.043083333,0.043083333,0.07,0.070833333,0.027916667000000003,0.030416667,0.06,0.06458333299999999,0.065416667,0.074583333,0.07958333299999999,0.211666667,0.23,0.22125,0.160833333,0.03875,0.041666667000000004
20,0.75,0.75,0.5,0.25,0.25,0.25,0.25,0.5,0.25,0.5,0.5,0.5,0.5,0.5,0.5,0.5,0.75,0.5,0.75,0.75,0.75,1.0,1.0,1.0,1.0,1.0,1.0,1.0,1.0,1.0
21,0.6283333329999999,0.642083333,0.66,0.674166667,0.668333333,0.65875,0.6525,0.65,0.659166667,0.6675,0.67625,0.689583333,0.697916667,0.692916667,0.684583333,0.6729166670000001,0.666666667,0.670416667,0.669166667,0.666666667,0.662083333,0.6625,0.66125,0.658333333,0.657083333,0.652083333,0.66,0.67375,0.67375,0.6779166670000001
22,0.691666667,0.706666667,0.731666667,0.75875,0.744583333,0.7375,0.729166667,0.729583333,0.752916667,0.757916667,0.7695833329999999,0.77875,0.776666667,0.765416667,0.7575,0.739583333,0.735,0.74625,0.74125,0.735833333,0.719166667,0.700416667,0.682083333,0.67375,0.67125,0.668333333,0.685,0.70375,0.7041666670000001,0.71375
23,0.586666667,0.59125,0.60375,0.612916667,0.612916667,0.6075,0.599583333,0.592916667,0.5920833329999999,0.6,0.6033333329999999,0.612916667,0.6275,0.6275,0.622083333,0.620833333,0.6133333329999999,0.61375,0.6216666670000001,0.6183333329999999,0.624166667,0.6366666670000001,0.6425,0.64625,0.640833333,0.6345833329999999,0.63375,0.642083333,0.6475,0.650416667
24,0.7324,0.7326,0.708,0.6822,0.6412,0.6322,0.6324,0.637,0.6354,0.6184,0.5948,0.5984,0.5956,0.6344,0.6504,0.7094,0.7354,0.7646,0.7572,0.7962,0.8022,0.821,0.847,0.8662,0.8692,0.8764,0.871,0.8398,0.8412,0.8322
25,0.0084,0.0084,0.0084,0.008066667,0.000266667,0.0002,0.0002,0.0002,0.0002,0.001,0.001,0.001133333,0.001133333,0.035466667,0.034466667,0.056133333,0.056666667000000004,0.056666667000000004,0.024333333,0.069666667,0.052333332999999996,0.052333332999999996,0.061666667,0.109,0.173666667,0.18466666699999998,0.18633333300000002,0.17800000000000002,0.141,0.048666667000000004
26,0.6,0.6,0.6,0.4,0.4,0.2,0.2,0.4,0.4,0.4,0.4,0.6,0.4,0.6,0.4,0.6,0.6,0.6,0.6,0.8,0.8,0.8,1.0,1.0,1.0,1.0,1.0,1.0,1.0,1.0
27,0.6346666670000001,0.6386666670000001,0.652333333,0.661666667,0.665666667,0.6629999999999999,0.660666667,0.653666667,0.653666667,0.662333333,0.674666667,0.683333333,0.6920000000000001,0.689333333,0.688333333,0.680666667,0.673666667,0.667333333,0.669333333,0.666333333,0.665,0.664,0.662,0.657666667,0.657333333,0.6559999999999999,0.66,0.667666667,0.669666667,0.672666667
28,0.700333333,0.7070000000000001,0.721333333,0.7340000000000001,0.7443333329999999,0.7436666670000001,0.7393333329999999,0.7323333329999999,0.739666667,0.7543333329999999,0.765,0.772,0.777333333,0.764333333,0.7646666670000001,0.748,0.7423333329999999,0.74,0.7453333329999999,0.730666667,0.726,0.712333333,0.6940000000000001,0.676666667,0.674333333,0.671666667,0.681666667,0.6940000000000001,0.698666667,0.705666667
29,0.590333333,0.589,0.599333333,0.608666667,0.609,0.605666667,0.606,0.6,0.592333333,0.595333333,0.602666667,0.610666667,0.62,0.6236666670000001,0.6203333329999999,0.6246666670000001,0.6203333329999999,0.612666667,0.6156666670000001,0.6216666670000001,0.623,0.6313333329999999,0.6386666670000001,0.641333333,0.6409999999999999,0.6396666670000001,0.636333333,0.6409999999999999,0.642,0.647333333
30,0.714166667,0.707833333,0.706333333,0.6965,0.6845,0.645333333,0.6245,0.6266666670000001,0.636,0.6313333329999999,0.606666667,0.596333333,0.596,0.633833333,0.643833333,0.6825,0.7135,0.7345,0.7685,0.778666667,0.809,0.8065,0.8275,0.853166667,0.872,0.875833333,0.863833333,0.843166667,0.848333333,0.843666667
31,0.006999999999999999,0.006999999999999999,0.006999999999999999,0.006999999999999999,0.0068888890000000005,0.000222222,0.000166667,0.000166667,0.000166667,0.001,0.000833333,0.0009444439999999999,0.0009444439999999999,0.029555556,0.029555556,0.046777778,0.047333333,0.047222222,0.048888889000000005,0.058055555999999994,0.061666667,0.044166667,0.05138888900000001,0.0925,0.1825,0.1575,0.15583333300000002,0.156111111,0.158611111,0.132222222
32,0.5,0.5,0.5,0.5,0.5,0.333333333,0.166666667,0.333333333,0.333333333,0.5,0.333333333,0.5,0.5,0.5,0.5,0.5,0.666666667,0.5,0.666666667,0.666666667,0.833333333,0.833333333,0.833333333,1.0,1.0,1.0,1.0,1.0,1.0,1.0
33,0.638888889,0.642222222,0.6477777779999999,0.655,0.656666667,0.661666667,0.663888889,0.660277778,0.656111111,0.657222222,0.669166667,0.6808333329999999,0.6863888890000001,0.6858333329999999,0.686111111,0.684444444,0.68,0.6730555559999999,0.666944444,0.666944444,0.665,0.666111111,0.663333333,0.658888889,0.656944444,0.656388889,0.661944444,0.666388889,0.665277778,0.669444444
34,0.707777778,0.711666667,0.719166667,0.725,0.7261111109999999,0.743611111,0.744166667,0.7402777779999999,0.7402777779999999,0.743055556,0.760833333,0.767777778,0.7719444440000001,0.7669444440000001,0.7638888890000001,0.7555555559999999,0.7488888890000001,0.745277778,0.7402777779999999,0.735833333,0.723333333,0.719166667,0.705,0.6875,0.676666667,0.674166667,0.682222222,0.689722222,0.6913888890000001,0.700833333
35,0.591666667,0.591666667,0.596111111,0.604166667,0.606111111,0.603611111,0.604722222,0.6052777779999999,0.598333333,0.595,0.598333333,0.6088888889999999,0.616944444,0.6180555560000001,0.6183333329999999,0.622777778,0.623611111,0.618611111,0.614444444,0.6166666670000001,0.625,0.629166667,0.633888889,0.638333333,0.637777778,0.64,0.640277778,0.641944444,0.6411111110000001,0.642777778
36,0.7128571429999999,0.695714286,0.688857143,0.696714286,0.6964285709999999,0.681857143,0.636857143,0.620714286,0.627285714,0.632428571,0.619428571,0.606285714,0.594571429,0.628714286,0.642,0.672285714,0.689857143,0.7158571429999999,0.742142857,0.785285714,0.792142857,0.811714286,0.814142857,0.835571429,0.86,0.8772857140000001,0.865142857,0.841,0.85,0.8494285709999999
37,0.006,0.006,0.006,0.006,0.006142857,0.005904761999999999,0.000190476,0.000142857,0.000142857,0.000857143,0.000857143,0.0008095239999999999,0.0008095239999999999,0.025333333,0.025333333,0.040809524,0.040571429,0.040571429,0.041904762000000005,0.074285714,0.052857142999999995,0.053333333,0.04452381,0.07928571400000001,0.157857143,0.167380952,0.136666667,0.134285714,0.142619048,0.148571429
38,0.428571429,0.428571429,0.428571429,0.428571429,0.571428571,0.428571429,0.28571428600000004,0.28571428600000004,0.28571428600000004,0.428571429,0.428571429,0.428571429,0.428571429,0.571428571,0.428571429,0.571428571,0.571428571,0.571428571,0.571428571,0.7142857140000001,0.7142857140000001,0.857142857,0.857142857,0.857142857,1.0,1.0,1.0,1.0,1.0,1.0
39,0.638095238,0.644761905,0.64952381,0.650714286,0.651666667,0.65452381,0.6626190479999999,0.6630952379999999,0.661428571,0.658809524,0.663809524,0.675238095,0.6838095240000001,0.681904762,0.683571429,0.6830952379999999,0.683333333,0.6785714290000001,0.671904762,0.665238095,0.665714286,0.665952381,0.665238095,0.66047619,0.6580952379999999,0.656190476,0.661428571,0.667142857,0.66452381,0.665714286
40,0.707857143,0.7164285709999999,0.7214285709999999,0.722619048,0.71952381,0.728095238,0.744047619,0.7442857140000001,0.7459523809999999,0.743095238,0.750238095,0.763809524,0.768333333,0.763809524,0.7661904759999999,0.7561904759999999,0.755238095,0.75047619,0.744761905,0.7328571429999999,0.7288095240000001,0.7178571429999999,0.7119047620000001,0.697857143,0.6859523809999999,0.6761904759999999,0.682857143,0.6890476190000001,0.6880952379999999,0.694285714
41,0.587619048,0.592619048,0.5973809520000001,0.600714286,0.602619048,0.601904762,0.603095238,0.604285714,0.603095238,0.599761905,0.597619048,0.604285714,0.61452381,0.615714286,0.614285714,0.620714286,0.622142857,0.6216666670000001,0.619285714,0.61547619,0.620238095,0.63,0.6316666670000001,0.634285714,0.635714286,0.637380952,0.64047619,0.64452381,0.641904762,0.641904762
42,0.7305,0.696875,0.680625,0.682625,0.696625,0.692625,0.669875,0.632,0.622,0.62525,0.621875,0.6175,0.6035,0.623375,0.6365,0.667125,0.68,0.694875,0.724875,0.760125,0.79625,0.796625,0.81775,0.822875,0.84375,0.866125,0.86775,0.845,0.84725,0.85075
43,0.007958333,0.00525,0.00525,0.00525,0.005375,0.005375,0.005166667,0.000166667,0.000125,0.00075,0.00075,0.000833333,0.000708333,0.022166667,0.022166667,0.035708332999999995,0.036125,0.0355,0.03675,0.065,0.067708333,0.046666667,0.0525,0.069791667,0.138125,0.147708333,0.147916667,0.120208333,0.125208333,0.135833333
44,0.5,0.375,0.375,0.375,0.5,0.5,0.375,0.375,0.25,0.375,0.375,0.5,0.375,0.5,0.5,0.5,0.625,0.5,0.625,0.625,0.75,0.75,0.875,0.875,0.875,1.0,1.0,1.0,1.0,1.0
45,0.6322916670000001,0.643333333,0.650833333,0.651875,0.648333333,0.650416667,0.65625,0.662083333,0.66375,0.663125,0.664375,0.669791667,0.6785416670000001,0.6802083329999999,0.680416667,0.68125,0.682291667,0.681666667,0.676875,0.669791667,0.664375,0.666458333,0.6652083329999999,0.6625,0.6595833329999999,0.6572916670000001,0.660625,0.666041667,0.665416667,0.665
46,0.6975,0.7154166670000001,0.724375,0.724166667,0.718125,0.7220833329999999,0.7304166670000001,0.744166667,0.74875,0.747708333,0.749375,0.754166667,0.764791667,0.7616666670000001,0.763541667,0.759166667,0.755833333,0.755833333,0.749375,0.7377083329999999,0.7270833329999999,0.723333333,0.711666667,0.7047916670000001,0.695208333,0.684375,0.6835416670000001,0.68875,0.687708333,0.691041667
47,0.58625,0.588958333,0.5975,0.60125,0.5997916670000001,0.599375,0.601666667,0.602916667,0.6025,0.60375,0.601458333,0.602916667,0.609791667,0.61375,0.6127083329999999,0.616875,0.620416667,0.620625,0.621875,0.619583333,0.61875,0.625208333,0.632083333,0.6322916670000001,0.6325,0.635625,0.638125,0.644166667,0.644166667,0.6425
48,0.713666667,0.714333333,0.683333333,0.6759999999999999,0.684111111,0.693222222,0.680777778,0.661888889,0.631888889,0.620777778,0.6166666670000001,0.6198888889999999,0.613777778,0.628111111,0.630888889,0.659444444,0.674555556,0.685555556,0.7052222220000001,0.742777778,0.7726666670000001,0.7997777779999999,0.803666667,0.8251111109999999,0.831555556,0.851,0.858888889,0.849555556,0.8501111109999999,0.8482222220000001
49,0.009666667,0.0070740740000000005,0.004666667,0.004666667,0.004777778,0.004777778,0.004777778,0.004592593,0.000148148,0.000666667,0.000666667,0.0007407410000000001,0.0007407410000000001,0.019703704,0.019703704,0.031740741,0.032111111,0.032111111,0.032666667,0.057851852,0.060185185,0.060555555999999996,0.046666667,0.074074074,0.12314814800000001,0.131296296,0.132592593,0.132037037,0.113703704,0.121111111
50,0.5555555560000001,0.444444444,0.333333333,0.333333333,0.444444444,0.444444444,0.444444444,0.444444444,0.333333333,0.333333333,0.333333333,0.444444444,0.444444444,0.444444444,0.444444444,0.5555555560000001,0.5555555560000001,0.5555555560000001,0.5555555560000001,0.666666667,0.666666667,0.7777777779999999,0.7777777779999999,0.8888888890000001,0.8888888890000001,0.8888888890000001,1.0,1.0,1.0,1.0
51,0.633703704,0.6375925929999999,0.648888889,0.6527777779999999,0.64962963,0.6475925929999999,0.652407407,0.656481481,0.6627777779999999,0.665,0.667592593,0.66962963,0.673333333,0.6759259259999999,0.6790740740000001,0.678703704,0.6807407409999999,0.6809259259999999,0.679814815,0.674444444,0.668518519,0.665185185,0.665740741,0.6627777779999999,0.661481481,0.658703704,0.661111111,0.664814815,0.66462963,0.665740741
52,0.6972222220000001,0.70537037,0.722592593,0.726481481,0.72,0.720555556,0.724814815,0.732037037,0.748148148,0.75,0.752777778,0.752962963,0.756111111,0.759259259,0.7616666670000001,0.7575925929999999,0.7585185190000001,0.7562962959999999,0.754259259,0.742592593,0.732037037,0.7224074070000001,0.7172222220000001,0.70537037,0.701666667,0.692777778,0.69,0.688703704,0.687592593,0.69037037
53,0.586851852,0.587592593,0.5937037039999999,0.600925926,0.60037037,0.5972222220000001,0.599444444,0.601666667,0.601481481,0.6031481479999999,0.604814815,0.605740741,0.607962963,0.60962963,0.611296296,0.615185185,0.617037037,0.619259259,0.620925926,0.621851852,0.622037037,0.6233333329999999,0.6275925929999999,0.6325925929999999,0.630925926,0.632777778,0.636481481,0.6416666670000001,0.643888889,0.644444444
54,0.6778,0.7008,0.7004,0.6789,0.6779999999999999,0.6823,0.6825,0.6725,0.6588,0.6298,0.6135,0.6154,0.6163,0.6349,0.6344,0.6521,0.6669,0.6801,0.6958,0.7233,0.7558,0.7782,0.8058,0.8117,0.8327,0.8393,0.846,0.8434,0.8537,0.8507
55,0.0087,0.0087,0.0063666669999999995,0.0042,0.0043,0.0043,0.0043,0.0043,0.0041333329999999995,0.000633333,0.0006,0.000666667,0.000666667,0.017833333,0.017733333,0.028566667,0.0289,0.0289,0.0299,0.052066667000000004,0.054233332999999995,0.0545,0.059166667,0.066666667,0.12166666699999999,0.1185,0.11933333300000001,0.11983333300000001,0.125,0.111166667
56,0.5,0.5,0.4,0.3,0.4,0.4,0.4,0.5,0.4,0.4,0.3,0.4,0.4,0.5,0.4,0.5,0.6,0.5,0.6,0.6,0.7,0.7,0.8,0.8,0.9,0.9,0.9,1.0,1.0,1.0
57,0.641166667,0.638333333,0.643166667,0.650833333,0.650666667,0.648833333,0.649666667,0.653,0.657666667,0.664,0.6688333329999999,0.672,0.6728333329999999,0.6715,0.675333333,0.677666667,0.6785,0.679666667,0.679333333,0.677333333,0.6728333329999999,0.6688333329999999,0.664666667,0.6635,0.661833333,0.6605,0.662,0.6648333329999999,0.663666667,0.665
58,0.7061666670000001,0.704333333,0.712833333,0.724666667,0.7225,0.722,0.723166667,0.726833333,0.736833333,0.7493333329999999,0.7543333329999999,0.7556666670000001,0.754833333,0.752,0.7595,0.7565,0.757166667,0.7586666670000001,0.754833333,0.7476666670000001,0.737,0.7273333329999999,0.7170000000000001,0.711,0.7025,0.698833333,0.6970000000000001,0.6940000000000001,0.687666667,0.69
59,0.589166667,0.588,0.5920000000000001,0.597166667,0.600166667,0.598,0.5975,0.599666667,0.6005,0.602166667,0.604166667,0.6083333329999999,0.61,0.608,0.607833333,0.613666667,0.6155,0.6163333329999999,0.6196666670000001,0.621,0.623833333,0.625833333,0.6256666670000001,0.6285,0.6313333329999999,0.6313333329999999,0.633833333,0.639833333,0.6416666670000001,0.644166667
60,0.6509999999999999,0.669363636,0.689363636,0.694818182,0.680454545,0.676909091,0.673545455,0.674818182,0.668727273,0.654454545,0.622363636,0.612636364,0.612545455,0.635272727,0.64,0.653363636,0.659545455,0.672636364,0.689909091,0.713090909,0.7369090909999999,0.7623636359999999,0.785636364,0.812909091,0.819818182,0.8396363640000001,0.835818182,0.833090909,0.847727273,0.8539090909999999
61,0.007909091,0.007909091,0.007909091,0.005787879,0.003909091,0.003909091,0.003909091,0.003909091,0.003909091,0.004212121,0.000575758,0.000606061,0.000606061,0.016212121,0.016212121,0.025969697000000003,0.026272727000000003,0.026272727000000003,0.027181817999999996,0.047787879000000005,0.04930303,0.04960606099999999,0.053787879000000004,0.076212121,0.11060606099999999,0.117575758,0.108787879,0.10893939400000001,0.114545455,0.12166666699999999
62,0.454545455,0.454545455,0.454545455,0.363636364,0.363636364,0.363636364,0.363636364,0.454545455,0.454545455,0.454545455,0.363636364,0.363636364,0.363636364,0.454545455,0.454545455,0.454545455,0.545454545,0.545454545,0.545454545,0.636363636,0.636363636,0.727272727,0.727272727,0.818181818,0.818181818,0.9090909090000001,0.9090909090000001,0.9090909090000001,1.0,1.0
63,0.6471212120000001,0.64469697,0.643333333,0.645454545,0.649090909,0.649848485,0.6506060610000001,0.650454545,0.654393939,0.659242424,0.667575758,0.672727273,0.67469697,0.6712121209999999,0.6713636359999999,0.6743939390000001,0.6775757579999999,0.677727273,0.678333333,0.6771212120000001,0.675606061,0.672727273,0.668030303,0.662727273,0.662575758,0.6609090910000001,0.663333333,0.66530303,0.663787879,0.664090909
64,0.7137878790000001,0.711818182,0.711212121,0.7156060609999999,0.721212121,0.7240909090000001,0.724242424,0.725151515,0.731666667,0.7389393940000001,0.7533333329999999,0.7568181820000001,0.757121212,0.7512121209999999,0.752878788,0.755,0.7562121209999999,0.757424242,0.757121212,0.7487878790000001,0.742121212,0.732272727,0.721969697,0.711363636,0.7078787879999999,0.699848485,0.702121212,0.7,0.6925757579999999,0.689848485
65,0.592121212,0.59,0.591969697,0.59530303,0.596818182,0.5980303029999999,0.5981818179999999,0.5978787879999999,0.598787879,0.601212121,0.6031818179999999,0.607424242,0.611969697,0.609848485,0.6065151520000001,0.61030303,0.614090909,0.615,0.616969697,0.619848485,0.622878788,0.627121212,0.627727273,0.6266666670000001,0.627727273,0.6316666670000001,0.632424242,0.637121212,0.64,0.642121212
66,0.637166667,0.6455,0.6615,0.6851666670000001,0.694916667,0.67925,0.669333333,0.66725,0.671166667,0.6639166670000001,0.6455833329999999,0.620833333,0.61025,0.63025,0.639916667,0.6569166670000001,0.660083333,0.665416667,0.68225,0.70625,0.7264166670000001,0.7445,0.7705,0.7938333329999999,0.82025,0.82725,0.8364166670000001,0.824833333,0.837916667,0.8484166670000001
67,0.00725,0.00725,0.00725,0.00725,0.005388889,0.0035833329999999997,0.0035833329999999997,0.0035833329999999997,0.0035833329999999997,0.004,0.003861111,0.000583333,0.000555556,0.014861111000000002,0.014861111000000002,0.023888889,0.024083333,0.024083333,0.024916667000000003,0.043805555999999995,0.045611110999999996,0.045472222,0.049361111,0.06986111099999999,0.11569444400000001,0.107777778,0.10875,0.10013888900000001,0.105,0.112361111
68,0.41666666700000005,0.41666666700000005,0.41666666700000005,0.41666666700000005,0.41666666700000005,0.333333333,0.333333333,0.41666666700000005,0.41666666700000005,0.5,0.41666666700000005,0.41666666700000005,0.333333333,0.41666666700000005,0.41666666700000005,0.5,0.5,0.5,0.583333333,0.583333333,0.666666667,0.666666667,0.75,0.75,0.833333333,0.833333333,0.916666667,0.916666667,0.916666667,1.0
69,0.650694444,0.649861111,0.64875,0.645416667,0.6443055560000001,0.648472222,0.651388889,0.65125,0.651944444,0.656111111,0.6629166670000001,0.67125,0.6751388890000001,0.6730555559999999,0.671111111,0.6708333329999999,0.674583333,0.6769444440000001,0.676666667,0.676388889,0.675555556,0.675277778,0.671666667,0.6659722220000001,0.661944444,0.661666667,0.663472222,0.66625,0.664305556,0.664166667
70,0.718472222,0.718333333,0.7175,0.713888889,0.7131944440000001,0.722777778,0.725972222,0.725972222,0.729722222,0.734027778,0.7434722220000001,0.7556944440000001,0.758055556,0.7536111109999999,0.752083333,0.7493055559999999,0.754861111,0.7565277779999999,0.756111111,0.751388889,0.743611111,0.7373611109999999,0.726944444,0.7163888890000001,0.708472222,0.705,0.702777778,0.7044444440000001,0.6981944440000001,0.6941666670000001
71,0.592777778,0.592638889,0.593472222,0.595,0.595138889,0.595138889,0.598194444,0.598472222,0.5972222220000001,0.599583333,0.6022222220000001,0.60625,0.610833333,0.611666667,0.6083333329999999,0.6088888889999999,0.610972222,0.61375,0.615694444,0.617361111,0.6216666670000001,0.625972222,0.62875,0.6284722220000001,0.626111111,0.6283333329999999,0.632638889,0.635555556,0.6375,0.640555556
72,0.627307692,0.633153846,0.640076923,0.6597692310000001,0.6859999999999999,0.6926923079999999,0.672076923,0.663846154,0.664461538,0.666538462,0.655,0.642384615,0.618,0.626769231,0.6349230770000001,0.655538462,0.662846154,0.665461538,0.674846154,0.697923077,0.7190769229999999,0.7342307690000001,0.753384615,0.7792307690000001,0.802076923,0.827076923,0.825230769,0.826230769,0.829923077,0.839307692
73,0.006692308,0.006692308,0.006692308,0.006692308,0.006769231,0.004974359,0.003307692,0.003307692,0.003307692,0.003692308,0.003692308,0.003615385,0.000538462,0.013717948999999998,0.013717948999999998,0.022051282000000002,0.022307692,0.022230768999999997,0.023,0.040435897,0.042102564,0.042358974,0.045564102999999995,0.064538462,0.106794872,0.112692308,0.100384615,0.100769231,0.097179487,0.103717949
74,0.384615385,0.384615385,0.384615385,0.384615385,0.46153846200000004,0.384615385,0.307692308,0.384615385,0.384615385,0.46153846200000004,0.46153846200000004,0.46153846200000004,0.384615385,0.384615385,0.384615385,0.46153846200000004,0.538461538,0.46153846200000004,0.538461538,0.615384615,0.615384615,0.692307692,0.692307692,0.7692307690000001,0.7692307690000001,0.846153846,0.846153846,0.923076923,0.923076923,0.923076923
75,0.652820513,0.652948718,0.653205128,0.65025641,0.644358974,0.644102564,0.65,0.6519230770000001,0.652564103,0.653717949,0.65974359,0.666666667,0.673589744,0.673589744,0.672820513,0.670641026,0.6712820509999999,0.674230769,0.676025641,0.675,0.675,0.67525641,0.674102564,0.669487179,0.665,0.661153846,0.663974359,0.666153846,0.66525641,0.664615385
76,0.722307692,0.722307692,0.7230769229999999,0.719487179,0.711794872,0.71525641,0.724615385,0.727435897,0.730128205,0.732051282,0.7385897440000001,0.746410256,0.756923077,0.75474359,0.7542307690000001,0.7488461540000001,0.749615385,0.75525641,0.755384615,0.7508974359999999,0.746410256,0.7391025640000001,0.732051282,0.721410256,0.713333333,0.7057692309999999,0.707307692,0.704871795,0.702435897,0.699230769
77,0.5929487179999999,0.5932051279999999,0.595641026,0.596153846,0.594871795,0.593717949,0.595512821,0.598461538,0.5978205129999999,0.5980769229999999,0.600641026,0.605128205,0.6094871789999999,0.610641026,0.610128205,0.610384615,0.609615385,0.610897436,0.6144871789999999,0.616153846,0.619230769,0.624615385,0.627564103,0.629358974,0.627820513,0.6267948720000001,0.629487179,0.6355128210000001,0.636025641,0.638205128
78,0.622428571,0.624285714,0.629,0.64,0.6623571429999999,0.684571429,0.6850714290000001,0.666785714,0.6615,0.660642857,0.6580714289999999,0.6513571429999999,0.638214286,0.6327857139999999,0.631357143,0.649785714,0.6611428570000001,0.667642857,0.6742142859999999,0.6899285709999999,0.7104285709999999,0.7268571429999999,0.743214286,0.7627142859999999,0.7879285709999999,0.809714286,0.8252142859999999,0.816571429,0.830857143,0.831785714
79,0.006214285999999999,0.006214285999999999,0.006214285999999999,0.006214285999999999,0.006285714,0.006285714,0.004619048,0.003071429,0.003071429,0.0034285709999999996,0.0034285709999999996,0.00347619,0.003357143,0.012761905,0.012738095,0.02047619,0.020714286000000002,0.020714286000000002,0.021357143,0.037547619,0.039095238,0.039333333,0.042666667,0.05992857099999999,0.099214286,0.10464285699999999,0.10547619,0.093571429,0.09797619,0.096547619
80,0.35714285700000004,0.35714285700000004,0.35714285700000004,0.35714285700000004,0.428571429,0.428571429,0.35714285700000004,0.35714285700000004,0.35714285700000004,0.428571429,0.428571429,0.5,0.428571429,0.428571429,0.35714285700000004,0.428571429,0.5,0.5,0.5,0.571428571,0.642857143,0.642857143,0.7142857140000001,0.7142857140000001,0.7857142859999999,0.7857142859999999,0.857142857,0.857142857,0.9285714290000001,0.9285714290000001
81,0.653809524,0.654761905,0.655833333,0.654285714,0.648928571,0.644166667,0.645833333,0.650595238,0.653095238,0.654166667,0.657261905,0.663452381,0.669166667,0.672261905,0.673333333,0.672261905,0.6710714289999999,0.6711904759999999,0.6735714290000001,0.67452381,0.673809524,0.674761905,0.674166667,0.671904762,0.668333333,0.664047619,0.663333333,0.666428571,0.665238095,0.66547619
82,0.7242857140000001,0.7255952379999999,0.7264285709999999,0.72452381,0.717142857,0.7138095240000001,0.7175,0.7260714290000001,0.731190476,0.732261905,0.7364285709999999,0.7416666670000001,0.748214286,0.753928571,0.755238095,0.751071429,0.749166667,0.750357143,0.7542857140000001,0.7505952379999999,0.7463095240000001,0.74202381,0.734047619,0.7265476190000001,0.7182142859999999,0.71047619,0.707857143,0.708928571,0.70297619,0.703095238
83,0.594285714,0.593333333,0.595952381,0.59797619,0.595952381,0.593571429,0.594166667,0.595952381,0.5978571429999999,0.5985714289999999,0.599166667,0.603452381,0.608214286,0.609404762,0.609285714,0.611904762,0.610952381,0.609642857,0.611785714,0.615,0.61797619,0.622142857,0.626190476,0.6282142860000001,0.628690476,0.6283333329999999,0.62797619,0.632380952,0.6359523810000001,0.636785714
84,0.6154666670000001,0.619933333,0.621,0.6296666670000001,0.643733333,0.6626,0.6779999999999999,0.679266667,0.6644,0.658133333,0.653133333,0.654466667,0.6468666670000001,0.650666667,0.6366666670000001,0.645466667,0.6554,0.6657333329999999,0.675666667,0.688333333,0.7021333329999999,0.7182666670000001,0.735733333,0.7526,0.771933333,0.7959999999999999,0.809133333,0.817133333,0.821533333,0.832533333
85,0.0058,0.0058,0.0058,0.0058,0.005866667,0.005866667,0.005866667,0.004311110999999999,0.0028666670000000003,0.0032,0.0032,0.0032444440000000004,0.0032444440000000004,0.014577778000000001,0.011911111,0.019111111,0.019333333,0.019333333,0.02,0.035044444,0.036488889,0.036711111,0.039822222000000004,0.056266667,0.0926,0.09771111099999999,0.098444444,0.09877777800000001,0.091444444,0.09733333300000001
86,0.333333333,0.333333333,0.333333333,0.333333333,0.4,0.4,0.4,0.4,0.333333333,0.4,0.4,0.46666666700000003,0.46666666700000003,0.46666666700000003,0.4,0.4,0.46666666700000003,0.46666666700000003,0.533333333,0.533333333,0.6,0.666666667,0.666666667,0.7333333329999999,0.7333333329999999,0.8,0.8,0.8666666670000001,0.8666666670000001,0.933333333
87,0.654444444,0.655555556,0.657333333,0.656666667,0.6527777779999999,0.648444444,0.645777778,0.6466666670000001,0.6517777779999999,0.654555556,0.657444444,0.660888889,0.6659999999999999,0.668222222,0.672111111,0.6727777779999999,0.6725555559999999,0.6709999999999999,0.6707777779999999,0.672333333,0.673444444,0.673666667,0.6737777779999999,0.672111111,0.670666667,0.667222222,0.665888889,0.665666667,0.665555556,0.665444444
88,0.7264444440000001,0.7272222220000001,0.729222222,0.727555556,0.722,0.718666667,0.716,0.719333333,0.729666667,0.7331111109999999,0.7363333329999999,0.7394444440000001,0.7436666670000001,0.746,0.7544444440000001,0.752222222,0.751222222,0.7498888890000001,0.749777778,0.7498888890000001,0.7463333329999999,0.742222222,0.7371111109999999,0.728777778,0.7232222220000001,0.7152222220000001,0.7121111109999999,0.709333333,0.706888889,0.703555556
89,0.592555556,0.594555556,0.595888889,0.598111111,0.597666667,0.594666667,0.594,0.594666667,0.595555556,0.598555556,0.599555556,0.601888889,0.606444444,0.608222222,0.608222222,0.611,0.6123333329999999,0.6108888889999999,0.610555556,0.612444444,0.616777778,0.620777778,0.623777778,0.626888889,0.6276666670000001,0.6291111110000001,0.6293333329999999,0.630777778,0.633,0.6366666670000001
90,0.6109375,0.6135625,0.617125,0.622125,0.6338125,0.645125,0.6578125,0.6729999999999999,0.67625,0.6610625,0.65125,0.6500625,0.6500625,0.6579999999999999,0.6531875,0.6495625,0.6509999999999999,0.6600625,0.673375,0.6888125,0.699875,0.71,0.727125,0.745,0.761875,0.7805,0.7963125,0.8025625,0.82175,0.8236875
91,0.005479166999999999,0.0054375,0.0054375,0.0054375,0.0055,0.0055,0.0055,0.0055,0.0040416670000000005,0.003,0.003,0.003041667,0.003041667,0.013770833,0.013666667,0.0179375,0.018125,0.018125,0.01875,0.032916667000000004,0.034208333,0.034416667000000005,0.037333332999999996,0.05275,0.087125,0.09160416699999999,0.092333333,0.09260416699999999,0.09645833300000001,0.09125
92,0.375,0.3125,0.3125,0.3125,0.375,0.375,0.375,0.4375,0.375,0.375,0.375,0.4375,0.4375,0.5,0.4375,0.4375,0.4375,0.4375,0.5,0.5625,0.5625,0.625,0.6875,0.6875,0.75,0.75,0.8125,0.8125,0.875,0.875
93,0.6529166670000001,0.656041667,0.6579166670000001,0.6580208329999999,0.6551041670000001,0.652083333,0.6496875,0.6465625,0.648020833,0.653229167,0.657604167,0.660833333,0.6634375,0.6653125,0.668333333,0.671666667,0.6730208329999999,0.6723958329999999,0.670625,0.669791667,0.671458333,0.673333333,0.6728125,0.671875,0.6709375,0.669479167,0.66875,0.6679166670000001,0.664895833,0.6657291670000001
94,0.72625,0.7290625,0.7305208329999999,0.730104167,0.725,0.723125,0.7204166670000001,0.7178125,0.723125,0.7315625,0.736875,0.739166667,0.741458333,0.741875,0.746979167,0.7516666670000001,0.752291667,0.7517708329999999,0.749375,0.7459375,0.7459375,0.7425,0.737604167,0.731979167,0.7255208329999999,0.720104167,0.716458333,0.713229167,0.707395833,0.7071875
95,0.589375,0.592916667,0.596875,0.597916667,0.5978125,0.596354167,0.595,0.594479167,0.594375,0.596354167,0.599479167,0.6020833329999999,0.604791667,0.6065625,0.6071875,0.6098958329999999,0.611458333,0.6121875,0.611666667,0.61125,0.614270833,0.619479167,0.622395833,0.624583333,0.626458333,0.628125,0.63,0.631875,0.631458333,0.6338541670000001
96,0.609705882,0.609411765,0.611294118,0.618411765,0.626470588,0.635705882,0.641647059,0.6542941179999999,0.670529412,0.672411765,0.654411765,0.648470588,0.646176471,0.660352941,0.659941176,0.664352941,0.654529412,0.655647059,0.667588235,0.685882353,0.699647059,0.707411765,0.718823529,0.7363529409999999,0.754176471,0.770529412,0.781705882,0.790882353,0.8077647059999999,0.823764706
97,0.005156863,0.005156863,0.005117647,0.005117647,0.005176471,0.005176471,0.005176471,0.005176471,0.005176471,0.004098039,0.0028235290000000004,0.002862745,0.002862745,0.012960784,0.012960784,0.019235294,0.017078431,0.017058824,0.017647059,0.030980392000000002,0.032254902,0.032392157000000005,0.035137255,0.049647059,0.08199999999999999,0.08650980400000001,0.086901961,0.08719607800000001,0.090784314,0.095980392
98,0.352941176,0.352941176,0.294117647,0.294117647,0.352941176,0.352941176,0.352941176,0.41176470600000004,0.41176470600000004,0.41176470600000004,0.352941176,0.41176470600000004,0.41176470600000004,0.470588235,0.470588235,0.470588235,0.470588235,0.41176470600000004,0.470588235,0.529411765,0.588235294,0.588235294,0.647058824,0.705882353,0.705882353,0.764705882,0.764705882,0.8235294120000001,0.8235294120000001,0.882352941
99,0.650098039,0.654509804,0.658235294,0.658529412,0.656470588,0.654313725,0.653039216,0.650196078,0.6478431370000001,0.649607843,0.656176471,0.660784314,0.663235294,0.662941176,0.665588235,0.668137255,0.671960784,0.672843137,0.671960784,0.669705882,0.669117647,0.6714705879999999,0.67254902,0.671078431,0.6707843139999999,0.669803922,0.6707843139999999,0.670490196,0.6670588239999999,0.665098039
100,0.724411765,0.72872549,0.7320588240000001,0.73127451,0.72754902,0.7258823529999999,0.7245098040000001,0.721862745,0.721470588,0.725294118,0.735196078,0.7395098040000001,0.7410784309999999,0.7399019609999999,0.7430392159999999,0.744803922,0.7517647059999999,0.752745098,0.751176471,0.7457843140000001,0.74245098,0.7423529409999999,0.738137255,0.732745098,0.72872549,0.72245098,0.7209803920000001,0.7172549020000001,0.7111764709999999,0.707647059
101,0.58745098,0.589901961,0.595196078,0.59872549,0.597647059,0.596568627,0.596568627,0.595392157,0.594215686,0.595196078,0.597352941,0.601862745,0.604803922,0.605,0.605686275,0.608823529,0.610392157,0.6113725489999999,0.612843137,0.612254902,0.613039216,0.616960784,0.621078431,0.623235294,0.624313725,0.626960784,0.629019608,0.6323529410000001,0.63245098,0.6323529410000001
102,0.602833333,0.6083333329999999,0.6075,0.612833333,0.622722222,0.6286666670000001,0.6329444439999999,0.639222222,0.653,0.667222222,0.6655,0.651611111,0.644888889,0.656111111,0.662055556,0.670111111,0.668222222,0.6587222220000001,0.6629999999999999,0.679722222,0.696277778,0.706777778,0.715888889,0.728,0.7455,0.762777778,0.772222222,0.777388889,0.796444444,0.810444444
103,0.00487037,0.00487037,0.00487037,0.0048333329999999996,0.004888889,0.004888889,0.004888889,0.004888889,0.004888889,0.005166667,0.00387037,0.0027037040000000004,0.0027037040000000004,0.012240741000000001,0.012240741000000001,0.018259259,0.018351852,0.01612963,0.016666667,0.029259259,0.030462963,0.030648147999999997,0.033185185,0.046888889,0.077444444,0.081703704,0.082351852,0.082351852,0.08577777800000001,0.09064814800000001
104,0.333333333,0.333333333,0.333333333,0.27777777800000003,0.333333333,0.333333333,0.333333333,0.38888888899999996,0.38888888899999996,0.444444444,0.38888888899999996,0.38888888899999996,0.38888888899999996,0.444444444,0.444444444,0.5,0.5,0.444444444,0.444444444,0.5,0.5555555560000001,0.611111111,0.611111111,0.666666667,0.7222222220000001,0.7222222220000001,0.7777777779999999,0.7777777779999999,0.833333333,0.833333333
105,0.64962963,0.651759259,0.656666667,0.658796296,0.657037037,0.6556481479999999,0.655092593,0.653333333,0.6512037039999999,0.649351852,0.6525925929999999,0.6592592589999999,0.663055556,0.6627777779999999,0.663333333,0.665555556,0.668611111,0.6718518520000001,0.672407407,0.671018519,0.669074074,0.6692592589999999,0.6708333329999999,0.670925926,0.670092593,0.669722222,0.671018519,0.672314815,0.669537037,0.66712963
106,0.7265740740000001,0.726851852,0.7315740740000001,0.732685185,0.728796296,0.7282407409999999,0.727037037,0.725648148,0.725092593,0.723611111,0.729074074,0.737777778,0.7412962959999999,0.73962963,0.7411111109999999,0.741203704,0.745277778,0.752222222,0.75212963,0.747685185,0.7425,0.7392592590000001,0.7382407409999999,0.7335185190000001,0.72962963,0.725648148,0.7231481479999999,0.721481481,0.7150925929999999,0.7112037040000001
107,0.583796296,0.588055556,0.5922222220000001,0.597037037,0.598425926,0.596481481,0.5967592589999999,0.596851852,0.595092593,0.595,0.596203704,0.599722222,0.604444444,0.605,0.604259259,0.607314815,0.6093518520000001,0.61037037,0.612037037,0.6133333329999999,0.6138888889999999,0.615648148,0.618611111,0.6219444439999999,0.6230555560000001,0.624907407,0.62787037,0.631296296,0.63287037,0.633240741
108,0.5944210529999999,0.6018947370000001,0.606578947,0.609157895,0.617210526,0.625,0.626421053,0.6311052629999999,0.638789474,0.650789474,0.660947368,0.662263158,0.6480526320000001,0.654368421,0.657947368,0.671578947,0.6734736840000001,0.6714736840000001,0.665526316,0.6747368420000001,0.689894737,0.7032105259999999,0.714842105,0.724736842,0.737105263,0.754105263,0.7647894740000001,0.768631579,0.7833684209999999,0.799578947
109,0.004614035,0.004614035,0.004614035,0.004614035,0.004631579,0.004631579,0.004631579,0.004631579,0.004631579,0.004894737,0.004894737,0.0037017540000000002,0.0025614039999999998,0.011596491,0.011596491,0.017298246,0.017473684,0.017385965,0.015807018,0.027719298,0.028859648999999998,0.029035087999999997,0.031491227999999996,0.044421052999999995,0.073368421,0.07740350900000001,0.07801754400000001,0.07828070200000001,0.081263158,0.085912281
110,0.31578947399999996,0.31578947399999996,0.31578947399999996,0.31578947399999996,0.31578947399999996,0.31578947399999996,0.31578947399999996,0.36842105299999994,0.36842105299999994,0.42105263200000004,0.42105263200000004,0.42105263200000004,0.36842105299999994,0.42105263200000004,0.42105263200000004,0.473684211,0.526315789,0.473684211,0.473684211,0.473684211,0.526315789,0.578947368,0.6315789470000001,0.6315789470000001,0.684210526,0.736842105,0.736842105,0.7894736840000001,0.7894736840000001,0.842105263
111,0.647631579,0.65122807,0.653947368,0.657280702,0.657368421,0.65622807,0.656315789,0.655263158,0.654122807,0.65245614,0.652192982,0.655701754,0.6614912279999999,0.662631579,0.663157895,0.663421053,0.666140351,0.668684211,0.6714912279999999,0.6714912279999999,0.6703508770000001,0.669210526,0.66877193,0.669385965,0.67,0.669122807,0.6708771929999999,0.67245614,0.6713157890000001,0.669473684
112,0.725964912,0.72877193,0.729649123,0.732192982,0.730263158,0.729385965,0.7292105259999999,0.7279824559999999,0.7285087720000001,0.726929825,0.7272807020000001,0.731842105,0.739561404,0.739912281,0.7407894740000001,0.739473684,0.741842105,0.746052632,0.7516666670000001,0.74877193,0.744473684,0.739473684,0.735526316,0.7338596490000001,0.730526316,0.726666667,0.726140351,0.7235087720000001,0.7192105259999999,0.7149122809999999
113,0.581491228,0.584561404,0.590350877,0.594122807,0.596842105,0.597280702,0.596666667,0.597017544,0.596491228,0.5957894739999999,0.595964912,0.5985087720000001,0.6022807020000001,0.604649123,0.604298246,0.605877193,0.6078947370000001,0.609385965,0.611052632,0.61254386,0.614824561,0.616315789,0.6172807020000001,0.619561404,0.621842105,0.623684211,0.625877193,0.6300877189999999,0.631842105,0.633596491
114,0.588,0.59395,0.60055,0.6082,0.6135,0.61965,0.62305,0.625,0.6311,0.6374,0.64565,0.6581,0.65835,0.6569,0.6562,0.6672,0.6747,0.6763,0.6773,0.67655,0.68465,0.6968,0.71105,0.7233,0.73355,0.7457,0.75645,0.76175,0.77475,0.787
115,0.004383333,0.004383333,0.004383333,0.004383333,0.004433333,0.0044,0.0044,0.0044,0.0044,0.00465,0.00465,0.004683333,0.0035166670000000002,0.011016666999999999,0.011016666999999999,0.016433333,0.0166,0.0166,0.017016667,0.02635,0.027416667000000002,0.027583332999999998,0.029916667,0.04225,0.0697,0.07353333299999999,0.074116667,0.074366667,0.07745,0.081616667
116,0.3,0.3,0.3,0.3,0.35,0.3,0.3,0.35,0.35,0.4,0.4,0.45,0.4,0.4,0.4,0.45,0.5,0.5,0.5,0.5,0.5,0.55,0.6,0.65,0.65,0.7,0.75,0.75,0.8,0.8
117,0.6455,0.64925,0.653333333,0.654666667,0.6559999999999999,0.6565833329999999,0.656833333,0.656416667,0.6559166670000001,0.655166667,0.655,0.655166667,0.6579999999999999,0.661166667,0.6629999999999999,0.66325,0.664083333,0.666333333,0.6685,0.670666667,0.6708333329999999,0.670416667,0.66875,0.6675,0.668583333,0.669083333,0.67025,0.67225,0.6715,0.671166667
118,0.725333333,0.7280833329999999,0.7313333329999999,0.7303333329999999,0.729916667,0.73075,0.73025,0.73,0.730583333,0.730083333,0.73025,0.73,0.733833333,0.7383333329999999,0.741,0.73925,0.740166667,0.74275,0.745833333,0.7485,0.7456666670000001,0.7415,0.735916667,0.7315,0.731,0.727666667,0.7270833329999999,0.726333333,0.72125,0.718833333
119,0.5765,0.582333333,0.586916667,0.59225,0.5940833329999999,0.595833333,0.5974166670000001,0.596916667,0.596666667,0.5970833329999999,0.596666667,0.598166667,0.601,0.602583333,0.604,0.605833333,0.6065,0.608,0.610083333,0.611583333,0.614,0.617083333,0.617833333,0.61825,0.619583333,0.6225,0.6246666670000001,0.628083333,0.6306666670000001,0.632583333
120,0.587571429,0.5878571429999999,0.593047619,0.6023809520000001,0.612380952,0.616,0.6180476189999999,0.621857143,0.625285714,0.6301428570000001,0.6331428570000001,0.6436666670000001,0.654571429,0.666285714,0.65852381,0.6650952379999999,0.670380952,0.677333333,0.681619048,0.687238095,0.6859047620000001,0.69147619,0.704571429,0.7192857140000001,0.731761905,0.741904762,0.7483333329999999,0.753952381,0.767904762,0.7786190479999999
121,0.004174603,0.004174603,0.004174603,0.004174603,0.004222222,0.004222222,0.004190475999999999,0.004190475999999999,0.004190475999999999,0.004428571,0.004428571,0.004460317,0.004460317,0.01152381,0.010492063000000001,0.015650794,0.015809524,0.015809524,0.016285714,0.027000000000000003,0.026126984,0.026269841000000002,0.028492062999999998,0.040238095,0.06642857099999999,0.07003174599999999,0.070587302,0.070825397,0.073761905,0.077968254
122,0.28571428600000004,0.28571428600000004,0.28571428600000004,0.28571428600000004,0.333333333,0.333333333,0.28571428600000004,0.333333333,0.333333333,0.380952381,0.380952381,0.428571429,0.428571429,0.428571429,0.380952381,0.428571429,0.47619047600000003,0.47619047600000003,0.523809524,0.523809524,0.523809524,0.523809524,0.571428571,0.6190476189999999,0.666666667,0.666666667,0.7142857140000001,0.761904762,0.761904762,0.80952381
123,0.641904762,0.6471428570000001,0.651349206,0.654047619,0.653571429,0.65531746,0.6571428570000001,0.656904762,0.6569841270000001,0.656825397,0.6574603170000001,0.657698413,0.657380952,0.657857143,0.661587302,0.6630952379999999,0.663888889,0.664365079,0.666269841,0.667857143,0.670079365,0.670873016,0.669920635,0.667539683,0.666825397,0.6677777779999999,0.67015873,0.671587302,0.6713492059999999,0.6713492059999999
124,0.7225396829999999,0.7273809520000001,0.730555556,0.731904762,0.728253968,0.730396825,0.731507937,0.7309523809999999,0.7323809520000001,0.731984127,0.733095238,0.7326984129999999,0.731984127,0.732936508,0.7394444440000001,0.73952381,0.739920635,0.7411111109999999,0.742698413,0.743095238,0.7455555559999999,0.742777778,0.7380158729999999,0.732063492,0.728888889,0.728253968,0.7280158729999999,0.7272222220000001,0.724047619,0.7207936509999999
125,0.572301587,0.5775396829999999,0.58468254,0.588888889,0.592301587,0.593253968,0.596031746,0.597619048,0.596587302,0.5972222220000001,0.5978571429999999,0.598730159,0.600555556,0.601349206,0.602063492,0.60547619,0.606428571,0.606666667,0.6087301589999999,0.610634921,0.6130158729999999,0.616190476,0.6184920629999999,0.618730159,0.6183333329999999,0.62031746,0.6234920629999999,0.6268253970000001,0.628730159,0.631428571
126,0.6007727270000001,0.587454545,0.587272727,0.595136364,0.606636364,0.614818182,0.614636364,0.6171363639999999,0.622272727,0.624636364,0.626409091,0.6318181820000001,0.640954545,0.662318182,0.667409091,0.6669090910000001,0.668227273,0.673090909,0.6823636359999999,0.690909091,0.695681818,0.692363636,0.699136364,0.7127272729999999,0.727545455,0.739818182,0.744590909,0.746318182,0.760181818,0.7719090909999999
127,0.004363636,0.003984848,0.003984848,0.003984848,0.004030303,0.004030303,0.004030303,0.004,0.004,0.004227273,0.004227273,0.004257576,0.004257576,0.012060606000000001,0.011000000000000001,0.014939393999999998,0.015090909,0.015090909,0.015545455,0.025848485,0.026757576,0.025090908999999998,0.02719697,0.038409091,0.063409091,0.066893939,0.067378788,0.067606061,0.070409091,0.074424242
128,0.318181818,0.272727273,0.272727273,0.272727273,0.318181818,0.318181818,0.318181818,0.318181818,0.318181818,0.363636364,0.363636364,0.409090909,0.409090909,0.454545455,0.409090909,0.409090909,0.454545455,0.454545455,0.5,0.545454545,0.545454545,0.545454545,0.545454545,0.590909091,0.636363636,0.681818182,0.681818182,0.727272727,0.772727273,0.772727273
129,0.636287879,0.643636364,0.649242424,0.6521212120000001,0.653030303,0.653030303,0.655909091,0.65719697,0.657424242,0.65780303,0.658939394,0.659924242,0.65969697,0.6572727270000001,0.658409091,0.6617424239999999,0.663712121,0.664166667,0.664393939,0.665757576,0.6674242420000001,0.670151515,0.670378788,0.668712121,0.6668939389999999,0.666136364,0.668863636,0.6714393940000001,0.670757576,0.6712121209999999
130,0.714772727,0.7246212120000001,0.7297727270000001,0.731136364,0.729848485,0.7287878790000001,0.731136364,0.732121212,0.7331818179999999,0.7336363640000001,0.7347727270000001,0.73530303,0.734469697,0.731212121,0.7342424240000001,0.738106061,0.740151515,0.740833333,0.741136364,0.740227273,0.740530303,0.74280303,0.7393939390000001,0.7342424240000001,0.729545455,0.726363636,0.7285606059999999,0.728106061,0.725,0.723484848
131,0.5689393939999999,0.573484848,0.58,0.586666667,0.5890909089999999,0.591590909,0.593560606,0.596287879,0.597272727,0.597121212,0.597954545,0.5997727270000001,0.600984848,0.600909091,0.600909091,0.603560606,0.606060606,0.606590909,0.607424242,0.609318182,0.612045455,0.615151515,0.617575758,0.619318182,0.618787879,0.619090909,0.621363636,0.625606061,0.6275,0.629545455
132,0.613391304,0.600086957,0.586913043,0.5895217389999999,0.5995217389999999,0.609217391,0.613565217,0.6139130429999999,0.61773913,0.6217826089999999,0.621304348,0.625434783,0.62973913,0.648956522,0.663565217,0.675043478,0.669826087,0.670913043,0.678086957,0.6912173909999999,0.698826087,0.701434783,0.699652174,0.707173913,0.7209130429999999,0.735434783,0.7424782609999999,0.7428260870000001,0.7526086959999999,0.764347826
133,0.00584058,0.004173913,0.003811594,0.003811594,0.003855072,0.003855072,0.003855072,0.003855072,0.003826087,0.004043478,0.004043478,0.0040724640000000005,0.0040724640000000005,0.011536231999999999,0.011536231999999999,0.015231884,0.014434783,0.014434783,0.014869565,0.024724637999999997,0.025666667,0.02573913,0.026028986,0.03673913,0.060652174,0.063985507,0.064492754,0.064666667,0.067347826,0.071188406
134,0.347826087,0.304347826,0.260869565,0.260869565,0.304347826,0.304347826,0.304347826,0.347826087,0.304347826,0.347826087,0.347826087,0.39130434799999997,0.39130434799999997,0.434782609,0.434782609,0.434782609,0.434782609,0.434782609,0.47826087,0.52173913,0.565217391,0.565217391,0.565217391,0.565217391,0.608695652,0.6521739129999999,0.695652174,0.695652174,0.739130435,0.7826086959999999
135,0.633188406,0.638188406,0.645797101,0.650072464,0.651231884,0.652536232,0.653695652,0.6560144929999999,0.657681159,0.6581884060000001,0.659782609,0.661231884,0.66173913,0.659492754,0.657826087,0.658695652,0.662391304,0.663985507,0.664202899,0.663985507,0.6654347829999999,0.6676086960000001,0.669710145,0.669202899,0.668043478,0.666231884,0.667246377,0.6701449279999999,0.670652174,0.670652174
136,0.709710145,0.7171014490000001,0.727028986,0.730362319,0.729202899,0.730289855,0.729565217,0.73173913,0.734202899,0.7343478259999999,0.7362318840000001,0.7368115940000001,0.736884058,0.7336231879999999,0.7325362320000001,0.7331884059999999,0.7387681159999999,0.741014493,0.740869565,0.73884058,0.7378985509999999,0.7381159420000001,0.739565217,0.735724638,0.73173913,0.7271014490000001,0.72673913,0.7286231879999999,0.725942029,0.72442029
137,0.567826087,0.570217391,0.576014493,0.5821014489999999,0.586956522,0.588550725,0.591956522,0.5939130429999999,0.596014493,0.597753623,0.5978260870000001,0.599782609,0.601884058,0.601304348,0.600507246,0.602391304,0.604202899,0.6062318839999999,0.607318841,0.6080434779999999,0.610724638,0.614130435,0.616521739,0.618405797,0.619347826,0.619492754,0.620144928,0.623478261,0.626304348,0.6283333329999999
138,0.6213333329999999,0.612208333,0.599041667,0.5890833329999999,0.593958333,0.602291667,0.60825,0.612916667,0.614625,0.617458333,0.6187083329999999,0.620583333,0.623708333,0.637875,0.650708333,0.671041667,0.6775,0.672333333,0.675791667,0.68675,0.6987916670000001,0.704208333,0.708041667,0.707333333,0.71525,0.72875,0.738166667,0.740875,0.7490000000000001,0.756916667
139,0.013444444,0.005597222,0.004,0.0036527779999999998,0.0036944440000000003,0.0036944440000000003,0.0036944440000000003,0.0036944440000000003,0.0036944440000000003,0.003875,0.003875,0.003902778,0.003902778,0.011055556000000001,0.011055556000000001,0.015569443999999998,0.014736111000000001,0.013833333,0.01425,0.023694444,0.024597222000000002,0.024736111,0.026611111,0.035222222000000004,0.058125,0.061319444,0.061805556,0.062013889,0.064541667,0.068222222
140,0.375,0.333333333,0.291666667,0.25,0.291666667,0.291666667,0.291666667,0.333333333,0.333333333,0.333333333,0.333333333,0.375,0.375,0.41666666700000005,0.41666666700000005,0.45833333299999995,0.45833333299999995,0.41666666700000005,0.45833333299999995,0.5,0.541666667,0.583333333,0.583333333,0.583333333,0.583333333,0.625,0.666666667,0.708333333,0.708333333,0.75
141,0.6309027779999999,0.635138889,0.640486111,0.6467361110000001,0.6493055560000001,0.650833333,0.6531944439999999,0.653888889,0.656527778,0.658402778,0.660069444,0.661944444,0.6629166670000001,0.661458333,0.6599305560000001,0.658125,0.659444444,0.662708333,0.664027778,0.663819444,0.66375,0.665694444,0.667291667,0.668611111,0.6685416670000001,0.6673611110000001,0.667291667,0.6685416670000001,0.669444444,0.670555556
142,0.70625,0.712152778,0.719722222,0.7277083329999999,0.728541667,0.729652778,0.730972222,0.730208333,0.73375,0.7352777779999999,0.736805556,0.738125,0.7382638890000001,0.735972222,0.734791667,0.731597222,0.734027778,0.739652778,0.7410416670000001,0.7386805559999999,0.736666667,0.7356944440000001,0.735208333,0.7360416670000001,0.7332638890000001,0.7293055559999999,0.727430556,0.726875,0.726527778,0.725347222
143,0.566875,0.569097222,0.572777778,0.578194444,0.582569444,0.586527778,0.589027778,0.592361111,0.59375,0.596527778,0.598402778,0.599583333,0.601805556,0.602152778,0.6009027779999999,0.601944444,0.603055556,0.604444444,0.606944444,0.607916667,0.609444444,0.612777778,0.6154861110000001,0.617361111,0.6184722220000001,0.62,0.6204861110000001,0.622222222,0.624236111,0.627152778
144,0.6148399999999999,0.61988,0.6107199999999999,0.60064,0.59336,0.5968399999999999,0.60164,0.6078399999999999,0.61364,0.61448,0.61468,0.61812,0.61912,0.63176,0.64,0.6584,0.67356,0.6796,0.67696,0.6842,0.6942,0.70396,0.71044,0.71508,0.71508,0.723,0.73164,0.7368,0.74688,0.7532800000000001
145,0.012906667,0.012906667,0.005373333,0.0038399999999999997,0.0035466670000000003,0.0035466670000000003,0.0035466670000000003,0.0035466670000000003,0.0035466670000000003,0.003746667,0.00372,0.003746667,0.003746667,0.010613333,0.010613333,0.014946667,0.015080000000000001,0.014146667,0.013680000000000001,0.022746667,0.023613332999999997,0.023746667000000003,0.025613333,0.035413333,0.055813333,0.058866667000000004,0.059333332999999995,0.059533333,0.062,0.065493333
146,0.36,0.36,0.32,0.28,0.28,0.28,0.28,0.32,0.32,0.36,0.32,0.36,0.36,0.4,0.4,0.44,0.48,0.44,0.44,0.48,0.52,0.56,0.6,0.6,0.6,0.6,0.64,0.68,0.72,0.72
147,0.6316,0.632866667,0.637466667,0.6416,0.646133333,0.649,0.6515333329999999,0.6534,0.654466667,0.657266667,0.6602,0.662133333,0.663533333,0.6626,0.6618,0.660133333,0.6588666670000001,0.6598666670000001,0.6628,0.663666667,0.6636,0.664066667,0.665466667,0.666333333,0.6679999999999999,0.6678666670000001,0.668333333,0.668533333,0.667933333,0.6694
148,0.7069333329999999,0.708733333,0.714866667,0.720666667,0.726066667,0.7290000000000001,0.7303333329999999,0.731533333,0.7322,0.7348,0.7376,0.7386,0.7394666670000001,0.7373333329999999,0.737,0.7338,0.7324666670000001,0.735066667,0.739733333,0.738933333,0.7366,0.7346,0.733,0.732,0.733666667,0.730866667,0.729533333,0.727533333,0.724933333,0.725933333
149,0.5680666670000001,0.568133333,0.5716,0.575,0.5788,0.582333333,0.587066667,0.589533333,0.5922666670000001,0.594333333,0.5972,0.600066667,0.601533333,0.602066667,0.601733333,0.602266667,0.6026,0.6033333329999999,0.6052,0.607533333,0.609266667,0.6114666670000001,0.614133333,0.6163333329999999,0.6174666670000001,0.619133333,0.620933333,0.6224666670000001,0.623,0.625133333
150,0.610269231,0.613692308,0.618153846,0.6118076920000001,0.604307692,0.596153846,0.5964230770000001,0.6015,0.608730769,0.6135384620000001,0.611923077,0.614269231,0.6168076920000001,0.627038462,0.634038462,0.647807692,0.6613076920000001,0.6757307690000001,0.683769231,0.685,0.691461538,0.6993461540000001,0.709961538,0.717115385,0.722230769,0.722538462,0.726,0.730576923,0.742730769,0.751076923
151,0.012410256000000001,0.012410256000000001,0.012410256000000001,0.005166667,0.003730769,0.003410256,0.003410256,0.003410256,0.003410256,0.0036025640000000004,0.0036025640000000004,0.0036025640000000004,0.0036025640000000004,0.010205128,0.010205128,0.014371795,0.0145,0.0145,0.013987178999999999,0.021871795,0.022705127999999998,0.022833332999999997,0.024628205,0.034115385,0.055205128,0.056615385,0.057051282,0.05724359,0.059615385,0.063012821
152,0.346153846,0.346153846,0.346153846,0.307692308,0.307692308,0.269230769,0.269230769,0.307692308,0.307692308,0.346153846,0.346153846,0.346153846,0.346153846,0.384615385,0.384615385,0.423076923,0.46153846200000004,0.46153846200000004,0.46153846200000004,0.46153846200000004,0.5,0.538461538,0.576923077,0.615384615,0.615384615,0.615384615,0.615384615,0.653846154,0.692307692,0.7307692309999999
153,0.63275641,0.6334615379999999,0.6351923079999999,0.638653846,0.641217949,0.645961538,0.64974359,0.6517948720000001,0.653974359,0.65525641,0.659038462,0.6621794870000001,0.663653846,0.663205128,0.662884615,0.6619230770000001,0.6607692310000001,0.659294872,0.660064103,0.6625,0.663461538,0.663910256,0.663910256,0.664615385,0.6658333329999999,0.667371795,0.668782051,0.669487179,0.667948718,0.667948718
154,0.70974359,0.7092948720000001,0.7114743590000001,0.715961538,0.719358974,0.726602564,0.7296794870000001,0.7308974359999999,0.733397436,0.733269231,0.737051282,0.739294872,0.739871795,0.738525641,0.738269231,0.735961538,0.7345512820000001,0.733525641,0.735320513,0.73775641,0.736923077,0.734615385,0.732051282,0.73,0.729871795,0.731346154,0.7310256409999999,0.7295512820000001,0.7256410259999999,0.7244230770000001
155,0.5675,0.569230769,0.570576923,0.573782051,0.575705128,0.578717949,0.5830128210000001,0.587628205,0.5895512820000001,0.592884615,0.595064103,0.598846154,0.601923077,0.601794872,0.601666667,0.603012821,0.602884615,0.602884615,0.604102564,0.605833333,0.608846154,0.611217949,0.612820513,0.615,0.616474359,0.618141026,0.6200641029999999,0.622820513,0.6232051279999999,0.623910256
156,0.609481481,0.6093333329999999,0.612259259,0.618925926,0.6149259260000001,0.606592593,0.595777778,0.596481481,0.602592593,0.608814815,0.611111111,0.61162963,0.613148148,0.624518519,0.629407407,0.641777778,0.6509999999999999,0.6638518520000001,0.6798888890000001,0.6912592590000001,0.6919629629999999,0.6965185190000001,0.705296296,0.716407407,0.7239259259999999,0.7291481479999999,0.7254444440000001,0.725185185,0.7365185190000001,0.746925926
157,0.011950617,0.011950617,0.011950617,0.011950617,0.005012346,0.003592593,0.003283951,0.003283951,0.003283951,0.003469136,0.003469136,0.003493827,0.003469136,0.00982716,0.00982716,0.013839506000000001,0.013962963,0.013962963,0.014333333,0.021864197999999998,0.021864197999999998,0.021987654,0.023716049,0.032851852,0.053222222,0.055999999999999994,0.054950617,0.055123457,0.057407407,0.060679012000000004
158,0.333333333,0.333333333,0.333333333,0.333333333,0.333333333,0.296296296,0.25925925899999996,0.296296296,0.296296296,0.333333333,0.333333333,0.37037037,0.333333333,0.37037037,0.37037037,0.40740740700000005,0.444444444,0.444444444,0.481481481,0.481481481,0.481481481,0.518518519,0.5555555560000001,0.592592593,0.62962963,0.62962963,0.62962963,0.62962963,0.666666667,0.703703704
159,0.631728395,0.634506173,0.635679012,0.636419753,0.6383950620000001,0.641234568,0.6467901229999999,0.650061728,0.652407407,0.654753086,0.657037037,0.660987654,0.663641975,0.663333333,0.66345679,0.662962963,0.662469136,0.661111111,0.6595061729999999,0.659876543,0.662345679,0.663765432,0.663765432,0.663148148,0.664197531,0.6653086420000001,0.668271605,0.669876543,0.668888889,0.667962963
160,0.7096913579999999,0.71191358,0.71191358,0.7126543209999999,0.7148765429999999,0.720123457,0.727345679,0.7302469140000001,0.7327160490000001,0.7343827159999999,0.735493827,0.7387037040000001,0.740493827,0.738950617,0.7393827159999999,0.737222222,0.7366049379999999,0.735493827,0.73382716,0.733580247,0.735864198,0.735,0.732160494,0.729197531,0.7280246909999999,0.727777778,0.731481481,0.7309876540000001,0.7276543209999999,0.725123457
161,0.565432099,0.568641975,0.57154321,0.572716049,0.574506173,0.5757407410000001,0.579506173,0.5837037039999999,0.587716049,0.590246914,0.593641975,0.596728395,0.6006790120000001,0.6021604939999999,0.601419753,0.602901235,0.603580247,0.6031481479999999,0.603641975,0.604753086,0.6071604939999999,0.610740741,0.612530864,0.613703704,0.615185185,0.617160494,0.619074074,0.62191358,0.623518519,0.624074074
162,0.6088928570000001,0.608607143,0.608107143,0.613214286,0.621678571,0.61675,0.6058571429999999,0.5958571429999999,0.597714286,0.6028928570000001,0.606642857,0.6108571429999999,0.610642857,0.620714286,0.6268928570000001,0.637035714,0.645071429,0.653821429,0.668285714,0.68725,0.69775,0.6968214290000001,0.702357143,0.711678571,0.723,0.7305357140000001,0.731714286,0.724678571,0.731107143,0.740785714
163,0.01152381,0.01152381,0.01152381,0.01152381,0.011559524,0.0048333329999999996,0.0034642859999999996,0.003166667,0.003166667,0.003345238,0.003345238,0.003369048,0.003369048,0.00947619,0.00947619,0.013345238,0.013464286,0.013464286,0.013821429,0.021916667,0.021857143,0.021202381,0.022869048,0.031678571,0.051321429,0.054059524000000005,0.054416667,0.053166667,0.055357143,0.058511905
164,0.321428571,0.321428571,0.321428571,0.321428571,0.35714285700000004,0.321428571,0.28571428600000004,0.28571428600000004,0.28571428600000004,0.321428571,0.321428571,0.35714285700000004,0.35714285700000004,0.35714285700000004,0.35714285700000004,0.39285714299999996,0.428571429,0.428571429,0.46428571399999996,0.5,0.5,0.5,0.535714286,0.571428571,0.607142857,0.642857143,0.642857143,0.642857143,0.642857143,0.6785714290000001
165,0.63125,0.633452381,0.636607143,0.6368452379999999,0.63625,0.638511905,0.642202381,0.647202381,0.650714286,0.653214286,0.656488095,0.658988095,0.662440476,0.663333333,0.663571429,0.663511905,0.663452381,0.662738095,0.66125,0.659345238,0.659821429,0.662678571,0.663630952,0.6630357139999999,0.662797619,0.66375,0.66625,0.669345238,0.669285714,0.668869048
166,0.71125,0.711785714,0.7143452379999999,0.7130357140000001,0.71172619,0.71577381,0.7210714290000001,0.72797619,0.73202381,0.7336904759999999,0.736488095,0.737142857,0.739880952,0.739583333,0.739761905,0.7383333329999999,0.7377976190000001,0.737440476,0.735714286,0.7322023809999999,0.731904762,0.734047619,0.732619048,0.729404762,0.7273214290000001,0.7260714290000001,0.7280357140000001,0.7314285709999999,0.729107143,0.7270833329999999
167,0.563333333,0.5666071429999999,0.570892857,0.573571429,0.5734523810000001,0.574583333,0.5766071429999999,0.580297619,0.5839285710000001,0.588452381,0.591071429,0.595297619,0.5985714289999999,0.600952381,0.601785714,0.602619048,0.603452381,0.603809524,0.603869048,0.604285714,0.606071429,0.609047619,0.61202381,0.613392857,0.613928571,0.6158928570000001,0.618095238,0.6208928570000001,0.622619048,0.624345238
168,0.604931034,0.608068966,0.6074482760000001,0.609172414,0.616068966,0.623206897,0.615689655,0.605586207,0.597068966,0.598172414,0.601,0.606551724,0.609931034,0.618034483,0.623137931,0.6343448279999999,0.64037931,0.648,0.658448276,0.675793103,0.693655172,0.702241379,0.7024482759999999,0.70862069,0.7182068970000001,0.729413793,0.732965517,0.7307586209999999,0.730413793,0.735413793
169,0.011126437,0.011126437,0.011126437,0.011126437,0.01116092,0.01116092,0.004666667,0.0033448279999999998,0.003057471,0.003229885,0.003229885,0.003252874,0.003252874,0.009172414,0.009149425,0.012885057,0.013000000000000001,0.013000000000000001,0.013344828000000001,0.02116092,0.021908046,0.021218391,0.02208046,0.030586207,0.049551724000000005,0.052195402,0.052597701,0.052712644,0.05345977,0.056494253
170,0.310344828,0.310344828,0.310344828,0.310344828,0.344827586,0.344827586,0.310344828,0.310344828,0.275862069,0.310344828,0.310344828,0.344827586,0.344827586,0.379310345,0.344827586,0.379310345,0.413793103,0.413793103,0.448275862,0.482758621,0.517241379,0.517241379,0.517241379,0.551724138,0.5862068970000001,0.620689655,0.655172414,0.655172414,0.655172414,0.655172414
171,0.629425287,0.632931034,0.6355172410000001,0.637701149,0.6366666670000001,0.636436782,0.63954023,0.642758621,0.647931034,0.6515517239999999,0.6549425289999999,0.658390805,0.66045977,0.6621839079999999,0.663563218,0.66362069,0.6639655170000001,0.663678161,0.662816092,0.661034483,0.659310345,0.660229885,0.662586207,0.662931034,0.662701149,0.6624137929999999,0.664712644,0.6673563220000001,0.6687931029999999,0.669252874
172,0.710229885,0.713218391,0.7141379309999999,0.715344828,0.712126437,0.712701149,0.71683908,0.721896552,0.729770115,0.732988506,0.7357471259999999,0.7380459770000001,0.7383333329999999,0.7390229890000001,0.740344828,0.738735632,0.738850575,0.738563218,0.737586207,0.73408046,0.7306321840000001,0.7302873559999999,0.7317816090000001,0.729942529,0.727586207,0.72545977,0.72637931,0.7281034479999999,0.729597701,0.728505747
173,0.560517241,0.56454023,0.568850575,0.5728735629999999,0.574252874,0.573563218,0.57545977,0.577471264,0.5806321839999999,0.584770115,0.589310345,0.592758621,0.597126437,0.598908046,0.600632184,0.602931034,0.60316092,0.603678161,0.604482759,0.604482759,0.605574713,0.607931034,0.610344828,0.612873563,0.61362069,0.6146551720000001,0.61683908,0.6198850570000001,0.621609195,0.623448276
174,0.5992,0.604266667,0.606966667,0.6085,0.612066667,0.617733333,0.621966667,0.6151,0.606433333,0.597533333,0.5965,0.6011,0.6058,0.6171,0.6204666670000001,0.630466667,0.6376666670000001,0.643366667,0.652666667,0.666033333,0.682366667,0.698133333,0.7075,0.7085,0.7150333329999999,0.724566667,0.7318,0.732,0.7361,0.7346
175,0.010755556000000001,0.010755556000000001,0.010755556000000001,0.010755556000000001,0.010788889,0.010788889,0.010788889,0.004511111,0.0032333329999999997,0.003122222,0.003122222,0.003144444,0.003144444,0.008866667,0.008866667,0.012455556000000001,0.012566667,0.012566667,0.0129,0.020455556,0.021177777999999998,0.021288889,0.022066667,0.029566667,0.0479,0.050455556,0.050844444,0.051011111,0.053011111,0.054622222000000005
176,0.3,0.3,0.3,0.3,0.333333333,0.333333333,0.333333333,0.333333333,0.3,0.3,0.3,0.333333333,0.333333333,0.36666666700000006,0.36666666700000006,0.36666666700000006,0.4,0.4,0.433333333,0.46666666700000003,0.5,0.533333333,0.533333333,0.533333333,0.566666667,0.6,0.6333333329999999,0.666666667,0.666666667,0.666666667
177,0.626611111,0.6311111110000001,0.6349444439999999,0.636611111,0.6375,0.636833333,0.6375,0.640166667,0.643611111,0.648833333,0.653277778,0.656833333,0.659833333,0.660277778,0.662444444,0.663611111,0.664055556,0.664166667,0.6637222220000001,0.662555556,0.660944444,0.6597222220000001,0.660222222,0.661944444,0.662611111,0.662333333,0.663388889,0.6658333329999999,0.666888889,0.6687777779999999
178,0.708555556,0.712166667,0.7154444440000001,0.7151111109999999,0.7143888890000001,0.7130555559999999,0.713833333,0.717777778,0.723833333,0.730777778,0.735,0.7372777779999999,0.739166667,0.7375555559999999,0.739777778,0.7393333329999999,0.739222222,0.7395555559999999,0.738666667,0.735944444,0.7325,0.7291111109999999,0.728222222,0.729222222,0.728166667,0.725777778,0.725777778,0.7265,0.7264444440000001,0.7290000000000001
179,0.5558333329999999,0.561777778,0.566777778,0.5708333329999999,0.573555556,0.574333333,0.5744444439999999,0.576333333,0.577888889,0.581555556,0.585722222,0.591,0.594611111,0.5975,0.598666667,0.601777778,0.603444444,0.603388889,0.6043333329999999,0.605055556,0.605722222,0.607388889,0.609222222,0.611222222,0.613111111,0.6143333329999999,0.615611111,0.618611111,0.620611111,0.622444444
