,2012-11-18,2012-11-19,2012-11-20,2012-11-21,2012-11-22,2012-11-23,2012-11-24,2012-11-25,2012-11-26,2012-11-27,2012-11-28,2012-11-29,2012-11-30,2012-12-01,2012-12-02,2012-12-03,2012-12-04,2012-12-05,2012-12-06,2012-12-07,2012-12-08,2012-12-09,2012-12-10,2012-12-11,2012-12-12,2012-12-13,2012-12-14,2012-12-15,2012-12-16,2012-12-17
0,0.616,0.451,0.644,0.516,0.625,0.6829999999999999,0.63,0.469,0.556,0.515,0.389,0.545,0.344,0.496,0.479,0.504,0.669,0.413,0.665,0.534,0.76,0.424,0.455,0.513,0.5529999999999999,0.568,0.551,0.7979999999999999,0.784,0.77
1,0.005,0.0,0.018333333,0.0,0.0,0.001,0.0,0.0,0.0016666670000000001,0.003333333,0.0,0.003333333,0.0,0.0016666670000000001,0.0,0.0,0.018000000000000002,0.0,0.019333333,0.00033333300000000006,0.006333333000000001,0.0,0.0,0.0,0.0,0.0,0.0,0.061666667,0.0016666670000000001,0.0
2,1.0,0.0,1.0,0.0,0.0,1.0,0.0,0.0,1.0,1.0,0.0,1.0,0.0,1.0,0.0,0.0,1.0,0.0,1.0,1.0,1.0,0.0,0.0,0.0,0.0,0.0,0.0,1.0,1.0,0.0
3,0.33833333299999996,0.308333333,0.306666667,0.281666667,0.318333333,0.36166666700000005,0.305,0.278333333,0.306666667,0.288333333,0.285,0.333333333,0.263333333,0.278333333,0.235,0.29833333300000003,0.278333333,0.195,0.18666666699999998,0.145,0.175,0.11333333300000001,0.075,0.111666667,0.141666667,0.166666667,0.225,0.295,0.32666666699999997,0.276666667
4,0.38333333299999994,0.39,0.376666667,0.35666666700000005,0.39,0.425,0.365,0.36166666700000005,0.375,0.335,0.358333333,0.42,0.328333333,0.35333333299999997,0.316666667,0.368333333,0.333333333,0.24833333300000002,0.236666667,0.201666667,0.21,0.161666667,0.133333333,0.173333333,0.236666667,0.25,0.306666667,0.328333333,0.38833333299999995,0.321666667
5,0.275,0.241666667,0.241666667,0.22,0.243333333,0.281666667,0.255,0.22,0.238333333,0.23,0.203333333,0.24833333300000002,0.21833333300000002,0.2,0.151666667,0.26666666699999997,0.223333333,0.151666667,0.146666667,0.078333333,0.143333333,0.066666667,0.03,0.053333333,0.07666666700000001,0.1,0.146666667,0.255,0.281666667,0.23
6,0.6779999999999999,0.5335,0.5475,0.58,0.5705,0.654,0.6565,0.5495,0.5125,0.5355,0.452,0.467,0.4445,0.42,0.4875,0.4915,0.5865,0.541,0.539,0.5995,0.647,0.5920000000000001,0.4395,0.484,0.5329999999999999,0.5605,0.5595,0.6745,0.7909999999999999,0.777
7,0.018333333,0.0025,0.009166667,0.009166667,0.0,0.0005,0.0005,0.0,0.000833333,0.0025,0.0016666670000000001,0.0016666670000000001,0.0016666670000000001,0.000833333,0.000833333,0.0,0.009000000000000001,0.009000000000000001,0.009666667,0.009833333,0.003333333,0.003166667,0.0,0.0,0.0,0.0,0.0,0.030833332999999997,0.031666667,0.000833333
8,1.0,0.5,0.5,0.5,0.0,0.5,0.5,0.0,0.5,1.0,0.5,0.5,0.5,0.5,0.5,0.0,0.5,0.5,0.5,1.0,1.0,0.5,0.0,0.0,0.0,0.0,0.0,0.5,1.0,0.5
9,0.335,0.323333333,0.3075,0.294166667,0.3,0.34,0.333333333,0.291666667,0.2925,0.2975,0.286666667,0.309166667,0.29833333300000003,0.270833333,0.256666667,0.26666666699999997,0.288333333,0.236666667,0.190833333,0.165833333,0.16,0.144166667,0.094166667,0.093333333,0.12666666699999998,0.15416666699999998,0.195833333,0.26,0.310833333,0.301666667
10,0.385,0.386666667,0.38333333299999994,0.36666666700000006,0.373333333,0.4075,0.395,0.363333333,0.368333333,0.355,0.34666666700000004,0.389166667,0.374166667,0.34083333299999996,0.335,0.3425,0.35083333299999997,0.290833333,0.2425,0.21916666699999998,0.205833333,0.18583333300000002,0.1475,0.15333333300000002,0.205,0.243333333,0.278333333,0.3175,0.358333333,0.355
11,0.270833333,0.258333333,0.241666667,0.230833333,0.231666667,0.2625,0.268333333,0.2375,0.229166667,0.234166667,0.21666666699999998,0.225833333,0.233333333,0.209166667,0.175833333,0.209166667,0.245,0.1875,0.149166667,0.1125,0.110833333,0.105,0.048333333,0.041666667000000004,0.065,0.08833333300000001,0.123333333,0.200833333,0.268333333,0.255833333
12,0.6236666670000001,0.6023333329999999,0.570333333,0.537,0.595,0.608,0.6459999999999999,0.594,0.551666667,0.513333333,0.48666666700000005,0.483,0.426,0.46166666700000003,0.439666667,0.493,0.550666667,0.528666667,0.582333333,0.537333333,0.653,0.572666667,0.546333333,0.46399999999999997,0.507,0.544666667,0.557333333,0.639,0.711,0.784
13,0.012222222,0.012222222,0.007777778000000001,0.006111111,0.006111111,0.00033333300000000006,0.00033333300000000006,0.00033333300000000006,0.000555556,0.0016666670000000001,0.0016666670000000001,0.0022222220000000003,0.0011111110000000001,0.0016666670000000001,0.000555556,0.000555556,0.006,0.006,0.012444443999999999,0.006555556,0.008666667,0.0022222220000000003,0.002111111,0.0,0.0,0.0,0.0,0.020555556000000003,0.021111111000000002,0.021111111000000002
14,0.666666667,0.666666667,0.666666667,0.333333333,0.333333333,0.333333333,0.333333333,0.333333333,0.333333333,0.666666667,0.666666667,0.666666667,0.333333333,0.666666667,0.333333333,0.333333333,0.333333333,0.333333333,0.666666667,0.666666667,1.0,0.666666667,0.333333333,0.0,0.0,0.0,0.0,0.333333333,0.666666667,0.666666667
15,0.33,0.326111111,0.317777778,0.298888889,0.302222222,0.320555556,0.328333333,0.315,0.296666667,0.29111111100000003,0.29333333300000003,0.302222222,0.293888889,0.291666667,0.258888889,0.27055555600000003,0.27055555600000003,0.257222222,0.22,0.175555556,0.168888889,0.144444444,0.121111111,0.1,0.109444444,0.14,0.177777778,0.22888888899999998,0.28222222199999997,0.299444444
16,0.394444444,0.386666667,0.38333333299999994,0.374444444,0.374444444,0.390555556,0.39333333299999995,0.383888889,0.36722222200000004,0.35722222200000003,0.35611111100000004,0.371111111,0.368888889,0.36722222200000004,0.332777778,0.346111111,0.339444444,0.316666667,0.272777778,0.22888888899999998,0.21611111100000002,0.19111111100000003,0.168333333,0.156111111,0.18111111100000002,0.22,0.264444444,0.295,0.341111111,0.346111111
17,0.262222222,0.261111111,0.252777778,0.23444444399999997,0.235,0.24833333300000002,0.26,0.252222222,0.237777778,0.229444444,0.22388888899999998,0.227222222,0.223333333,0.222222222,0.19,0.206111111,0.213888889,0.213888889,0.173888889,0.12555555599999998,0.122777778,0.096111111,0.08,0.05,0.053333333,0.07666666700000001,0.107777778,0.167222222,0.22777777800000001,0.255555556
18,0.601,0.5805,0.61275,0.55675,0.5589999999999999,0.617,0.6135,0.60175,0.5845,0.5425,0.48225,0.50125,0.44825,0.4435,0.466,0.45575,0.537,0.51625,0.56275,0.57025,0.593,0.59575,0.54325,0.5379999999999999,0.48625,0.52225,0.54625,0.6175,0.67525,0.72575
19,0.009166667,0.009166667,0.01375,0.0058333330000000004,0.004583333,0.0048333329999999996,0.00025,0.00025,0.000666667,0.00125,0.00125,0.0020833329999999997,0.0016666670000000001,0.00125,0.00125,0.00041666699999999996,0.004916667,0.0045,0.009333333000000001,0.009416667,0.0065,0.0065,0.0016666670000000001,0.001583333,0.0,0.0,0.0,0.015416667,0.015833333,0.015833333
20,0.75,0.5,0.75,0.5,0.25,0.5,0.25,0.25,0.5,0.5,0.5,0.75,0.5,0.5,0.5,0.25,0.5,0.25,0.5,0.75,0.75,0.75,0.5,0.25,0.0,0.0,0.0,0.25,0.5,0.5
21,0.32,0.32458333300000003,0.32125,0.30875,0.30375,0.317083333,0.316666667,0.315833333,0.312916667,0.294583333,0.289583333,0.303333333,0.2925,0.29,0.2775,0.26875,0.2725,0.251666667,0.239583333,0.20125,0.175416667,0.155,0.12708333300000002,0.11875,0.110416667,0.12375,0.16125,0.207083333,0.253333333,0.280833333
22,0.38625,0.39333333299999995,0.384166667,0.376666667,0.378333333,0.387083333,0.384166667,0.38541666700000005,0.381666667,0.35916666700000005,0.3575,0.37208333299999996,0.360416667,0.365,0.35458333299999995,0.34166666700000003,0.342916667,0.316666667,0.296666667,0.255,0.224166667,0.2025,0.176666667,0.169583333,0.17625,0.198333333,0.241666667,0.280416667,0.318333333,0.33625
23,0.256666667,0.257083333,0.25625,0.244583333,0.236666667,0.246666667,0.25,0.25,0.24875,0.235833333,0.22291666699999999,0.23,0.225,0.2175,0.204583333,0.209166667,0.210416667,0.198333333,0.197083333,0.15,0.13,0.10875,0.07958333299999999,0.073333333,0.056666667000000004,0.065,0.094166667,0.144583333,0.195833333,0.228333333
24,0.5904,0.5710000000000001,0.5932,0.5934,0.5704,0.5838,0.6196,0.5846,0.5926,0.5706,0.5118,0.4948,0.4698,0.4578,0.4506,0.4736,0.4984,0.5122,0.546,0.557,0.6082,0.5592,0.5676,0.5372,0.541,0.5026,0.528,0.5966,0.6508,0.6942
25,0.007333333,0.007333333,0.011000000000000001,0.011000000000000001,0.004666667,0.0038666670000000003,0.0038666670000000003,0.0002,0.000533333,0.0012,0.001,0.0016666670000000001,0.0016666670000000001,0.0016666670000000001,0.001,0.001,0.003933333,0.003933333,0.007466667,0.0075333330000000006,0.0088,0.0052,0.0052,0.001333333,0.001266667,0.0,0.0,0.012333333,0.012666667,0.012666667
26,0.8,0.6,0.6,0.6,0.4,0.4,0.4,0.2,0.4,0.6,0.4,0.6,0.6,0.6,0.4,0.4,0.4,0.4,0.4,0.6,0.8,0.6,0.6,0.4,0.2,0.0,0.0,0.2,0.4,0.4
27,0.323666667,0.317666667,0.321,0.313333333,0.310666667,0.315333333,0.314666667,0.309,0.314,0.308,0.292666667,0.29833333300000003,0.29533333300000003,0.289666667,0.27899999999999997,0.281666667,0.27066666699999997,0.257,0.238666667,0.22066666699999998,0.196,0.163,0.139,0.124,0.123333333,0.12166666699999999,0.14400000000000002,0.188,0.231,0.258
28,0.38933333299999995,0.387,0.39,0.378666667,0.379333333,0.387666667,0.382666667,0.379666667,0.38333333299999994,0.372333333,0.359,0.37,0.363333333,0.359,0.355333333,0.357333333,0.34,0.324,0.300666667,0.277666667,0.24600000000000002,0.211666667,0.18866666699999998,0.17600000000000002,0.183,0.191,0.22,0.259,0.302,0.319
29,0.261,0.253666667,0.254,0.249,0.244333333,0.245666667,0.24833333300000002,0.244,0.24766666699999998,0.245,0.229333333,0.228,0.227666667,0.22,0.204333333,0.217,0.212,0.198666667,0.188,0.173333333,0.148666667,0.11733333300000001,0.09300000000000001,0.074333333,0.07400000000000001,0.065333333,0.081333333,0.12633333300000002,0.172,0.202666667
30,0.605,0.5671666670000001,0.5831666670000001,0.580333333,0.598666667,0.589166667,0.5915,0.5945,0.579833333,0.579666667,0.540333333,0.517333333,0.46966666700000004,0.47416666700000004,0.46133333299999996,0.4595,0.506166667,0.48416666700000005,0.537666667,0.544,0.590833333,0.5775,0.5418333329999999,0.5585,0.5398333329999999,0.5455,0.5106666670000001,0.573,0.627833333,0.670666667
31,0.007777778000000001,0.006111111,0.009166667,0.009166667,0.009166667,0.004055556,0.0032222220000000003,0.0032222220000000003,0.000444444,0.001,0.001,0.001388889,0.001388889,0.0016666670000000001,0.001388889,0.000833333,0.003833333,0.003277778,0.0065,0.006277778,0.007333333,0.007333333,0.004333333,0.004333333,0.0011111110000000001,0.001055556,0.0,0.010277778000000001,0.010555556,0.010555556
32,0.833333333,0.666666667,0.666666667,0.5,0.5,0.5,0.333333333,0.333333333,0.333333333,0.5,0.5,0.5,0.5,0.666666667,0.5,0.333333333,0.5,0.333333333,0.5,0.5,0.666666667,0.666666667,0.5,0.5,0.333333333,0.166666667,0.0,0.166666667,0.333333333,0.333333333
33,0.33166666699999997,0.321111111,0.315833333,0.314444444,0.314166667,0.319166667,0.313611111,0.308611111,0.308611111,0.309722222,0.304166667,0.299444444,0.2925,0.2925,0.28055555600000004,0.28222222199999997,0.281111111,0.258055556,0.245277778,0.22305555600000002,0.213055556,0.182222222,0.148333333,0.134444444,0.12694444400000002,0.130555556,0.13888888900000002,0.169166667,0.21111111100000002,0.23861111100000001
34,0.39138888899999996,0.389444444,0.38527777799999996,0.384444444,0.380555556,0.386944444,0.383888889,0.379166667,0.378888889,0.37527777799999995,0.37,0.369166667,0.363055556,0.36166666700000005,0.35194444399999997,0.3575,0.35333333299999997,0.324722222,0.309444444,0.284166667,0.26638888899999996,0.23194444399999997,0.198611111,0.18611111100000002,0.18611111100000002,0.194166667,0.210277778,0.238055556,0.28055555600000004,0.305277778
35,0.27527777800000003,0.257777778,0.251666667,0.24833333300000002,0.248055556,0.250555556,0.247222222,0.24361111100000002,0.243055556,0.244722222,0.238055556,0.2325,0.22638888899999998,0.22305555600000002,0.20861111100000002,0.214722222,0.218055556,0.20194444399999997,0.19,0.169722222,0.168333333,0.135,0.10277777800000001,0.08638888900000001,0.074722222,0.078333333,0.078888889,0.110277778,0.152222222,0.181666667
36,0.621428571,0.583,0.578142857,0.573571429,0.586714286,0.610714286,0.595,0.574,0.589,0.570571429,0.552428571,0.541,0.492571429,0.473428571,0.474857143,0.467428571,0.48942857100000003,0.492857143,0.51,0.5371428570000001,0.574857143,0.5670000000000001,0.56,0.537714286,0.5577142860000001,0.543857143,0.546285714,0.551714286,0.603142857,0.6481428570000001
37,0.02,0.006666666999999999,0.007857143,0.007857143,0.007857143,0.008,0.00347619,0.002761905,0.003,0.000857143,0.000857143,0.001333333,0.001190476,0.001428571,0.001428571,0.001190476,0.0032857140000000003,0.0032857140000000003,0.005571429,0.005619048000000001,0.006285714,0.006285714,0.006285714,0.003714286,0.003714286,0.0009523810000000001,0.0009047619999999999,0.008809524000000001,0.009047619,0.009047619
38,0.857142857,0.7142857140000001,0.7142857140000001,0.571428571,0.428571429,0.571428571,0.428571429,0.28571428600000004,0.428571429,0.428571429,0.428571429,0.571428571,0.428571429,0.571428571,0.571428571,0.428571429,0.428571429,0.428571429,0.428571429,0.571428571,0.571428571,0.571428571,0.571428571,0.428571429,0.428571429,0.28571428600000004,0.14285714300000002,0.14285714300000002,0.28571428600000004,0.28571428600000004
39,0.34071428600000003,0.328333333,0.319047619,0.310952381,0.315,0.320952381,0.317142857,0.308571429,0.308333333,0.305714286,0.306190476,0.308333333,0.294285714,0.29047619,0.28428571399999997,0.283095238,0.281666667,0.26880952399999997,0.247857143,0.230952381,0.21619047600000002,0.198809524,0.16690476199999998,0.143095238,0.13547619,0.13261904800000002,0.14404761900000002,0.161190476,0.19166666699999999,0.22047619
40,0.399761905,0.391190476,0.38761904799999997,0.381190476,0.385238095,0.386904762,0.38380952399999996,0.380714286,0.37857142899999996,0.37261904799999995,0.37285714299999995,0.37714285700000005,0.363333333,0.36166666700000005,0.355238095,0.354285714,0.354047619,0.33833333299999996,0.312142857,0.294047619,0.273571429,0.251428571,0.217857143,0.195,0.193333333,0.195238095,0.210238095,0.227142857,0.25952381,0.286428571
41,0.280238095,0.27047619,0.25547619,0.247142857,0.247619048,0.252857143,0.251190476,0.243333333,0.242857143,0.24119047600000001,0.238809524,0.23952381,0.23047619,0.222619048,0.212857143,0.216904762,0.21595238100000003,0.20857142899999997,0.19404761899999998,0.174047619,0.165952381,0.153809524,0.12,0.095714286,0.085,0.078333333,0.088095238,0.10404761900000001,0.134761905,0.163333333
42,0.605375,0.600125,0.590625,0.570375,0.58,0.59875,0.613125,0.57925,0.57175,0.57975,0.547875,0.5515,0.516375,0.493,0.474125,0.4785,0.492625,0.479875,0.514375,0.513,0.565,0.556,0.5529999999999999,0.554125,0.539625,0.5589999999999999,0.54475,0.57775,0.58075,0.624
43,0.0175,0.0175,0.008125,0.006875,0.006875,0.006999999999999999,0.006999999999999999,0.003041667,0.002625,0.003041667,0.00075,0.001166667,0.001166667,0.00125,0.00125,0.00125,0.0032916670000000003,0.002875,0.005291667,0.004916667,0.005708333,0.0055,0.0055,0.0055,0.00325,0.00325,0.000833333,0.0085,0.007916666999999999,0.007916666999999999
44,0.75,0.75,0.75,0.625,0.5,0.5,0.5,0.375,0.375,0.5,0.375,0.5,0.5,0.5,0.5,0.5,0.5,0.375,0.5,0.5,0.625,0.5,0.5,0.5,0.375,0.375,0.25,0.25,0.25,0.25
45,0.354375,0.33666666700000003,0.325625,0.314375,0.311875,0.320833333,0.318958333,0.312291667,0.308333333,0.305833333,0.303125,0.309583333,0.302708333,0.292291667,0.283541667,0.286041667,0.2825,0.270833333,0.258541667,0.235,0.223958333,0.203333333,0.18333333300000001,0.16,0.142916667,0.139375,0.144166667,0.162916667,0.181875,0.20229166699999998
46,0.41166666700000004,0.39854166700000004,0.389375,0.38375,0.38229166700000006,0.39020833299999996,0.384166667,0.38104166700000003,0.38,0.373125,0.370833333,0.37875,0.371041667,0.36208333299999995,0.356041667,0.356875,0.35166666700000004,0.34083333299999996,0.325625,0.29833333300000003,0.283541667,0.259583333,0.236666667,0.212291667,0.20020833300000002,0.200416667,0.209166667,0.225,0.247291667,0.267291667
47,0.295625,0.275416667,0.266875,0.25104166699999997,0.246666667,0.251875,0.253125,0.247291667,0.242708333,0.24125,0.23645833300000002,0.24,0.236875,0.226666667,0.21375,0.21958333300000002,0.217708333,0.207916667,0.200833333,0.179583333,0.17020833300000002,0.153541667,0.138333333,0.111666667,0.093333333,0.086875,0.086875,0.108958333,0.12625,0.146666667
48,0.608777778,0.5882222220000001,0.605,0.582333333,0.576444444,0.591444444,0.6022222220000001,0.597111111,0.576666667,0.5654444439999999,0.5585555560000001,0.547555556,0.528444444,0.5141111110000001,0.491444444,0.47744444399999997,0.499666667,0.483777778,0.500444444,0.516555556,0.540444444,0.549333333,0.5447777779999999,0.548555556,0.5539999999999999,0.5427777779999999,0.558111111,0.572888889,0.600666667,0.601777778
49,0.015555556000000002,0.015555556000000002,0.017592593,0.0072222219999999995,0.006111111,0.0062222219999999995,0.0062222219999999995,0.0062222219999999995,0.0028888890000000004,0.0027037040000000004,0.0027037040000000004,0.001037037,0.001037037,0.001222222,0.0011111110000000001,0.0011111110000000001,0.0031111109999999997,0.0029259259999999997,0.004703704,0.004740741,0.0050740740000000005,0.0050740740000000005,0.004888889,0.004888889,0.004888889,0.0028888890000000004,0.0028888890000000004,0.007592593000000001,0.007740741,0.0070370369999999995
50,0.666666667,0.666666667,0.7777777779999999,0.666666667,0.5555555560000001,0.5555555560000001,0.444444444,0.444444444,0.444444444,0.444444444,0.444444444,0.444444444,0.444444444,0.5555555560000001,0.444444444,0.444444444,0.5555555560000001,0.444444444,0.444444444,0.5555555560000001,0.5555555560000001,0.5555555560000001,0.444444444,0.444444444,0.444444444,0.333333333,0.333333333,0.333333333,0.333333333,0.222222222
51,0.360185185,0.349259259,0.333333333,0.320740741,0.314814815,0.317407407,0.319074074,0.314444444,0.311666667,0.306111111,0.303518519,0.306481481,0.304444444,0.3,0.285925926,0.285185185,0.285185185,0.272777778,0.261481481,0.24592592600000002,0.228333333,0.211666667,0.18907407399999998,0.17537037,0.157962963,0.145555556,0.148888889,0.160925926,0.18111111100000002,0.192407407
52,0.421481481,0.409259259,0.396111111,0.385740741,0.384444444,0.38703703700000003,0.38740740700000004,0.381666667,0.38037037,0.375,0.371481481,0.37629629600000003,0.37314814799999996,0.369074074,0.35703703700000006,0.357407407,0.354259259,0.340185185,0.32925925899999997,0.311851852,0.288518519,0.27,0.245555556,0.22962963,0.215,0.205740741,0.212222222,0.222407407,0.243148148,0.255555556
53,0.29870370399999996,0.28962963,0.271666667,0.261666667,0.250185185,0.250555556,0.252222222,0.249444444,0.24629629600000003,0.24129629600000002,0.237037037,0.237777778,0.23759259300000002,0.23277777800000002,0.21833333300000002,0.21962963,0.22,0.21037037,0.201111111,0.187222222,0.175555556,0.158703704,0.139814815,0.128888889,0.107777778,0.09407407400000001,0.09351851900000001,0.105555556,0.12814814800000002,0.13777777800000002
54,0.6225,0.593,0.5938,0.5961,0.5866,0.5871,0.5953,0.5889,0.593,0.5705,0.5478,0.5572,0.5272,0.5252,0.5106,0.4927,0.4966,0.491,0.5019,0.5038,0.5409,0.5288,0.5399,0.5416,0.5489999999999999,0.5554,0.5436,0.5821,0.594,0.6176
55,0.013999999999999999,0.013999999999999999,0.015833333,0.015833333,0.0065,0.0056,0.0056,0.0056,0.005766667,0.0029333329999999998,0.0024333329999999998,0.002766667,0.0009333330000000001,0.0011,0.0011,0.001,0.0028,0.0028,0.004566667,0.004266667,0.0049,0.004566667,0.004566667,0.0044,0.0044,0.0044,0.0026,0.008766666999999999,0.006999999999999999,0.006966666999999999
56,0.6,0.6,0.7,0.7,0.6,0.6,0.5,0.4,0.5,0.5,0.4,0.5,0.4,0.5,0.5,0.4,0.5,0.5,0.5,0.5,0.6,0.5,0.5,0.4,0.4,0.4,0.3,0.4,0.4,0.3
57,0.363833333,0.355,0.345,0.32816666699999997,0.3205,0.3195,0.316166667,0.315,0.313666667,0.309333333,0.304,0.3065,0.302166667,0.301833333,0.2935,0.287166667,0.2845,0.276166667,0.26416666699999997,0.24983333300000002,0.238833333,0.21683333300000002,0.198,0.181333333,0.172,0.15883333300000002,0.1535,0.1635,0.1775,0.19066666699999998
58,0.425333333,0.418333333,0.406,0.392166667,0.386166667,0.3885,0.38483333299999994,0.38483333299999994,0.381,0.375833333,0.373333333,0.376333333,0.3715,0.371166667,0.363833333,0.35816666700000005,0.355,0.34366666700000004,0.329833333,0.3165,0.301666667,0.275833333,0.256333333,0.238333333,0.230333333,0.2185,0.21583333300000002,0.223833333,0.239,0.251
59,0.303833333,0.293,0.284833333,0.2665,0.259833333,0.253333333,0.251,0.249,0.24833333300000002,0.244666667,0.2375,0.238166667,0.235833333,0.233833333,0.224666667,0.22316666699999999,0.22,0.213166667,0.204,0.18883333300000002,0.18283333300000001,0.164666667,0.145833333,0.131166667,0.123666667,0.107,0.09933333300000001,0.109666667,0.123166667,0.138333333
60,0.628090909,0.606909091,0.597636364,0.5867272729999999,0.598727273,0.595363636,0.591,0.583818182,0.585909091,0.585909091,0.5539999999999999,0.547545455,0.537818182,0.524363636,0.521,0.51,0.508727273,0.489,0.5068181820000001,0.5048181820000001,0.527090909,0.530272727,0.522090909,0.537454545,0.542636364,0.550727273,0.555,0.5667272729999999,0.600454545,0.61
61,0.012727273,0.012727273,0.014393939,0.014393939,0.014393939,0.006,0.005090909,0.005090909,0.005242424,0.005545455,0.002666667,0.002515152,0.002515152,0.001,0.001,0.001,0.002545455,0.002545455,0.00430303,0.0041818179999999995,0.004454545,0.004454545,0.004151515,0.004151515,0.004,0.004,0.004,0.007969697,0.008121212,0.006363636
62,0.545454545,0.545454545,0.636363636,0.636363636,0.636363636,0.636363636,0.545454545,0.454545455,0.454545455,0.545454545,0.454545455,0.454545455,0.454545455,0.454545455,0.454545455,0.454545455,0.454545455,0.454545455,0.545454545,0.545454545,0.545454545,0.545454545,0.454545455,0.454545455,0.363636364,0.363636364,0.363636364,0.363636364,0.454545455,0.363636364
63,0.366212121,0.358787879,0.350606061,0.339242424,0.327272727,0.324242424,0.318181818,0.31272727300000003,0.31424242399999996,0.311363636,0.307121212,0.306666667,0.30257575800000003,0.3,0.295757576,0.29393939399999996,0.28636363600000003,0.276363636,0.268030303,0.253333333,0.243030303,0.227424242,0.203939394,0.190151515,0.17772727300000002,0.171515152,0.164848485,0.166363636,0.178333333,0.186515152
64,0.428333333,0.422121212,0.414545455,0.40151515200000004,0.391969697,0.38969697,0.386363636,0.382727273,0.383939394,0.37681818200000006,0.37424242399999996,0.377575758,0.37196969700000004,0.369848485,0.366212121,0.364242424,0.355909091,0.34530303,0.333939394,0.318181818,0.306818182,0.28893939399999996,0.26287878800000003,0.248787879,0.23818181800000002,0.232121212,0.226515152,0.22606060600000003,0.23878787899999998,0.246515152
65,0.305151515,0.298181818,0.288333333,0.278939394,0.26439393899999997,0.261818182,0.253484848,0.248181818,0.248030303,0.246666667,0.24090909100000002,0.238484848,0.23636363600000002,0.23257575800000002,0.226363636,0.22848484800000002,0.223181818,0.213787879,0.207121212,0.192575758,0.18469697,0.172272727,0.152424242,0.137424242,0.12621212099999998,0.12151515199999999,0.11060606099999999,0.11348484800000001,0.12530303,0.132878788
66,0.64325,0.6133333329999999,0.61,0.590833333,0.589916667,0.60575,0.59825,0.580833333,0.5815,0.58,0.5695,0.55325,0.5305833329999999,0.534333333,0.5205833329999999,0.5195833329999999,0.52325,0.50075,0.5036666670000001,0.509083333,0.526083333,0.5185,0.524,0.521333333,0.53875,0.54475,0.55075,0.57525,0.584833333,0.614583333
67,0.013055556000000001,0.011666667,0.013194444,0.013194444,0.013194444,0.013277778,0.0055,0.004666667,0.004805556,0.005083333,0.005083333,0.0027222220000000003,0.0023055560000000003,0.002444444,0.000916667,0.000916667,0.002416667,0.002333333,0.003944444,0.003972222,0.004361111,0.004083333,0.004083333,0.003805556,0.003805556,0.003666667,0.003666667,0.008805555999999999,0.007444444000000001,0.007444444000000001
68,0.583333333,0.5,0.583333333,0.583333333,0.583333333,0.666666667,0.583333333,0.5,0.5,0.5,0.5,0.5,0.41666666700000005,0.5,0.41666666700000005,0.41666666700000005,0.5,0.41666666700000005,0.5,0.583333333,0.583333333,0.5,0.5,0.41666666700000005,0.41666666700000005,0.333333333,0.333333333,0.41666666700000005,0.41666666700000005,0.41666666700000005
69,0.366388889,0.361388889,0.35444444399999997,0.344861111,0.3375,0.330138889,0.322638889,0.314861111,0.312222222,0.312083333,0.309166667,0.30930555600000004,0.303055556,0.300555556,0.294583333,0.295972222,0.29263888899999996,0.27875,0.26888888899999996,0.257777778,0.246805556,0.232222222,0.214722222,0.19625,0.18611111100000002,0.176805556,0.17597222199999998,0.17569444399999998,0.179722222,0.186527778
70,0.425416667,0.42513888899999996,0.418333333,0.409722222,0.40055555600000003,0.394722222,0.387638889,0.384305556,0.38208333299999997,0.37986111100000003,0.37527777799999995,0.378055556,0.373472222,0.37041666700000003,0.36541666700000003,0.366388889,0.36166666700000005,0.34694444399999996,0.33625,0.322916667,0.309166667,0.294722222,0.275972222,0.255416667,0.247777778,0.239166667,0.238333333,0.235,0.239583333,0.24569444399999998
71,0.30763888899999997,0.299861111,0.293472222,0.282638889,0.275972222,0.265833333,0.26125,0.25069444399999996,0.24736111100000002,0.246527778,0.243055556,0.241527778,0.23680555600000003,0.233333333,0.225833333,0.229722222,0.22805555600000002,0.217222222,0.20819444399999998,0.19638888899999998,0.188472222,0.174861111,0.16041666699999999,0.144166667,0.132361111,0.124027778,0.123611111,0.122638889,0.1275,0.13402777800000001
72,0.661153846,0.6284615379999999,0.615692308,0.602769231,0.593461538,0.5970769229999999,0.607615385,0.588307692,0.578923077,0.576384615,0.5653076920000001,0.567615385,0.537153846,0.5279230770000001,0.530076923,0.519307692,0.531076923,0.514769231,0.513384615,0.506,0.528384615,0.518230769,0.513615385,0.523153846,0.5237692310000001,0.541,0.545230769,0.569769231,0.591307692,0.5990769229999999
73,0.014102564,0.012051282,0.012179487,0.012179487,0.012179487,0.01225641,0.01225641,0.005076923,0.004435897,0.004692308,0.004692308,0.0049487179999999995,0.002512821,0.00225641,0.00225641,0.0008461539999999999,0.002230769,0.002230769,0.003641026,0.003666667,0.004153846,0.004025641,0.0037692309999999996,0.0037692309999999996,0.0035128209999999997,0.0035128209999999997,0.003384615,0.008128205,0.00825641,0.006871795
74,0.615384615,0.538461538,0.538461538,0.538461538,0.538461538,0.615384615,0.615384615,0.538461538,0.538461538,0.538461538,0.46153846200000004,0.538461538,0.46153846200000004,0.46153846200000004,0.46153846200000004,0.384615385,0.46153846200000004,0.46153846200000004,0.46153846200000004,0.538461538,0.615384615,0.538461538,0.46153846200000004,0.46153846200000004,0.384615385,0.384615385,0.307692308,0.384615385,0.46153846200000004,0.384615385
75,0.368333333,0.36192307700000004,0.357179487,0.34884615399999996,0.342820513,0.339358974,0.328205128,0.31923076899999997,0.31423076899999997,0.310384615,0.31,0.311025641,0.30576923100000003,0.301153846,0.29551282100000004,0.294871795,0.294615385,0.285128205,0.271666667,0.25935897399999996,0.251410256,0.236538462,0.220128205,0.206794872,0.192051282,0.184615385,0.18051282100000002,0.185128205,0.187307692,0.187179487
76,0.42564102600000003,0.42269230799999996,0.42141025600000004,0.413589744,0.408205128,0.40243589700000004,0.39243589700000003,0.385641026,0.383589744,0.378461538,0.37820512799999995,0.378717949,0.37423076899999996,0.37192307700000005,0.366282051,0.36564102600000004,0.363846154,0.352948718,0.33846153799999995,0.32589743600000004,0.31423076899999997,0.297820513,0.282307692,0.268076923,0.253974359,0.247948718,0.24435897399999998,0.24525641,0.246794872,0.24589743600000002
77,0.312435897,0.30256410300000003,0.295384615,0.287820513,0.279615385,0.276410256,0.265,0.258076923,0.24974359,0.24602564100000002,0.24320512800000002,0.243461538,0.23974359,0.233974359,0.227051282,0.228974359,0.22923076899999997,0.22217948699999998,0.211794872,0.198205128,0.192307692,0.179102564,0.163717949,0.152179487,0.138974359,0.129871795,0.125769231,0.133717949,0.134871795,0.135384615
78,0.654285714,0.6461428570000001,0.629571429,0.6085714289999999,0.604357143,0.5998571429999999,0.599428571,0.597714286,0.586,0.574357143,0.563,0.563857143,0.551642857,0.534214286,0.5244285710000001,0.528214286,0.53,0.522642857,0.5255,0.514857143,0.5241428570000001,0.520928571,0.513714286,0.513571429,0.525285714,0.526928571,0.541714286,0.5632857139999999,0.585071429,0.604071429
79,0.014047618999999999,0.013095238,0.0125,0.011309524,0.011309524,0.011380952,0.011380952,0.011380952,0.0048333329999999996,0.004357143,0.004357143,0.004595238,0.004595238,0.002452381,0.0020952379999999997,0.0020952379999999997,0.002071429,0.002071429,0.0034523809999999996,0.003404762,0.003857143,0.003857143,0.003738095,0.0035,0.0035,0.003261905,0.003261905,0.007547619,0.007666666999999999,0.007666666999999999
80,0.642857143,0.571428571,0.571428571,0.5,0.5,0.571428571,0.571428571,0.571428571,0.571428571,0.571428571,0.5,0.5,0.5,0.5,0.428571429,0.428571429,0.428571429,0.428571429,0.5,0.5,0.571428571,0.571428571,0.5,0.428571429,0.428571429,0.35714285700000004,0.35714285700000004,0.35714285700000004,0.428571429,0.428571429
81,0.373928571,0.364047619,0.35797619,0.35178571399999997,0.34666666700000004,0.34416666700000004,0.336904762,0.324642857,0.318333333,0.312380952,0.308571429,0.311666667,0.307619048,0.303809524,0.29642857100000003,0.295714286,0.29369047600000003,0.2875,0.278095238,0.262619048,0.253333333,0.241547619,0.225,0.21238095199999998,0.20214285699999998,0.190238095,0.1875,0.18869047600000002,0.195238095,0.19369047600000003
82,0.431309524,0.423095238,0.41940476200000004,0.416785714,0.41190476200000004,0.40940476200000003,0.399761905,0.390238095,0.38488095200000005,0.38011904799999996,0.37702381,0.381190476,0.37511904799999995,0.372738095,0.36797619,0.36642857100000004,0.363333333,0.355595238,0.344642857,0.328690476,0.317619048,0.303333333,0.286071429,0.27452381,0.265833333,0.253690476,0.252142857,0.250357143,0.25547619,0.252142857
83,0.318809524,0.307380952,0.298214286,0.29,0.28464285699999997,0.279761905,0.274880952,0.261785714,0.256666667,0.24833333300000002,0.24297619,0.24357142899999998,0.241666667,0.236904762,0.228095238,0.229880952,0.228571429,0.22369047600000003,0.216785714,0.202261905,0.194285714,0.18333333300000001,0.168452381,0.15583333300000002,0.146785714,0.136190476,0.13107142900000002,0.135,0.144285714,0.141666667
84,0.638333333,0.640733333,0.6459999999999999,0.622,0.609666667,0.6096,0.601866667,0.590733333,0.594933333,0.5812666670000001,0.562,0.5618,0.5492,0.547933333,0.5305333329999999,0.523066667,0.5376,0.5222,0.532133333,0.526066667,0.5312,0.517466667,0.5165333329999999,0.5136666670000001,0.5162,0.528133333,0.5285333329999999,0.5588,0.578,0.5974
85,0.013111111000000002,0.013111111000000002,0.013444444,0.011666667,0.010555556,0.010622221999999999,0.010622221999999999,0.010622221999999999,0.010733333000000001,0.004733333,0.004066667,0.004288889000000001,0.004288889000000001,0.0044,0.002288889,0.0019555560000000002,0.003155556,0.001933333,0.0032222220000000003,0.0032444440000000004,0.0036,0.0036,0.0036,0.0034888890000000002,0.003266667,0.003266667,0.0030444440000000003,0.0071555559999999995,0.0071555559999999995,0.0071555559999999995
86,0.6,0.6,0.6,0.533333333,0.46666666700000003,0.533333333,0.533333333,0.533333333,0.6,0.6,0.533333333,0.533333333,0.46666666700000003,0.533333333,0.46666666700000003,0.4,0.46666666700000003,0.4,0.46666666700000003,0.533333333,0.533333333,0.533333333,0.533333333,0.46666666700000003,0.4,0.4,0.333333333,0.4,0.4,0.4
87,0.376111111,0.369555556,0.36022222200000004,0.352888889,0.349555556,0.34766666700000004,0.34155555600000004,0.33299999999999996,0.323444444,0.316333333,0.310555556,0.310222222,0.308444444,0.305666667,0.299222222,0.296555556,0.294555556,0.28711111100000003,0.28077777800000003,0.269222222,0.256777778,0.244,0.230444444,0.217444444,0.207666667,0.19977777800000002,0.19255555600000002,0.194666667,0.19788888899999998,0.200666667
88,0.436666667,0.428555556,0.42,0.41522222200000003,0.415,0.412777778,0.40644444399999996,0.397222222,0.389222222,0.381555556,0.378666667,0.379888889,0.377666667,0.373666667,0.369,0.368,0.36422222200000004,0.35566666700000005,0.34766666700000004,0.335111111,0.320777778,0.307222222,0.292,0.27855555600000004,0.272,0.264777778,0.257222222,0.257222222,0.259555556,0.259888889
89,0.317777778,0.313666667,0.303,0.293,0.286888889,0.28444444399999996,0.278111111,0.271222222,0.260222222,0.254888889,0.24533333300000001,0.243333333,0.241888889,0.238888889,0.231222222,0.230666667,0.229444444,0.223444444,0.218555556,0.207555556,0.198333333,0.185777778,0.173111111,0.160777778,0.150555556,0.143666667,0.136888889,0.139333333,0.144777778,0.15
90,0.6215,0.626625,0.6409375,0.637875,0.6221875,0.61425,0.610875,0.5935625,0.5885625,0.5899375,0.56925,0.5609375,0.5481875,0.545875,0.543625,0.528875,0.5321875,0.5298125,0.531125,0.53225,0.5406875,0.5245,0.5135625,0.5163125,0.516125,0.5194375,0.5295625,0.545375,0.572875,0.59
91,0.012291667,0.012291667,0.0134375,0.012604167,0.0109375,0.009958333,0.009958333,0.009958333,0.0100625,0.010270833,0.0044375,0.004020833,0.004020833,0.004125,0.004125,0.0021458329999999998,0.002958333,0.002958333,0.0030208329999999997,0.003041667,0.0034375,0.003375,0.003375,0.003375,0.003270833,0.0030625,0.0030625,0.006708333,0.0068125,0.006708333
92,0.5625,0.5625,0.625,0.5625,0.5,0.5,0.5,0.5,0.5625,0.625,0.5625,0.5625,0.5,0.5,0.5,0.4375,0.4375,0.4375,0.4375,0.5,0.5625,0.5,0.5,0.5,0.4375,0.375,0.375,0.375,0.4375,0.375
93,0.37572916700000003,0.371875,0.365625,0.3553125,0.350729167,0.3503125,0.345,0.337604167,0.331354167,0.32125,0.314375,0.311979167,0.307291667,0.3065625,0.30125,0.299166667,0.29541666699999997,0.288333333,0.280833333,0.272291667,0.263333333,0.2478125,0.2334375,0.223020833,0.212708333,0.205104167,0.201354167,0.19895833300000001,0.202916667,0.2028125
94,0.43791666700000004,0.43375,0.4253125,0.416041667,0.41364583299999996,0.415625,0.409791667,0.40364583299999995,0.39583333299999995,0.38583333299999995,0.38010416700000005,0.38125,0.376666667,0.376145833,0.37010416700000004,0.36895833299999997,0.365833333,0.35697916700000004,0.348229167,0.33854166700000005,0.327291667,0.310833333,0.296354167,0.284583333,0.2759375,0.270625,0.267395833,0.261666667,0.265416667,0.2634375
95,0.315208333,0.313020833,0.309166667,0.2978125,0.289895833,0.2865625,0.282604167,0.27447916699999997,0.26916666699999997,0.258333333,0.251666667,0.245520833,0.24177083300000002,0.23927083300000002,0.2334375,0.2334375,0.23020833300000001,0.224583333,0.218645833,0.209791667,0.20354166699999998,0.190104167,0.17604166699999999,0.165625,0.155520833,0.147395833,0.143854167,0.14427083300000001,0.148229167,0.15010416699999998
96,0.606411765,0.611470588,0.627647059,0.633588235,0.6371176470000001,0.625764706,0.6151764710000001,0.602529412,0.591352941,0.584235294,0.578117647,0.567823529,0.548176471,0.545117647,0.541941176,0.5412941179999999,0.537117647,0.525176471,0.537764706,0.5312941179999999,0.545647059,0.533823529,0.520411765,0.513529412,0.518470588,0.519176471,0.5212941179999999,0.545352941,0.559411765,0.584470588
97,0.011568627,0.011568627,0.012647058999999999,0.012647058999999999,0.011862745,0.010352941,0.009372549,0.009372549,0.009470588,0.009666667,0.009666667,0.004372549,0.0037843140000000004,0.003882353,0.003882353,0.003882353,0.003078431,0.0027843140000000004,0.003921569000000001,0.002862745,0.003235294,0.003235294,0.0031764709999999997,0.0031764709999999997,0.0031764709999999997,0.003078431,0.002882353,0.006509804,0.006411765,0.006411765
98,0.529411765,0.529411765,0.588235294,0.588235294,0.529411765,0.529411765,0.470588235,0.470588235,0.529411765,0.588235294,0.588235294,0.588235294,0.529411765,0.529411765,0.470588235,0.470588235,0.470588235,0.41176470600000004,0.470588235,0.470588235,0.529411765,0.529411765,0.470588235,0.470588235,0.470588235,0.41176470600000004,0.352941176,0.41176470600000004,0.41176470600000004,0.41176470600000004
99,0.373823529,0.371764706,0.368039216,0.360686275,0.353137255,0.351372549,0.347647059,0.341078431,0.335784314,0.328823529,0.319117647,0.315490196,0.309117647,0.305588235,0.30235294100000004,0.30107843100000004,0.29794117600000003,0.289509804,0.282352941,0.272843137,0.266568627,0.254509804,0.237647059,0.22627451,0.218235294,0.21,0.20627451,0.206862745,0.206470588,0.207254902
100,0.436666667,0.435098039,0.43039215700000005,0.42127451,0.414509804,0.414313725,0.412647059,0.40696078399999996,0.40196078399999996,0.392254902,0.384215686,0.38245098,0.378137255,0.37529411799999995,0.372647059,0.37,0.366862745,0.358921569,0.34990196100000004,0.33960784299999996,0.330980392,0.31754902,0.300392157,0.289117647,0.28176470600000003,0.274411765,0.272745098,0.270980392,0.269117647,0.26872549
101,0.314019608,0.310882353,0.308823529,0.303921569,0.294607843,0.289411765,0.28470588199999997,0.278921569,0.272352941,0.266862745,0.255098039,0.251470588,0.24392156899999998,0.239313725,0.23411764699999998,0.235392157,0.232843137,0.225588235,0.22,0.210392157,0.20588235300000002,0.195490196,0.180686275,0.16882352899999997,0.16039215699999998,0.152254902,0.147352941,0.150392157,0.152352941,0.153039216
102,0.601,0.597777778,0.6132777779999999,0.621444444,0.6331111110000001,0.6396666670000001,0.626,0.607055556,0.599944444,0.587111111,0.573388889,0.576277778,0.5553888889999999,0.545277778,0.541444444,0.5398333329999999,0.5483888889999999,0.530222222,0.532944444,0.537555556,0.544,0.538888889,0.529444444,0.52,0.5157222220000001,0.521222222,0.520944444,0.536666667,0.558611111,0.571111111
103,0.010962963000000001,0.010925926,0.011944443999999999,0.011944443999999999,0.011944443999999999,0.011259258999999999,0.009777778,0.008851852,0.008944444000000001,0.00912963,0.00912963,0.009314815,0.00412963,0.003666667,0.003666667,0.003666667,0.004666667,0.0029074070000000003,0.0037037040000000004,0.0037222220000000003,0.0030555559999999996,0.0030555559999999996,0.0030555559999999996,0.003,0.003,0.003,0.0029074070000000003,0.006148148000000001,0.006240741,0.006055556
104,0.5555555560000001,0.5,0.5555555560000001,0.5555555560000001,0.5555555560000001,0.5555555560000001,0.5,0.444444444,0.5,0.5555555560000001,0.5555555560000001,0.611111111,0.5555555560000001,0.5555555560000001,0.5,0.444444444,0.5,0.444444444,0.444444444,0.5,0.5,0.5,0.5,0.444444444,0.444444444,0.444444444,0.38888888899999996,0.38888888899999996,0.444444444,0.38888888899999996
105,0.373333333,0.370185185,0.36814814799999995,0.36324074100000003,0.358333333,0.35361111100000003,0.348796296,0.343796296,0.33916666700000003,0.33314814800000003,0.32638888899999996,0.319907407,0.31259259300000003,0.30740740699999997,0.301666667,0.30212963,0.299814815,0.292222222,0.283796296,0.274722222,0.267407407,0.258055556,0.24453703699999998,0.230648148,0.22157407399999998,0.21537037,0.210833333,0.211203704,0.213518519,0.21037037
106,0.437037037,0.434074074,0.43185185200000004,0.426296296,0.41953703700000006,0.41509259299999995,0.411574074,0.409814815,0.405185185,0.398240741,0.39037037,0.386203704,0.379444444,0.37675925899999996,0.372037037,0.372407407,0.367962963,0.360277778,0.35212963,0.34166666700000003,0.332407407,0.321574074,0.307314815,0.29333333300000003,0.286203704,0.28,0.276203704,0.275833333,0.2775,0.272037037
107,0.313055556,0.31,0.307037037,0.303888889,0.300555556,0.293888889,0.2875,0.281111111,0.276666667,0.27,0.263333333,0.254722222,0.24962963,0.24148148100000003,0.23444444399999997,0.235925926,0.23472222199999998,0.228333333,0.22120370399999997,0.21212963,0.206666667,0.198148148,0.18629629600000003,0.173611111,0.163703704,0.157037037,0.151944444,0.15333333300000002,0.157685185,0.15666666699999998
108,0.5985263160000001,0.593105263,0.600210526,0.608157895,0.621631579,0.635736842,0.639157895,0.617736842,0.604368421,0.595473684,0.576684211,0.571894737,0.564052632,0.5522631579999999,0.541789474,0.539473684,0.546631579,0.541263158,0.537315789,0.5329999999999999,0.5492631579999999,0.537684211,0.534473684,0.5285789470000001,0.521736842,0.5184736839999999,0.522789474,0.535526316,0.549684211,0.5697368420000001
109,0.010403509,0.010385965,0.011315789,0.011315789,0.011315789,0.011368421,0.010666667,0.009263158,0.008473684,0.008649123,0.008649123,0.008824561,0.008824561,0.004,0.0034736840000000003,0.0034736840000000003,0.004421053,0.004421053,0.00377193,0.003526316,0.003859649,0.002894737,0.002894737,0.002894737,0.002842105,0.002842105,0.002842105,0.006,0.005912281,0.005912281
110,0.578947368,0.526315789,0.526315789,0.526315789,0.526315789,0.578947368,0.526315789,0.473684211,0.473684211,0.526315789,0.526315789,0.578947368,0.578947368,0.578947368,0.526315789,0.473684211,0.473684211,0.473684211,0.473684211,0.473684211,0.526315789,0.473684211,0.473684211,0.473684211,0.42105263200000004,0.42105263200000004,0.42105263200000004,0.42105263200000004,0.42105263200000004,0.42105263200000004
111,0.374385965,0.369912281,0.366842105,0.363596491,0.360877193,0.35850877200000003,0.35105263200000003,0.34508771899999996,0.341842105,0.336491228,0.330614035,0.326754386,0.316929825,0.310789474,0.303596491,0.301491228,0.300877193,0.29429824600000004,0.286666667,0.27649122800000003,0.269473684,0.259298246,0.248421053,0.23754386,0.225964912,0.21868421100000002,0.215877193,0.215263158,0.217280702,0.216842105
112,0.438070175,0.434561404,0.43105263200000005,0.427894737,0.424385965,0.41982456100000004,0.41245614,0.408947368,0.407982456,0.401491228,0.396140351,0.391929825,0.383157895,0.378070175,0.37359649100000003,0.371842105,0.370350877,0.36166666700000005,0.35377193,0.344210526,0.334736842,0.323421053,0.311666667,0.30026315800000003,0.290350877,0.28429824600000003,0.281403509,0.27894736800000003,0.281754386,0.279824561
113,0.314824561,0.309298246,0.30640350899999996,0.30245614,0.300701754,0.299561404,0.291842105,0.28394736800000003,0.278859649,0.274210526,0.266491228,0.26254386,0.252807018,0.24701754399999998,0.236754386,0.23614035100000003,0.235263158,0.23035087699999998,0.22403508800000002,0.213684211,0.20850877199999998,0.199298246,0.189298246,0.17929824600000002,0.168508772,0.160350877,0.156491228,0.157368421,0.16008771900000002,0.16149122800000001
114,0.5989,0.59115,0.59565,0.596,0.609,0.6247,0.63545,0.63065,0.61465,0.5999,0.58515,0.5751,0.5605,0.56065,0.5486,0.5399,0.54595,0.53995,0.54745,0.53715,0.54435,0.5429999999999999,0.53355,0.5334,0.5298,0.52405,0.5201,0.53655,0.54795,0.5607
115,0.009883333000000001,0.009883333000000001,0.010783333,0.01075,0.01075,0.0108,0.0108,0.010133333000000001,0.008883333,0.008216666999999999,0.008216666999999999,0.008383333,0.008383333,0.008466666999999999,0.0038,0.0033,0.0042,0.0042,0.005166667,0.0036,0.003666667,0.003666667,0.00275,0.00275,0.00275,0.0027,0.0027,0.005783333000000001,0.005783333000000001,0.005616667
116,0.6,0.55,0.55,0.5,0.5,0.55,0.55,0.5,0.5,0.5,0.5,0.55,0.55,0.6,0.55,0.5,0.5,0.45,0.5,0.5,0.5,0.5,0.45,0.45,0.45,0.4,0.4,0.45,0.45,0.4
117,0.37791666700000004,0.37108333299999996,0.36675,0.36258333299999995,0.361333333,0.360916667,0.355833333,0.347416667,0.34316666700000004,0.33916666700000003,0.333916667,0.33075,0.32358333300000003,0.315,0.307,0.303333333,0.300333333,0.295583333,0.288916667,0.279583333,0.271416667,0.261666667,0.250083333,0.241583333,0.23275,0.223,0.21899999999999997,0.21983333300000002,0.22083333300000002,0.22025
118,0.44258333299999997,0.435666667,0.431666667,0.427333333,0.426,0.424416667,0.41708333299999995,0.409916667,0.40725,0.40433333299999996,0.39933333299999996,0.39733333299999996,0.38875,0.381666667,0.375,0.373333333,0.36991666700000003,0.36425,0.355416667,0.34616666700000004,0.3375,0.32608333300000003,0.313916667,0.30475,0.297083333,0.288333333,0.285416667,0.28375,0.284416667,0.28375
119,0.31825,0.311166667,0.305916667,0.302083333,0.2995,0.29975,0.29733333300000003,0.28825,0.281666667,0.276416667,0.27066666699999997,0.26558333300000003,0.260333333,0.250166667,0.24225,0.23825,0.2355,0.231083333,0.226166667,0.21675,0.210166667,0.201416667,0.190833333,0.1825,0.174166667,0.165083333,0.15966666699999998,0.16141666699999999,0.163583333,0.163583333
120,0.60152381,0.5918571429999999,0.593666667,0.5918571429999999,0.5973809520000001,0.61252381,0.6249523810000001,0.62752381,0.627095238,0.609904762,0.5898571429999999,0.583238095,0.5640952379999999,0.557428571,0.556761905,0.54647619,0.546047619,0.5396190479999999,0.545904762,0.5468095239999999,0.547761905,0.5386190479999999,0.538809524,0.532571429,0.534333333,0.5316190479999999,0.525333333,0.533333333,0.548333333,0.55852381
121,0.009412698,0.009412698,0.010285714,0.010269841,0.010238095,0.010285714,0.010285714,0.010285714,0.009730159,0.008619048,0.007825397,0.007984126999999999,0.007984126999999999,0.008063492,0.008063492,0.0036190479999999997,0.004,0.004,0.004920635,0.004936508,0.0037301590000000003,0.0034920629999999997,0.0034920629999999997,0.0026190479999999997,0.0026190479999999997,0.0026190479999999997,0.002571429,0.005507936999999999,0.005587302,0.005507936999999999
122,0.6190476189999999,0.571428571,0.571428571,0.523809524,0.47619047600000003,0.523809524,0.523809524,0.523809524,0.523809524,0.523809524,0.47619047600000003,0.523809524,0.523809524,0.571428571,0.571428571,0.523809524,0.523809524,0.47619047600000003,0.47619047600000003,0.523809524,0.523809524,0.47619047600000003,0.47619047600000003,0.428571429,0.428571429,0.428571429,0.380952381,0.428571429,0.47619047600000003,0.428571429
123,0.38317460299999995,0.374603175,0.368015873,0.362698413,0.36047619,0.36134920600000003,0.358253968,0.35214285700000003,0.34547619,0.34055555600000004,0.33658730200000003,0.33388888899999997,0.327539683,0.321428571,0.311190476,0.306587302,0.302142857,0.29531746,0.290396825,0.28206349199999997,0.274603175,0.26388888899999996,0.252777778,0.243492063,0.236825397,0.229603175,0.223095238,0.222619048,0.224920635,0.22349206300000002
124,0.44833333299999995,0.440079365,0.43285714299999994,0.428095238,0.425555556,0.425952381,0.42158730200000005,0.41444444399999997,0.40825396799999997,0.403809524,0.402142857,0.40031746,0.39404761899999996,0.387063492,0.37857142899999996,0.37468254,0.37142857100000004,0.364126984,0.358174603,0.348095238,0.33968254,0.329126984,0.316904762,0.307222222,0.301507937,0.29484127,0.289206349,0.28746031699999997,0.288730159,0.286190476
125,0.32357142899999997,0.314603175,0.307857143,0.301825397,0.299285714,0.298650794,0.297619048,0.293650794,0.28587301600000004,0.27920634899999996,0.272936508,0.269603175,0.263333333,0.257460317,0.24547619,0.243412698,0.237539683,0.231507937,0.227063492,0.219126984,0.21325396800000002,0.203333333,0.193253968,0.184285714,0.177460317,0.17063492100000002,0.164206349,0.164206349,0.167142857,0.166746032
126,0.612590909,0.594681818,0.594227273,0.590136364,0.593363636,0.601272727,0.613318182,0.617863636,0.624272727,0.622,0.599863636,0.587818182,0.5723636360000001,0.561,0.553863636,0.554363636,0.552045455,0.54,0.545318182,0.545363636,0.5565,0.542136364,0.534818182,0.537636364,0.5335,0.535863636,0.5325,0.537727273,0.544727273,0.558409091
127,0.015651515,0.008984848,0.009818182,0.009818182,0.00980303,0.009818182,0.009818182,0.009818182,0.009893939000000001,0.009439394,0.008227273,0.007621212,0.007621212,0.00769697,0.00769697,0.00769697,0.0042727270000000005,0.0038181820000000003,0.00469697,0.004712121,0.005,0.0035606059999999996,0.003333333,0.003333333,0.0025,0.0025,0.0025,0.005257576,0.005333333000000001,0.005333333000000001
128,0.636363636,0.590909091,0.590909091,0.545454545,0.5,0.5,0.5,0.5,0.545454545,0.545454545,0.5,0.5,0.5,0.545454545,0.545454545,0.545454545,0.545454545,0.5,0.5,0.5,0.545454545,0.5,0.454545455,0.454545455,0.409090909,0.409090909,0.409090909,0.409090909,0.454545455,0.454545455
129,0.387954545,0.37977272700000003,0.371515152,0.36409090899999996,0.360681818,0.360530303,0.358787879,0.354621212,0.35007575799999996,0.342878788,0.338030303,0.336439394,0.330681818,0.32530303,0.3175,0.310606061,0.30530303,0.297272727,0.290378788,0.28378787899999997,0.27719697,0.267272727,0.25530303,0.24636363600000002,0.23886363600000002,0.23363636399999999,0.229393939,0.226363636,0.227348485,0.22727272699999998
130,0.451742424,0.44568181799999995,0.43719697,0.429393939,0.426363636,0.42553030299999994,0.423181818,0.41886363600000004,0.412651515,0.40492424200000005,0.401742424,0.402954545,0.397045455,0.39219697,0.383863636,0.378106061,0.37280303,0.365833333,0.358333333,0.351060606,0.341818182,0.331590909,0.32022727300000003,0.310378788,0.304015152,0.299166667,0.295378788,0.290984848,0.292045455,0.290227273
131,0.32969697,0.319848485,0.311287879,0.303863636,0.299166667,0.298484848,0.296666667,0.294090909,0.291136364,0.283333333,0.275757576,0.271818182,0.267272727,0.260454545,0.252651515,0.24643939399999998,0.2425,0.23363636399999999,0.227651515,0.22030303,0.215681818,0.206590909,0.195454545,0.18689393899999998,0.17939393899999997,0.173939394,0.169545455,0.168333333,0.169545455,0.17
132,0.6129565220000001,0.605565217,0.5968260870000001,0.590826087,0.591652174,0.59726087,0.602521739,0.607043478,0.615173913,0.619521739,0.611869565,0.597478261,0.577217391,0.569043478,0.5574347829999999,0.551695652,0.559347826,0.546,0.5454347829999999,0.544826087,0.554695652,0.55073913,0.538347826,0.533869565,0.5383043479999999,0.535,0.536521739,0.544043478,0.5484347829999999,0.554521739
133,0.014971014,0.014971014,0.009391304,0.009391304,0.009391304,0.00942029,0.009391304,0.009391304,0.009463768000000001,0.009608696,0.009028986,0.008014493000000001,0.007289855,0.007362319,0.007362319,0.007362319,0.008144928000000001,0.0040869570000000004,0.004492754,0.0045072459999999995,0.004782609,0.004782609,0.003405797,0.003188406,0.003188406,0.002391304,0.002391304,0.0050724640000000005,0.005101449,0.005101449
134,0.608695652,0.608695652,0.608695652,0.565217391,0.52173913,0.52173913,0.47826087,0.47826087,0.52173913,0.565217391,0.52173913,0.52173913,0.47826087,0.52173913,0.52173913,0.52173913,0.565217391,0.52173913,0.52173913,0.52173913,0.52173913,0.52173913,0.47826087,0.434782609,0.434782609,0.39130434799999997,0.39130434799999997,0.434782609,0.434782609,0.434782609
135,0.393478261,0.384492754,0.37659420299999996,0.367608696,0.36210144899999996,0.360724638,0.358115942,0.355289855,0.352536232,0.347391304,0.34036231899999997,0.33782608700000005,0.33326087,0.328405797,0.321376812,0.316666667,0.309202899,0.300507246,0.292463768,0.284057971,0.279057971,0.270072464,0.258913043,0.24905797100000002,0.241811594,0.23572463800000001,0.23326087,0.232246377,0.230724638,0.229492754
136,0.459130435,0.449057971,0.442681159,0.43369565200000004,0.427681159,0.42630434799999994,0.422898551,0.420507246,0.41695652200000005,0.40927536200000003,0.402898551,0.40253623200000005,0.399710145,0.39514492799999995,0.38891304299999996,0.38318840600000004,0.37615942,0.367391304,0.360217391,0.351521739,0.34492753600000003,0.333985507,0.322971014,0.31384058,0.307173913,0.301666667,0.29949275399999997,0.296811594,0.295217391,0.29333333300000003
137,0.33427536199999996,0.325869565,0.316449275,0.307318841,0.301231884,0.298405797,0.296594203,0.29333333300000003,0.291666667,0.288478261,0.279855072,0.274565217,0.269492754,0.264347826,0.255724638,0.25326087,0.24543478300000002,0.238550725,0.229855072,0.22115942,0.21695652199999998,0.209202899,0.198913043,0.189275362,0.182101449,0.17594202899999997,0.172753623,0.17326087,0.17326087,0.172173913
138,0.615958333,0.606208333,0.607166667,0.593458333,0.59225,0.595458333,0.598625,0.596958333,0.604916667,0.611,0.609916667,0.609083333,0.586916667,0.573833333,0.565291667,0.5552083329999999,0.556583333,0.55325,0.550958333,0.544958333,0.553791667,0.54925,0.54675,0.5372916670000001,0.534666667,0.5395416670000001,0.535666667,0.547416667,0.554041667,0.557666667
139,0.014347222,0.014347222,0.015111111000000002,0.009000000000000001,0.009000000000000001,0.009041667,0.009027778,0.009000000000000001,0.009069444,0.009208333,0.009208333,0.008791667,0.007680556,0.007055556,0.007055556,0.007055556,0.007805556,0.007805556,0.004722222,0.004319444,0.004583333,0.004583333,0.004583333,0.0032638890000000003,0.0030555559999999996,0.0030555559999999996,0.0022916670000000003,0.0048611109999999996,0.004930556,0.004888889
140,0.583333333,0.583333333,0.625,0.583333333,0.541666667,0.541666667,0.5,0.45833333299999995,0.5,0.541666667,0.541666667,0.541666667,0.5,0.5,0.5,0.5,0.541666667,0.541666667,0.541666667,0.541666667,0.541666667,0.5,0.5,0.45833333299999995,0.41666666700000005,0.41666666700000005,0.375,0.41666666700000005,0.45833333299999995,0.41666666700000005
141,0.39805555600000003,0.38993055600000004,0.38125,0.372638889,0.365555556,0.36208333299999995,0.358402778,0.35479166700000003,0.353263889,0.349861111,0.344791667,0.340069444,0.334722222,0.330972222,0.324513889,0.320416667,0.315069444,0.304444444,0.295763889,0.286319444,0.27951388899999996,0.272152778,0.261944444,0.252777778,0.244583333,0.23868055600000002,0.23527777800000002,0.235833333,0.236180556,0.232638889
142,0.464305556,0.45625,0.44604166700000003,0.439097222,0.431875,0.42756944399999997,0.42375,0.420347222,0.41861111100000004,0.41354166700000006,0.407152778,0.403611111,0.399444444,0.39777777799999997,0.391875,0.388055556,0.381111111,0.370833333,0.361944444,0.35361111100000003,0.345625,0.337291667,0.325625,0.31673611100000004,0.310625,0.304791667,0.301875,0.300694444,0.300625,0.296319444
143,0.33951388899999996,0.330416667,0.32236111100000003,0.312430556,0.304652778,0.30041666699999997,0.296597222,0.29340277800000003,0.291041667,0.289097222,0.284930556,0.278541667,0.272222222,0.26659722199999997,0.25965277800000003,0.256180556,0.252013889,0.241527778,0.23472222199999998,0.223541667,0.21791666699999998,0.21069444399999998,0.20173611100000002,0.19284722199999998,0.18458333300000002,0.17868055600000002,0.17472222199999998,0.17618055600000002,0.177777778,0.175625
144,0.61644,0.60936,0.6077199999999999,0.60352,0.59472,0.59588,0.5968399999999999,0.59344,0.59532,0.60132,0.60212,0.60732,0.59848,0.58328,0.57004,0.56284,0.55976,0.55084,0.55772,0.55028,0.55356,0.5486,0.54548,0.5454,0.53792,0.536,0.54,0.5461600000000001,0.55688,0.5626800000000001
145,0.013773333,0.013773333,0.014506666999999999,0.014506666999999999,0.00864,0.00868,0.00868,0.008666667,0.008706667,0.00884,0.00884,0.008973333,0.008440000000000001,0.00744,0.006773333,0.006773333,0.0074933330000000005,0.0074933330000000005,0.008266667,0.004546667,0.0044,0.0044,0.0044,0.0044,0.003133333,0.0029333329999999998,0.0029333329999999998,0.004666667,0.004733333,0.004733333
146,0.56,0.56,0.6,0.6,0.56,0.56,0.52,0.48,0.48,0.52,0.52,0.56,0.52,0.52,0.48,0.48,0.52,0.52,0.56,0.56,0.56,0.52,0.48,0.48,0.44,0.4,0.4,0.4,0.44,0.44
147,0.40093333299999995,0.39446666700000005,0.3866,0.37726666700000006,0.370466667,0.3654,0.3598,0.3552,0.352866667,0.35066666700000004,0.34726666700000003,0.34433333299999996,0.337,0.332466667,0.327133333,0.323466667,0.318733333,0.310266667,0.299733333,0.289733333,0.281866667,0.272866667,0.264266667,0.255933333,0.24833333300000002,0.241466667,0.238133333,0.237666667,0.239466667,0.2378
148,0.46799999999999997,0.46133333299999996,0.45306666700000003,0.44246666700000004,0.43713333299999996,0.4316,0.425066667,0.42126666700000004,0.41853333299999995,0.41526666700000003,0.41133333299999997,0.40766666700000004,0.4006,0.3976,0.394533333,0.390933333,0.38586666700000005,0.3758,0.365466667,0.35553333299999995,0.347866667,0.338266667,0.32913333300000003,0.31953333300000003,0.313533333,0.3082,0.304866667,0.302933333,0.3042,0.30146666699999997
149,0.342266667,0.3356,0.326866667,0.318266667,0.309666667,0.303733333,0.2986,0.293533333,0.2912,0.2886,0.285666667,0.283466667,0.276133333,0.269333333,0.262,0.259933333,0.254866667,0.248,0.23773333300000002,0.22846666699999998,0.22033333300000002,0.21186666699999998,0.203466667,0.1958,0.1882,0.1812,0.1774,0.177933333,0.1804,0.17986666699999998
150,0.611730769,0.6100769229999999,0.610692308,0.604192308,0.604346154,0.598115385,0.597192308,0.591923077,0.5920000000000001,0.5922307689999999,0.593153846,0.599923077,0.597192308,0.594538462,0.579269231,0.5675,0.566923077,0.554115385,0.555230769,0.556807692,0.558346154,0.5485769229999999,0.545,0.544230769,0.545692308,0.539076923,0.5365769229999999,0.549923077,0.5553076920000001,0.565076923
151,0.01324359,0.01324359,0.013948718,0.013948718,0.013948718,0.008346154,0.008346154,0.008346154,0.008397436,0.0085,0.0085,0.008628205,0.008628205,0.008179487,0.007153846,0.006512820999999999,0.007205128000000001,0.007205128000000001,0.007948718,0.007961538,0.004615385,0.0042307690000000005,0.0042307690000000005,0.0042307690000000005,0.0042307690000000005,0.0030128209999999997,0.0028205129999999998,0.005192308,0.004551282,0.004551282
152,0.576923077,0.538461538,0.576923077,0.576923077,0.576923077,0.576923077,0.538461538,0.5,0.5,0.5,0.5,0.538461538,0.538461538,0.538461538,0.5,0.46153846200000004,0.5,0.5,0.538461538,0.576923077,0.576923077,0.538461538,0.5,0.46153846200000004,0.46153846200000004,0.423076923,0.384615385,0.423076923,0.423076923,0.423076923
153,0.40153846200000004,0.397371795,0.39108974399999996,0.382564103,0.375,0.370128205,0.363076923,0.35666666700000005,0.35333333299999997,0.350384615,0.348141026,0.346730769,0.34121794899999996,0.33474359,0.328717949,0.32602564100000003,0.32173076899999997,0.313974359,0.305512821,0.293782051,0.285320513,0.275384615,0.26525641,0.25839743600000004,0.251538462,0.245192308,0.240833333,0.240320513,0.241089744,0.24089743600000002
154,0.468910256,0.465,0.45807692299999997,0.44935897399999997,0.44044871799999996,0.436666667,0.429038462,0.422628205,0.419487179,0.41532051299999995,0.413076923,0.41166666700000004,0.404615385,0.398782051,0.39448717899999997,0.39352564100000004,0.388717949,0.38057692299999996,0.37044871799999995,0.35916666700000005,0.34993589700000005,0.34070512799999997,0.330384615,0.323141026,0.316346154,0.311089744,0.30814102600000004,0.30576923100000003,0.306217949,0.304871795
155,0.341602564,0.338397436,0.33198717899999997,0.32275641,0.315384615,0.308589744,0.301858974,0.295576923,0.29141025600000003,0.28884615399999997,0.285320513,0.284230769,0.280961538,0.273205128,0.264807692,0.262179487,0.25852564100000003,0.25089743600000003,0.244102564,0.23160256399999998,0.225192308,0.214423077,0.204871795,0.197692308,0.191217949,0.184807692,0.179871795,0.180384615,0.181923077,0.182307692
156,0.617703704,0.605777778,0.6113333329999999,0.607185185,0.604962963,0.607259259,0.599296296,0.592444444,0.590592593,0.5891481479999999,0.5847037039999999,0.59137037,0.590444444,0.593444444,0.590259259,0.576481481,0.571259259,0.561222222,0.558222222,0.554444444,0.564333333,0.55337037,0.545111111,0.543814815,0.544555556,0.546518519,0.539518519,0.5462592589999999,0.558592593,0.563259259
157,0.01762963,0.012753086,0.013432099,0.013432099,0.013432099,0.013469136000000001,0.008037037,0.008037037,0.008098765,0.008209876999999999,0.008185185,0.008308642,0.008308642,0.00837037,0.007876543,0.0068888890000000005,0.006938272,0.006938272,0.0076543209999999995,0.007666666999999999,0.007901235,0.0044444440000000005,0.0040740740000000004,0.0040740740000000004,0.0040740740000000004,0.0040740740000000004,0.002901235,0.005,0.005061728,0.004382716
158,0.592592593,0.5555555560000001,0.5555555560000001,0.5555555560000001,0.5555555560000001,0.592592593,0.5555555560000001,0.518518519,0.518518519,0.518518519,0.481481481,0.518518519,0.518518519,0.5555555560000001,0.518518519,0.481481481,0.481481481,0.481481481,0.518518519,0.5555555560000001,0.592592593,0.5555555560000001,0.518518519,0.481481481,0.444444444,0.444444444,0.40740740700000005,0.40740740700000005,0.444444444,0.40740740700000005
159,0.404197531,0.39808642,0.394012346,0.38703703700000003,0.380185185,0.374506173,0.367716049,0.359938272,0.354814815,0.350925926,0.34796296299999996,0.34759259299999995,0.343641975,0.33888888899999997,0.33104938300000003,0.327592593,0.32425925899999997,0.31703703699999997,0.309259259,0.299567901,0.28938271600000004,0.278950617,0.267962963,0.259567901,0.254074074,0.248395062,0.24444444399999998,0.242839506,0.243518519,0.242407407
160,0.471358025,0.465987654,0.461728395,0.454320988,0.44716049399999996,0.43987654299999995,0.434012346,0.42654321,0.42086419799999997,0.416358025,0.413209877,0.41333333299999997,0.408580247,0.40271604899999996,0.395740741,0.393518519,0.391296296,0.383518519,0.375246914,0.364197531,0.353641975,0.34296296299999995,0.33302469100000004,0.324567901,0.31993827199999997,0.313888889,0.310925926,0.308888889,0.30882716,0.306790123
161,0.34345679,0.337901235,0.334814815,0.327839506,0.319814815,0.314135802,0.306604938,0.29882716,0.29345679,0.289135802,0.285679012,0.283950617,0.281790123,0.277962963,0.268703704,0.264876543,0.260740741,0.25456790100000004,0.247037037,0.237962963,0.228333333,0.219320988,0.20759259300000002,0.199259259,0.193209877,0.18783950600000002,0.183395062,0.182654321,0.184135802,0.183703704
162,0.620821429,0.61175,0.607142857,0.607928571,0.607821429,0.60775,0.608071429,0.5946428570000001,0.591142857,0.587892857,0.5820000000000001,0.583285714,0.582535714,0.587071429,0.589357143,0.587178571,0.579785714,0.5656071429999999,0.564928571,0.5573571429999999,0.561785714,0.559321429,0.549857143,0.543964286,0.544142857,0.5453928570000001,0.5466785710000001,0.54875,0.55475,0.566142857
163,0.017,0.017,0.012952381,0.012952381,0.012952381,0.012988095,0.012988095,0.00775,0.007809524,0.007928571,0.007916666999999999,0.008011905,0.008011905,0.008071429,0.008071429,0.007595238000000001,0.007285714,0.006690476,0.007380952,0.007392856999999999,0.007619048000000001,0.007619048000000001,0.004285714,0.003928571,0.003928571,0.003928571,0.003928571,0.005,0.004880952,0.004880952
164,0.571428571,0.571428571,0.571428571,0.535714286,0.535714286,0.571428571,0.571428571,0.535714286,0.535714286,0.535714286,0.5,0.5,0.5,0.535714286,0.535714286,0.5,0.5,0.46428571399999996,0.5,0.535714286,0.571428571,0.571428571,0.535714286,0.5,0.46428571399999996,0.428571429,0.428571429,0.428571429,0.428571429,0.428571429
165,0.409583333,0.40077381,0.394821429,0.39,0.38458333299999997,0.37952381,0.37202381,0.36452381,0.358035714,0.352440476,0.348571429,0.347440476,0.344583333,0.341309524,0.33517857100000004,0.329880952,0.325833333,0.319642857,0.312380952,0.303392857,0.295119048,0.283095238,0.271666667,0.262380952,0.255357143,0.250952381,0.24755952399999998,0.24625,0.24583333300000001,0.24470238100000002
166,0.47755952399999996,0.46845238100000003,0.462797619,0.45797619,0.45202381,0.446369048,0.43720238100000003,0.43142857100000004,0.424702381,0.417797619,0.41428571399999997,0.41345238100000004,0.410297619,0.40660714299999995,0.399642857,0.394761905,0.391369048,0.386190476,0.37827381,0.369047619,0.35869047600000004,0.34678571399999997,0.33547619,0.327321429,0.321428571,0.317440476,0.313630952,0.311547619,0.31172619,0.309285714
167,0.34928571399999997,0.339821429,0.334464286,0.330714286,0.324821429,0.318452381,0.31202381,0.303511905,0.296666667,0.29119047600000003,0.286071429,0.284345238,0.281607143,0.278869048,0.273452381,0.268630952,0.263392857,0.25684523800000003,0.250714286,0.241011905,0.234583333,0.22255952399999998,0.21255952399999997,0.202083333,0.194880952,0.189880952,0.186369048,0.18595238100000003,0.18619047600000002,0.18577381
168,0.621827586,0.614965517,0.612862069,0.604,0.608517241,0.610413793,0.608517241,0.603275862,0.593310345,0.588517241,0.5810344829999999,0.580724138,0.5750344829999999,0.579551724,0.583344828,0.586413793,0.59,0.5740344829999999,0.5690344829999999,0.563862069,0.564344828,0.557034483,0.555724138,0.548586207,0.544275862,0.5449655170000001,0.545586207,0.555344828,0.556862069,0.562172414
169,0.016413793,0.016413793,0.017045977,0.012505747,0.012505747,0.01254023,0.01254023,0.01254023,0.00754023,0.007655171999999999,0.007655171999999999,0.007758620999999999,0.007735631999999999,0.007793103000000001,0.007793103000000001,0.007793103000000001,0.007954023000000001,0.007034483,0.007126436999999999,0.007137931,0.007356321999999999,0.007356321999999999,0.007356321999999999,0.004137931,0.003793103,0.003793103,0.003793103,0.00591954,0.004885057,0.004712644
170,0.551724138,0.551724138,0.5862068970000001,0.551724138,0.517241379,0.551724138,0.551724138,0.551724138,0.551724138,0.551724138,0.517241379,0.517241379,0.482758621,0.517241379,0.517241379,0.517241379,0.517241379,0.482758621,0.482758621,0.517241379,0.551724138,0.551724138,0.551724138,0.517241379,0.482758621,0.448275862,0.413793103,0.448275862,0.448275862,0.413793103
171,0.41316092,0.406091954,0.397528736,0.39091954,0.38752873600000004,0.38379310299999997,0.37695402299999997,0.36879310299999996,0.362528736,0.35563218399999996,0.35011494299999996,0.348045977,0.34454023,0.342298851,0.33764367799999995,0.333908046,0.328103448,0.321321839,0.31505747100000003,0.306609195,0.298965517,0.288850575,0.27591954,0.266149425,0.258218391,0.252298851,0.25005747100000003,0.24919540199999998,0.24902298899999997,0.246896552
172,0.481781609,0.47454023,0.46528735600000004,0.459137931,0.455632184,0.45109195399999996,0.443563218,0.434597701,0.429482759,0.421609195,0.415747126,0.414482759,0.41051724100000003,0.40833333299999997,0.403505747,0.398563218,0.392643678,0.38643678200000003,0.381034483,0.37218390799999995,0.36356321799999997,0.35189655200000003,0.339425287,0.329885057,0.32419540199999997,0.318965517,0.317068966,0.31413793100000004,0.314195402,0.312068966
173,0.35189655200000003,0.345574713,0.33643678200000005,0.330517241,0.32770114899999997,0.323333333,0.316264368,0.308850575,0.301264368,0.294367816,0.28816092,0.284770115,0.28206896600000003,0.278793103,0.27448275899999997,0.273218391,0.267068966,0.25954023,0.253045977,0.244770115,0.237643678,0.228793103,0.21591954,0.20706896600000002,0.19775862100000002,0.191609195,0.188390805,0.188735632,0.189252874,0.18770114899999998
174,0.618533333,0.616133333,0.615933333,0.609633333,0.6047,0.611,0.611066667,0.603866667,0.6017,0.5907,0.581866667,0.579833333,0.572833333,0.5724,0.5762,0.5807,0.589166667,0.5841,0.577066667,0.567866667,0.5704,0.559666667,0.553633333,0.5543,0.5487333329999999,0.5450666670000001,0.545166667,0.5539999999999999,0.562966667,0.563966667
175,0.015866667,0.015866667,0.016477778000000002,0.016477778000000002,0.012088888999999998,0.012122222,0.012122222,0.012122222,0.012177778,0.0074,0.0074,0.007511111,0.0075,0.0075333330000000006,0.0075333330000000006,0.0075333330000000006,0.008133333000000001,0.007688889,0.007444444000000001,0.0069,0.007111111,0.007111111,0.007111111,0.007111111,0.004,0.003666667,0.003666667,0.005722222,0.005777778000000001,0.004722222
176,0.533333333,0.533333333,0.566666667,0.566666667,0.533333333,0.533333333,0.533333333,0.533333333,0.566666667,0.566666667,0.533333333,0.533333333,0.5,0.5,0.5,0.5,0.533333333,0.5,0.5,0.5,0.533333333,0.533333333,0.533333333,0.533333333,0.5,0.46666666700000003,0.433333333,0.433333333,0.46666666700000003,0.433333333
177,0.41594444399999997,0.40966666700000004,0.402777778,0.393666667,0.3885,0.386666667,0.381166667,0.373666667,0.36672222200000004,0.360055556,0.353277778,0.349555556,0.345222222,0.34233333299999996,0.338722222,0.33633333299999996,0.33205555600000003,0.323666667,0.316833333,0.309388889,0.302222222,0.292777778,0.28172222199999997,0.270444444,0.262,0.255166667,0.251388889,0.251555556,0.251777778,0.249944444
178,0.48522222200000004,0.47872222200000003,0.471277778,0.46166666700000003,0.45683333299999995,0.454611111,0.448222222,0.440833333,0.432611111,0.426333333,0.4195,0.415888889,0.41161111100000003,0.408611111,0.405277778,0.40233333299999996,0.39638888899999997,0.38783333299999995,0.381444444,0.375055556,0.36677777799999994,0.356833333,0.344611111,0.33388888899999997,0.326777778,0.321722222,0.318555556,0.317444444,0.316611111,0.314444444
179,0.35422222200000003,0.348222222,0.342111111,0.33255555600000003,0.327611111,0.32616666699999997,0.321055556,0.313055556,0.3065,0.298888889,0.291333333,0.286833333,0.28255555600000004,0.279333333,0.27455555600000003,0.274222222,0.27155555600000003,0.263222222,0.255777778,0.247222222,0.241388889,0.23194444399999997,0.22216666699999998,0.2105,0.20272222199999998,0.1945,0.19011111100000003,0.19061111100000003,0.191833333,0.19061111100000003
