,2014-04-02,2014-04-03,2014-04-04,2014-04-05,2014-04-06,2014-04-07,2014-04-08,2014-04-09,2014-04-10,2014-04-11,2014-04-12,2014-04-13,2014-04-14,2014-04-15,2014-04-16,2014-04-17,2014-04-18,2014-04-19,2014-04-20,2014-04-21,2014-04-22,2014-04-23,2014-04-24,2014-04-25,2014-04-26,2014-04-27,2014-04-28,2014-04-29,2014-04-30,2014-05-01
0,0.33799999999999997,0.3,0.63,0.526,0.605,0.506,0.649,0.609,0.853,0.715,0.695,0.688,0.5489999999999999,0.5329999999999999,0.8009999999999999,0.81,0.674,0.599,0.56,0.544,0.551,0.431,0.494,0.49,0.325,0.389,0.866,0.9159999999999999,0.695,0.621
1,0.0,0.0,0.0016666670000000001,0.0,0.0,0.0,0.0,0.0,0.0,0.0,0.0,0.0,0.0,0.0,0.0,0.0,0.01,0.0,0.0,0.0,0.0,0.0,0.0,0.0,0.0,0.0,0.028333333,0.045,0.018333333,0.0
2,0.0,0.0,1.0,0.0,1.0,0.0,0.0,0.0,0.0,0.0,0.0,0.0,0.0,0.0,0.0,0.0,1.0,0.0,0.0,0.0,0.0,0.0,0.0,0.0,0.0,0.0,1.0,1.0,1.0,1.0
3,0.51,0.5083333329999999,0.42,0.36,0.35333333299999997,0.373333333,0.42166666700000005,0.44833333299999995,0.42166666700000005,0.45833333299999995,0.47666666700000004,0.488333333,0.536666667,0.5216666670000001,0.465,0.483333333,0.495,0.515,0.483333333,0.493333333,0.5016666670000001,0.5166666670000001,0.536666667,0.56,0.566666667,0.561666667,0.51,0.47666666700000004,0.5,0.518333333
4,0.6333333329999999,0.615,0.47666666700000004,0.445,0.433333333,0.46333333299999996,0.528333333,0.578333333,0.505,0.583333333,0.561666667,0.536666667,0.655,0.6233333329999999,0.53,0.573333333,0.598333333,0.6333333329999999,0.556666667,0.61,0.606666667,0.638333333,0.665,0.686666667,0.681666667,0.673333333,0.555,0.5,0.565,0.606666667
5,0.40833333299999997,0.415,0.34166666700000003,0.288333333,0.308333333,0.288333333,0.33166666699999997,0.345,0.36666666700000006,0.37,0.418333333,0.435,0.47,0.451666667,0.405,0.41666666700000005,0.39,0.45,0.44,0.41666666700000005,0.41333333299999997,0.41,0.423333333,0.451666667,0.455,0.47166666700000004,0.47666666700000004,0.45333333299999995,0.44833333299999995,0.44
6,0.4155,0.319,0.465,0.578,0.5655,0.5555,0.5775,0.629,0.731,0.784,0.705,0.6915,0.6185,0.541,0.667,0.8055,0.742,0.6365,0.5795,0.552,0.5475,0.491,0.4625,0.49200000000000005,0.4075,0.35700000000000004,0.6275,0.8909999999999999,0.8055,0.6579999999999999
7,0.0,0.0,0.000833333,0.000833333,0.0,0.0,0.0,0.0,0.0,0.0,0.0,0.0,0.0,0.0,0.0,0.0,0.005,0.005,0.0,0.0,0.0,0.0,0.0,0.0,0.0,0.0,0.014166666999999999,0.036666667,0.031666667,0.009166667
8,0.0,0.0,0.5,0.5,0.5,0.5,0.0,0.0,0.0,0.0,0.0,0.0,0.0,0.0,0.0,0.0,0.5,0.5,0.0,0.0,0.0,0.0,0.0,0.0,0.0,0.0,0.5,1.0,1.0,1.0
9,0.500833333,0.509166667,0.46416666700000003,0.39,0.35666666700000005,0.363333333,0.3975,0.435,0.435,0.44,0.4675,0.4825,0.5125,0.529166667,0.493333333,0.47416666700000004,0.48916666700000005,0.505,0.499166667,0.488333333,0.4975,0.509166667,0.526666667,0.548333333,0.563333333,0.5641666670000001,0.535833333,0.493333333,0.488333333,0.509166667
10,0.61,0.624166667,0.5458333329999999,0.46083333299999996,0.439166667,0.44833333299999995,0.495833333,0.553333333,0.541666667,0.544166667,0.5725,0.549166667,0.595833333,0.639166667,0.576666667,0.551666667,0.585833333,0.615833333,0.595,0.583333333,0.6083333329999999,0.6225,0.651666667,0.6758333329999999,0.6841666670000001,0.6775,0.614166667,0.5275,0.5325,0.585833333
11,0.4025,0.41166666700000004,0.378333333,0.315,0.29833333300000003,0.29833333300000003,0.31,0.33833333299999996,0.355833333,0.368333333,0.394166667,0.42666666700000005,0.4525,0.46083333299999996,0.428333333,0.41083333299999997,0.40333333299999996,0.42,0.445,0.428333333,0.415,0.41166666700000004,0.41666666700000005,0.4375,0.45333333299999995,0.46333333299999996,0.47416666700000004,0.465,0.45083333299999995,0.444166667
12,0.48866666700000005,0.377,0.42266666700000005,0.485333333,0.5870000000000001,0.545666667,0.586666667,0.588,0.703666667,0.725666667,0.7543333329999999,0.699333333,0.644,0.59,0.6276666670000001,0.714666667,0.7616666670000001,0.694333333,0.611,0.567666667,0.551666667,0.5086666670000001,0.49200000000000005,0.47166666700000004,0.436333333,0.40133333299999996,0.526666667,0.723666667,0.825666667,0.7440000000000001
13,0.0,0.0,0.000555556,0.000555556,0.000555556,0.0,0.0,0.0,0.0,0.0,0.0,0.0,0.0,0.0,0.0,0.0,0.003333333,0.003333333,0.003333333,0.0,0.0,0.0,0.0,0.0,0.0,0.0,0.009444444,0.024444444,0.030555556,0.021111111000000002
14,0.333333333,0.0,0.333333333,0.333333333,0.666666667,0.333333333,0.333333333,0.0,0.0,0.0,0.0,0.0,0.0,0.0,0.0,0.0,0.333333333,0.333333333,0.333333333,0.0,0.0,0.0,0.0,0.0,0.0,0.0,0.333333333,0.666666667,1.0,1.0
15,0.5,0.5033333329999999,0.47944444399999997,0.429444444,0.37777777799999995,0.36222222200000004,0.38277777799999996,0.41444444399999997,0.430555556,0.44277777799999996,0.452222222,0.47444444399999997,0.500555556,0.515555556,0.507777778,0.49,0.48111111100000004,0.49777777799999995,0.49777777799999995,0.49722222200000005,0.49277777799999994,0.503888889,0.518333333,0.5377777779999999,0.554444444,0.562777778,0.546111111,0.5161111110000001,0.495555556,0.498333333
16,0.604444444,0.611666667,0.575,0.512222222,0.451666667,0.447222222,0.475,0.523333333,0.537222222,0.5555555560000001,0.55,0.5605555560000001,0.584444444,0.605,0.602777778,0.575555556,0.567222222,0.601666667,0.596111111,0.6,0.591111111,0.6183333329999999,0.6366666670000001,0.663333333,0.6777777779999999,0.680555556,0.6366666670000001,0.576111111,0.54,0.557222222
17,0.40833333299999997,0.40666666700000004,0.38833333299999995,0.34833333299999997,0.312777778,0.295,0.309444444,0.321666667,0.347777778,0.360555556,0.385,0.407777778,0.441111111,0.452222222,0.44222222200000005,0.424444444,0.403888889,0.418888889,0.42666666700000005,0.435555556,0.423333333,0.41333333299999997,0.415555556,0.428333333,0.443333333,0.459444444,0.467777778,0.467222222,0.459444444,0.447222222
18,0.55,0.4415,0.44025,0.4485,0.51525,0.56675,0.5715,0.59225,0.65425,0.7065,0.718,0.73775,0.66175,0.61625,0.64275,0.67325,0.7045,0.721,0.66075,0.59425,0.5635,0.5215,0.505,0.4915,0.435,0.4245,0.5175,0.624,0.7165,0.7745
19,0.002916667,0.0,0.00041666699999999996,0.00041666699999999996,0.00041666699999999996,0.00041666699999999996,0.0,0.0,0.0,0.0,0.0,0.0,0.0,0.0,0.0,0.0,0.0025,0.0025,0.0025,0.0025,0.0,0.0,0.0,0.0,0.0,0.0,0.007083333000000001,0.018333333,0.022916667,0.022916667
20,0.5,0.25,0.25,0.25,0.5,0.5,0.25,0.25,0.0,0.0,0.0,0.0,0.0,0.0,0.0,0.0,0.25,0.25,0.25,0.25,0.0,0.0,0.0,0.0,0.0,0.0,0.25,0.5,0.75,1.0
21,0.5,0.502083333,0.4825,0.449583333,0.410416667,0.376666667,0.37708333299999997,0.39916666700000003,0.41625,0.4375,0.45125,0.46125,0.49,0.505833333,0.502916667,0.5016666670000001,0.49125,0.48958333299999995,0.494166667,0.496666667,0.498333333,0.49875,0.512083333,0.52875,0.545,0.55625,0.549583333,0.52875,0.512083333,0.50125
22,0.590833333,0.607083333,0.577916667,0.5425,0.4925,0.454583333,0.4675,0.500833333,0.51875,0.54875,0.557083333,0.546666667,0.5841666670000001,0.594166667,0.58625,0.5954166670000001,0.58125,0.58375,0.5904166670000001,0.599583333,0.601666667,0.602916667,0.63,0.649166667,0.6679166670000001,0.676666667,0.649166667,0.6025,0.573333333,0.556666667
23,0.42375,0.41,0.39041666700000005,0.363333333,0.33833333299999996,0.306666667,0.304166667,0.318333333,0.332916667,0.35333333299999997,0.375,0.3975,0.423333333,0.44375,0.44041666700000004,0.435833333,0.41583333299999997,0.415416667,0.42416666700000005,0.42416666700000005,0.43,0.42,0.41583333299999997,0.42458333299999995,0.435,0.45041666700000005,0.46375,0.46416666700000003,0.4625,0.454583333
24,0.5546,0.5,0.4792,0.4574,0.4798,0.5134,0.5832,0.579,0.6444,0.6664,0.7042,0.7120000000000001,0.7,0.636,0.6532,0.6762,0.6734,0.6834,0.6888,0.6374,0.5856,0.537,0.516,0.502,0.4582,0.4258,0.5128,0.5972,0.6382,0.6974
25,0.002333333,0.002333333,0.00033333300000000006,0.00033333300000000006,0.00033333300000000006,0.00033333300000000006,0.00033333300000000006,0.0,0.0,0.0,0.0,0.0,0.0,0.0,0.0,0.0,0.002,0.002,0.002,0.002,0.002,0.0,0.0,0.0,0.0,0.0,0.005666666999999999,0.014666667,0.018333333,0.018333333
26,0.4,0.4,0.4,0.2,0.4,0.4,0.4,0.2,0.2,0.0,0.0,0.0,0.0,0.0,0.0,0.0,0.2,0.2,0.2,0.2,0.2,0.0,0.0,0.0,0.0,0.0,0.2,0.4,0.6,0.8
27,0.5053333329999999,0.5016666670000001,0.48566666700000005,0.45799999999999996,0.430333333,0.40299999999999997,0.385666667,0.39133333299999995,0.40366666700000003,0.42466666700000005,0.445333333,0.45866666700000003,0.47633333299999997,0.496333333,0.497666667,0.499,0.5003333329999999,0.496,0.488333333,0.494,0.497666667,0.502,0.5063333329999999,0.5216666670000001,0.536333333,0.548333333,0.547,0.535,0.523,0.513333333
28,0.602,0.595666667,0.581,0.551333333,0.5206666670000001,0.48666666700000005,0.46933333299999996,0.48966666700000006,0.5016666670000001,0.531666667,0.551333333,0.5529999999999999,0.568333333,0.5920000000000001,0.581333333,0.583666667,0.596,0.591666667,0.578333333,0.594333333,0.601,0.609,0.6153333329999999,0.641333333,0.655666667,0.669,0.652333333,0.6193333329999999,0.595,0.58
29,0.42666666700000005,0.42200000000000004,0.39633333299999995,0.37,0.35233333299999997,0.328333333,0.311666667,0.312333333,0.32799999999999996,0.34033333299999996,0.366333333,0.387,0.41200000000000003,0.429,0.436,0.435666667,0.42666666700000005,0.42266666700000005,0.420333333,0.42266666700000005,0.42200000000000004,0.426,0.42066666700000005,0.423,0.430666667,0.442333333,0.455666667,0.46166666700000003,0.461,0.45799999999999996
30,0.5770000000000001,0.512166667,0.5216666670000001,0.48700000000000004,0.48200000000000004,0.48416666700000005,0.536,0.5875,0.6246666670000001,0.656166667,0.671166667,0.7015,0.6848333329999999,0.672166667,0.6635,0.679333333,0.6758333329999999,0.6609999999999999,0.662833333,0.664666667,0.623,0.5598333329999999,0.529833333,0.5116666670000001,0.4725,0.446666667,0.499166667,0.58,0.6135,0.635333333
31,0.001944444,0.001944444,0.0022222220000000003,0.000277778,0.000277778,0.000277778,0.000277778,0.000277778,0.0,0.0,0.0,0.0,0.0,0.0,0.0,0.0,0.0016666670000000001,0.0016666670000000001,0.0016666670000000001,0.0016666670000000001,0.0016666670000000001,0.0016666670000000001,0.0,0.0,0.0,0.0,0.004722222,0.012222222,0.015277778,0.015277778
32,0.333333333,0.333333333,0.5,0.333333333,0.333333333,0.333333333,0.333333333,0.333333333,0.166666667,0.166666667,0.0,0.0,0.0,0.0,0.0,0.0,0.166666667,0.166666667,0.166666667,0.166666667,0.166666667,0.166666667,0.0,0.0,0.0,0.0,0.166666667,0.333333333,0.5,0.666666667
33,0.500277778,0.505833333,0.488055556,0.464722222,0.440555556,0.420833333,0.406111111,0.396111111,0.39638888899999997,0.412777778,0.433333333,0.4525,0.47166666700000004,0.483888889,0.491111111,0.49527777799999995,0.498333333,0.502777778,0.493888889,0.48916666700000005,0.49527777799999995,0.500833333,0.507777778,0.515277778,0.529166667,0.540555556,0.541944444,0.535277778,0.529166667,0.522222222
34,0.6,0.604166667,0.575833333,0.558333333,0.531666667,0.5111111110000001,0.493611111,0.4875,0.49222222200000004,0.515277778,0.536666667,0.548888889,0.57,0.5775,0.581666667,0.58,0.586111111,0.6022222220000001,0.585833333,0.583611111,0.596388889,0.607222222,0.6183333329999999,0.627222222,0.648055556,0.658611111,0.65,0.6269444439999999,0.6102777779999999,0.596944444
35,0.41861111100000004,0.42472222200000004,0.408611111,0.378333333,0.35972222200000004,0.34166666700000003,0.32888888899999996,0.317222222,0.321388889,0.335,0.35333333299999997,0.37777777799999995,0.40083333299999996,0.41861111100000004,0.425,0.43277777799999995,0.428055556,0.430555556,0.425555556,0.41972222200000003,0.42111111100000004,0.42,0.425555556,0.425833333,0.428333333,0.4375,0.448055556,0.45527777799999997,0.459444444,0.4575
36,0.586857143,0.537428571,0.529,0.522285714,0.503857143,0.48542857100000003,0.507714286,0.546428571,0.625428571,0.637571429,0.661714286,0.6735714290000001,0.679714286,0.663142857,0.690571429,0.684428571,0.6785714290000001,0.664857143,0.646571429,0.645857143,0.6484285710000001,0.5955714289999999,0.550428571,0.5241428570000001,0.485,0.460571429,0.506571429,0.5587142860000001,0.596428571,0.614571429
37,0.0016666670000000001,0.0016666670000000001,0.0019047620000000002,0.0019047620000000002,0.000238095,0.000238095,0.000238095,0.000238095,0.000238095,0.0,0.0,0.0,0.0,0.0,0.0,0.0,0.001428571,0.001428571,0.001428571,0.001428571,0.001428571,0.001428571,0.001428571,0.0,0.0,0.0,0.0040476190000000006,0.01047619,0.013095238,0.013095238
38,0.428571429,0.28571428600000004,0.428571429,0.428571429,0.428571429,0.28571428600000004,0.28571428600000004,0.28571428600000004,0.28571428600000004,0.14285714300000002,0.14285714300000002,0.0,0.0,0.0,0.0,0.0,0.14285714300000002,0.14285714300000002,0.14285714300000002,0.14285714300000002,0.14285714300000002,0.14285714300000002,0.14285714300000002,0.0,0.0,0.0,0.14285714300000002,0.28571428600000004,0.428571429,0.571428571
39,0.501190476,0.501428571,0.493571429,0.469761905,0.44880952399999996,0.430952381,0.42095238100000004,0.41214285700000003,0.399761905,0.405238095,0.42190476200000004,0.441190476,0.46452381,0.478809524,0.48119047600000003,0.49,0.495238095,0.500714286,0.5,0.493809524,0.490952381,0.498333333,0.5059523810000001,0.515238095,0.5226190479999999,0.533809524,0.536190476,0.5326190479999999,0.530238095,0.5276190479999999
40,0.602142857,0.602142857,0.585952381,0.557142857,0.54047619,0.521904762,0.513571429,0.505714286,0.49,0.505238095,0.521904762,0.536666667,0.564047619,0.577619048,0.570714286,0.58047619,0.582619048,0.5928571429999999,0.595714286,0.589285714,0.5869047620000001,0.6023809520000001,0.61547619,0.628095238,0.635,0.651666667,0.643809524,0.628571429,0.618095238,0.609761905
41,0.422619048,0.418095238,0.412857143,0.391428571,0.368333333,0.34952381,0.340238095,0.331190476,0.324285714,0.328333333,0.34690476200000003,0.365,0.390952381,0.40809523799999997,0.41666666700000005,0.423809524,0.42666666700000005,0.431190476,0.43190476200000005,0.424285714,0.418809524,0.41952381,0.42047619,0.429285714,0.43,0.43452381,0.44309523799999995,0.44880952399999996,0.454285714,0.456666667
42,0.608375,0.551,0.5489999999999999,0.528625,0.532625,0.504125,0.505875,0.520375,0.58475,0.636625,0.64475,0.665,0.6579999999999999,0.661375,0.680375,0.7055,0.683125,0.668625,0.65175,0.63375,0.634,0.62125,0.582875,0.542875,0.49925,0.473,0.51125,0.55775,0.57575,0.5995
43,0.0014583329999999998,0.0014583329999999998,0.0016666670000000001,0.0016666670000000001,0.0016666670000000001,0.000208333,0.000208333,0.000208333,0.000208333,0.000208333,0.0,0.0,0.0,0.0,0.0,0.0,0.00125,0.00125,0.00125,0.00125,0.00125,0.00125,0.00125,0.00125,0.0,0.0,0.003541667,0.009166667,0.011458333000000001,0.011458333000000001
44,0.5,0.375,0.375,0.375,0.5,0.375,0.25,0.25,0.25,0.25,0.125,0.125,0.0,0.0,0.0,0.0,0.125,0.125,0.125,0.125,0.125,0.125,0.125,0.125,0.0,0.0,0.125,0.25,0.375,0.5
45,0.500208333,0.502083333,0.49125,0.476875,0.45520833299999997,0.439375,0.42979166700000004,0.424375,0.41333333299999997,0.407083333,0.41416666700000004,0.43020833299999994,0.453125,0.47166666700000004,0.47708333299999994,0.48145833299999996,0.490625,0.49770833299999995,0.498541667,0.499166667,0.49479166700000005,0.494166667,0.503125,0.512708333,0.5216666670000001,0.5275,0.530833333,0.52875,0.528541667,0.52875
46,0.596041667,0.60375,0.5864583329999999,0.568333333,0.541666667,0.530833333,0.522708333,0.5216666670000001,0.505625,0.5016666670000001,0.5122916670000001,0.52375,0.551458333,0.5714583329999999,0.571666667,0.571041667,0.582708333,0.588958333,0.588333333,0.5975,0.591458333,0.593333333,0.610208333,0.624375,0.634791667,0.639791667,0.6395833329999999,0.625833333,0.620625,0.6166666670000001
47,0.425833333,0.42166666700000005,0.40854166700000005,0.397291667,0.38104166700000003,0.358333333,0.347291667,0.34083333299999996,0.335625,0.33,0.339583333,0.357916667,0.378125,0.39854166700000004,0.407708333,0.41666666700000005,0.41958333299999995,0.42958333299999996,0.43229166700000005,0.43,0.422916667,0.417708333,0.42,0.424375,0.4325,0.43520833299999995,0.43979166700000005,0.444375,0.44875,0.4525
48,0.608,0.574111111,0.559777778,0.546444444,0.537111111,0.529666667,0.520222222,0.517333333,0.557333333,0.5992222220000001,0.6431111110000001,0.649555556,0.652111111,0.6441111110000001,0.6768888890000001,0.694777778,0.7020000000000001,0.6737777779999999,0.656555556,0.639777778,0.624555556,0.611444444,0.607111111,0.572555556,0.5186666670000001,0.48700000000000004,0.5166666670000001,0.556222222,0.573,0.580777778
49,0.001296296,0.001296296,0.001481481,0.001481481,0.001481481,0.001481481,0.000185185,0.000185185,0.000185185,0.000185185,0.000185185,0.0,0.0,0.0,0.0,0.0,0.0011111110000000001,0.0011111110000000001,0.0011111110000000001,0.0011111110000000001,0.0011111110000000001,0.0011111110000000001,0.0011111110000000001,0.0011111110000000001,0.0011111110000000001,0.0,0.003148148,0.008148148000000001,0.010185185,0.010185185
50,0.5555555560000001,0.444444444,0.444444444,0.333333333,0.444444444,0.444444444,0.333333333,0.222222222,0.222222222,0.222222222,0.222222222,0.111111111,0.111111111,0.0,0.0,0.0,0.111111111,0.111111111,0.111111111,0.111111111,0.111111111,0.111111111,0.111111111,0.111111111,0.111111111,0.0,0.111111111,0.222222222,0.333333333,0.444444444
51,0.49259259299999997,0.501111111,0.492962963,0.47666666700000004,0.463148148,0.446111111,0.437407407,0.43185185200000004,0.42407407399999997,0.418333333,0.414814815,0.422407407,0.442037037,0.460740741,0.470925926,0.477777778,0.48296296299999997,0.493333333,0.496111111,0.497962963,0.499444444,0.49722222200000005,0.498888889,0.509444444,0.518703704,0.526111111,0.525555556,0.524814815,0.525555556,0.527407407
52,0.585925926,0.5981481479999999,0.58962963,0.570740741,0.553333333,0.532962963,0.530555556,0.528888889,0.519814815,0.514259259,0.5083333329999999,0.515,0.538333333,0.5594444439999999,0.566851852,0.571851852,0.574074074,0.588333333,0.58537037,0.5907407410000001,0.598518519,0.596666667,0.601296296,0.618703704,0.630740741,0.6390740739999999,0.63037037,0.624074074,0.619074074,0.619074074
53,0.414814815,0.42462963,0.412777778,0.395185185,0.38740740700000004,0.37074074100000004,0.35537037,0.34703703700000005,0.343703704,0.339444444,0.339814815,0.350185185,0.37037037,0.38629629600000004,0.399259259,0.408703704,0.413703704,0.42296296299999997,0.43074074100000004,0.430555556,0.42814814799999995,0.421481481,0.418333333,0.423518519,0.427777778,0.43685185200000004,0.439814815,0.44129629600000003,0.444814815,0.44777777799999996
54,0.6108,0.5772,0.5797,0.5564,0.5523,0.534,0.5416,0.5291,0.5509,0.5731,0.6088,0.6476,0.6395,0.6402,0.6598,0.6902,0.6927,0.6917,0.6624,0.6453,0.6309,0.6052,0.5997,0.5954,0.5478,0.5057,0.5249,0.5566,0.5701,0.5778
55,0.001166667,0.001166667,0.001333333,0.001333333,0.001333333,0.001333333,0.001333333,0.000166667,0.000166667,0.000166667,0.000166667,0.000166667,0.0,0.0,0.0,0.0,0.001,0.001,0.001,0.001,0.001,0.001,0.001,0.001,0.001,0.001,0.002833333,0.007333333,0.009166667,0.009166667
56,0.5,0.5,0.5,0.4,0.4,0.4,0.4,0.3,0.2,0.2,0.2,0.2,0.1,0.1,0.0,0.0,0.1,0.1,0.1,0.1,0.1,0.1,0.1,0.1,0.1,0.1,0.1,0.2,0.3,0.4
57,0.484333333,0.494166667,0.493,0.47966666700000005,0.46433333299999996,0.454166667,0.443666667,0.4385,0.430833333,0.4275,0.42416666700000005,0.42216666700000005,0.433833333,0.45,0.46116666700000003,0.47216666700000004,0.4795,0.48616666700000005,0.492333333,0.495833333,0.498333333,0.501166667,0.501166667,0.505,0.515166667,0.523,0.5245,0.5206666670000001,0.522333333,0.524833333
58,0.5781666670000001,0.588833333,0.586,0.5751666670000001,0.557,0.544333333,0.5325,0.535333333,0.5265,0.526166667,0.519,0.511166667,0.529,0.5468333329999999,0.5565,0.5675,0.5745,0.58,0.5851666670000001,0.587833333,0.592333333,0.6025,0.6035,0.609833333,0.625,0.635,0.6306666670000001,0.6173333329999999,0.618166667,0.617833333
59,0.406,0.41483333299999997,0.41633333299999997,0.40033333299999996,0.3865,0.3775,0.366833333,0.354333333,0.349,0.34633333299999997,0.34733333299999997,0.34933333299999997,0.36216666700000005,0.3785,0.388166667,0.401,0.40683333299999996,0.417333333,0.42466666700000005,0.429333333,0.428833333,0.426333333,0.42166666700000005,0.42166666700000005,0.42666666700000005,0.432166667,0.440833333,0.441166667,0.442,0.444333333
60,0.613,0.582545455,0.5820000000000001,0.574818182,0.560818182,0.548090909,0.544454545,0.547727273,0.558545455,0.565818182,0.584181818,0.616,0.638636364,0.6298181820000001,0.6548181820000001,0.673454545,0.6887272729999999,0.684181818,0.679727273,0.651636364,0.636727273,0.612727273,0.595090909,0.5897272729999999,0.570818182,0.533363636,0.538454545,0.560454545,0.569181818,0.5747272729999999
61,0.001060606,0.001060606,0.001212121,0.001212121,0.001212121,0.001212121,0.001212121,0.001212121,0.000151515,0.000151515,0.000151515,0.000151515,0.000151515,0.0,0.0,0.0,0.0009090910000000001,0.0009090910000000001,0.0009090910000000001,0.0009090910000000001,0.0009090910000000001,0.0009090910000000001,0.0009090910000000001,0.0009090910000000001,0.0009090910000000001,0.0009090910000000001,0.003484848,0.006666666999999999,0.008333333,0.008333333
62,0.454545455,0.454545455,0.545454545,0.454545455,0.454545455,0.363636364,0.363636364,0.363636364,0.272727273,0.181818182,0.181818182,0.181818182,0.181818182,0.090909091,0.090909091,0.0,0.090909091,0.090909091,0.090909091,0.090909091,0.090909091,0.090909091,0.090909091,0.090909091,0.090909091,0.090909091,0.181818182,0.181818182,0.272727273,0.363636364
63,0.476060606,0.486515152,0.487424242,0.480909091,0.46818181799999997,0.45606060600000004,0.451212121,0.444090909,0.43696969700000005,0.433333333,0.43196969700000004,0.43,0.432575758,0.441818182,0.451363636,0.46318181799999997,0.474242424,0.48272727299999996,0.485909091,0.492424242,0.496363636,0.5,0.504393939,0.5065151520000001,0.510606061,0.519393939,0.5218181820000001,0.520151515,0.518787879,0.5219696970000001
64,0.571818182,0.581515152,0.578636364,0.573181818,0.5622727270000001,0.548484848,0.542878788,0.536666667,0.532575758,0.531666667,0.529393939,0.5206060610000001,0.524242424,0.537575758,0.54530303,0.558030303,0.57030303,0.579848485,0.5778787879999999,0.587424242,0.589545455,0.596515152,0.6081818179999999,0.611060606,0.616363636,0.629393939,0.627727273,0.618787879,0.612575758,0.617121212
65,0.39530303,0.40681818200000003,0.408181818,0.40469697,0.391969697,0.377575758,0.373333333,0.364848485,0.355454545,0.350909091,0.35287878799999994,0.35530303,0.36030303,0.37030303,0.38090909100000003,0.390757576,0.4,0.410757576,0.419393939,0.42393939399999997,0.42787878799999995,0.42712121200000003,0.426060606,0.424393939,0.42469697,0.43075757600000003,0.436212121,0.44196969700000005,0.441818182,0.441818182
66,0.605666667,0.586916667,0.5865,0.577333333,0.577333333,0.55625,0.5565,0.5498333329999999,0.5731666670000001,0.571583333,0.576583333,0.592833333,0.6104166670000001,0.629833333,0.644083333,0.66775,0.6735,0.68125,0.6738333329999999,0.668416667,0.64325,0.619583333,0.602833333,0.586333333,0.567666667,0.555666667,0.561083333,0.569916667,0.571666667,0.5735
67,0.000972222,0.000972222,0.0011111110000000001,0.0011111110000000001,0.0011111110000000001,0.0011111110000000001,0.0011111110000000001,0.0011111110000000001,0.0011111110000000001,0.000138889,0.000138889,0.000138889,0.000138889,0.000138889,0.0,0.0,0.000833333,0.000833333,0.000833333,0.000833333,0.000833333,0.000833333,0.000833333,0.000833333,0.000833333,0.000833333,0.0031944440000000003,0.006944444,0.007638889,0.007638889
68,0.41666666700000005,0.41666666700000005,0.5,0.5,0.5,0.41666666700000005,0.333333333,0.333333333,0.333333333,0.25,0.166666667,0.166666667,0.166666667,0.166666667,0.083333333,0.083333333,0.083333333,0.083333333,0.083333333,0.083333333,0.083333333,0.083333333,0.083333333,0.083333333,0.083333333,0.083333333,0.166666667,0.25,0.25,0.333333333
69,0.465416667,0.47875,0.480972222,0.476805556,0.470277778,0.46027777799999997,0.453194444,0.45097222200000003,0.44222222200000005,0.43875,0.436944444,0.436666667,0.438888889,0.44,0.44375,0.454027778,0.46583333299999996,0.477638889,0.482777778,0.48652777799999997,0.493194444,0.498055556,0.5030555560000001,0.509027778,0.5115277779999999,0.514861111,0.518611111,0.518055556,0.518472222,0.51875
70,0.561666667,0.575416667,0.572777778,0.5675,0.561527778,0.5540277779999999,0.546805556,0.5458333329999999,0.534027778,0.536805556,0.534166667,0.53,0.531805556,0.5325,0.536944444,0.547638889,0.561388889,0.575555556,0.577916667,0.580555556,0.589027778,0.593611111,0.6022222220000001,0.614722222,0.616944444,0.621111111,0.623194444,0.617083333,0.614305556,0.612083333
71,0.38486111100000003,0.396944444,0.40138888899999997,0.398194444,0.39666666700000003,0.38333333299999994,0.37375,0.370972222,0.365,0.35666666700000005,0.35652777799999996,0.35972222200000004,0.364861111,0.36791666700000003,0.37319444399999996,0.383888889,0.390694444,0.40416666700000003,0.413194444,0.41916666700000005,0.423055556,0.426388889,0.42680555600000003,0.428194444,0.426944444,0.428611111,0.43458333299999996,0.437638889,0.4425,0.441666667
72,0.613923077,0.582153846,0.5902307689999999,0.581846154,0.579461538,0.5718461539999999,0.563384615,0.560538462,0.573153846,0.584076923,0.581076923,0.585153846,0.589461538,0.604461538,0.643,0.656846154,0.668230769,0.667769231,0.671923077,0.663846154,0.659384615,0.626923077,0.609923077,0.594153846,0.566230769,0.553923077,0.579538462,0.588384615,0.579538462,0.575461538
73,0.001,0.000897436,0.001025641,0.001025641,0.001025641,0.001025641,0.001025641,0.001025641,0.001025641,0.001025641,0.000128205,0.000128205,0.000128205,0.000128205,0.000128205,0.0,0.0007692310000000001,0.0007692310000000001,0.0007692310000000001,0.0007692310000000001,0.0007692310000000001,0.0007692310000000001,0.0007692310000000001,0.0007692310000000001,0.0007692310000000001,0.0007692310000000001,0.002948718,0.006410256,0.007820513000000001,0.007051282
74,0.46153846200000004,0.384615385,0.46153846200000004,0.46153846200000004,0.538461538,0.46153846200000004,0.384615385,0.307692308,0.307692308,0.307692308,0.23076923100000002,0.153846154,0.153846154,0.153846154,0.153846154,0.076923077,0.153846154,0.076923077,0.076923077,0.076923077,0.076923077,0.076923077,0.076923077,0.076923077,0.076923077,0.076923077,0.153846154,0.23076923100000002,0.307692308,0.307692308
75,0.456923077,0.46871794899999997,0.474230769,0.47166666700000004,0.46730769200000005,0.462820513,0.45730769200000004,0.452820513,0.448717949,0.443461538,0.441666667,0.44089743600000003,0.44435897399999996,0.44525641,0.44192307700000005,0.446794872,0.45717948700000005,0.469615385,0.478076923,0.483589744,0.48769230799999996,0.495,0.501025641,0.507435897,0.5134615379999999,0.515384615,0.514487179,0.515384615,0.5166666670000001,0.5184615379999999
76,0.550897436,0.565769231,0.5678205129999999,0.562948718,0.5571794870000001,0.553974359,0.552051282,0.549230769,0.542692308,0.537820513,0.538717949,0.534358974,0.539615385,0.538846154,0.532307692,0.53974359,0.551538462,0.566923077,0.574102564,0.580384615,0.5825641029999999,0.5928205129999999,0.599102564,0.608717949,0.619871795,0.621282051,0.616025641,0.613717949,0.6130769229999999,0.613717949
77,0.37807692299999995,0.38717948700000004,0.392692308,0.392692308,0.391282051,0.38833333299999995,0.37935897399999996,0.371538462,0.37064102600000004,0.365384615,0.36141025600000004,0.36256410299999997,0.368205128,0.371538462,0.37076923100000003,0.376538462,0.38435897399999996,0.39525641,0.406923077,0.41346153799999996,0.418717949,0.422051282,0.426153846,0.428717949,0.43025641,0.430384615,0.432307692,0.436025641,0.438461538,0.44230769200000003
78,0.6168571429999999,0.5915,0.585571429,0.5856428570000001,0.5835,0.574214286,0.577357143,0.566642857,0.581428571,0.583285714,0.5920000000000001,0.588714286,0.582571429,0.585428571,0.6185,0.654928571,0.6580714289999999,0.663285714,0.6600714289999999,0.662785714,0.655785714,0.643071429,0.617428571,0.601357143,0.574928571,0.553571429,0.576214286,0.6035714289999999,0.596,0.5825
79,0.0009285710000000001,0.0009285710000000001,0.0009523810000000001,0.0009523810000000001,0.0009523810000000001,0.0009523810000000001,0.0009523810000000001,0.0009523810000000001,0.0009523810000000001,0.0009523810000000001,0.0009523810000000001,0.00011904799999999999,0.00011904799999999999,0.00011904799999999999,0.00011904799999999999,0.00011904799999999999,0.0007142860000000001,0.0007142860000000001,0.0007142860000000001,0.0007142860000000001,0.0007142860000000001,0.0007142860000000001,0.0007142860000000001,0.0007142860000000001,0.0007142860000000001,0.0007142860000000001,0.002738095,0.005952381,0.007261905,0.007261905
80,0.428571429,0.428571429,0.428571429,0.428571429,0.5,0.5,0.428571429,0.35714285700000004,0.28571428600000004,0.28571428600000004,0.28571428600000004,0.214285714,0.14285714300000002,0.14285714300000002,0.14285714300000002,0.14285714300000002,0.14285714300000002,0.14285714300000002,0.071428571,0.071428571,0.071428571,0.071428571,0.071428571,0.071428571,0.071428571,0.071428571,0.14285714300000002,0.214285714,0.28571428600000004,0.35714285700000004
81,0.45357142899999997,0.46059523799999996,0.465238095,0.466071429,0.46321428600000003,0.46059523799999996,0.459880952,0.456666667,0.45059523799999995,0.449404762,0.44583333299999994,0.445,0.447738095,0.44988095200000006,0.446666667,0.44488095200000005,0.450238095,0.46130952399999997,0.47059523799999997,0.47916666700000005,0.48488095200000003,0.489761905,0.49797619,0.505238095,0.5116666670000001,0.516904762,0.515,0.511785714,0.514285714,0.516785714
82,0.544047619,0.55547619,0.559404762,0.559047619,0.553690476,0.55047619,0.552142857,0.553928571,0.5460714289999999,0.545595238,0.53952381,0.538571429,0.54297619,0.545595238,0.538214286,0.535238095,0.543928571,0.557380952,0.566190476,0.576666667,0.582261905,0.586547619,0.59797619,0.605357143,0.613928571,0.623690476,0.616547619,0.607738095,0.610238095,0.612619048
83,0.377738095,0.380714286,0.383928571,0.385238095,0.386666667,0.383928571,0.384285714,0.376904762,0.371190476,0.370595238,0.369166667,0.36666666700000006,0.370238095,0.374166667,0.373928571,0.374047619,0.3775,0.389047619,0.398452381,0.407619048,0.41345238100000004,0.418095238,0.42214285700000004,0.42797619,0.430595238,0.433214286,0.433690476,0.433809524,0.436904762,0.438571429
84,0.625933333,0.595733333,0.594066667,0.5816,0.586933333,0.578333333,0.5792,0.579466667,0.585733333,0.590333333,0.590733333,0.5984,0.586066667,0.5792666670000001,0.5998,0.631266667,0.6562,0.654133333,0.6564,0.652333333,0.655333333,0.6408,0.633133333,0.608933333,0.5829333329999999,0.562533333,0.5744,0.598866667,0.609666667,0.597666667
85,0.0009555560000000001,0.000866667,0.0009777780000000001,0.0008888889999999999,0.0008888889999999999,0.0008888889999999999,0.0008888889999999999,0.0008888889999999999,0.0008888889999999999,0.0008888889999999999,0.0008888889999999999,0.0008888889999999999,0.000111111,0.000111111,0.000111111,0.000111111,0.000777778,0.000666667,0.000666667,0.000666667,0.000666667,0.000666667,0.000666667,0.000666667,0.000666667,0.000666667,0.002555556,0.005555556,0.006777778000000001,0.006777778000000001
86,0.46666666700000003,0.4,0.46666666700000003,0.4,0.46666666700000003,0.46666666700000003,0.46666666700000003,0.4,0.333333333,0.26666666699999997,0.26666666699999997,0.26666666699999997,0.2,0.133333333,0.133333333,0.133333333,0.2,0.133333333,0.133333333,0.066666667,0.066666667,0.066666667,0.066666667,0.066666667,0.066666667,0.066666667,0.133333333,0.2,0.26666666699999997,0.333333333
87,0.451666667,0.457222222,0.45788888899999997,0.458222222,0.45855555600000003,0.457222222,0.45799999999999996,0.459111111,0.45433333299999995,0.451111111,0.451222222,0.448666667,0.451111111,0.452666667,0.45088888899999996,0.449111111,0.448222222,0.454555556,0.462777778,0.472111111,0.48066666700000005,0.48700000000000004,0.492888889,0.502111111,0.5093333329999999,0.515,0.516444444,0.512444444,0.511,0.514555556
88,0.542222222,0.5487777779999999,0.550222222,0.5517777779999999,0.550666667,0.547666667,0.5489999999999999,0.553888889,0.550666667,0.548555556,0.546666667,0.539333333,0.546333333,0.548333333,0.544555556,0.540555556,0.539444444,0.549888889,0.557333333,0.569111111,0.578666667,0.586,0.591777778,0.603888889,0.610444444,0.6178888889999999,0.619111111,0.608777778,0.6048888889999999,0.61
89,0.37777777799999995,0.38022222200000005,0.378111111,0.377555556,0.380111111,0.380111111,0.380444444,0.381666667,0.37622222200000005,0.371111111,0.37377777799999995,0.373555556,0.373555556,0.375666667,0.37622222200000005,0.37677777799999995,0.375111111,0.382333333,0.392444444,0.39966666700000003,0.408,0.41322222200000003,0.41844444399999997,0.42411111100000004,0.42977777799999994,0.433333333,0.436111111,0.435,0.43477777799999995,0.437111111
90,0.6361875,0.6055625,0.597875,0.5898125,0.5830625,0.581875,0.58275,0.5810625,0.5965625,0.5938125,0.596875,0.5968125,0.5953125,0.58275,0.593125,0.6129375,0.6339375,0.652625,0.64825,0.649375,0.6459999999999999,0.6413125,0.631625,0.6241875,0.5911875,0.5708125,0.5815,0.59575,0.604875,0.610375
91,0.001,0.0008958330000000001,0.000916667,0.000916667,0.000833333,0.000833333,0.000833333,0.000833333,0.000833333,0.000833333,0.000833333,0.000833333,0.000833333,0.00010416700000000001,0.00010416700000000001,0.00010416700000000001,0.000729167,0.000729167,0.000625,0.000625,0.000625,0.000625,0.000625,0.000625,0.000625,0.000625,0.002395833,0.005208333,0.006354166999999999,0.006354166999999999
92,0.5,0.4375,0.4375,0.4375,0.4375,0.4375,0.4375,0.4375,0.375,0.3125,0.25,0.25,0.25,0.1875,0.125,0.125,0.1875,0.1875,0.125,0.125,0.0625,0.0625,0.0625,0.0625,0.0625,0.0625,0.125,0.1875,0.25,0.3125
93,0.4521875,0.45520833299999997,0.45489583299999997,0.451770833,0.451666667,0.45322916700000004,0.455,0.457395833,0.456770833,0.454583333,0.45270833299999996,0.45354166700000004,0.454166667,0.45552083299999996,0.4534375,0.45291666700000005,0.451979167,0.45239583299999997,0.45635416700000003,0.4646875,0.47395833299999995,0.482916667,0.49010416700000003,0.49708333299999996,0.5061458329999999,0.512604167,0.5146875,0.5139583329999999,0.5116666670000001,0.511458333
94,0.544166667,0.546770833,0.544270833,0.543645833,0.544375,0.5452083329999999,0.546458333,0.5508333329999999,0.5508333329999999,0.552708333,0.549375,0.546041667,0.5465625,0.551145833,0.5471875,0.5463541670000001,0.544166667,0.5453125,0.5503125,0.560625,0.5714583329999999,0.582395833,0.5909375,0.5977083329999999,0.60875,0.614375,0.613958333,0.611666667,0.6060416670000001,0.605
95,0.376979167,0.38010416700000005,0.3778125,0.3725,0.37322916700000003,0.374375,0.37708333299999997,0.37822916700000003,0.38072916700000003,0.375833333,0.3740625,0.37760416700000005,0.37958333299999997,0.3784375,0.3775,0.37875,0.37760416700000005,0.37979166700000005,0.3859375,0.393958333,0.40052083299999997,0.408125,0.41385416700000005,0.420520833,0.426041667,0.43239583299999995,0.436041667,0.4371875,0.435833333,0.43510416700000004
96,0.638941176,0.616411765,0.607,0.593647059,0.5907058820000001,0.5785294120000001,0.585823529,0.584294118,0.597058824,0.603529412,0.599764706,0.602235294,0.594,0.591647059,0.595588235,0.6058823529999999,0.616529412,0.631882353,0.647176471,0.6421176470000001,0.643588235,0.6333529410000001,0.632647059,0.623294118,0.606588235,0.579294118,0.588176471,0.601176471,0.601588235,0.605823529
97,0.0009411760000000001,0.0009411760000000001,0.0009411760000000001,0.000862745,0.000862745,0.0007843139999999999,0.0007843139999999999,0.0007843139999999999,0.0007843139999999999,0.0007843139999999999,0.0007843139999999999,0.0007843139999999999,0.0007843139999999999,0.0007843139999999999,9.8e-05,9.8e-05,0.000686275,0.000686275,0.000686275,0.000588235,0.000588235,0.000588235,0.000588235,0.000588235,0.000588235,0.000588235,0.002254902,0.004901961,0.005980391999999999,0.005980391999999999
98,0.470588235,0.470588235,0.470588235,0.41176470600000004,0.470588235,0.41176470600000004,0.41176470600000004,0.41176470600000004,0.41176470600000004,0.352941176,0.294117647,0.235294118,0.235294118,0.235294118,0.176470588,0.117647059,0.176470588,0.176470588,0.176470588,0.117647059,0.117647059,0.058823529000000006,0.058823529000000006,0.058823529000000006,0.058823529000000006,0.058823529000000006,0.117647059,0.176470588,0.235294118,0.294117647
99,0.451372549,0.455490196,0.453137255,0.449313725,0.445980392,0.44705882399999997,0.451372549,0.45460784299999996,0.45529411799999997,0.456862745,0.45588235299999996,0.454803922,0.458431373,0.458137255,0.456078431,0.45519607799999995,0.455392157,0.455686275,0.454215686,0.458529412,0.466862745,0.476470588,0.48607843100000003,0.494215686,0.5011764710000001,0.509411765,0.51245098,0.51245098,0.513137255,0.512058824
100,0.545,0.548333333,0.542647059,0.538431373,0.537156863,0.539607843,0.544215686,0.548333333,0.548137255,0.5527450979999999,0.5532352939999999,0.548627451,0.55245098,0.551078431,0.549901961,0.54872549,0.549411765,0.549411765,0.545980392,0.553823529,0.563333333,0.575392157,0.5872549020000001,0.596568627,0.602647059,0.61254902,0.6108823529999999,0.607254902,0.6089215689999999,0.606078431
101,0.375098039,0.379215686,0.37784313700000005,0.37254902,0.36872549,0.368235294,0.371862745,0.375196078,0.37754902,0.380098039,0.378333333,0.377647059,0.383039216,0.383823529,0.38,0.379803922,0.379411765,0.381862745,0.38333333299999994,0.38774509799999995,0.395098039,0.401078431,0.409019608,0.416078431,0.42254902,0.42872549,0.435,0.437058824,0.43784313700000005,0.436078431
102,0.640555556,0.620111111,0.617166667,0.6025,0.5942777779999999,0.586,0.582444444,0.587111111,0.5992222220000001,0.603611111,0.608611111,0.604666667,0.5992777779999999,0.590611111,0.6032777779999999,0.6075,0.609666667,0.615555556,0.627888889,0.641444444,0.637055556,0.631777778,0.625611111,0.624722222,0.606722222,0.5945,0.5952222220000001,0.606388889,0.606388889,0.602666667
103,0.0008888889999999999,0.0008888889999999999,0.000981481,0.0008888889999999999,0.000814815,0.000814815,0.0007407410000000001,0.0007407410000000001,0.0007407410000000001,0.0007407410000000001,0.0007407410000000001,0.0007407410000000001,0.0007407410000000001,0.0007407410000000001,0.0007407410000000001,9.259999999999999e-05,0.000648148,0.000648148,0.000648148,0.000648148,0.000555556,0.000555556,0.000555556,0.000555556,0.000555556,0.000555556,0.00212963,0.00462963,0.005648148,0.005648148
104,0.444444444,0.444444444,0.5,0.444444444,0.444444444,0.444444444,0.38888888899999996,0.38888888899999996,0.38888888899999996,0.38888888899999996,0.333333333,0.27777777800000003,0.222222222,0.222222222,0.222222222,0.166666667,0.166666667,0.166666667,0.166666667,0.166666667,0.111111111,0.111111111,0.055555556,0.055555556,0.055555556,0.055555556,0.111111111,0.166666667,0.222222222,0.27777777800000003
105,0.446481481,0.45453703700000003,0.453518519,0.447962963,0.443981481,0.441944444,0.44564814799999997,0.451203704,0.45277777799999996,0.45546296299999994,0.45796296299999995,0.457685185,0.459351852,0.461944444,0.45851851899999996,0.457592593,0.45740740700000004,0.458703704,0.457222222,0.45638888899999996,0.46092592600000004,0.46962963,0.479814815,0.490185185,0.49824074100000004,0.5045370370000001,0.509444444,0.5104629629999999,0.511759259,0.513425926
106,0.541018519,0.548888889,0.544351852,0.537222222,0.532592593,0.533055556,0.538981481,0.546111111,0.545925926,0.550092593,0.553240741,0.552314815,0.554537037,0.5563888889999999,0.5499074070000001,0.551203704,0.551481481,0.554074074,0.549814815,0.549537037,0.556759259,0.5675,0.58037037,0.592777778,0.601296296,0.606574074,0.6093518520000001,0.604722222,0.604907407,0.6087962960000001
107,0.36824074100000004,0.377314815,0.37712963,0.37287037,0.368981481,0.364259259,0.36620370399999996,0.37037037,0.37472222200000005,0.37712963,0.38222222200000006,0.381481481,0.38277777799999996,0.38685185200000005,0.385,0.382037037,0.38037037,0.38333333299999994,0.385092593,0.385185185,0.389166667,0.39592592600000004,0.402314815,0.411388889,0.418240741,0.425277778,0.431388889,0.436018519,0.437685185,0.437962963
108,0.6355789470000001,0.622631579,0.620631579,0.612368421,0.602631579,0.589631579,0.589315789,0.583842105,0.601105263,0.6053157889999999,0.6084210529999999,0.612789474,0.601736842,0.5957894739999999,0.601684211,0.614157895,0.611,0.609105263,0.612631579,0.623473684,0.636684211,0.626210526,0.624526316,0.618473684,0.6089473679999999,0.595263158,0.6087894739999999,0.612105263,0.611052632,0.607157895
109,0.000842105,0.000842105,0.000929825,0.000929825,0.000842105,0.00077193,0.00077193,0.000701754,0.000701754,0.000701754,0.000701754,0.000701754,0.000701754,0.000701754,0.000701754,0.000701754,0.000614035,0.000614035,0.000614035,0.000614035,0.000614035,0.000526316,0.000526316,0.000526316,0.000526316,0.000526316,0.002017544,0.004385965,0.0053508769999999995,0.0053508769999999995
110,0.42105263200000004,0.42105263200000004,0.473684211,0.473684211,0.473684211,0.42105263200000004,0.42105263200000004,0.36842105299999994,0.36842105299999994,0.36842105299999994,0.36842105299999994,0.31578947399999996,0.263157895,0.21052631600000002,0.21052631600000002,0.21052631600000002,0.21052631600000002,0.15789473699999998,0.15789473699999998,0.15789473699999998,0.15789473699999998,0.10526315800000001,0.10526315800000001,0.052631579000000005,0.052631579000000005,0.052631579000000005,0.10526315800000001,0.15789473699999998,0.21052631600000002,0.263157895
111,0.439122807,0.449736842,0.452719298,0.44859649100000004,0.442982456,0.440263158,0.44087719299999995,0.44578947399999996,0.449649123,0.453070175,0.456578947,0.459561404,0.461842105,0.46263157899999996,0.462105263,0.459824561,0.459561404,0.46043859600000003,0.46,0.459122807,0.45877193,0.463859649,0.473157895,0.48403508799999995,0.49421052600000004,0.501578947,0.5048245610000001,0.5077192979999999,0.509912281,0.5121052629999999
112,0.533157895,0.544912281,0.545087719,0.539122807,0.531754386,0.528947368,0.532807018,0.541052632,0.543947368,0.547894737,0.550701754,0.552368421,0.557719298,0.558157895,0.555,0.551140351,0.553684211,0.555789474,0.554210526,0.5529824560000001,0.55254386,0.561052632,0.572631579,0.585964912,0.59745614,0.605087719,0.603859649,0.603596491,0.602631579,0.605
113,0.360701754,0.370701754,0.375438596,0.37245614,0.36947368399999997,0.364736842,0.36254386,0.365087719,0.370175439,0.374473684,0.379298246,0.385,0.386140351,0.386403509,0.38780701799999995,0.386666667,0.38245614,0.38403508799999997,0.38631578899999997,0.386754386,0.386666667,0.39026315799999994,0.397368421,0.40491228100000004,0.413684211,0.42105263200000004,0.427982456,0.43254386,0.436666667,0.437807018
114,0.63105,0.6188,0.623,0.6159,0.612,0.5978,0.5926,0.5903,0.5973,0.6068,0.6098,0.6124,0.6096,0.5983,0.60605,0.6121,0.61715,0.6104,0.60665,0.6092,0.61985,0.6264,0.6196,0.6178,0.6038,0.59795,0.6088,0.62415,0.61625,0.61155
115,0.0008,0.0008,0.000883333,0.000883333,0.000883333,0.0008,0.0007333330000000001,0.0007333330000000001,0.000666667,0.000666667,0.000666667,0.000666667,0.000666667,0.000666667,0.000666667,0.000666667,0.001166667,0.000583333,0.000583333,0.000583333,0.000583333,0.000583333,0.0005,0.0005,0.0005,0.0005,0.0019166670000000002,0.004166667,0.005083333,0.005083333
116,0.45,0.4,0.45,0.45,0.5,0.45,0.4,0.4,0.35,0.35,0.35,0.35,0.3,0.25,0.2,0.2,0.25,0.2,0.15,0.15,0.15,0.15,0.1,0.1,0.05,0.05,0.1,0.15,0.2,0.25
117,0.434,0.44258333299999997,0.44825,0.448083333,0.443833333,0.4395,0.439333333,0.44125,0.44458333299999997,0.450083333,0.45425,0.458166667,0.463416667,0.46483333299999996,0.46275,0.46316666700000003,0.461583333,0.46233333299999996,0.461583333,0.46166666700000003,0.46125,0.46166666700000003,0.4675,0.4775,0.48816666700000005,0.49758333299999996,0.502,0.503416667,0.5073333329999999,0.510333333
118,0.5259166670000001,0.53725,0.5415,0.540083333,0.533833333,0.528333333,0.5289166670000001,0.535083333,0.53925,0.5459166670000001,0.548583333,0.55,0.5575,0.561,0.55675,0.555916667,0.5535,0.557666667,0.5558333329999999,0.557,0.555666667,0.5568333329999999,0.56625,0.578333333,0.59075,0.60125,0.602583333,0.598666667,0.601666667,0.602833333
119,0.3565,0.363416667,0.36925,0.37108333299999996,0.36925,0.36541666700000003,0.36308333299999995,0.36166666700000005,0.36516666700000006,0.370166667,0.376666667,0.38208333299999997,0.38925,0.38941666700000005,0.38733333299999995,0.38925,0.38683333299999995,0.38583333299999995,0.38683333299999995,0.38783333299999995,0.388083333,0.38783333299999995,0.39191666700000005,0.400083333,0.407416667,0.41658333299999994,0.423833333,0.42925,0.433333333,0.436833333
120,0.637095238,0.615285714,0.6193333329999999,0.618380952,0.615380952,0.606952381,0.600238095,0.5933809520000001,0.602809524,0.602904762,0.611,0.61352381,0.609380952,0.605952381,0.607952381,0.615761905,0.6150476189999999,0.616285714,0.608,0.603666667,0.606428571,0.6108571429999999,0.620095238,0.613428571,0.6038571429999999,0.593571429,0.610714286,0.623428571,0.62752381,0.61647619
121,0.000793651,0.000761905,0.00084127,0.00084127,0.00084127,0.00084127,0.000761905,0.000698413,0.000698413,0.000634921,0.000634921,0.000634921,0.000634921,0.000634921,0.000634921,0.000634921,0.0011111110000000001,0.0011111110000000001,0.000555556,0.000555556,0.000555556,0.000555556,0.000555556,0.00047619,0.00047619,0.00047619,0.001825397,0.003968254,0.00484127,0.00484127
122,0.47619047600000003,0.428571429,0.428571429,0.428571429,0.47619047600000003,0.47619047600000003,0.428571429,0.380952381,0.380952381,0.333333333,0.333333333,0.333333333,0.333333333,0.28571428600000004,0.23809523800000001,0.19047619,0.23809523800000001,0.23809523800000001,0.19047619,0.14285714300000002,0.14285714300000002,0.14285714300000002,0.14285714300000002,0.095238095,0.095238095,0.047619048,0.095238095,0.14285714300000002,0.19047619,0.23809523800000001
123,0.430714286,0.43753968299999996,0.441507937,0.444047619,0.44357142899999996,0.44047619,0.438650794,0.439761905,0.44031746,0.445238095,0.451349206,0.455873016,0.461904762,0.466190476,0.46484127,0.463730159,0.46468254,0.46412698399999996,0.46333333299999996,0.46309523799999996,0.463571429,0.46388888899999997,0.465238095,0.47190476200000003,0.48174603200000005,0.49166666700000006,0.498174603,0.5007936510000001,0.503253968,0.507857143
124,0.52031746,0.53015873,0.534365079,0.536904762,0.535,0.53047619,0.528333333,0.531269841,0.533650794,0.541349206,0.546666667,0.548015873,0.555,0.560634921,0.55952381,0.557539683,0.5579365079999999,0.557301587,0.557619048,0.5584126979999999,0.559365079,0.559603175,0.561984127,0.571984127,0.583253968,0.59468254,0.599047619,0.5976984129999999,0.5970634920000001,0.601904762
125,0.354603175,0.359285714,0.36238095200000003,0.365396825,0.368095238,0.365396825,0.363809524,0.36222222200000004,0.36190476200000005,0.365396825,0.37246031700000004,0.379444444,0.386269841,0.392222222,0.39015873,0.38873015899999996,0.389285714,0.38984127,0.38841269799999995,0.38825396799999995,0.389047619,0.389126984,0.38952381,0.394761905,0.402698413,0.41047619,0.41944444399999997,0.425238095,0.43015873,0.433650794
126,0.637681818,0.6217727270000001,0.615954545,0.615090909,0.6177727270000001,0.6104090910000001,0.608863636,0.600636364,0.6051818179999999,0.607909091,0.607090909,0.6145,0.610590909,0.605909091,0.614818182,0.6171363639999999,0.618409091,0.614318182,0.613727273,0.605090909,0.601272727,0.598454545,0.605545455,0.6141818179999999,0.600318182,0.594090909,0.605954545,0.624590909,0.626681818,0.6272272729999999
127,0.000757576,0.000757576,0.00080303,0.00080303,0.00080303,0.00080303,0.00080303,0.0007272730000000001,0.000666667,0.000666667,0.000606061,0.000606061,0.000606061,0.000606061,0.000606061,0.000606061,0.001060606,0.001060606,0.001060606,0.000530303,0.000530303,0.000530303,0.000530303,0.000530303,0.000454545,0.000454545,0.001742424,0.003787879,0.004621212,0.004621212
128,0.454545455,0.454545455,0.454545455,0.409090909,0.454545455,0.454545455,0.454545455,0.409090909,0.363636364,0.363636364,0.318181818,0.318181818,0.318181818,0.318181818,0.272727273,0.22727272699999998,0.22727272699999998,0.22727272699999998,0.22727272699999998,0.181818182,0.13636363599999998,0.13636363599999998,0.13636363599999998,0.13636363599999998,0.090909091,0.090909091,0.090909091,0.13636363599999998,0.181818182,0.22727272699999998
129,0.425909091,0.43424242399999996,0.43674242399999996,0.43780303,0.439924242,0.44037878799999997,0.43962121200000004,0.439090909,0.438939394,0.441136364,0.446666667,0.45303030299999997,0.459545455,0.464621212,0.46613636399999997,0.46568181799999997,0.465151515,0.466969697,0.465,0.46469697,0.464848485,0.46598484799999995,0.46719697,0.469545455,0.476212121,0.48537878799999995,0.4925,0.49719697,0.500757576,0.503939394
130,0.515151515,0.524621212,0.527727273,0.53030303,0.53219697,0.5317424239999999,0.5303787879999999,0.530606061,0.530075758,0.5359090910000001,0.5422727270000001,0.546212121,0.552878788,0.558106061,0.559242424,0.560151515,0.559393939,0.561363636,0.5572727270000001,0.56,0.560606061,0.562954545,0.564393939,0.567651515,0.576969697,0.587348485,0.5928787879999999,0.594545455,0.596212121,0.5975
131,0.34916666700000004,0.357348485,0.35848484799999997,0.359015152,0.36280303,0.36446969700000004,0.363863636,0.362954545,0.362424242,0.362272727,0.36780303,0.37530303,0.383560606,0.389242424,0.39280303,0.391363636,0.388787879,0.392045455,0.39212121200000005,0.38969697,0.38939393899999997,0.39,0.39068181799999996,0.392348485,0.3975,0.40583333299999996,0.41348484799999996,0.42098484799999997,0.426287879,0.43060606100000004
132,0.631869565,0.623,0.622130435,0.6120434779999999,0.6146521739999999,0.6129130429999999,0.612086957,0.608869565,0.611608696,0.6099565220000001,0.611695652,0.610608696,0.6116521739999999,0.607217391,0.614391304,0.623304348,0.619608696,0.617565217,0.6119565220000001,0.610695652,0.60273913,0.593869565,0.5939130429999999,0.6005217389999999,0.601608696,0.591130435,0.6059130429999999,0.619434783,0.627652174,0.626434783
133,0.000724638,0.000724638,0.000797101,0.0007681160000000001,0.0007681160000000001,0.0007681160000000001,0.0007681160000000001,0.0007681160000000001,0.0006956519999999999,0.000637681,0.000637681,0.00057971,0.00057971,0.00057971,0.00057971,0.00057971,0.001014493,0.001014493,0.001014493,0.001014493,0.0005072459999999999,0.0005072459999999999,0.0005072459999999999,0.0005072459999999999,0.0005072459999999999,0.00043478300000000006,0.0016666670000000001,0.003623188,0.00442029,0.00442029
134,0.434782609,0.434782609,0.47826087,0.434782609,0.434782609,0.434782609,0.434782609,0.434782609,0.39130434799999997,0.347826087,0.347826087,0.304347826,0.304347826,0.304347826,0.304347826,0.260869565,0.260869565,0.21739130399999998,0.21739130399999998,0.21739130399999998,0.17391304300000002,0.130434783,0.130434783,0.130434783,0.130434783,0.086956522,0.130434783,0.130434783,0.17391304300000002,0.21739130399999998
135,0.41934782600000003,0.429492754,0.433623188,0.43340579700000004,0.434130435,0.437028986,0.439565217,0.44,0.438333333,0.439782609,0.442681159,0.448478261,0.456666667,0.46224637700000004,0.464637681,0.466884058,0.46695652200000004,0.46731884100000004,0.46768115899999996,0.466231884,0.466304348,0.467101449,0.469057971,0.471231884,0.473768116,0.479927536,0.486449275,0.49181159399999996,0.497318841,0.501521739
136,0.5092028989999999,0.519492754,0.522536232,0.524130435,0.5260869570000001,0.529202899,0.5315942029999999,0.532463768,0.529492754,0.532391304,0.537028986,0.542028986,0.550942029,0.555942029,0.556884058,0.5598550720000001,0.561811594,0.562608696,0.56115942,0.5595652170000001,0.5620289860000001,0.563985507,0.5673913039999999,0.569710145,0.572608696,0.58115942,0.585942029,0.58884058,0.59326087,0.596666667
137,0.34224637700000005,0.352028986,0.35666666700000005,0.355434783,0.356811594,0.35956521700000005,0.363043478,0.363043478,0.363115942,0.36275362299999997,0.364710145,0.370724638,0.37942029,0.386521739,0.389927536,0.39384058,0.39130434799999997,0.391449275,0.394130435,0.393188406,0.39072463799999996,0.390289855,0.391449275,0.39333333299999995,0.395072464,0.40072463799999997,0.408913043,0.415217391,0.42217391299999996,0.42688405799999996
138,0.6290416670000001,0.6180416670000001,0.623291667,0.618125,0.61175,0.610125,0.6144166670000001,0.611958333,0.6190416670000001,0.615916667,0.6135,0.614875,0.6080416670000001,0.608375,0.615291667,0.622541667,0.625416667,0.61875,0.615166667,0.609125,0.608208333,0.595583333,0.5897083329999999,0.589583333,0.589041667,0.59275,0.602583333,0.618833333,0.622583333,0.627375
139,0.001,0.0006944439999999999,0.0007638889999999999,0.0007638889999999999,0.000736111,0.000736111,0.000736111,0.000736111,0.000736111,0.000666667,0.000611111,0.000611111,0.000555556,0.000555556,0.000555556,0.000555556,0.000972222,0.000972222,0.000972222,0.000972222,0.000972222,0.000486111,0.000486111,0.000486111,0.000486111,0.000486111,0.0015972220000000001,0.003472222,0.004236111,0.004236111
140,0.45833333299999995,0.41666666700000005,0.45833333299999995,0.45833333299999995,0.45833333299999995,0.41666666700000005,0.41666666700000005,0.41666666700000005,0.41666666700000005,0.375,0.333333333,0.333333333,0.291666667,0.291666667,0.291666667,0.291666667,0.291666667,0.25,0.208333333,0.208333333,0.208333333,0.166666667,0.125,0.125,0.125,0.125,0.125,0.166666667,0.166666667,0.208333333
141,0.413263889,0.423055556,0.42909722200000006,0.430555556,0.43006944399999997,0.431597222,0.436388889,0.43993055600000003,0.43923611100000004,0.439166667,0.441319444,0.44458333299999997,0.452152778,0.459375,0.462361111,0.465416667,0.46805555600000004,0.46895833299999995,0.46798611100000004,0.46875,0.467708333,0.46840277799999996,0.47,0.472847222,0.475208333,0.477430556,0.48118055600000004,0.486041667,0.49215277799999996,0.49819444399999996
142,0.501736111,0.513611111,0.517708333,0.5193055560000001,0.520347222,0.523472222,0.529166667,0.533541667,0.531319444,0.5317361110000001,0.533611111,0.537013889,0.546736111,0.553958333,0.554861111,0.557569444,0.5614583329999999,0.564791667,0.562361111,0.563194444,0.561527778,0.565208333,0.568194444,0.572361111,0.574375,0.576805556,0.5800694439999999,0.582361111,0.5878472220000001,0.593819444
143,0.337291667,0.345277778,0.35159722200000004,0.353819444,0.353472222,0.35395833299999996,0.358402778,0.36229166700000004,0.363194444,0.363402778,0.36506944399999997,0.36763888899999997,0.374861111,0.38243055600000003,0.387291667,0.39104166700000004,0.393680556,0.39375,0.39347222200000004,0.395069444,0.394027778,0.391527778,0.391666667,0.393958333,0.39590277799999996,0.398263889,0.403888889,0.410763889,0.41659722200000004,0.422916667
144,0.62588,0.61588,0.61852,0.6194,0.6176,0.60752,0.61168,0.6142,0.6216,0.62288,0.61908,0.61648,0.61224,0.6050399999999999,0.6160800000000001,0.62308,0.6246,0.62436,0.6164,0.61232,0.6068,0.60112,0.5915199999999999,0.58572,0.579,0.58104,0.60368,0.61512,0.62188,0.62252
145,0.0009599999999999999,0.0009599999999999999,0.0007333330000000001,0.0007333330000000001,0.0007333330000000001,0.000706667,0.000706667,0.000706667,0.000706667,0.000706667,0.00064,0.0005866669999999999,0.0005866669999999999,0.000533333,0.000533333,0.000533333,0.0009333330000000001,0.0009333330000000001,0.0009333330000000001,0.0009333330000000001,0.0009333330000000001,0.0009333330000000001,0.000466667,0.000466667,0.000466667,0.000466667,0.0016,0.003333333,0.004066667,0.004066667
146,0.44,0.44,0.44,0.44,0.48,0.44,0.4,0.4,0.4,0.4,0.36,0.32,0.32,0.28,0.28,0.28,0.32,0.28,0.24,0.2,0.2,0.2,0.16,0.12,0.12,0.12,0.16,0.16,0.2,0.2
147,0.40806666700000005,0.41706666700000006,0.42293333299999997,0.426333333,0.427466667,0.4278,0.4312,0.43686666700000004,0.4392,0.44,0.440666667,0.4432,0.448266667,0.454933333,0.4596,0.4632,0.4666,0.46993333299999995,0.469533333,0.469,0.47006666700000005,0.46966666700000004,0.471133333,0.4736,0.4766,0.47866666700000005,0.478733333,0.48100000000000004,0.4866,0.4932
148,0.496333333,0.506266667,0.512133333,0.5148,0.5158666670000001,0.518066667,0.523666667,0.531133333,0.5324,0.5334,0.532933333,0.5337333329999999,0.5417333329999999,0.5498,0.5529999999999999,0.5556,0.5592,0.564333333,0.564466667,0.564266667,0.5649333329999999,0.5646,0.5692,0.5729333329999999,0.576733333,0.578333333,0.5759333329999999,0.576866667,0.581666667,0.5886
149,0.332333333,0.3404,0.345133333,0.34906666700000005,0.35200000000000004,0.350866667,0.35306666700000006,0.357866667,0.362466667,0.363466667,0.3656,0.36786666700000004,0.37173333299999994,0.377933333,0.38333333299999994,0.38846666700000004,0.391,0.39593333299999994,0.3956,0.3944,0.3958,0.394666667,0.3928,0.39406666700000004,0.3964,0.39893333299999995,0.4014,0.405866667,0.41226666700000003,0.41753333299999995
150,0.6194615379999999,0.613346154,0.616423077,0.614961538,0.618846154,0.613307692,0.609115385,0.611576923,0.623384615,0.6251923079999999,0.6256538460000001,0.621730769,0.613884615,0.609192308,0.612576923,0.6235384620000001,0.625038462,0.623615385,0.621884615,0.613615385,0.609961538,0.600038462,0.597,0.587615385,0.5756923079999999,0.5716923079999999,0.5920000000000001,0.615692308,0.618192308,0.621846154
151,0.000923077,0.000923077,0.000987179,0.0007051280000000001,0.0007051280000000001,0.0007051280000000001,0.000679487,0.000679487,0.000679487,0.000679487,0.000679487,0.000615385,0.000564103,0.000564103,0.000512821,0.000512821,0.000897436,0.000897436,0.000897436,0.000897436,0.000897436,0.000897436,0.000897436,0.000448718,0.000448718,0.000448718,0.0015384620000000002,0.0032692309999999996,0.003910256,0.003910256
152,0.423076923,0.423076923,0.46153846200000004,0.423076923,0.46153846200000004,0.46153846200000004,0.423076923,0.384615385,0.384615385,0.384615385,0.384615385,0.346153846,0.307692308,0.307692308,0.269230769,0.269230769,0.307692308,0.307692308,0.269230769,0.23076923100000002,0.192307692,0.192307692,0.192307692,0.153846154,0.115384615,0.115384615,0.153846154,0.192307692,0.192307692,0.23076923100000002
153,0.401602564,0.411923077,0.417179487,0.42051282100000004,0.423525641,0.425384615,0.427564103,0.431858974,0.436282051,0.439935897,0.441410256,0.4425,0.446794872,0.45108974399999996,0.455320513,0.460512821,0.464423077,0.46846153799999996,0.470448718,0.470448718,0.47025641,0.471858974,0.47224359,0.474551282,0.477179487,0.479871795,0.479871795,0.478653846,0.481730769,0.48782051299999996
154,0.489615385,0.500897436,0.505128205,0.509551282,0.5116666670000001,0.513846154,0.5184615379999999,0.5257692310000001,0.530128205,0.534358974,0.534487179,0.533076923,0.538397436,0.544871795,0.5490384620000001,0.553782051,0.55724359,0.562051282,0.5640384620000001,0.566217949,0.565897436,0.56775641,0.568461538,0.573717949,0.577115385,0.580448718,0.577435897,0.5730128210000001,0.5764102560000001,0.582628205
155,0.326217949,0.335512821,0.340448718,0.342948718,0.3475,0.349551282,0.350128205,0.35275641,0.358205128,0.36275641,0.36557692299999994,0.36826923100000003,0.37179487200000005,0.374807692,0.378974359,0.384615385,0.38852564100000003,0.393269231,0.397628205,0.396410256,0.395128205,0.396346154,0.395769231,0.39506410299999994,0.396410256,0.399294872,0.401923077,0.403397436,0.4075,0.41333333299999997
156,0.612592593,0.60762963,0.613962963,0.613074074,0.614592593,0.614666667,0.61462963,0.609111111,0.620518519,0.626777778,0.627777778,0.627962963,0.619037037,0.6108888889999999,0.616296296,0.6198888889999999,0.6254074070000001,0.624074074,0.621259259,0.619,0.611296296,0.6033333329999999,0.596111111,0.593037037,0.577888889,0.568777778,0.582592593,0.604,0.61862963,0.618296296
157,0.0008888889999999999,0.0008888889999999999,0.000950617,0.000950617,0.000679012,0.000679012,0.000679012,0.000654321,0.000654321,0.000654321,0.000654321,0.000654321,0.000592593,0.00054321,0.00054321,0.000493827,0.000864198,0.000864198,0.000864198,0.000864198,0.000864198,0.000864198,0.000864198,0.000864198,0.000432099,0.000432099,0.001481481,0.003148148,0.00382716,0.003765432
158,0.444444444,0.40740740700000005,0.444444444,0.444444444,0.444444444,0.444444444,0.444444444,0.40740740700000005,0.37037037,0.37037037,0.37037037,0.37037037,0.333333333,0.296296296,0.296296296,0.25925925899999996,0.296296296,0.296296296,0.296296296,0.25925925899999996,0.222222222,0.185185185,0.185185185,0.185185185,0.148148148,0.111111111,0.148148148,0.185185185,0.222222222,0.222222222
159,0.39617284,0.40555555600000004,0.412222222,0.41506172799999996,0.418024691,0.42166666700000005,0.425246914,0.428333333,0.431481481,0.437098765,0.44129629600000003,0.44314814799999996,0.445987654,0.449567901,0.45160493799999996,0.456358025,0.461790123,0.466296296,0.469012346,0.471296296,0.471604938,0.471975309,0.474259259,0.47549382700000004,0.47796296299999996,0.480308642,0.480987654,0.479753086,0.47944444399999997,0.48308642
160,0.48382716,0.494259259,0.5,0.502901235,0.506728395,0.509876543,0.514382716,0.520679012,0.525,0.532098765,0.53537037,0.5345679010000001,0.537592593,0.54154321,0.544320988,0.549938272,0.555432099,0.560061728,0.561851852,0.565740741,0.567716049,0.568580247,0.571358025,0.572839506,0.577716049,0.580679012,0.579506173,0.574567901,0.572716049,0.577530864
161,0.32154321,0.329506173,0.335740741,0.33851851899999996,0.34166666700000003,0.34530864200000005,0.348888889,0.34993827200000005,0.353271605,0.358641975,0.364814815,0.36814814799999995,0.372037037,0.374753086,0.375925926,0.38037037,0.384814815,0.390802469,0.395,0.39833333299999996,0.39703703700000004,0.39567901200000005,0.397345679,0.397839506,0.397283951,0.399197531,0.402160494,0.40382716,0.40506172799999995,0.408703704
162,0.606714286,0.601428571,0.608428571,0.610821429,0.612785714,0.610714286,0.6158928570000001,0.614428571,0.617821429,0.6238928570000001,0.6292142860000001,0.629928571,0.625142857,0.615964286,0.617678571,0.6232142860000001,0.621821429,0.624464286,0.6217857139999999,0.6185,0.616571429,0.6048571429999999,0.599428571,0.592321429,0.583464286,0.571142857,0.579392857,0.5945,0.60725,0.618714286
163,0.000857143,0.000857143,0.000916667,0.000916667,0.000916667,0.0006547619999999999,0.0006547619999999999,0.0006547619999999999,0.0006309519999999999,0.0006309519999999999,0.0006309519999999999,0.0006309519999999999,0.0006309519999999999,0.000571429,0.00052381,0.00052381,0.000833333,0.000833333,0.000833333,0.000833333,0.000833333,0.000833333,0.000833333,0.000833333,0.000833333,0.00041666699999999996,0.001428571,0.003035714,0.003690476,0.003690476
164,0.46428571399999996,0.428571429,0.428571429,0.428571429,0.46428571399999996,0.428571429,0.428571429,0.428571429,0.39285714299999996,0.35714285700000004,0.35714285700000004,0.35714285700000004,0.35714285700000004,0.321428571,0.28571428600000004,0.28571428600000004,0.28571428600000004,0.28571428600000004,0.28571428600000004,0.28571428600000004,0.25,0.214285714,0.17857142899999998,0.17857142899999998,0.17857142899999998,0.14285714300000002,0.14285714300000002,0.17857142899999998,0.214285714,0.25
165,0.391785714,0.40017857100000004,0.406071429,0.410357143,0.412857143,0.416428571,0.42166666700000005,0.426071429,0.428095238,0.432440476,0.438511905,0.44297619,0.446488095,0.448690476,0.45011904799999997,0.452738095,0.457738095,0.463690476,0.46690476200000003,0.469880952,0.472380952,0.47321428600000004,0.47428571399999997,0.47732142899999996,0.47875,0.48095238100000004,0.48136904799999997,0.480833333,0.48047619,0.480833333
166,0.47863095200000005,0.488511905,0.493630952,0.49803571399999996,0.500416667,0.505178571,0.510535714,0.5166666670000001,0.520119048,0.527083333,0.533154762,0.535416667,0.538869048,0.5406547620000001,0.541130952,0.5453571429999999,0.551666667,0.558214286,0.559940476,0.563571429,0.567202381,0.570238095,0.57202381,0.57547619,0.57672619,0.581130952,0.579761905,0.576666667,0.57422619,0.573928571
167,0.318154762,0.324880952,0.32994047600000004,0.33404761899999996,0.337440476,0.339761905,0.344821429,0.34875,0.350535714,0.35386904799999996,0.36077381,0.367321429,0.371785714,0.37488095200000005,0.375833333,0.37738095200000005,0.380714286,0.387142857,0.392559524,0.39577381,0.39886904799999995,0.3975,0.39666666700000003,0.39928571399999996,0.399880952,0.399940476,0.401964286,0.403988095,0.405416667,0.406309524
168,0.602344828,0.596137931,0.602413793,0.605586207,0.61062069,0.6091034479999999,0.612034483,0.6156551720000001,0.622655172,0.621172414,0.626344828,0.631241379,0.627137931,0.621965517,0.622344828,0.624310345,0.624965517,0.621034483,0.622241379,0.619103448,0.616172414,0.610172414,0.601034483,0.5956551720000001,0.583103448,0.576758621,0.581310345,0.591,0.597965517,0.607724138
169,0.0008275860000000001,0.0008275860000000001,0.000885057,0.000885057,0.000885057,0.000885057,0.000632184,0.000632184,0.000632184,0.000609195,0.000609195,0.000609195,0.000609195,0.000609195,0.000551724,0.000505747,0.000850575,0.000804598,0.000804598,0.000804598,0.000804598,0.000804598,0.000804598,0.000804598,0.000804598,0.000804598,0.00137931,0.0029310340000000003,0.003563218,0.003563218
170,0.448275862,0.448275862,0.448275862,0.413793103,0.448275862,0.448275862,0.413793103,0.413793103,0.413793103,0.379310345,0.344827586,0.344827586,0.344827586,0.344827586,0.310344828,0.275862069,0.310344828,0.275862069,0.275862069,0.275862069,0.275862069,0.24137931,0.20689655199999998,0.172413793,0.172413793,0.172413793,0.172413793,0.172413793,0.20689655199999998,0.24137931
171,0.390517241,0.39580459799999995,0.400862069,0.40448275899999997,0.408390805,0.411494253,0.416609195,0.42258620700000005,0.42591954,0.42913793100000003,0.433965517,0.440229885,0.44620689700000005,0.44908046,0.44925287399999997,0.45126436799999997,0.454195402,0.459712644,0.464367816,0.467816092,0.470977011,0.473908046,0.475402299,0.47724137899999997,0.480402299,0.481609195,0.48195402299999995,0.481206897,0.481494253,0.481781609
172,0.477816092,0.483333333,0.488103448,0.49195402299999996,0.495804598,0.49913793100000003,0.505977011,0.512873563,0.516264368,0.5222988510000001,0.528275862,0.533275862,0.53954023,0.5417816089999999,0.540287356,0.542241379,0.5471839079999999,0.554482759,0.55816092,0.561666667,0.565057471,0.569655172,0.573505747,0.575977011,0.579137931,0.580057471,0.580229885,0.577011494,0.5762643679999999,0.575344828
173,0.317068966,0.321494253,0.32545977,0.328505747,0.33316092,0.335747126,0.33948275899999997,0.344827586,0.349367816,0.351206897,0.356091954,0.363333333,0.37086206899999996,0.37454023,0.37591954,0.377241379,0.37781609200000005,0.38310344799999996,0.38896551700000004,0.393390805,0.39637931,0.399252874,0.398390805,0.398563218,0.401206897,0.40235632200000004,0.40258620700000003,0.403735632,0.40551724100000003,0.406609195
174,0.593733333,0.5922666670000001,0.5972666670000001,0.599866667,0.6055666670000001,0.6071333329999999,0.610433333,0.611933333,0.6235666670000001,0.625733333,0.623633333,0.6284,0.6285,0.624,0.627933333,0.6286,0.625966667,0.6241,0.619,0.619633333,0.616833333,0.61,0.6063,0.597333333,0.586633333,0.576633333,0.5864,0.5924666670000001,0.5944666670000001,0.598733333
175,0.0008,0.0008,0.000855556,0.000855556,0.000855556,0.000855556,0.000855556,0.000611111,0.000611111,0.000611111,0.000588889,0.000588889,0.000588889,0.000588889,0.000588889,0.000533333,0.000822222,0.000822222,0.000777778,0.000777778,0.000777778,0.000777778,0.000777778,0.000777778,0.000777778,0.000777778,0.001722222,0.002833333,0.003444444,0.003444444
176,0.433333333,0.433333333,0.46666666700000003,0.433333333,0.433333333,0.433333333,0.433333333,0.4,0.4,0.4,0.36666666700000006,0.333333333,0.333333333,0.333333333,0.333333333,0.3,0.3,0.3,0.26666666699999997,0.26666666699999997,0.26666666699999997,0.26666666699999997,0.233333333,0.2,0.166666667,0.166666667,0.2,0.2,0.2,0.233333333
177,0.388722222,0.394444444,0.396611111,0.3995,0.402777778,0.407222222,0.41183333299999997,0.41766666700000005,0.422555556,0.42700000000000005,0.43072222200000004,0.43577777799999995,0.443444444,0.448722222,0.449611111,0.45038888899999996,0.452722222,0.456222222,0.4605,0.46533333299999996,0.46894444399999996,0.4725,0.47600000000000003,0.47822222200000003,0.48022222200000003,0.48311111100000004,0.482555556,0.481777778,0.481833333,0.48272222200000003
178,0.47683333299999997,0.482388889,0.48311111100000004,0.48666666700000005,0.49,0.49472222200000004,0.500111111,0.508388889,0.512611111,0.5185,0.523611111,0.528555556,0.537333333,0.542333333,0.541388889,0.541388889,0.544111111,0.550055556,0.5545555560000001,0.559888889,0.5631666670000001,0.5675,0.572833333,0.577277778,0.5795,0.582277778,0.5792222220000001,0.577555556,0.5766111110000001,0.577277778
179,0.314277778,0.320333333,0.322166667,0.324222222,0.327833333,0.33166666699999997,0.335611111,0.33966666700000003,0.34555555600000004,0.350055556,0.35344444399999997,0.35872222200000004,0.366888889,0.373555556,0.375555556,0.37727777799999995,0.377666667,0.38022222200000005,0.385,0.38988888899999996,0.39405555600000003,0.39683333299999995,0.40005555600000003,0.40016666700000003,0.400444444,0.40355555600000004,0.40483333299999996,0.404277778,0.405222222,0.40666666700000004
