0.614,0.5579999999999999,0.483,0.405,0.449,0.47100000000000003,0.504,0.604,0.878,0.8009999999999999,0.628,0.7809999999999999,0.7979999999999999,0.8959999999999999,0.888,0.621,0.645,0.6409999999999999,0.674,0.835,0.723,0.7609999999999999,0.821,0.895,0.8029999999999999,0.705,0.7879999999999999,0.853,0.736,0.674
0.0,0.0,0.0,0.0,0.0,0.0,0.0,0.066666667,0.231666667,0.0,0.0,0.083333333,0.001,0.24,0.34166666700000003,0.0,0.0,0.0,0.021666667,0.026666667,0.0,0.255,0.026666667,0.108333333,0.008333333,0.0,0.02,0.241666667,0.003333333,0.0
1.0,0.0,0.0,0.0,0.0,0.0,0.0,1.0,1.0,1.0,0.0,1.0,1.0,1.0,1.0,0.0,0.0,0.0,1.0,1.0,1.0,1.0,1.0,1.0,1.0,1.0,1.0,1.0,1.0,0.0
0.655,0.686666667,0.713333333,0.691666667,0.66,0.663333333,0.671666667,0.681666667,0.615,0.61,0.65,0.6283333329999999,0.656666667,0.6283333329999999,0.598333333,0.663333333,0.68,0.688333333,0.681666667,0.638333333,0.661666667,0.685,0.63,0.578333333,0.611666667,0.675,0.688333333,0.648333333,0.676666667,0.708333333
0.7383333329999999,0.778333333,0.796666667,0.803333333,0.763333333,0.7666666670000001,0.7433333329999999,0.7666666670000001,0.645,0.673333333,0.7466666670000001,0.678333333,0.706666667,0.66,0.6133333329999999,0.7666666670000001,0.7616666670000001,0.788333333,0.735,0.691666667,0.725,0.7383333329999999,0.686666667,0.591666667,0.666666667,0.7333333329999999,0.723333333,0.691666667,0.745,0.773333333
0.605,0.6083333329999999,0.643333333,0.62,0.593333333,0.571666667,0.598333333,0.6166666670000001,0.586666667,0.57,0.611666667,0.578333333,0.6266666670000001,0.598333333,0.581666667,0.558333333,0.606666667,0.615,0.611666667,0.6,0.601666667,0.6133333329999999,0.59,0.568333333,0.566666667,0.61,0.661666667,0.6233333329999999,0.6183333329999999,0.651666667
0.5835,0.586,0.5205,0.444,0.42700000000000005,0.46,0.4875,0.5539999999999999,0.741,0.8395,0.7145,0.7045,0.7895,0.847,0.892,0.7545,0.633,0.643,0.6575,0.7545,0.779,0.742,0.7909999999999999,0.858,0.8490000000000001,0.754,0.7465,0.8205,0.7945,0.705
0.0,0.0,0.0,0.0,0.0,0.0,0.0,0.033333333,0.149166667,0.11583333300000001,0.0,0.041666667000000004,0.042166667000000005,0.1205,0.290833333,0.170833333,0.0,0.0,0.010833333,0.024166667000000003,0.013333333000000001,0.1275,0.140833333,0.0675,0.058333333,0.004166667,0.01,0.130833333,0.1225,0.0016666670000000001
0.5,0.5,0.0,0.0,0.0,0.0,0.0,0.5,1.0,1.0,0.5,0.5,1.0,1.0,1.0,0.5,0.0,0.0,0.5,1.0,1.0,1.0,1.0,1.0,1.0,1.0,1.0,1.0,1.0,0.5
0.666666667,0.6708333329999999,0.7,0.7025,0.6758333329999999,0.661666667,0.6675,0.676666667,0.648333333,0.6125,0.63,0.639166667,0.6425,0.6425,0.6133333329999999,0.630833333,0.671666667,0.6841666670000001,0.685,0.66,0.65,0.673333333,0.6575,0.604166667,0.595,0.643333333,0.681666667,0.668333333,0.6625,0.6925
0.764166667,0.7583333329999999,0.7875,0.8,0.783333333,0.765,0.755,0.755,0.705833333,0.659166667,0.71,0.7125,0.6925,0.683333333,0.6366666670000001,0.69,0.764166667,0.775,0.7616666670000001,0.713333333,0.708333333,0.731666667,0.7125,0.639166667,0.629166667,0.7,0.7283333329999999,0.7075,0.718333333,0.759166667
0.605,0.606666667,0.625833333,0.6316666670000001,0.606666667,0.5825,0.585,0.6075,0.601666667,0.578333333,0.590833333,0.595,0.6025,0.6125,0.59,0.57,0.5825,0.610833333,0.6133333329999999,0.605833333,0.600833333,0.6075,0.601666667,0.5791666670000001,0.5675,0.588333333,0.635833333,0.6425,0.620833333,0.635
0.552666667,0.575,0.551666667,0.48200000000000004,0.445666667,0.441666667,0.47466666700000004,0.526333333,0.662,0.7609999999999999,0.769,0.736666667,0.735666667,0.825,0.860666667,0.801666667,0.718,0.6356666670000001,0.653333333,0.716666667,0.7440000000000001,0.773,0.768333333,0.825666667,0.839666667,0.8009999999999999,0.765333333,0.782,0.792333333,0.7543333329999999
0.0,0.0,0.0,0.0,0.0,0.0,0.0,0.022222222000000003,0.099444444,0.099444444,0.07722222200000001,0.027777778,0.028111111,0.108111111,0.194222222,0.19388888899999998,0.11388888900000001,0.0,0.0072222219999999995,0.016111111,0.016111111,0.093888889,0.093888889,0.13,0.047777778,0.038888888999999996,0.009444444,0.08722222199999999,0.08833333300000001,0.081666667
0.333333333,0.333333333,0.333333333,0.0,0.0,0.0,0.0,0.333333333,0.666666667,1.0,0.666666667,0.666666667,0.666666667,1.0,1.0,0.666666667,0.333333333,0.0,0.333333333,0.666666667,1.0,1.0,1.0,1.0,1.0,1.0,1.0,1.0,1.0,0.666666667
0.668888889,0.673333333,0.685,0.6972222220000001,0.688333333,0.671666667,0.665,0.672222222,0.656111111,0.635555556,0.625,0.629444444,0.645,0.637777778,0.627777778,0.63,0.647222222,0.677222222,0.683333333,0.669444444,0.660555556,0.661666667,0.658888889,0.6311111110000001,0.606666667,0.6216666670000001,0.658333333,0.670555556,0.671111111,0.6777777779999999
0.7666666670000001,0.7688888890000001,0.771111111,0.7927777779999999,0.7877777779999999,0.7777777779999999,0.757777778,0.7588888890000001,0.718333333,0.695,0.688333333,0.699444444,0.710555556,0.681666667,0.66,0.68,0.713888889,0.772222222,0.7616666670000001,0.7383333329999999,0.7172222220000001,0.718333333,0.716666667,0.672222222,0.648333333,0.663888889,0.707777778,0.7161111109999999,0.72,0.736666667
0.605,0.606111111,0.6188888889999999,0.623888889,0.6188888889999999,0.595,0.587777778,0.595555556,0.600555556,0.591111111,0.589444444,0.586666667,0.605555556,0.601111111,0.6022222220000001,0.579444444,0.5822222220000001,0.593333333,0.611111111,0.6088888889999999,0.604444444,0.605,0.601666667,0.590555556,0.575,0.581666667,0.612777778,0.6316666670000001,0.634444444,0.6311111110000001
0.5265,0.5539999999999999,0.552,0.515,0.47375,0.452,0.45725,0.507,0.61425,0.69675,0.72775,0.772,0.752,0.77575,0.84075,0.80075,0.7625,0.69875,0.64525,0.69875,0.71825,0.74825,0.785,0.8,0.82,0.8059999999999999,0.79775,0.78725,0.7705,0.76275
0.0,0.0,0.0,0.0,0.0,0.0,0.0,0.016666667,0.074583333,0.074583333,0.074583333,0.07875,0.021083333,0.081083333,0.1665,0.145666667,0.145416667,0.08541666699999999,0.005416666999999999,0.012083333,0.012083333,0.075833333,0.077083333,0.0975,0.09958333300000001,0.035833332999999995,0.034166667000000005,0.0675,0.06625,0.06625
0.25,0.25,0.25,0.25,0.0,0.0,0.0,0.25,0.5,0.75,0.75,0.75,0.75,0.75,1.0,0.75,0.5,0.25,0.25,0.5,0.75,1.0,1.0,1.0,1.0,1.0,1.0,1.0,1.0,0.75
0.6725,0.673333333,0.683333333,0.686666667,0.687916667,0.682083333,0.671666667,0.669166667,0.6579166670000001,0.6445833329999999,0.639166667,0.625833333,0.63625,0.640833333,0.627916667,0.6366666670000001,0.6425,0.6575,0.678333333,0.672083333,0.6675,0.666666667,0.65375,0.63875,0.62625,0.62375,0.638333333,0.655833333,0.672083333,0.680416667
0.777083333,0.7695833329999999,0.775833333,0.779166667,0.785416667,0.7825,0.769166667,0.76,0.7304166670000001,0.7070833329999999,0.707916667,0.6858333329999999,0.70125,0.697916667,0.6645833329999999,0.686666667,0.700416667,0.7325,0.762916667,0.744166667,0.735,0.7225,0.7104166670000001,0.685416667,0.6708333329999999,0.669583333,0.67875,0.70375,0.723333333,0.7333333329999999
0.6033333329999999,0.605833333,0.6154166670000001,0.619166667,0.61625,0.607083333,0.595833333,0.595,0.593333333,0.592916667,0.59625,0.586666667,0.596666667,0.60375,0.59625,0.59125,0.58625,0.5904166670000001,0.597916667,0.6083333329999999,0.607083333,0.606666667,0.60125,0.593333333,0.584583333,0.58375,0.601666667,0.6154166670000001,0.6283333329999999,0.63875
0.5142,0.5328,0.5398,0.5226,0.5018,0.4732,0.4624,0.4866,0.5812,0.6516,0.6829999999999999,0.7384,0.7772,0.7808,0.7982,0.7968,0.7696,0.7382,0.6938,0.6832,0.7036,0.7268,0.7628,0.807,0.8006,0.797,0.8024,0.8088,0.777,0.7512
0.0,0.0,0.0,0.0,0.0,0.0,0.0,0.013333333000000001,0.059666667,0.059666667,0.059666667,0.076333333,0.0632,0.064866667,0.1332,0.1332,0.116533333,0.11633333300000001,0.072666667,0.009666667,0.009666667,0.060666667,0.066,0.083333333,0.079666667,0.079666667,0.032666667,0.075666667,0.054666667,0.053
0.2,0.2,0.2,0.2,0.2,0.0,0.0,0.2,0.4,0.6,0.6,0.8,0.8,0.8,0.8,0.8,0.6,0.4,0.4,0.4,0.6,0.8,1.0,1.0,1.0,1.0,1.0,1.0,1.0,0.8
0.6709999999999999,0.675333333,0.681333333,0.685,0.681333333,0.6829999999999999,0.68,0.673666667,0.658333333,0.648333333,0.6456666670000001,0.637,0.632,0.6346666670000001,0.6323333329999999,0.635,0.645333333,0.651666667,0.662333333,0.670333333,0.67,0.6709999999999999,0.659333333,0.6386666670000001,0.6333333329999999,0.636,0.6366666670000001,0.640333333,0.66,0.679333333
0.772333333,0.777333333,0.775,0.781333333,0.7759999999999999,0.781666667,0.774666667,0.7686666670000001,0.737,0.7190000000000001,0.715,0.7020000000000001,0.69,0.693,0.6809999999999999,0.685,0.701666667,0.718,0.733,0.7486666670000001,0.7403333329999999,0.735666667,0.715333333,0.686666667,0.681666667,0.683333333,0.680333333,0.681333333,0.7120000000000001,0.7333333329999999
0.599666667,0.6043333329999999,0.6133333329999999,0.6163333329999999,0.614,0.6073333329999999,0.6053333329999999,0.6,0.593333333,0.588666667,0.596666667,0.592666667,0.594666667,0.597,0.599333333,0.588666667,0.594333333,0.5920000000000001,0.594666667,0.598333333,0.607,0.6083333329999999,0.6033333329999999,0.594666667,0.588,0.589666667,0.599333333,0.606,0.616,0.633
0.516,0.5215,0.5245,0.517333333,0.510333333,0.496666667,0.47833333299999997,0.486,0.5518333329999999,0.617833333,0.6476666670000001,0.699333333,0.7483333329999999,0.797,0.798666667,0.7686666670000001,0.7715,0.748166667,0.7275,0.717333333,0.6898333329999999,0.713166667,0.7425,0.784833333,0.806333333,0.784666667,0.7955,0.8108333329999999,0.796666667,0.759833333
0.0,0.0,0.0,0.0,0.0,0.0,0.0,0.011111111000000002,0.049722222,0.049722222,0.049722222,0.063611111,0.063777778,0.092666667,0.111,0.111,0.111,0.097111111,0.10055555599999999,0.065,0.008055556,0.050555555999999995,0.055,0.073055556,0.070833333,0.066388889,0.069722222,0.0675,0.063611111,0.045555556
0.166666667,0.166666667,0.166666667,0.166666667,0.166666667,0.166666667,0.0,0.166666667,0.333333333,0.5,0.5,0.666666667,0.833333333,0.833333333,0.833333333,0.666666667,0.666666667,0.5,0.5,0.5,0.5,0.666666667,0.833333333,1.0,1.0,1.0,1.0,1.0,1.0,0.833333333
0.666388889,0.6736111109999999,0.681666667,0.6830555559999999,0.6808333329999999,0.678333333,0.681111111,0.680277778,0.663888889,0.650277778,0.648611111,0.642777778,0.640277778,0.631388889,0.628611111,0.6375,0.6425,0.6525,0.656666667,0.658333333,0.668888889,0.6725,0.664166667,0.645833333,0.634166667,0.640277778,0.6447222220000001,0.638611111,0.646388889,0.668055556
0.768055556,0.773333333,0.7805555559999999,0.7797222220000001,0.778333333,0.774444444,0.775277778,0.773333333,0.748055556,0.7263888890000001,0.723611111,0.708888889,0.702777778,0.685,0.679722222,0.695277778,0.697777778,0.7161111109999999,0.720833333,0.7261111109999999,0.744722222,0.74,0.7275,0.694722222,0.683333333,0.690277778,0.69,0.682222222,0.6919444440000001,0.7222222220000001
0.591666667,0.601111111,0.610833333,0.614444444,0.6125,0.606944444,0.605833333,0.607222222,0.597777778,0.589444444,0.5925,0.593611111,0.598333333,0.5952777779999999,0.594444444,0.5925,0.591666667,0.597777778,0.5952777779999999,0.595555556,0.598888889,0.608055556,0.6052777779999999,0.5975,0.59,0.591666667,0.601666667,0.6033333329999999,0.608055556,0.6219444439999999
0.529857143,0.522,0.516,0.507428571,0.507571429,0.504714286,0.497714286,0.496285714,0.542,0.587428571,0.619285714,0.666714286,0.7134285709999999,0.769428571,0.81,0.773285714,0.7509999999999999,0.752857143,0.7375714290000001,0.7428571429999999,0.718142857,0.7,0.728571429,0.764285714,0.787428571,0.791857143,0.7851428570000001,0.8037142859999999,0.800142857,0.7791428570000001
0.0,0.0,0.0,0.0,0.0,0.0,0.0,0.00952381,0.042619048,0.042619048,0.042619048,0.05452381,0.054666667,0.088952381,0.128238095,0.095142857,0.095142857,0.095142857,0.08633333300000001,0.09,0.055714285999999995,0.043333332999999995,0.047142857,0.062619048,0.063809524,0.060714286,0.059761905,0.094285714,0.058333333,0.05452381
0.14285714300000002,0.14285714300000002,0.14285714300000002,0.14285714300000002,0.14285714300000002,0.14285714300000002,0.14285714300000002,0.14285714300000002,0.28571428600000004,0.428571429,0.428571429,0.571428571,0.7142857140000001,0.857142857,0.857142857,0.7142857140000001,0.571428571,0.571428571,0.571428571,0.571428571,0.571428571,0.571428571,0.7142857140000001,0.857142857,1.0,1.0,1.0,1.0,1.0,0.857142857
0.662857143,0.669285714,0.679285714,0.6830952379999999,0.679761905,0.678333333,0.677380952,0.6811904759999999,0.670952381,0.656190476,0.650238095,0.645714286,0.644761905,0.638571429,0.6266666670000001,0.633571429,0.643571429,0.649047619,0.656666667,0.654047619,0.658809524,0.6711904759999999,0.666428571,0.651904762,0.640952381,0.64,0.6471428570000001,0.645238095,0.644047619,0.655238095
0.765238095,0.76952381,0.776666667,0.783809524,0.777380952,0.776666667,0.77,0.7740476190000001,0.755,0.737380952,0.7292857140000001,0.717142857,0.708571429,0.696666667,0.674761905,0.692142857,0.704761905,0.710714286,0.7188095240000001,0.716666667,0.7259523809999999,0.7438095240000001,0.7323809520000001,0.708095238,0.690714286,0.69047619,0.695,0.690238095,0.6911904759999999,0.703571429
0.590952381,0.594047619,0.607142857,0.612142857,0.611428571,0.606666667,0.605714286,0.6073809520000001,0.604285714,0.593809524,0.592619048,0.59047619,0.598333333,0.598333333,0.593333333,0.589285714,0.59452381,0.595,0.599761905,0.595952381,0.596428571,0.600952381,0.60547619,0.6,0.593095238,0.5928571429999999,0.601666667,0.604761905,0.60547619,0.614285714
0.529625,0.533375,0.517125,0.502125,0.500125,0.503,0.504625,0.511,0.544,0.574375,0.5925,0.6395,0.683125,0.73625,0.78425,0.786375,0.75725,0.73725,0.743,0.74975,0.740375,0.7235,0.715125,0.749375,0.769125,0.777125,0.791375,0.793625,0.79525,0.784375
0.0,0.0,0.0,0.0,0.0,0.0,0.0,0.008333333,0.037291667,0.037291667,0.037291667,0.047708333,0.047833333,0.077833333,0.12054166699999999,0.11220833300000001,0.08325,0.08325,0.08595833300000001,0.078875,0.07875,0.080625,0.04125,0.054791667,0.055833333,0.055833333,0.055625,0.0825,0.082916667,0.051041667
0.125,0.125,0.125,0.125,0.125,0.125,0.125,0.25,0.25,0.375,0.375,0.5,0.625,0.75,0.875,0.75,0.625,0.5,0.625,0.625,0.625,0.625,0.625,0.75,0.875,1.0,1.0,1.0,1.0,0.875
0.660625,0.6658333329999999,0.674791667,0.6808333329999999,0.6802083329999999,0.677708333,0.6775,0.6779166670000001,0.6729166670000001,0.663333333,0.655416667,0.6475,0.647083333,0.642708333,0.633541667,0.63125,0.639375,0.649166667,0.653125,0.654375,0.655,0.662083333,0.666041667,0.655416667,0.646875,0.645208333,0.646041667,0.6472916670000001,0.649166667,0.652083333
0.759166667,0.766875,0.7729166670000001,0.78,0.78125,0.776041667,0.7725,0.7695833329999999,0.757916667,0.744791667,0.738541667,0.722916667,0.715833333,0.7025,0.68625,0.68625,0.700833333,0.715208333,0.71375,0.7154166670000001,0.7177083329999999,0.7275,0.736666667,0.7147916670000001,0.702916667,0.696041667,0.694583333,0.694583333,0.6970833329999999,0.7014583329999999
0.590833333,0.593125,0.600208333,0.60875,0.609791667,0.606458333,0.605625,0.607083333,0.604791667,0.6,0.596041667,0.590833333,0.595,0.598333333,0.59625,0.588958333,0.591458333,0.5970833329999999,0.5970833329999999,0.5997916670000001,0.596666667,0.598541667,0.599583333,0.600833333,0.595833333,0.595208333,0.601458333,0.604375,0.606458333,0.61125
0.525333333,0.5327777779999999,0.5277777779999999,0.5046666670000001,0.49622222200000005,0.496888889,0.503111111,0.5156666670000001,0.5517777779999999,0.572555556,0.580333333,0.613444444,0.657111111,0.706777778,0.7531111109999999,0.766111111,0.7706666670000001,0.7443333329999999,0.730222222,0.753222222,0.746777778,0.7426666670000001,0.7343333329999999,0.7351111109999999,0.7553333329999999,0.762,0.778333333,0.798222222,0.787222222,0.7817777779999999
0.0,0.0,0.0,0.0,0.0,0.0,0.0,0.0074074069999999995,0.033148147999999995,0.033148147999999995,0.033148147999999995,0.042407407,0.042518519000000005,0.069185185,0.10714814800000001,0.10714814800000001,0.099740741,0.07400000000000001,0.076407407,0.07937037,0.07011111099999999,0.09833333300000001,0.07462963,0.048703704,0.04962963,0.04962963,0.051851852000000004,0.076296296,0.07370370400000001,0.07370370400000001
0.111111111,0.111111111,0.111111111,0.111111111,0.111111111,0.111111111,0.111111111,0.222222222,0.333333333,0.333333333,0.333333333,0.444444444,0.5555555560000001,0.666666667,0.7777777779999999,0.7777777779999999,0.666666667,0.5555555560000001,0.5555555560000001,0.666666667,0.666666667,0.666666667,0.666666667,0.666666667,0.7777777779999999,0.8888888890000001,1.0,1.0,1.0,0.8888888890000001
0.660925926,0.663518519,0.671111111,0.676666667,0.678518519,0.678333333,0.6770370370000001,0.6779629629999999,0.670925926,0.665925926,0.6618518520000001,0.652407407,0.648518519,0.645,0.637777778,0.636851852,0.6366666670000001,0.644814815,0.6527777779999999,0.651481481,0.655185185,0.658333333,0.658518519,0.6562962960000001,0.650555556,0.65,0.65,0.646296296,0.650555556,0.655740741
0.7612962959999999,0.7612962959999999,0.770185185,0.7762962959999999,0.778148148,0.77962963,0.772407407,0.7718518520000001,0.755740741,0.7485185190000001,0.745,0.731851852,0.7211111109999999,0.70962963,0.692592593,0.695185185,0.69462963,0.710555556,0.717407407,0.711296296,0.716481481,0.72,0.722962963,0.720555556,0.7094444440000001,0.706296296,0.6990740740000001,0.6942592590000001,0.700185185,0.705555556
0.5887037039999999,0.592777778,0.598703704,0.6024074070000001,0.607037037,0.605555556,0.605555556,0.606851852,0.604814815,0.600925926,0.601296296,0.594074074,0.594814815,0.59537037,0.596481481,0.592037037,0.590925926,0.594074074,0.598703704,0.5974074070000001,0.6,0.598518519,0.597592593,0.596111111,0.597037037,0.5974074070000001,0.602592593,0.603888889,0.6059259260000001,0.611481481
0.5259,0.5286,0.5278,0.5155,0.4991,0.4937,0.4976,0.5132,0.5519,0.5767,0.5781,0.6004,0.6319,0.6809999999999999,0.7249,0.7399,0.754,0.7577,0.7373,0.7407,0.7502,0.7482,0.7505,0.7504,0.7419,0.7503,0.7646,0.7858,0.792,0.7759
0.0,0.0,0.0,0.0,0.0,0.0,0.0,0.006666666999999999,0.029833332999999997,0.029833332999999997,0.029833332999999997,0.038166667,0.038266667000000004,0.062266667000000005,0.09643333300000001,0.09643333300000001,0.09643333300000001,0.089766667,0.068766667,0.071433333,0.071433333,0.0886,0.09116666699999999,0.078,0.044666667,0.044666667,0.046666667,0.070833333,0.069,0.066333333
0.1,0.1,0.1,0.1,0.1,0.1,0.1,0.2,0.3,0.4,0.3,0.4,0.5,0.6,0.7,0.7,0.7,0.6,0.6,0.6,0.7,0.7,0.7,0.7,0.7,0.8,0.9,1.0,1.0,0.9
0.658833333,0.6635,0.6685,0.673166667,0.675,0.677,0.677666667,0.6775,0.671666667,0.6648333329999999,0.664333333,0.6585,0.652833333,0.6465,0.640333333,0.640333333,0.641166667,0.641833333,0.6485,0.651333333,0.6525,0.658166667,0.6555,0.6505,0.651833333,0.653,0.653833333,0.649833333,0.649333333,0.656333333
0.7583333329999999,0.763,0.764833333,0.7735,0.775,0.777,0.7759999999999999,0.771833333,0.759166667,0.7475,0.7483333329999999,0.7383333329999999,0.7293333329999999,0.715,0.7,0.7,0.701833333,0.7040000000000001,0.713,0.714833333,0.712666667,0.718666667,0.716666667,0.709833333,0.715166667,0.711833333,0.708,0.698333333,0.699333333,0.7075
0.585333333,0.590666667,0.597833333,0.600833333,0.6015,0.6035,0.604833333,0.606666667,0.604833333,0.601333333,0.602,0.599,0.597333333,0.595166667,0.594,0.592666667,0.5935,0.593333333,0.595833333,0.598833333,0.597833333,0.601333333,0.597666667,0.594666667,0.593166667,0.598333333,0.603833333,0.604666667,0.6053333329999999,0.6105
0.531636364,0.5288181820000001,0.524454545,0.516636364,0.509454545,0.496545455,0.494636364,0.507272727,0.546363636,0.574545455,0.581363636,0.596545455,0.618363636,0.655909091,0.699818182,0.715454545,0.731272727,0.743727273,0.7500909090000001,0.7461818179999999,0.7390909090000001,0.751181818,0.7548181820000001,0.763636364,0.755181818,0.738545455,0.753727273,0.772636364,0.7812727270000001,0.7812727270000001
0.000121212,0.0,0.0,0.0,0.0,0.0,0.0,0.006060606,0.027121212000000002,0.027121212000000002,0.027121212000000002,0.03469697,0.034787879,0.056606061,0.08766666699999999,0.08766666699999999,0.08766666699999999,0.08766666699999999,0.083575758,0.064939394,0.064939394,0.08812121199999999,0.082969697,0.09272727300000001,0.071666667,0.040606061,0.042424242,0.064393939,0.06469697,0.062727273
0.181818182,0.090909091,0.090909091,0.090909091,0.090909091,0.090909091,0.090909091,0.181818182,0.272727273,0.363636364,0.363636364,0.363636364,0.454545455,0.545454545,0.636363636,0.636363636,0.636363636,0.636363636,0.636363636,0.636363636,0.636363636,0.727272727,0.727272727,0.727272727,0.727272727,0.727272727,0.818181818,0.9090909090000001,1.0,0.9090909090000001
0.655909091,0.661363636,0.668030303,0.670606061,0.671969697,0.673939394,0.676515152,0.678030303,0.671818182,0.666060606,0.663484848,0.661060606,0.658333333,0.6506060610000001,0.642121212,0.642424242,0.643939394,0.645454545,0.645454545,0.647575758,0.652272727,0.655454545,0.655606061,0.648484848,0.6469696970000001,0.653939394,0.656212121,0.653333333,0.652272727,0.65469697
0.7559090909999999,0.760151515,0.7660606059999999,0.768333333,0.772575758,0.7742424240000001,0.7739393940000001,0.775151515,0.76030303,0.7513636359999999,0.747424242,0.741969697,0.735454545,0.7230303029999999,0.7057575759999999,0.706060606,0.7056060609999999,0.70969697,0.706818182,0.711060606,0.7157575759999999,0.715,0.7157575759999999,0.70530303,0.705909091,0.716818182,0.7128787879999999,0.706515152,0.7025757579999999,0.706060606
0.583636364,0.587424242,0.595454545,0.599848485,0.600151515,0.598787879,0.6030303029999999,0.605909091,0.604848485,0.601666667,0.602272727,0.599848485,0.601515152,0.597424242,0.593939394,0.590757576,0.593939394,0.595454545,0.595,0.596212121,0.599090909,0.5992424239999999,0.60030303,0.595,0.592121212,0.59469697,0.604090909,0.605606061,0.605909091,0.609545455
0.536833333,0.533833333,0.525,0.5145,0.511,0.50625,0.497166667,0.50375,0.538166667,0.567583333,0.579,0.598,0.6133333329999999,0.6415,0.67525,0.69325,0.709583333,0.72375,0.737916667,0.757166667,0.74425,0.740916667,0.757,0.7665,0.766916667,0.7509999999999999,0.7426666670000001,0.762,0.7695833329999999,0.772333333
0.000111111,0.000111111,0.0,0.0,0.0,0.0,0.0,0.005555556,0.024861111,0.024861111,0.024861111,0.031805556,0.031888889,0.051888889,0.080361111,0.080361111,0.080361111,0.080361111,0.082166667,0.07883333299999999,0.059527777999999996,0.080777778,0.083,0.08508333300000001,0.08569444400000001,0.065694444,0.038888888999999996,0.059027777999999996,0.059305555999999995,0.059305555999999995
0.166666667,0.166666667,0.083333333,0.083333333,0.083333333,0.083333333,0.083333333,0.166666667,0.25,0.333333333,0.333333333,0.41666666700000005,0.41666666700000005,0.5,0.583333333,0.583333333,0.583333333,0.583333333,0.666666667,0.666666667,0.666666667,0.666666667,0.75,0.75,0.75,0.75,0.75,0.833333333,0.916666667,0.916666667
0.6543055560000001,0.658472222,0.665694444,0.67,0.669722222,0.67125,0.67375,0.6769444440000001,0.6727777779999999,0.666666667,0.6647222220000001,0.660555556,0.660694444,0.655833333,0.64625,0.643888889,0.645555556,0.647638889,0.648472222,0.644861111,0.64875,0.655,0.653333333,0.649166667,0.645416667,0.6493055560000001,0.656805556,0.655555556,0.655277778,0.656944444
0.7523611109999999,0.757777778,0.763194444,0.769166667,0.767916667,0.772083333,0.7716666670000001,0.773333333,0.7643055559999999,0.753055556,0.750972222,0.7416666670000001,0.739027778,0.729166667,0.713888889,0.710833333,0.710694444,0.7125,0.711805556,0.705555556,0.7122222220000001,0.7176388890000001,0.712638889,0.705416667,0.7020833329999999,0.7081944440000001,0.717361111,0.7111111109999999,0.709722222,0.708472222
0.5840277779999999,0.585694444,0.5920833329999999,0.5975,0.599305556,0.597777778,0.59875,0.604166667,0.604305556,0.601944444,0.6025,0.6002777779999999,0.6020833329999999,0.60125,0.596111111,0.590972222,0.5920833329999999,0.5956944439999999,0.5968055560000001,0.5954166670000001,0.596666667,0.6002777779999999,0.598472222,0.597638889,0.592638889,0.593611111,0.6002777779999999,0.6056944439999999,0.606666667,0.609722222
0.540769231,0.538461538,0.5299230770000001,0.515769231,0.5094615379999999,0.5079230770000001,0.506076923,0.505384615,0.532538462,0.558384615,0.572230769,0.594538462,0.613384615,0.635076923,0.660461538,0.671076923,0.689538462,0.704307692,0.719923077,0.745384615,0.7545384620000001,0.7455384620000001,0.747076923,0.767615385,0.769307692,0.7621538459999999,0.7538461540000001,0.7511538459999999,0.76,0.7622307690000001
0.000102564,0.000102564,0.000102564,0.0,0.0,0.0,0.0,0.005128205,0.022948717999999996,0.022948717999999996,0.022948717999999996,0.029358974,0.029435897000000003,0.047897435999999995,0.074179487,0.074179487,0.074179487,0.074179487,0.075846154,0.077897436,0.07276923099999999,0.07456410299999999,0.076615385,0.084948718,0.079179487,0.079102564,0.062179487,0.054487179000000004,0.05474359,0.05474359
0.153846154,0.153846154,0.153846154,0.076923077,0.076923077,0.076923077,0.076923077,0.153846154,0.23076923100000002,0.307692308,0.307692308,0.384615385,0.46153846200000004,0.46153846200000004,0.538461538,0.538461538,0.538461538,0.538461538,0.615384615,0.692307692,0.692307692,0.692307692,0.692307692,0.7692307690000001,0.7692307690000001,0.7692307690000001,0.7692307690000001,0.7692307690000001,0.846153846,0.846153846
0.653589744,0.6567948720000001,0.662692308,0.667692308,0.669230769,0.669230769,0.6712820509999999,0.6743589740000001,0.6721794870000001,0.667948718,0.665384615,0.6619230770000001,0.66025641,0.658205128,0.651410256,0.647564103,0.6466666670000001,0.648846154,0.65025641,0.647692308,0.646153846,0.651538462,0.653076923,0.647564103,0.646282051,0.647692308,0.652307692,0.656153846,0.6571794870000001,0.659358974
0.7505128209999999,0.7543589740000001,0.7607692309999999,0.7662820509999999,0.768717949,0.767820513,0.769871795,0.7712820509999999,0.7634615379999999,0.757307692,0.752564103,0.745384615,0.7389743590000001,0.7329487179999999,0.72025641,0.7179487179999999,0.71474359,0.716666667,0.714230769,0.71025641,0.707051282,0.714230769,0.71525641,0.703333333,0.702435897,0.704487179,0.709358974,0.715384615,0.7137179490000001,0.714615385
0.585,0.585897436,0.590128205,0.5942307689999999,0.597179487,0.597179487,0.5978205129999999,0.600128205,0.602820513,0.601666667,0.602692308,0.600641026,0.602307692,0.601794872,0.59974359,0.5932051279999999,0.592179487,0.593846154,0.596923077,0.597051282,0.595897436,0.5979487179999999,0.599487179,0.596153846,0.59525641,0.593974359,0.598846154,0.602051282,0.606666667,0.610128205
0.544642857,0.542,0.5345,0.521,0.511,0.506714286,0.507642857,0.513071429,0.532,0.551714286,0.563357143,0.587142857,0.609071429,0.633571429,0.6531428570000001,0.657642857,0.669214286,0.6860714290000001,0.702142857,0.728142857,0.743785714,0.755,0.750928571,0.757642857,0.7701428570000001,0.7647142859999999,0.764,0.7609285709999999,0.750071429,0.753857143
9.520000000000001e-05,9.520000000000001e-05,9.520000000000001e-05,9.520000000000001e-05,0.0,0.0,0.0,0.004761905,0.021309524,0.021309524,0.021309524,0.027261905,0.027333332999999998,0.04447619,0.068880952,0.068880952,0.068880952,0.068880952,0.070428571,0.072333333,0.072333333,0.085785714,0.071142857,0.078880952,0.07947619,0.07352381,0.074880952,0.075,0.050833333,0.050833333
0.14285714300000002,0.14285714300000002,0.14285714300000002,0.14285714300000002,0.071428571,0.071428571,0.071428571,0.14285714300000002,0.214285714,0.28571428600000004,0.28571428600000004,0.35714285700000004,0.428571429,0.5,0.5,0.5,0.5,0.5,0.571428571,0.642857143,0.7142857140000001,0.7142857140000001,0.7142857140000001,0.7142857140000001,0.7857142859999999,0.7857142859999999,0.7857142859999999,0.7857142859999999,0.7857142859999999,0.7857142859999999
0.653571429,0.655952381,0.660833333,0.664761905,0.667142857,0.6688095239999999,0.669404762,0.67202381,0.670119048,0.667738095,0.666666667,0.662738095,0.661547619,0.65797619,0.653928571,0.652261905,0.6498809520000001,0.649642857,0.651190476,0.6494047620000001,0.648690476,0.648928571,0.65,0.647738095,0.645,0.648333333,0.650595238,0.65202381,0.6576190479999999,0.660833333
0.750357143,0.7525,0.757380952,0.763809524,0.766071429,0.7685714290000001,0.766071429,0.769642857,0.762261905,0.75702381,0.756547619,0.747261905,0.742619048,0.7333333329999999,0.724404762,0.723571429,0.7210714290000001,0.72,0.71797619,0.712619048,0.711309524,0.7092857140000001,0.712261905,0.7064285709999999,0.700714286,0.7046428570000001,0.705833333,0.708095238,0.7175,0.71797619
0.583214286,0.586666667,0.59,0.592261905,0.594166667,0.595357143,0.597261905,0.599166667,0.599166667,0.60047619,0.6023809520000001,0.600952381,0.6025,0.60202381,0.600357143,0.596785714,0.594166667,0.593809524,0.5951190479999999,0.597142857,0.5973809520000001,0.597142857,0.5973809520000001,0.597261905,0.594047619,0.596309524,0.598809524,0.6005952379999999,0.603214286,0.609880952
0.5526,0.545533333,0.538066667,0.5258666670000001,0.5162,0.5083333329999999,0.5065333329999999,0.514066667,0.5374,0.549933333,0.5568,0.577866667,0.6012,0.6282,0.6505333329999999,0.6509999999999999,0.6568,0.667333333,0.685266667,0.711,0.7278,0.744933333,0.7594,0.7605333329999999,0.7606666670000001,0.7658,0.766266667,0.769933333,0.759266667,0.745
0.000533333,8.89e-05,8.89e-05,8.89e-05,8.89e-05,0.0,0.0,0.0044444440000000005,0.019888889,0.019888889,0.019888889,0.025444444,0.025511111,0.041511111,0.064288889,0.064288889,0.064288889,0.064288889,0.065733333,0.067511111,0.067511111,0.084511111,0.081844444,0.073622222,0.074177778,0.074177778,0.069955556,0.086,0.070222222,0.047444444
0.2,0.133333333,0.133333333,0.133333333,0.133333333,0.066666667,0.066666667,0.133333333,0.2,0.26666666699999997,0.26666666699999997,0.333333333,0.4,0.46666666700000003,0.533333333,0.46666666700000003,0.46666666700000003,0.46666666700000003,0.533333333,0.6,0.666666667,0.7333333329999999,0.7333333329999999,0.7333333329999999,0.7333333329999999,0.8,0.8,0.8,0.8,0.7333333329999999
0.651333333,0.6557777779999999,0.6597777779999999,0.662888889,0.664444444,0.666888889,0.669,0.670222222,0.668222222,0.666111111,0.666555556,0.664111111,0.662333333,0.659333333,0.654,0.654555556,0.654111111,0.652444444,0.6517777779999999,0.650333333,0.650222222,0.651111111,0.6476666670000001,0.645222222,0.645333333,0.647,0.6509999999999999,0.650444444,0.653666667,0.6609999999999999
0.748,0.752222222,0.7554444440000001,0.7604444440000001,0.763777778,0.766111111,0.7668888890000001,0.766111111,0.761333333,0.7563333329999999,0.7563333329999999,0.7513333329999999,0.7445555559999999,0.7371111109999999,0.725333333,0.7272222220000001,0.7261111109999999,0.725555556,0.721,0.7162222220000001,0.7134444440000001,0.7131111109999999,0.707777778,0.7042222220000001,0.703777778,0.702888889,0.705888889,0.704888889,0.710555556,0.7212222220000001
0.582111111,0.584888889,0.590444444,0.5920000000000001,0.592333333,0.592666667,0.595555556,0.598555556,0.598333333,0.5972222220000001,0.6012222220000001,0.600777778,0.602666667,0.6022222220000001,0.600666667,0.597555556,0.597444444,0.595555556,0.595,0.595444444,0.597444444,0.598444444,0.596666667,0.595444444,0.5952222220000001,0.595111111,0.600666667,0.600444444,0.601777778,0.606444444
0.5573125,0.5529375,0.541625,0.52975,0.5210625,0.513375,0.5080625,0.512625,0.5368125,0.553875,0.5548125,0.5708125,0.591625,0.619625,0.6444375,0.6486875,0.650625,0.6558125,0.66775,0.694625,0.71175,0.729875,0.7496875,0.767875,0.7631875,0.7571875,0.7671875,0.7716875,0.7678125,0.7539375
0.0005,0.0005,8.329999999999999e-05,8.329999999999999e-05,8.329999999999999e-05,8.329999999999999e-05,0.0,0.004166667,0.018645833,0.018645833,0.018645833,0.023854167000000003,0.023916667000000003,0.038916667,0.060270832999999996,0.060270832999999996,0.060270832999999996,0.060270832999999996,0.061625,0.063291667,0.063291667,0.079229167,0.080895833,0.0835,0.069541667,0.069541667,0.070791667,0.0806875,0.080833333,0.065833333
0.1875,0.1875,0.125,0.125,0.125,0.125,0.0625,0.125,0.1875,0.25,0.25,0.3125,0.375,0.4375,0.5,0.5,0.4375,0.4375,0.5,0.5625,0.625,0.6875,0.75,0.75,0.75,0.75,0.8125,0.8125,0.8125,0.75
0.6502083329999999,0.653541667,0.659375,0.661770833,0.662708333,0.664375,0.6671875,0.669791667,0.666770833,0.6645833329999999,0.6651041670000001,0.664166667,0.663645833,0.6602083329999999,0.655520833,0.6545833329999999,0.656145833,0.65625,0.654270833,0.6509375,0.651041667,0.6523958329999999,0.649791667,0.643333333,0.643125,0.6471875,0.6495833329999999,0.650833333,0.652083333,0.657083333
0.7475,0.749895833,0.755,0.7584375,0.760625,0.7639583329999999,0.7646875,0.766875,0.758541667,0.755833333,0.755729167,0.751458333,0.748541667,0.739270833,0.729375,0.727916667,0.729375,0.73,0.726145833,0.719166667,0.716770833,0.715,0.7114583329999999,0.700520833,0.701875,0.705625,0.7041666670000001,0.705,0.707395833,0.714479167
0.580625,0.58375,0.588541667,0.592291667,0.5920833329999999,0.591041667,0.593020833,0.596875,0.5978125,0.5965625,0.598125,0.5997916670000001,0.602395833,0.602395833,0.6009375,0.598020833,0.598125,0.598541667,0.5965625,0.5953125,0.595833333,0.5984375,0.597916667,0.5948958329999999,0.593645833,0.596145833,0.599270833,0.6020833329999999,0.6015625,0.6048958329999999
0.561,0.557352941,0.548823529,0.533588235,0.525,0.5181176470000001,0.512823529,0.513705882,0.5341176470000001,0.552352941,0.5582352939999999,0.568117647,0.584176471,0.609529412,0.635411765,0.643058824,0.648470588,0.650058824,0.656882353,0.677588235,0.696294118,0.714647059,0.7352352940000001,0.758235294,0.7699411759999999,0.7597647059999999,0.759,0.772235294,0.769588235,0.762294118
0.00047058800000000003,0.00047058800000000003,0.00047058800000000003,7.840000000000001e-05,7.840000000000001e-05,7.840000000000001e-05,7.840000000000001e-05,0.003921569000000001,0.01754902,0.01754902,0.01754902,0.02245098,0.022509803999999998,0.036627451,0.05672549,0.05672549,0.05672549,0.05672549,0.057999999999999996,0.059568627,0.059568627,0.074568627,0.076137255,0.082509804,0.07907843099999999,0.06545098,0.06662745099999999,0.080843137,0.076137255,0.076078431
0.176470588,0.176470588,0.176470588,0.117647059,0.117647059,0.117647059,0.117647059,0.117647059,0.176470588,0.235294118,0.235294118,0.294117647,0.352941176,0.41176470600000004,0.470588235,0.470588235,0.470588235,0.41176470600000004,0.470588235,0.529411765,0.588235294,0.647058824,0.705882353,0.764705882,0.764705882,0.764705882,0.764705882,0.8235294120000001,0.8235294120000001,0.764705882
0.649215686,0.652352941,0.6570588239999999,0.66127451,0.661666667,0.6627450979999999,0.664803922,0.668039216,0.6665686270000001,0.663431373,0.66372549,0.662941176,0.66372549,0.6615686270000001,0.6565686270000001,0.655980392,0.656078431,0.658039216,0.6577450979999999,0.653333333,0.6515686270000001,0.653039216,0.6510784310000001,0.645588235,0.641470588,0.645,0.649607843,0.649509804,0.652352941,0.655392157
0.746568627,0.749313725,0.7526470590000001,0.7578431370000001,0.75872549,0.760980392,0.762745098,0.764803922,0.759705882,0.753529412,0.755294118,0.751176471,0.748823529,0.7433333329999999,0.731862745,0.731568627,0.7299019609999999,0.732843137,0.730294118,0.724117647,0.7195098040000001,0.718039216,0.713333333,0.704411765,0.6985294120000001,0.70372549,0.706666667,0.7034313729999999,0.7073529409999999,0.71127451
0.579901961,0.5822549020000001,0.5872549020000001,0.590392157,0.592352941,0.5908823529999999,0.591470588,0.594411765,0.59627451,0.596176471,0.59745098,0.596960784,0.601372549,0.6021568629999999,0.601176471,0.5984313729999999,0.598529412,0.599117647,0.599313725,0.596764706,0.595686275,0.596862745,0.597941176,0.596176471,0.593235294,0.594607843,0.6,0.600686275,0.603039216,0.604509804
0.564611111,0.5608333329999999,0.553222222,0.5408333329999999,0.528888889,0.522,0.517333333,0.517888889,0.533944444,0.548944444,0.5565555560000001,0.5706111110000001,0.580888889,0.6015,0.625,0.634611111,0.643166667,0.648055556,0.651388889,0.6667777779999999,0.680111111,0.699888889,0.720555556,0.7441111109999999,0.7607222220000001,0.766333333,0.761333333,0.764222222,0.770222222,0.764277778
0.000444444,0.000444444,0.000444444,0.000444444,7.41e-05,7.41e-05,7.41e-05,0.003777778,0.016574073999999998,0.016574073999999998,0.016574073999999998,0.021203704,0.021259259,0.034592593,0.053574074000000006,0.053574074000000006,0.053574074000000006,0.053574074000000006,0.054777778,0.056259259000000006,0.056259259000000006,0.070425926,0.071907407,0.07792592599999999,0.078388889,0.074685185,0.062925926,0.076351852,0.076537037,0.071907407
0.222222222,0.166666667,0.166666667,0.166666667,0.111111111,0.111111111,0.111111111,0.166666667,0.166666667,0.222222222,0.222222222,0.27777777800000003,0.333333333,0.38888888899999996,0.444444444,0.444444444,0.444444444,0.444444444,0.444444444,0.5,0.5555555560000001,0.611111111,0.666666667,0.7222222220000001,0.7777777779999999,0.7777777779999999,0.7777777779999999,0.7777777779999999,0.833333333,0.7777777779999999
0.64787037,0.651296296,0.655740741,0.658981481,0.661203704,0.661759259,0.663240741,0.665740741,0.665092593,0.663425926,0.662685185,0.661759259,0.662592593,0.661759259,0.658055556,0.656944444,0.657314815,0.65787037,0.659351852,0.656666667,0.653796296,0.653425926,0.651759259,0.647037037,0.643703704,0.643333333,0.647407407,0.649537037,0.651018519,0.655462963
0.7444444440000001,0.7483333329999999,0.751944444,0.7554629629999999,0.758148148,0.759166667,0.76,0.762962963,0.758148148,0.754907407,0.753148148,0.751018519,0.7487037040000001,0.743888889,0.7361111109999999,0.733796296,0.7332407409999999,0.7331481479999999,0.732962963,0.7281481479999999,0.724166667,0.720555556,0.7162962959999999,0.706574074,0.702314815,0.700462963,0.704814815,0.705833333,0.705740741,0.711018519
0.579907407,0.581481481,0.585648148,0.589074074,0.590555556,0.591203704,0.591296296,0.59287037,0.593981481,0.594814815,0.597037037,0.596388889,0.598611111,0.601203704,0.601018519,0.5987962960000001,0.598888889,0.599444444,0.599814815,0.5993518520000001,0.597037037,0.596666667,0.596481481,0.596296296,0.594537037,0.594166667,0.598333333,0.601296296,0.601666667,0.605740741
0.553368421,0.5642631579999999,0.5567368420000001,0.545421053,0.536,0.525842105,0.5210526320000001,0.521894737,0.536842105,0.5479999999999999,0.553105263,0.5683684210000001,0.582578947,0.597473684,0.616578947,0.624789474,0.635157895,0.6430526320000001,0.649421053,0.6610526320000001,0.669736842,0.684368421,0.706263158,0.729736842,0.7472105259999999,0.7577894740000001,0.767473684,0.766157895,0.762736842,0.765157895
0.000421053,0.000421053,0.000421053,0.000421053,0.000421053,7.020000000000001e-05,7.020000000000001e-05,0.0035789470000000003,0.01577193,0.015701754,0.015701754,0.020087719,0.020140351,0.03277193,0.050754386,0.050754386,0.050754386,0.050754386,0.051894737,0.053298245999999994,0.053298245999999994,0.066719298,0.06812280700000001,0.073824561,0.074263158,0.074263158,0.071807018,0.072333333,0.072508772,0.072508772
0.21052631600000002,0.21052631600000002,0.15789473699999998,0.15789473699999998,0.15789473699999998,0.10526315800000001,0.10526315800000001,0.15789473699999998,0.21052631600000002,0.21052631600000002,0.21052631600000002,0.263157895,0.31578947399999996,0.36842105299999994,0.42105263200000004,0.42105263200000004,0.42105263200000004,0.42105263200000004,0.473684211,0.473684211,0.526315789,0.578947368,0.6315789470000001,0.684210526,0.736842105,0.7894736840000001,0.7894736840000001,0.7894736840000001,0.7894736840000001,0.7894736840000001
0.6477192979999999,0.649912281,0.654561404,0.657631579,0.659035088,0.661315789,0.662280702,0.664210526,0.663070175,0.662192982,0.662719298,0.6608771929999999,0.6614912279999999,0.660789474,0.658421053,0.658333333,0.658157895,0.658947368,0.659122807,0.658245614,0.656929825,0.655438596,0.652192982,0.647894737,0.645175439,0.645350877,0.645701754,0.64745614,0.6509649120000001,0.654035088
0.7439473679999999,0.74622807,0.750877193,0.754649123,0.755877193,0.7585964909999999,0.7583333329999999,0.760350877,0.7567543859999999,0.7536842109999999,0.754473684,0.7492105259999999,0.7486842109999999,0.744035088,0.7370175440000001,0.737719298,0.735263158,0.736140351,0.7332456140000001,0.730789474,0.7279824559999999,0.7249122809999999,0.71877193,0.709736842,0.7044736840000001,0.703947368,0.701666667,0.7041228070000001,0.707894737,0.7092982459999999
0.578859649,0.581403509,0.584736842,0.58745614,0.589298246,0.589561404,0.591578947,0.592631579,0.59254386,0.592719298,0.595701754,0.596052632,0.597982456,0.598596491,0.600175439,0.59877193,0.599210526,0.599736842,0.600087719,0.599824561,0.599473684,0.5978947370000001,0.596315789,0.595,0.594736842,0.595350877,0.597719298,0.599649123,0.602192982,0.604298246
0.54515,0.5536,0.5602,0.54915,0.5406,0.53275,0.52475,0.5252,0.5397,0.55005,0.552,0.5645,0.57985,0.59825,0.612,0.6168,0.6258,0.63545,0.6446,0.6587,0.66415,0.6743,0.6912,0.7157,0.7334,0.7451,0.7593,0.77175,0.76465,0.7583
0.0004,0.0004,0.0004,0.0004,0.0004,0.0004,6.670000000000001e-05,0.0034,0.014983333,0.014983333,0.014916667,0.019083333,0.019133333,0.031133333,0.048216667000000005,0.048216667000000005,0.048216667000000005,0.048216667000000005,0.0493,0.050633332999999996,0.050633332999999996,0.063383333,0.064716667,0.07013333299999999,0.07055,0.07055,0.07155,0.0803,0.068883333,0.068883333
0.2,0.2,0.2,0.15,0.15,0.15,0.1,0.15,0.2,0.25,0.2,0.25,0.3,0.35,0.4,0.4,0.4,0.4,0.45,0.5,0.5,0.55,0.6,0.65,0.7,0.75,0.8,0.8,0.8,0.75
0.64725,0.649666667,0.653083333,0.656416667,0.65775,0.65925,0.661833333,0.66325,0.66175,0.660416667,0.6615833329999999,0.6609999999999999,0.660666667,0.659833333,0.657666667,0.658666667,0.659416667,0.659666667,0.660083333,0.658083333,0.658416667,0.658333333,0.654166667,0.6485,0.646083333,0.6466666670000001,0.6475,0.645833333,0.6489166670000001,0.653833333
0.7435,0.7456666670000001,0.74875,0.7535,0.755083333,0.756416667,0.757833333,0.75875,0.754583333,0.752583333,0.7533333329999999,0.7506666670000001,0.747083333,0.74425,0.7375,0.7385,0.738916667,0.737916667,0.736083333,0.731166667,0.7305,0.7285,0.723,0.7124166670000001,0.707583333,0.705916667,0.704916667,0.7011666670000001,0.7061666670000001,0.711166667
0.577416667,0.580333333,0.5845,0.5865,0.58775,0.5884166670000001,0.59,0.592833333,0.592333333,0.5914166670000001,0.593666667,0.594833333,0.597583333,0.598,0.59775,0.5980833329999999,0.599166667,0.6,0.600333333,0.6000833329999999,0.599916667,0.600166667,0.5975,0.594916667,0.593583333,0.5955,0.598666667,0.599,0.600583333,0.604666667
0.54052381,0.545761905,0.550238095,0.5528095239999999,0.544380952,0.537285714,0.531380952,0.52852381,0.542,0.552142857,0.553761905,0.5629047620000001,0.575619048,0.594904762,0.6120476189999999,0.612428571,0.618142857,0.62652381,0.637285714,0.653666667,0.661761905,0.668761905,0.681285714,0.7009047620000001,0.7198571429999999,0.732047619,0.747142857,0.763761905,0.7700476190000001,0.760333333
0.000380952,0.000380952,0.000380952,0.000380952,0.000380952,0.000380952,0.000380952,0.003238095,0.014269841,0.014269841,0.014269841,0.018174603,0.018222222,0.029650793999999998,0.045920635,0.045920635,0.045920635,0.045920635,0.046952380999999994,0.048222222,0.048222222,0.060365079,0.061634920999999995,0.066793651,0.067190476,0.067190476,0.068142857,0.079650794,0.076634921,0.065603175
0.19047619,0.19047619,0.19047619,0.19047619,0.14285714300000002,0.14285714300000002,0.14285714300000002,0.14285714300000002,0.19047619,0.23809523800000001,0.23809523800000001,0.23809523800000001,0.28571428600000004,0.333333333,0.380952381,0.380952381,0.380952381,0.380952381,0.428571429,0.47619047600000003,0.523809524,0.523809524,0.571428571,0.6190476189999999,0.666666667,0.7142857140000001,0.761904762,0.80952381,0.80952381,0.761904762
0.6466666670000001,0.649126984,0.652698413,0.654920635,0.656587302,0.658015873,0.65984127,0.6627777779999999,0.660952381,0.659285714,0.659920635,0.66,0.660793651,0.659126984,0.656904762,0.6579365079999999,0.65968254,0.660793651,0.660714286,0.659047619,0.658253968,0.65968254,0.6569841270000001,0.650555556,0.646746032,0.6474603170000001,0.648650794,0.647539683,0.6473015870000001,0.651746032
0.7428571429999999,0.74515873,0.748095238,0.751349206,0.753968254,0.755634921,0.755793651,0.758253968,0.7533333329999999,0.7507142859999999,0.752301587,0.749761905,0.7485714290000001,0.742936508,0.7380158729999999,0.738888889,0.739603175,0.7412698409999999,0.737777778,0.7339682540000001,0.730873016,0.730873016,0.726507937,0.716746032,0.710238095,0.7088095240000001,0.7067460320000001,0.7042857140000001,0.703253968,0.709365079
0.5770634920000001,0.578888889,0.583333333,0.586190476,0.586825397,0.586984127,0.588888889,0.591269841,0.5925396829999999,0.591269841,0.5923809520000001,0.592936508,0.596349206,0.597619048,0.5972222220000001,0.595873016,0.598492063,0.599920635,0.600555556,0.60031746,0.60015873,0.600555556,0.59968254,0.596111111,0.593571429,0.594365079,0.598650794,0.59984127,0.599920635,0.6030158729999999
0.539727273,0.541318182,0.5429090910000001,0.543636364,0.548090909,0.541045455,0.535772727,0.5346818179999999,0.544409091,0.553772727,0.555590909,0.564090909,0.573590909,0.590181818,0.608227273,0.612454545,0.613909091,0.6191818179999999,0.628681818,0.646272727,0.6568181820000001,0.6662727270000001,0.6756818179999999,0.691,0.705545455,0.7191818179999999,0.734590909,0.751954545,0.7625,0.765681818
0.00036363599999999997,0.00036363599999999997,0.00036363599999999997,0.00036363599999999997,0.00036363599999999997,0.00036363599999999997,0.00036363599999999997,0.0033939390000000003,0.013621211999999999,0.013621211999999999,0.013621211999999999,0.017409091,0.017393939,0.02830303,0.043833332999999995,0.043833332999999995,0.043833332999999995,0.043833332999999995,0.044818182000000005,0.046030303,0.046030303,0.057621212000000005,0.058833333,0.063757576,0.064136364,0.064136364,0.065045455,0.076030303,0.076181818,0.073151515
0.181818182,0.181818182,0.181818182,0.181818182,0.181818182,0.13636363599999998,0.13636363599999998,0.181818182,0.181818182,0.22727272699999998,0.22727272699999998,0.272727273,0.272727273,0.318181818,0.363636364,0.363636364,0.363636364,0.363636364,0.409090909,0.454545455,0.5,0.545454545,0.545454545,0.590909091,0.636363636,0.681818182,0.727272727,0.772727273,0.818181818,0.772727273
0.644848485,0.648484848,0.652045455,0.654469697,0.655151515,0.656893939,0.658636364,0.660833333,0.660606061,0.658636364,0.658863636,0.658484848,0.659848485,0.659318182,0.656363636,0.65719697,0.658939394,0.660984848,0.6617424239999999,0.65969697,0.659166667,0.659469697,0.658333333,0.653409091,0.648787879,0.648030303,0.649318182,0.648636364,0.648863636,0.650075758
0.740681818,0.744469697,0.7475,0.7506060609999999,0.751893939,0.754545455,0.7550757579999999,0.756287879,0.753106061,0.74969697,0.750530303,0.7489393940000001,0.74780303,0.744545455,0.737045455,0.739318182,0.7399242420000001,0.741818182,0.740984848,0.735681818,0.733560606,0.731212121,0.7288636359999999,0.720378788,0.7144696970000001,0.711287879,0.7094696970000001,0.706060606,0.706136364,0.7064393940000001
0.574545455,0.578484848,0.581818182,0.585,0.586515152,0.586136364,0.5875,0.590151515,0.591060606,0.591515152,0.59219697,0.591742424,0.5944696970000001,0.596439394,0.596893939,0.595454545,0.596363636,0.5992424239999999,0.600454545,0.600530303,0.600378788,0.600757576,0.600075758,0.5982575760000001,0.5947727270000001,0.5943181820000001,0.597424242,0.5997727270000001,0.600681818,0.602272727
0.54173913,0.540521739,0.538782609,0.536913043,0.539521739,0.54473913,0.5394347829999999,0.53873913,0.5496086960000001,0.5555652170000001,0.557,0.565391304,0.57426087,0.587608696,0.603130435,0.608782609,0.613869565,0.615086957,0.621565217,0.637652174,0.649608696,0.661347826,0.6729999999999999,0.6852173909999999,0.695869565,0.705521739,0.722173913,0.73973913,0.75126087,0.7586521740000001
0.00037681199999999997,0.00034782599999999997,0.00034782599999999997,0.00034782599999999997,0.00034782599999999997,0.00034782599999999997,0.00034782599999999997,0.003246377,0.013318841000000001,0.013028986000000001,0.013028986000000001,0.016652174,0.016695652,0.027072463999999997,0.041927536,0.041927536,0.041927536,0.041927536,0.042869565,0.044028986,0.044028986,0.055115942,0.056275362,0.060985507,0.061347825999999994,0.061347825999999994,0.062217391,0.072724638,0.072869565,0.072869565
0.21739130399999998,0.17391304300000002,0.17391304300000002,0.17391304300000002,0.17391304300000002,0.17391304300000002,0.130434783,0.17391304300000002,0.21739130399999998,0.21739130399999998,0.21739130399999998,0.260869565,0.304347826,0.304347826,0.347826087,0.347826087,0.347826087,0.347826087,0.39130434799999997,0.434782609,0.47826087,0.52173913,0.565217391,0.565217391,0.608695652,0.6521739129999999,0.695652174,0.739130435,0.7826086959999999,0.7826086959999999
0.642826087,0.6466666670000001,0.6513043479999999,0.6537681160000001,0.654710145,0.655507246,0.657536232,0.659637681,0.65884058,0.658405797,0.65826087,0.657536232,0.658405797,0.6584782610000001,0.656666667,0.656666667,0.6581884060000001,0.660217391,0.6618840579999999,0.6607246379999999,0.659782609,0.660289855,0.6581884060000001,0.654855072,0.6515942029999999,0.649927536,0.649782609,0.649275362,0.649855072,0.651449275
0.7390579709999999,0.7423188409999999,0.74673913,0.749927536,0.75115942,0.7525362320000001,0.7540579709999999,0.75557971,0.751449275,0.749637681,0.749565217,0.7473913040000001,0.7471014490000001,0.743985507,0.73884058,0.7383333329999999,0.740289855,0.7420289859999999,0.7415217390000001,0.73884058,0.7352173909999999,0.7337681159999999,0.729275362,0.7228985509999999,0.718043478,0.715289855,0.711811594,0.7086956520000001,0.707753623,0.7090579709999999
0.572463768,0.576014493,0.581304348,0.583478261,0.585362319,0.585869565,0.586666667,0.588768116,0.59,0.590144928,0.592391304,0.591594203,0.59326087,0.594637681,0.595797101,0.595217391,0.595942029,0.597173913,0.599782609,0.600434783,0.60057971,0.6009420289999999,0.600289855,0.5986956520000001,0.596884058,0.595434783,0.597246377,0.598550725,0.60057971,0.602898551
0.537666667,0.542416667,0.538125,0.5332083329999999,0.53325,0.536666667,0.543041667,0.542125,0.552875,0.560083333,0.558583333,0.566333333,0.5750833329999999,0.587666667,0.600125,0.603875,0.610291667,0.615,0.617541667,0.630458333,0.641208333,0.65425,0.6679999999999999,0.68225,0.690125,0.69625,0.708958333,0.727625,0.739583333,0.7480416670000001
0.000361111,0.000361111,0.00033333300000000006,0.00033333300000000006,0.00033333300000000006,0.00033333300000000006,0.00033333300000000006,0.0031111109999999997,0.012763888999999999,0.012763888999999999,0.012486111000000001,0.015958333,0.016,0.026000000000000002,0.040180556,0.040180556,0.040180556,0.040180556,0.041083333,0.042194444000000005,0.042194444000000005,0.05281944400000001,0.053930556,0.058444444000000005,0.058791667,0.058791667,0.059625,0.06969444400000001,0.069833333,0.069833333
0.25,0.208333333,0.166666667,0.166666667,0.166666667,0.166666667,0.166666667,0.166666667,0.208333333,0.25,0.208333333,0.25,0.291666667,0.333333333,0.333333333,0.333333333,0.333333333,0.333333333,0.375,0.41666666700000005,0.45833333299999995,0.5,0.541666667,0.583333333,0.583333333,0.625,0.666666667,0.708333333,0.75,0.75
0.640833333,0.644652778,0.649444444,0.652986111,0.654027778,0.655069444,0.656180556,0.658541667,0.6577777779999999,0.656805556,0.658055556,0.657013889,0.6575,0.6571527779999999,0.655972222,0.656944444,0.657638889,0.659444444,0.661111111,0.660902778,0.6607638889999999,0.660833333,0.659027778,0.654861111,0.653055556,0.6525694439999999,0.651527778,0.6497222220000001,0.650416667,0.6522916670000001
0.7350694440000001,0.7406944440000001,0.744583333,0.7490972220000001,0.750486111,0.751805556,0.752152778,0.754583333,0.750972222,0.748194444,0.749513889,0.746597222,0.7456944440000001,0.7434722220000001,0.738541667,0.74,0.7393055559999999,0.742291667,0.7417361109999999,0.7394444440000001,0.7382638890000001,0.735347222,0.731805556,0.723541667,0.720555556,0.7186805559999999,0.715625,0.710972222,0.710208333,0.7104861109999999
0.571944444,0.573958333,0.578819444,0.582916667,0.583888889,0.5847916670000001,0.586388889,0.587916667,0.588680556,0.589166667,0.591041667,0.5918055560000001,0.593055556,0.593472222,0.594097222,0.5942361110000001,0.5956944439999999,0.596736111,0.597777778,0.5997916670000001,0.600486111,0.601111111,0.600486111,0.598958333,0.597361111,0.5974305560000001,0.598194444,0.598333333,0.599375,0.6027083329999999
0.5324800000000001,0.5384800000000001,0.54004,0.5328,0.52984,0.53076,0.5353600000000001,0.54548,0.55556,0.5628,0.5628,0.56748,0.5756,0.58792,0.59968,0.60096,0.60552,0.61152,0.61736,0.62624,0.6341600000000001,0.6459999999999999,0.66092,0.67708,0.68708,0.69072,0.69992,0.71472,0.72796,0.7369600000000001
0.000346667,0.000346667,0.000346667,0.00032,0.00032,0.00032,0.00032,0.002986667,0.012253333,0.012253333,0.012253333,0.015319999999999999,0.015359999999999999,0.02496,0.038626667,0.038573333,0.038573333,0.038573333,0.039439999999999996,0.040506667,0.040506667,0.050706667000000004,0.051773333,0.056106667,0.05644,0.05644,0.05724,0.066906667,0.06704,0.06704
0.24,0.24,0.2,0.16,0.16,0.16,0.16,0.2,0.2,0.24,0.24,0.24,0.28,0.32,0.36,0.32,0.32,0.32,0.36,0.4,0.44,0.48,0.52,0.56,0.6,0.6,0.64,0.68,0.72,0.72
0.6396,0.6426666670000001,0.6474,0.651133333,0.653266667,0.6544,0.6557333329999999,0.6572,0.6568,0.6558666670000001,0.6565333329999999,0.6568666670000001,0.657,0.656333333,0.6548,0.656266667,0.6578666670000001,0.6588666670000001,0.660333333,0.6602,0.660933333,0.6617333329999999,0.6596,0.6558,0.653133333,0.653933333,0.654,0.6514,0.6508,0.6527333329999999
0.7326,0.7368,0.742933333,0.746933333,0.7496666670000001,0.751133333,0.751466667,0.752733333,0.7502,0.747866667,0.748133333,0.7466666670000001,0.745,0.742266667,0.738266667,0.739666667,0.740866667,0.741266667,0.742,0.739733333,0.738866667,0.738266667,0.7334,0.7262,0.7212666670000001,0.721066667,0.718866667,0.714666667,0.712333333,0.712733333
0.5716,0.5734,0.576733333,0.580466667,0.583333333,0.5834,0.585333333,0.5876,0.587866667,0.587933333,0.590066667,0.590533333,0.5932,0.5932666670000001,0.593,0.592666667,0.594733333,0.5964666670000001,0.597333333,0.597866667,0.599866667,0.601,0.600666667,0.5992,0.597666667,0.597866667,0.6,0.5992,0.5991333329999999,0.6014666670000001
0.5343076920000001,0.533461538,0.536346154,0.534846154,0.5295769229999999,0.5275769229999999,0.5297307689999999,0.5379999999999999,0.558269231,0.565,0.5653076920000001,0.571192308,0.576346154,0.587923077,0.599461538,0.6005,0.602653846,0.606884615,0.613923077,0.625730769,0.629961538,0.639038462,0.6527307689999999,0.669923077,0.681923077,0.687769231,0.694461538,0.705807692,0.715538462,0.725884615
0.000346154,0.00033333300000000006,0.00033333300000000006,0.00033333300000000006,0.000307692,0.000307692,0.000307692,0.002871795,0.011782051000000002,0.011782051000000002,0.011782051000000002,0.014987179,0.014769231,0.024,0.037141026,0.037141026,0.037089744,0.037089744,0.037923077,0.038948718,0.038948718,0.04875641,0.049782050999999994,0.053948718,0.054269230999999994,0.054269230999999994,0.055038462,0.06433333299999999,0.064461538,0.064461538
0.269230769,0.23076923100000002,0.23076923100000002,0.192307692,0.153846154,0.153846154,0.153846154,0.192307692,0.23076923100000002,0.23076923100000002,0.23076923100000002,0.269230769,0.269230769,0.307692308,0.346153846,0.346153846,0.307692308,0.307692308,0.346153846,0.384615385,0.423076923,0.46153846200000004,0.5,0.538461538,0.576923077,0.615384615,0.615384615,0.653846154,0.692307692,0.692307692
0.638012821,0.641410256,0.645384615,0.649102564,0.651474359,0.653653846,0.655064103,0.6567307689999999,0.6555769229999999,0.655,0.655641026,0.6554487179999999,0.656858974,0.6558974360000001,0.654102564,0.655128205,0.6571794870000001,0.659038462,0.65974359,0.659487179,0.66025641,0.6618589739999999,0.660512821,0.656474359,0.654102564,0.653974359,0.65525641,0.653782051,0.652371795,0.653012821
0.730705128,0.734358974,0.7391025640000001,0.74525641,0.747564103,0.750320513,0.750833333,0.752051282,0.7485897440000001,0.74724359,0.747820513,0.745448718,0.745128205,0.741730769,0.737307692,0.7393589740000001,0.7405128209999999,0.742692308,0.7410256409999999,0.7400641029999999,0.739166667,0.7388461540000001,0.736282051,0.7279487179999999,0.7239102559999999,0.7217307690000001,0.721153846,0.7178205129999999,0.715833333,0.7146794870000001
0.56974359,0.5730128210000001,0.576089744,0.578397436,0.5809615379999999,0.582884615,0.5839743589999999,0.586538462,0.587564103,0.587179487,0.588846154,0.589615385,0.591923077,0.5933974360000001,0.5928205129999999,0.591666667,0.5932051279999999,0.595512821,0.597051282,0.597435897,0.598012821,0.600384615,0.600576923,0.5994230770000001,0.5979487179999999,0.598141026,0.600320513,0.600897436,0.599935897,0.601153846
0.538814815,0.535185185,0.531592593,0.531481481,0.531666667,0.527407407,0.526703704,0.532481481,0.550592593,0.567259259,0.567333333,0.573296296,0.579592593,0.588185185,0.599037037,0.600259259,0.6021481479999999,0.604074074,0.60937037,0.622111111,0.6293333329999999,0.634814815,0.645777778,0.661703704,0.674851852,0.682777778,0.691481481,0.700333333,0.7069259259999999,0.7140000000000001
0.00037037,0.00033333300000000006,0.00032098799999999997,0.00032098799999999997,0.00032098799999999997,0.000296296,0.000296296,0.002765432,0.011345679,0.011345679,0.011345679,0.014432098999999999,0.014469136,0.023111111,0.035765432,0.035765432,0.035765432,0.035716049,0.036518519,0.037506173,0.037506173,0.046950617,0.047938272000000004,0.051950617000000004,0.052259259,0.052259259,0.053,0.061950617,0.06207407400000001,0.06207407400000001
0.296296296,0.25925925899999996,0.222222222,0.222222222,0.185185185,0.148148148,0.148148148,0.185185185,0.222222222,0.25925925899999996,0.222222222,0.25925925899999996,0.296296296,0.296296296,0.333333333,0.333333333,0.333333333,0.296296296,0.333333333,0.37037037,0.40740740700000005,0.444444444,0.481481481,0.518518519,0.5555555560000001,0.592592593,0.62962963,0.62962963,0.666666667,0.666666667
0.635555556,0.639814815,0.6440740739999999,0.647098765,0.649506173,0.65191358,0.6543209879999999,0.6560493829999999,0.655185185,0.653888889,0.654814815,0.65462963,0.655493827,0.6558024689999999,0.653765432,0.654444444,0.6560493829999999,0.658333333,0.659876543,0.658950617,0.6595679010000001,0.66117284,0.660679012,0.657469136,0.654814815,0.654876543,0.655246914,0.655,0.65462963,0.654444444
0.727345679,0.732469136,0.736666667,0.7414814809999999,0.745925926,0.748271605,0.7500617279999999,0.751419753,0.74808642,0.745802469,0.747222222,0.7452469140000001,0.744012346,0.7419753090000001,0.7369753090000001,0.738395062,0.740185185,0.7422839509999999,0.7424074070000001,0.739197531,0.739506173,0.7391358020000001,0.73691358,0.730925926,0.7256790120000001,0.7242592590000001,0.721790123,0.720061728,0.71882716,0.717962963
0.56845679,0.57117284,0.575617284,0.577716049,0.5789506170000001,0.580617284,0.58345679,0.585185185,0.58654321,0.58691358,0.58808642,0.58845679,0.590987654,0.592160494,0.592962963,0.59154321,0.5922222220000001,0.594012346,0.596111111,0.5971604939999999,0.597592593,0.598580247,0.6,0.599382716,0.5982098770000001,0.598395062,0.600493827,0.60117284,0.60154321,0.601851852
0.535571429,0.5395,0.533321429,0.527071429,0.528535714,0.5295,0.526571429,0.5294642860000001,0.544821429,0.559535714,0.569428571,0.574964286,0.581321429,0.590892857,0.5988928570000001,0.599821429,0.6018571429999999,0.603535714,0.6065714289999999,0.617428571,0.625714286,0.634035714,0.641464286,0.654678571,0.66675,0.6759285709999999,0.686535714,0.69725,0.7016071429999999,0.70575
0.00035714300000000003,0.00035714300000000003,0.00032142900000000003,0.00030952400000000004,0.00030952400000000004,0.00030952400000000004,0.000285714,0.002666667,0.010940476000000001,0.010940476000000001,0.010940476000000001,0.013916666999999999,0.013952381000000002,0.02252381,0.034488095,0.034488095,0.034488095,0.034488095,0.035214286000000004,0.036166667,0.036166667,0.04527381,0.04622619,0.050095238,0.050392857,0.050392857,0.051107143,0.059738095,0.059857143,0.059857143
0.28571428600000004,0.28571428600000004,0.25,0.214285714,0.214285714,0.17857142899999998,0.14285714300000002,0.17857142899999998,0.214285714,0.25,0.25,0.25,0.28571428600000004,0.321428571,0.321428571,0.321428571,0.321428571,0.321428571,0.321428571,0.35714285700000004,0.39285714299999996,0.428571429,0.46428571399999996,0.5,0.535714286,0.571428571,0.607142857,0.642857143,0.642857143,0.642857143
0.633571429,0.637380952,0.642440476,0.64577381,0.6475595239999999,0.65,0.6526190479999999,0.6552976189999999,0.6545833329999999,0.653571429,0.65375,0.653869048,0.654702381,0.65452381,0.65375,0.654107143,0.6553571429999999,0.6572023810000001,0.659166667,0.659107143,0.659047619,0.66047619,0.660059524,0.657738095,0.655833333,0.655535714,0.656071429,0.655,0.65577381,0.656547619
0.725833333,0.729166667,0.734761905,0.739047619,0.742261905,0.7466666670000001,0.748095238,0.750654762,0.747619048,0.745416667,0.745833333,0.744761905,0.743869048,0.741011905,0.737380952,0.738035714,0.73922619,0.741904762,0.74202381,0.7405952379999999,0.7386904759999999,0.7394642859999999,0.737261905,0.73172619,0.728630952,0.7259523809999999,0.72422619,0.720714286,0.7209523809999999,0.72077381
0.56547619,0.569880952,0.57375,0.577202381,0.57827381,0.578690476,0.58125,0.5846428570000001,0.585238095,0.585952381,0.5877976189999999,0.587738095,0.589821429,0.59125,0.591785714,0.59172619,0.5920833329999999,0.593035714,0.5946428570000001,0.59625,0.597321429,0.5981547620000001,0.59827381,0.598869048,0.598214286,0.598630952,0.600654762,0.601309524,0.601785714,0.6033333329999999
0.532758621,0.5363448279999999,0.537551724,0.5288965520000001,0.52437931,0.5265517239999999,0.52862069,0.529241379,0.541482759,0.553655172,0.561896552,0.576724138,0.582655172,0.592172414,0.601137931,0.5996551720000001,0.60137931,0.6032068970000001,0.605965517,0.614448276,0.6210689660000001,0.63037931,0.640482759,0.650206897,0.6597931029999999,0.668068966,0.679793103,0.692275862,0.6985862070000001,0.700655172
0.00034482800000000004,0.00034482800000000004,0.00034482800000000004,0.000310345,0.000298851,0.000298851,0.000298851,0.0025747129999999997,0.010563218000000001,0.010563218000000001,0.010563218000000001,0.013436782,0.013471263999999998,0.021747126000000002,0.033528736,0.033298851000000004,0.033298851000000004,0.033298851000000004,0.034045977000000005,0.03491954,0.03491954,0.043712644,0.044632184000000005,0.048367815999999994,0.048655172000000003,0.048655172000000003,0.049344828,0.057678161,0.057793103,0.057793103
0.275862069,0.275862069,0.275862069,0.24137931,0.20689655199999998,0.20689655199999998,0.172413793,0.172413793,0.20689655199999998,0.24137931,0.24137931,0.275862069,0.275862069,0.310344828,0.344827586,0.310344828,0.310344828,0.310344828,0.344827586,0.344827586,0.379310345,0.413793103,0.448275862,0.482758621,0.517241379,0.551724138,0.5862068970000001,0.620689655,0.655172414,0.620689655
0.632126437,0.635402299,0.64,0.644137931,0.646264368,0.648103448,0.6507471260000001,0.65362069,0.653908046,0.653045977,0.653448276,0.652873563,0.653965517,0.6537931029999999,0.652586207,0.65408046,0.655,0.656494253,0.658045977,0.658448276,0.659195402,0.6599425289999999,0.659425287,0.657241379,0.656149425,0.656494253,0.656666667,0.655804598,0.6557471260000001,0.657586207
0.724712644,0.727643678,0.7314942529999999,0.737126437,0.7398850570000001,0.7431034479999999,0.746551724,0.748735632,0.7470114940000001,0.745057471,0.74545977,0.743505747,0.743448276,0.7409770109999999,0.736609195,0.738390805,0.738850575,0.74091954,0.7416666670000001,0.740287356,0.740057471,0.7386781609999999,0.737643678,0.7322413790000001,0.729482759,0.728793103,0.725862069,0.7231034479999999,0.721551724,0.722758621
0.563908046,0.566954023,0.572413793,0.575344828,0.577758621,0.578045977,0.579367816,0.5824712639999999,0.584712644,0.584712644,0.58683908,0.5874712639999999,0.58908046,0.590114943,0.59091954,0.590632184,0.592241379,0.5928735629999999,0.593678161,0.594827586,0.596436782,0.5978735629999999,0.5978735629999999,0.597241379,0.597758621,0.59862069,0.600804598,0.6014367820000001,0.601896552,0.603505747
0.532666667,0.5336,0.534566667,0.533133333,0.526233333,0.5226,0.5258,0.531133333,0.5408666670000001,0.550133333,0.556133333,0.5692,0.5841,0.5931,0.602033333,0.6018,0.601166667,0.6027,0.6055666670000001,0.6136,0.618066667,0.625733333,0.636733333,0.648966667,0.6553,0.6613,0.6720666670000001,0.685566667,0.693733333,0.697766667
0.00033333300000000006,0.00033333300000000006,0.00033333300000000006,0.00033333300000000006,0.0003,0.000288889,0.000288889,0.002511111,0.010211111,0.010211111,0.010211111,0.012988888999999998,0.013022222,0.021022222,0.032411111,0.032411111,0.032188889,0.032188889,0.032911111,0.0338,0.033755556,0.042255556,0.043144444000000004,0.046755556,0.047033333,0.047033333,0.0477,0.055755556,0.055866667,0.055866667
0.26666666699999997,0.26666666699999997,0.26666666699999997,0.26666666699999997,0.233333333,0.2,0.2,0.2,0.2,0.233333333,0.233333333,0.26666666699999997,0.3,0.3,0.333333333,0.333333333,0.3,0.3,0.333333333,0.36666666700000006,0.36666666700000006,0.4,0.433333333,0.46666666700000003,0.5,0.533333333,0.566666667,0.6,0.6333333329999999,0.6333333329999999
0.6303333329999999,0.6339444439999999,0.638,0.6417222220000001,0.6446666670000001,0.646833333,0.648888889,0.6517777779999999,0.652333333,0.652444444,0.652944444,0.652611111,0.653,0.653111111,0.651944444,0.652944444,0.654944444,0.656111111,0.657333333,0.657388889,0.658555556,0.660055556,0.658944444,0.6567222220000001,0.6557222220000001,0.6567777779999999,0.657555556,0.656388889,0.6565,0.6575
0.7222222220000001,0.7265,0.729944444,0.733888889,0.738,0.740777778,0.7431111109999999,0.747222222,0.745277778,0.7445555559999999,0.7451111109999999,0.743222222,0.7422777779999999,0.7406666670000001,0.736722222,0.737611111,0.739166667,0.7405,0.740722222,0.74,0.739777778,0.74,0.736944444,0.732777778,0.7300555559999999,0.729611111,0.728611111,0.724722222,0.723833333,0.7232777779999999
0.562888889,0.565388889,0.5695,0.574,0.575944444,0.577555556,0.578722222,0.5806111110000001,0.5826111110000001,0.5842222220000001,0.585611111,0.586555556,0.588777778,0.589388889,0.589833333,0.589833333,0.591166667,0.593,0.5935,0.593888889,0.595055556,0.597,0.597611111,0.596888889,0.5962222220000001,0.598166667,0.600722222,0.601555556,0.602,0.603555556
