,2013-05-17,2013-05-18,2013-05-19,2013-05-20,2013-05-21,2013-05-22,2013-05-23,2013-05-24,2013-05-25,2013-05-26,2013-05-27,2013-05-28,2013-05-29,2013-05-30,2013-05-31,2013-06-01,2013-06-02,2013-06-03,2013-06-04,2013-06-05,2013-06-06,2013-06-07,2013-06-08,2013-06-09,2013-06-10,2013-06-11,2013-06-12,2013-06-13,2013-06-14,2013-06-15
0,0.33299999999999996,0.366,0.628,0.809,0.76,0.433,0.494,0.593,0.589,0.496,0.45899999999999996,0.804,0.8909999999999999,0.878,0.579,0.466,0.44299999999999995,0.486,0.59,0.5429999999999999,0.518,0.5589999999999999,0.509,0.485,0.38299999999999995,0.355,0.579,0.8540000000000001,0.705,0.623
1,0.0,0.0,0.048333333,0.065,0.0,0.0,0.0,0.0,0.0,0.0,0.0,0.18833333300000002,0.038333333,0.008333333,0.0,0.0,0.0,0.0,0.0,0.000666667,0.0,0.0,0.0,0.0,0.0,0.0,0.023333332999999998,0.021666667,0.0,0.0
2,0.0,0.0,1.0,1.0,0.0,0.0,0.0,0.0,0.0,0.0,0.0,1.0,1.0,1.0,0.0,0.0,0.0,0.0,0.0,1.0,0.0,0.0,0.0,0.0,0.0,0.0,1.0,1.0,0.0,0.0
3,0.6166666670000001,0.586666667,0.545,0.526666667,0.49,0.545,0.578333333,0.6183333329999999,0.605,0.661666667,0.648333333,0.578333333,0.565,0.518333333,0.57,0.605,0.611666667,0.6416666670000001,0.605,0.63,0.663333333,0.666666667,0.678333333,0.69,0.706666667,0.708333333,0.645,0.591666667,0.6333333329999999,0.66
4,0.721666667,0.693333333,0.6216666670000001,0.6083333329999999,0.558333333,0.66,0.681666667,0.7533333329999999,0.708333333,0.78,0.723333333,0.6266666670000001,0.598333333,0.551666667,0.666666667,0.713333333,0.715,0.763333333,0.695,0.723333333,0.7566666670000001,0.75,0.768333333,0.77,0.79,0.786666667,0.695,0.625,0.708333333,0.745
5,0.505,0.5116666670000001,0.47833333299999997,0.47666666700000004,0.451666667,0.42,0.48166666700000005,0.5066666670000001,0.5116666670000001,0.553333333,0.596666667,0.545,0.543333333,0.498333333,0.488333333,0.48166666700000005,0.54,0.5216666670000001,0.556666667,0.541666667,0.568333333,0.611666667,0.595,0.6,0.6216666670000001,0.61,0.591666667,0.576666667,0.563333333,0.598333333
6,0.4515,0.3495,0.49700000000000005,0.7185,0.7845,0.5965,0.4635,0.5435,0.591,0.5425,0.4775,0.6315,0.8475,0.8845,0.7285,0.5225,0.4545,0.4645,0.5379999999999999,0.5665,0.5305,0.5385,0.534,0.49700000000000005,0.434,0.369,0.467,0.7165,0.7795,0.664
7,0.0,0.0,0.024166667000000003,0.056666667000000004,0.0325,0.0,0.0,0.0,0.0,0.0,0.0,0.094166667,0.11333333300000001,0.023333332999999998,0.004166667,0.0,0.0,0.0,0.0,0.00033333300000000006,0.00033333300000000006,0.0,0.0,0.0,0.0,0.0,0.011666667,0.0225,0.010833333,0.0
8,0.0,0.0,0.5,1.0,0.5,0.0,0.0,0.0,0.0,0.0,0.0,0.5,1.0,1.0,0.5,0.0,0.0,0.0,0.0,0.5,0.5,0.0,0.0,0.0,0.0,0.0,0.5,1.0,0.5,0.0
9,0.595,0.601666667,0.5658333329999999,0.535833333,0.5083333329999999,0.5175,0.561666667,0.598333333,0.611666667,0.6333333329999999,0.655,0.6133333329999999,0.571666667,0.541666667,0.544166667,0.5875,0.6083333329999999,0.6266666670000001,0.6233333329999999,0.6175,0.6466666670000001,0.665,0.6725,0.6841666670000001,0.698333333,0.7075,0.676666667,0.6183333329999999,0.6125,0.6466666670000001
10,0.6891666670000001,0.7075,0.6575,0.615,0.583333333,0.609166667,0.6708333329999999,0.7175,0.730833333,0.744166667,0.7516666670000001,0.675,0.6125,0.575,0.609166667,0.69,0.714166667,0.739166667,0.729166667,0.7091666670000001,0.74,0.7533333329999999,0.759166667,0.769166667,0.78,0.788333333,0.740833333,0.66,0.666666667,0.726666667
11,0.5075,0.5083333329999999,0.495,0.4775,0.46416666700000003,0.435833333,0.45083333299999995,0.494166667,0.509166667,0.5325,0.575,0.5708333329999999,0.544166667,0.520833333,0.493333333,0.485,0.510833333,0.530833333,0.539166667,0.549166667,0.555,0.59,0.6033333329999999,0.5975,0.610833333,0.615833333,0.600833333,0.5841666670000001,0.57,0.580833333
12,0.45733333299999995,0.423,0.442333333,0.601,0.7323333329999999,0.667333333,0.562333333,0.5066666670000001,0.558666667,0.559333333,0.5146666670000001,0.586333333,0.718,0.857666667,0.782666667,0.6409999999999999,0.496,0.465,0.5063333329999999,0.539666667,0.550333333,0.54,0.528666667,0.5176666670000001,0.45899999999999996,0.40766666700000004,0.439,0.596,0.712666667,0.7273333329999999
13,0.0,0.0,0.016111111,0.037777778,0.037777778,0.021666667,0.0,0.0,0.0,0.0,0.0,0.06277777799999999,0.075555556,0.078333333,0.015555556000000002,0.002777778,0.0,0.0,0.0,0.000222222,0.000222222,0.000222222,0.0,0.0,0.0,0.0,0.007777778000000001,0.015,0.015,0.0072222219999999995
14,0.0,0.0,0.333333333,0.666666667,0.666666667,0.333333333,0.0,0.0,0.0,0.0,0.0,0.333333333,0.666666667,1.0,0.666666667,0.333333333,0.0,0.0,0.0,0.333333333,0.333333333,0.333333333,0.0,0.0,0.0,0.0,0.333333333,0.666666667,0.666666667,0.333333333
15,0.5922222220000001,0.5922222220000001,0.582777778,0.5527777779999999,0.520555556,0.520555556,0.5377777779999999,0.580555556,0.600555556,0.6283333329999999,0.638333333,0.629444444,0.5972222220000001,0.553888889,0.551111111,0.5644444439999999,0.595555556,0.619444444,0.619444444,0.625555556,0.632777778,0.653333333,0.669444444,0.678333333,0.691666667,0.701666667,0.686666667,0.648333333,0.6233333329999999,0.6283333329999999
16,0.683333333,0.690555556,0.6788888890000001,0.6411111110000001,0.596111111,0.6088888889999999,0.6333333329999999,0.698333333,0.7144444440000001,0.747222222,0.737222222,0.71,0.649444444,0.5922222220000001,0.605555556,0.643888889,0.698333333,0.730555556,0.7244444440000001,0.7272222220000001,0.725,0.7433333329999999,0.7583333329999999,0.762777778,0.776111111,0.782222222,0.757222222,0.7022222220000001,0.676111111,0.692777778
17,0.5161111110000001,0.508888889,0.498333333,0.488888889,0.468888889,0.449444444,0.451111111,0.46944444399999996,0.5,0.523888889,0.553888889,0.565,0.561666667,0.528888889,0.51,0.489444444,0.5033333329999999,0.514444444,0.539444444,0.54,0.5555555560000001,0.573888889,0.591666667,0.6022222220000001,0.605555556,0.610555556,0.607777778,0.592777778,0.5772222220000001,0.579444444
18,0.4555,0.4345,0.47425,0.534,0.64075,0.6575,0.624,0.57,0.52725,0.5429999999999999,0.53425,0.5870000000000001,0.6625,0.758,0.7879999999999999,0.7035,0.5915,0.4935,0.49625,0.5155,0.53425,0.5525,0.53225,0.51775,0.484,0.433,0.4505,0.54275,0.62325,0.69025
19,0.0,0.0,0.012083333,0.028333333,0.028333333,0.028333333,0.01625,0.0,0.0,0.0,0.0,0.047083333,0.056666667000000004,0.05875,0.05875,0.011666667,0.0020833329999999997,0.0,0.0,0.000166667,0.000166667,0.000166667,0.000166667,0.0,0.0,0.0,0.0058333330000000004,0.01125,0.01125,0.01125
20,0.0,0.0,0.25,0.5,0.5,0.5,0.25,0.0,0.0,0.0,0.0,0.25,0.5,0.75,0.75,0.5,0.25,0.0,0.0,0.25,0.25,0.25,0.25,0.0,0.0,0.0,0.25,0.5,0.5,0.5
21,0.596666667,0.590833333,0.580416667,0.56875,0.537083333,0.526666667,0.535,0.557916667,0.586666667,0.615833333,0.6333333329999999,0.6233333329999999,0.6133333329999999,0.5775,0.557916667,0.564583333,0.57625,0.607083333,0.615833333,0.622083333,0.635,0.64125,0.6595833329999999,0.674583333,0.685416667,0.6958333329999999,0.6875,0.6629166670000001,0.6445833329999999,0.6325
22,0.686666667,0.6858333329999999,0.673333333,0.66125,0.620416667,0.612083333,0.627083333,0.663333333,0.700833333,0.730833333,0.74125,0.709583333,0.682083333,0.625,0.610833333,0.6325,0.661666667,0.714583333,0.721666667,0.724166667,0.734583333,0.73125,0.749583333,0.76125,0.7695833329999999,0.77875,0.760416667,0.724166667,0.70375,0.693333333
23,0.523333333,0.515,0.50125,0.49291666700000003,0.47958333299999995,0.456666667,0.4575,0.465,0.48,0.513333333,0.542083333,0.551666667,0.559583333,0.5458333329999999,0.51875,0.502916667,0.502083333,0.507916667,0.525,0.54,0.547083333,0.569583333,0.5791666670000001,0.59375,0.607083333,0.606666667,0.605833333,0.6,0.5854166670000001,0.5825
24,0.48700000000000004,0.4376,0.4732,0.5412,0.5792,0.5992,0.6248,0.6178,0.5738,0.521,0.5262,0.5882,0.6478,0.7056,0.7222,0.7236,0.6514,0.5704,0.5128,0.5056,0.516,0.5392,0.5438,0.5228,0.4908,0.4582,0.4622,0.5312,0.5752,0.6232
25,0.000666667,0.0,0.009666667,0.022666667,0.022666667,0.022666667,0.022666667,0.013000000000000001,0.0,0.0,0.0,0.037666667,0.045333332999999996,0.047,0.047,0.047,0.009333333000000001,0.0016666670000000001,0.0,0.000133333,0.000133333,0.000133333,0.000133333,0.000133333,0.0,0.0,0.004666667,0.009000000000000001,0.009000000000000001,0.009000000000000001
26,0.2,0.0,0.2,0.4,0.4,0.4,0.4,0.2,0.0,0.0,0.0,0.2,0.4,0.6,0.6,0.6,0.4,0.2,0.0,0.2,0.2,0.2,0.2,0.2,0.0,0.0,0.2,0.4,0.4,0.4
27,0.591,0.594666667,0.581666667,0.569666667,0.5529999999999999,0.538666667,0.537,0.551666667,0.567333333,0.601666667,0.6223333329999999,0.6223333329999999,0.611666667,0.594333333,0.5760000000000001,0.567333333,0.574,0.589333333,0.606666667,0.6186666670000001,0.6303333329999999,0.641333333,0.648666667,0.665666667,0.6809999999999999,0.69,0.685666667,0.668333333,0.657,0.6476666670000001
28,0.674333333,0.688,0.6729999999999999,0.660333333,0.6406666670000001,0.6283333329999999,0.626,0.652333333,0.672333333,0.716666667,0.7293333329999999,0.718333333,0.687333333,0.6559999999999999,0.6333333329999999,0.6313333329999999,0.649,0.682,0.710666667,0.722,0.730666667,0.737666667,0.738666667,0.7536666670000001,0.767,0.773,0.762,0.7333333329999999,0.721,0.7120000000000001
29,0.523333333,0.521,0.5076666670000001,0.496333333,0.48466666700000005,0.46766666700000004,0.46166666700000003,0.46733333299999996,0.47433333299999997,0.494666667,0.53,0.542666667,0.55,0.547333333,0.534333333,0.511333333,0.510333333,0.506,0.5176666670000001,0.528333333,0.545666667,0.56,0.574666667,0.583333333,0.599333333,0.607666667,0.603666667,0.6,0.592666667,0.588
30,0.498333333,0.46683333299999996,0.46933333299999996,0.529166667,0.577666667,0.5548333329999999,0.581666667,0.6195,0.613,0.5608333329999999,0.5106666670000001,0.5725,0.6386666670000001,0.6861666670000001,0.6845,0.6795,0.6768333329999999,0.623833333,0.573666667,0.517833333,0.5076666670000001,0.523166667,0.534166667,0.534,0.4995,0.46816666700000004,0.47833333299999997,0.5275,0.5601666670000001,0.5831666670000001
31,0.000555556,0.000555556,0.008055556,0.018888889,0.018888889,0.018888889,0.018888889,0.018888889,0.010833333,0.0,0.0,0.031388888999999996,0.037777778,0.039166667,0.039166667,0.039166667,0.039166667,0.007777778000000001,0.001388889,0.000111111,0.000111111,0.000111111,0.000111111,0.000111111,0.000111111,0.0,0.0038888890000000004,0.0075,0.0075,0.0075
32,0.166666667,0.166666667,0.166666667,0.333333333,0.333333333,0.333333333,0.333333333,0.333333333,0.166666667,0.0,0.0,0.166666667,0.333333333,0.5,0.5,0.5,0.5,0.333333333,0.166666667,0.166666667,0.166666667,0.166666667,0.166666667,0.166666667,0.166666667,0.0,0.166666667,0.333333333,0.333333333,0.333333333
33,0.583888889,0.5902777779999999,0.586388889,0.5725,0.5563888889999999,0.551666667,0.545277778,0.5505555560000001,0.5605555560000001,0.583055556,0.609444444,0.615,0.612777778,0.596111111,0.5902777779999999,0.580833333,0.574722222,0.5852777779999999,0.591944444,0.610555556,0.626111111,0.636388889,0.6475,0.655555556,0.6725,0.685555556,0.6825,0.67,0.6625,0.6575
34,0.6725,0.6775,0.6769444440000001,0.662222222,0.643333333,0.643888889,0.637222222,0.647222222,0.661666667,0.690277778,0.717777778,0.7122222220000001,0.698333333,0.6647222220000001,0.6577777779999999,0.6466666670000001,0.645277778,0.668055556,0.6841666670000001,0.712777778,0.727777778,0.733888889,0.742777778,0.743888889,0.7597222220000001,0.770277778,0.76,0.739166667,0.729166667,0.725
35,0.5083333329999999,0.521388889,0.513888889,0.5025,0.488888889,0.473888889,0.47,0.46916666700000004,0.474722222,0.4875,0.5116666670000001,0.5325,0.5427777779999999,0.541388889,0.5375,0.525555556,0.5161111110000001,0.512222222,0.514444444,0.5216666670000001,0.535,0.556666667,0.5658333329999999,0.578888889,0.589722222,0.601111111,0.605,0.599166667,0.593888889,0.593611111
36,0.5547142860000001,0.479428571,0.489857143,0.517857143,0.562142857,0.557,0.546142857,0.583285714,0.615142857,0.596285714,0.546285714,0.552571429,0.618,0.672857143,0.670857143,0.653285714,0.645714286,0.649571429,0.619,0.5692857139999999,0.517857143,0.515,0.5211428570000001,0.5271428570000001,0.512428571,0.478857143,0.484,0.532,0.552857143,0.569142857
37,0.010952381,0.00047619,0.007380952,0.016190476000000002,0.016190476000000002,0.016190476000000002,0.016190476000000002,0.016190476000000002,0.016190476000000002,0.009285714,0.0,0.026904762000000002,0.032380952000000005,0.033571429,0.033571429,0.033571429,0.033571429,0.033571429,0.006666666999999999,0.0012857139999999999,9.520000000000001e-05,9.520000000000001e-05,9.520000000000001e-05,9.520000000000001e-05,9.520000000000001e-05,9.520000000000001e-05,0.003333333,0.006428571,0.006428571,0.006428571
38,0.28571428600000004,0.14285714300000002,0.28571428600000004,0.28571428600000004,0.28571428600000004,0.28571428600000004,0.28571428600000004,0.28571428600000004,0.28571428600000004,0.14285714300000002,0.0,0.14285714300000002,0.28571428600000004,0.428571429,0.428571429,0.428571429,0.428571429,0.428571429,0.28571428600000004,0.28571428600000004,0.14285714300000002,0.14285714300000002,0.14285714300000002,0.14285714300000002,0.14285714300000002,0.14285714300000002,0.14285714300000002,0.28571428600000004,0.28571428600000004,0.28571428600000004
39,0.56952381,0.584285714,0.583809524,0.577857143,0.5607142860000001,0.554761905,0.55547619,0.5557142860000001,0.558333333,0.575,0.5923809520000001,0.605,0.6078571429999999,0.599285714,0.5923809520000001,0.5923809520000001,0.585238095,0.584285714,0.588095238,0.5973809520000001,0.618095238,0.631904762,0.642380952,0.653571429,0.662857143,0.677619048,0.679761905,0.66952381,0.664761905,0.6621428570000001
40,0.65047619,0.67547619,0.66952381,0.667142857,0.647380952,0.645714286,0.649285714,0.653809524,0.655952381,0.6785714290000001,0.695,0.704761905,0.6959523809999999,0.677380952,0.665,0.665714286,0.656428571,0.6621428570000001,0.671904762,0.689761905,0.719047619,0.7309523809999999,0.7388095240000001,0.7466666670000001,0.75047619,0.7635714290000001,0.75952381,0.7407142859999999,0.734761905,0.7314285709999999
41,0.496190476,0.508809524,0.515238095,0.508571429,0.495238095,0.479047619,0.475,0.475238095,0.475238095,0.485952381,0.503095238,0.5164285710000001,0.534047619,0.536428571,0.533809524,0.52952381,0.5276190479999999,0.516904762,0.518571429,0.518333333,0.528333333,0.545952381,0.562142857,0.570714286,0.585,0.592619048,0.599761905,0.600952381,0.594047619,0.59452381
42,0.5545,0.531125,0.498,0.52975,0.548125,0.546,0.549125,0.552,0.584,0.60025,0.579125,0.5785,0.594875,0.6505,0.661125,0.64525,0.627,0.62575,0.642125,0.6095,0.562875,0.523,0.51425,0.516625,0.509125,0.49275,0.491375,0.53025,0.553625,0.561625
43,0.010625,0.009583333000000001,0.006458333,0.014583333,0.014166666999999999,0.014166666999999999,0.014166666999999999,0.014166666999999999,0.014166666999999999,0.014166666999999999,0.008125,0.023541667000000002,0.028333333,0.029375,0.029375,0.029375,0.029375,0.029375,0.029375,0.005916667,0.001125,8.329999999999999e-05,8.329999999999999e-05,8.329999999999999e-05,8.329999999999999e-05,8.329999999999999e-05,0.003,0.005625,0.005625,0.005625
44,0.375,0.25,0.25,0.375,0.25,0.25,0.25,0.25,0.25,0.25,0.125,0.125,0.25,0.375,0.375,0.375,0.375,0.375,0.375,0.375,0.25,0.125,0.125,0.125,0.125,0.125,0.25,0.25,0.25,0.25
45,0.567291667,0.571666667,0.579375,0.576666667,0.566875,0.55875,0.557708333,0.563333333,0.561875,0.57125,0.5841666670000001,0.590625,0.6,0.596666667,0.595625,0.593958333,0.5947916670000001,0.592291667,0.586875,0.593333333,0.605625,0.624166667,0.637708333,0.648333333,0.6602083329999999,0.6685416670000001,0.6735416670000001,0.66875,0.665,0.664166667
46,0.648333333,0.655833333,0.66875,0.661875,0.653541667,0.6489583329999999,0.6502083329999999,0.6622916670000001,0.660625,0.671458333,0.6841666670000001,0.6864583329999999,0.6914583329999999,0.6779166670000001,0.676041667,0.671041667,0.671875,0.669791667,0.66625,0.678333333,0.698125,0.722916667,0.735625,0.7427083329999999,0.752083333,0.755,0.755,0.7427083329999999,0.736666667,0.7360416670000001
47,0.496041667,0.498125,0.505,0.510416667,0.501458333,0.485833333,0.479375,0.47895833299999996,0.47979166700000003,0.485,0.49979166700000005,0.5083333329999999,0.519791667,0.5295833329999999,0.530416667,0.5272916670000001,0.530833333,0.526875,0.521875,0.521458333,0.5245833329999999,0.53875,0.552083333,0.566875,0.5770833329999999,0.588125,0.5925,0.596875,0.59625,0.594583333
48,0.530222222,0.533555556,0.541888889,0.532555556,0.555333333,0.535333333,0.540222222,0.5539999999999999,0.556111111,0.5742222220000001,0.584555556,0.604111111,0.613222222,0.6263333329999999,0.642555556,0.639444444,0.622777778,0.6113333329999999,0.621777778,0.6311111110000001,0.599333333,0.5624444439999999,0.521444444,0.511,0.501777778,0.49200000000000005,0.5023333329999999,0.531666667,0.549666667,0.561333333
49,0.009444444,0.009444444,0.013888889,0.012962963000000001,0.012962963000000001,0.012592593000000001,0.012592593000000001,0.012592593000000001,0.012592593000000001,0.012592593000000001,0.012592593000000001,0.028148147999999998,0.025185185,0.026111111,0.026111111,0.026111111,0.026111111,0.026111111,0.026111111,0.026185185,0.0052592590000000005,0.001,7.41e-05,7.41e-05,7.41e-05,7.41e-05,0.002666667,0.0050740740000000005,0.005,0.005
50,0.333333333,0.333333333,0.333333333,0.333333333,0.333333333,0.222222222,0.222222222,0.222222222,0.222222222,0.222222222,0.222222222,0.222222222,0.222222222,0.333333333,0.333333333,0.333333333,0.333333333,0.333333333,0.333333333,0.444444444,0.333333333,0.222222222,0.111111111,0.111111111,0.111111111,0.111111111,0.222222222,0.333333333,0.222222222,0.222222222
51,0.5679629629999999,0.5694444439999999,0.568703704,0.573518519,0.5670370370000001,0.5644444439999999,0.560925926,0.5644444439999999,0.5679629629999999,0.5729629629999999,0.579814815,0.583518519,0.587777778,0.590925926,0.5937037039999999,0.596666667,0.595925926,0.6,0.5937037039999999,0.591666667,0.601111111,0.6124074070000001,0.630185185,0.643518519,0.654814815,0.665555556,0.665925926,0.664444444,0.664814815,0.664444444
52,0.6525925929999999,0.653333333,0.652037037,0.662037037,0.65037037,0.654259259,0.6525925929999999,0.661666667,0.667407407,0.6738888890000001,0.677222222,0.6777777779999999,0.676666667,0.6759259259999999,0.676666667,0.680185185,0.6759259259999999,0.6820370370000001,0.672592593,0.672592593,0.6870370370000001,0.703888889,0.727962963,0.7394444440000001,0.747962963,0.755925926,0.7483333329999999,0.7405555559999999,0.738888889,0.737592593
53,0.49222222200000004,0.49777777799999995,0.495925926,0.501851852,0.503888889,0.492407407,0.48537037,0.482407407,0.48259259299999996,0.48796296299999997,0.497407407,0.504814815,0.512222222,0.517407407,0.525,0.525,0.528703704,0.529814815,0.530185185,0.524074074,0.526666667,0.5342592589999999,0.545,0.557407407,0.5729629629999999,0.5807407410000001,0.588518519,0.5907407410000001,0.5931481479999999,0.596481481
54,0.5186,0.5138,0.5429999999999999,0.5686,0.5553,0.5431,0.5312,0.5455,0.5575,0.5501,0.5627,0.6065,0.6328,0.6397,0.6216,0.6249,0.6198,0.6091,0.6092,0.6139,0.6198,0.5953,0.5571,0.5178,0.4982,0.4871,0.5007,0.5375,0.5489999999999999,0.557
55,0.0085,0.0085,0.013333333000000001,0.019,0.011666667,0.011666667,0.011333333000000001,0.011333333000000001,0.011333333000000001,0.011333333000000001,0.011333333000000001,0.030166667,0.029166667,0.0235,0.0235,0.0235,0.0235,0.0235,0.0235,0.023566667000000003,0.023566667000000003,0.004733333,0.0009,6.670000000000001e-05,6.670000000000001e-05,6.670000000000001e-05,0.0024,0.004566667,0.004566667,0.0045
56,0.3,0.3,0.4,0.4,0.3,0.3,0.2,0.2,0.2,0.2,0.2,0.3,0.3,0.3,0.3,0.3,0.3,0.3,0.3,0.4,0.4,0.3,0.2,0.1,0.1,0.1,0.2,0.3,0.3,0.2
57,0.567333333,0.5698333329999999,0.5670000000000001,0.5645,0.5651666670000001,0.5648333329999999,0.5658333329999999,0.566666667,0.5685,0.577333333,0.5805,0.579666667,0.581666667,0.580833333,0.588833333,0.594833333,0.598166667,0.6005,0.6005,0.597333333,0.598833333,0.607666667,0.619,0.636166667,0.649833333,0.660166667,0.6635,0.6585,0.661333333,0.664333333
58,0.656833333,0.656666667,0.650166667,0.6476666670000001,0.651666667,0.651333333,0.657,0.662666667,0.666333333,0.678666667,0.6788333329999999,0.672166667,0.6698333329999999,0.664166667,0.675,0.680333333,0.683666667,0.684666667,0.683333333,0.677666667,0.6809999999999999,0.693333333,0.710333333,0.732166667,0.7445,0.751833333,0.749833333,0.736,0.7373333329999999,0.7395
59,0.487833333,0.494166667,0.495833333,0.494,0.496833333,0.4955,0.491333333,0.4875,0.485333333,0.48966666700000006,0.498833333,0.502166667,0.5086666670000001,0.510833333,0.5145,0.5206666670000001,0.5265,0.528,0.5325,0.531333333,0.5285,0.535166667,0.540333333,0.5505,0.5638333329999999,0.576666667,0.581833333,0.587333333,0.588,0.593666667
60,0.520545455,0.504727273,0.524181818,0.567181818,0.586,0.544181818,0.538636364,0.536818182,0.549454545,0.551909091,0.541818182,0.584636364,0.632363636,0.655090909,0.634181818,0.607454545,0.608363636,0.607636364,0.607363636,0.6031818179999999,0.6051818179999999,0.614272727,0.587454545,0.550545455,0.505545455,0.485181818,0.495454545,0.5328181820000001,0.552727273,0.555727273
61,0.007727273000000001,0.007727273000000001,0.012121212,0.018030303,0.017272726999999998,0.010606061000000002,0.010606061000000002,0.01030303,0.01030303,0.01030303,0.01030303,0.027424242,0.030909091,0.027272727000000004,0.021363636000000002,0.021363636000000002,0.021363636000000002,0.021363636000000002,0.021363636000000002,0.021424242000000003,0.021424242000000003,0.021424242000000003,0.00430303,0.000818182,6.0599999999999996e-05,6.0599999999999996e-05,0.002181818,0.004151515,0.004151515,0.004151515
62,0.272727273,0.272727273,0.363636364,0.454545455,0.363636364,0.272727273,0.272727273,0.181818182,0.181818182,0.181818182,0.181818182,0.272727273,0.363636364,0.363636364,0.272727273,0.272727273,0.272727273,0.272727273,0.272727273,0.363636364,0.363636364,0.363636364,0.272727273,0.181818182,0.090909091,0.090909091,0.181818182,0.272727273,0.272727273,0.272727273
63,0.560606061,0.569090909,0.5675757579999999,0.563333333,0.557727273,0.563333333,0.566060606,0.570606061,0.570151515,0.576969697,0.583787879,0.58030303,0.578333333,0.575909091,0.579848485,0.59030303,0.596363636,0.602121212,0.600909091,0.6031818179999999,0.6033333329999999,0.605,0.614090909,0.625454545,0.642575758,0.655151515,0.658787879,0.6569696970000001,0.656212121,0.661212121
64,0.6521212120000001,0.660151515,0.653484848,0.646363636,0.639545455,0.652424242,0.654090909,0.665757576,0.666818182,0.676666667,0.682727273,0.674090909,0.665454545,0.659090909,0.664393939,0.678484848,0.683484848,0.690909091,0.685606061,0.686969697,0.684848485,0.6872727270000001,0.700151515,0.7157575759999999,0.737424242,0.7483333329999999,0.7466666670000001,0.7384848479999999,0.733484848,0.7380303029999999
65,0.478181818,0.49,0.49272727299999997,0.49409090899999997,0.490151515,0.489848485,0.49424242399999996,0.49272727299999997,0.48969697,0.491515152,0.499393939,0.503030303,0.505909091,0.507727273,0.508787879,0.5115151520000001,0.522424242,0.526060606,0.530606061,0.533333333,0.53469697,0.536060606,0.540606061,0.545757576,0.556969697,0.568030303,0.578030303,0.581363636,0.585151515,0.588939394
66,0.520333333,0.5076666670000001,0.515,0.5479166670000001,0.58325,0.57325,0.54,0.543166667,0.541166667,0.545,0.544166667,0.563666667,0.610166667,0.652833333,0.64875,0.620166667,0.59375,0.598166667,0.606166667,0.602,0.5960833329999999,0.601333333,0.6055,0.578916667,0.5365833329999999,0.493,0.493,0.525333333,0.547166667,0.558583333
67,0.007083333000000001,0.007083333000000001,0.011111111000000002,0.016527778,0.016527778,0.015833333,0.009722221999999999,0.009722221999999999,0.009444444,0.009444444,0.009444444,0.025138888999999998,0.028333333,0.029027777999999997,0.025,0.019583333,0.019583333,0.019583333,0.019583333,0.019638889,0.019638889,0.019638889,0.019638889,0.003944444,0.00075,5.56e-05,0.002,0.003805556,0.003805556,0.003805556
68,0.25,0.25,0.333333333,0.41666666700000005,0.41666666700000005,0.333333333,0.25,0.25,0.166666667,0.166666667,0.166666667,0.25,0.333333333,0.41666666700000005,0.333333333,0.25,0.25,0.25,0.25,0.333333333,0.333333333,0.333333333,0.333333333,0.25,0.166666667,0.083333333,0.166666667,0.25,0.25,0.25
69,0.554583333,0.562777778,0.567083333,0.5641666670000001,0.557222222,0.556666667,0.564583333,0.570416667,0.573472222,0.577777778,0.582916667,0.583333333,0.5790277779999999,0.573333333,0.575416667,0.581944444,0.5920833329999999,0.600138889,0.602361111,0.6033333329999999,0.608194444,0.608611111,0.611111111,0.620416667,0.632222222,0.648055556,0.6543055560000001,0.6531944439999999,0.655,0.656527778
70,0.647222222,0.655555556,0.656944444,0.6497222220000001,0.639027778,0.64125,0.654861111,0.6623611110000001,0.669305556,0.67625,0.680555556,0.6780555559999999,0.6677777779999999,0.655972222,0.6597222220000001,0.668472222,0.681527778,0.6901388890000001,0.69125,0.68875,0.692777778,0.690277778,0.6940277779999999,0.705972222,0.721944444,0.7415277779999999,0.743888889,0.736527778,0.735972222,0.7344444440000001
71,0.47194444399999996,0.480972222,0.48902777799999997,0.491388889,0.490555556,0.484305556,0.48916666700000005,0.49527777799999995,0.49430555600000003,0.495,0.500277778,0.503194444,0.506388889,0.505277778,0.5061111110000001,0.5065277779999999,0.513888889,0.522361111,0.528611111,0.531527778,0.53625,0.541111111,0.5409722220000001,0.545555556,0.552083333,0.561388889,0.57,0.577916667,0.579861111,0.58625
72,0.525,0.5084615379999999,0.5169230770000001,0.537615385,0.564230769,0.5716923079999999,0.567153846,0.544076923,0.546692308,0.537692308,0.538384615,0.5641538460000001,0.588846154,0.630769231,0.647153846,0.634692308,0.6065384620000001,0.585461538,0.597538462,0.601307692,0.595538462,0.5932307689999999,0.5942307689999999,0.5962307689999999,0.5638461539999999,0.522615385,0.499615385,0.520769231,0.539153846,0.5529999999999999
73,0.006538461999999999,0.006538461999999999,0.01025641,0.01525641,0.01525641,0.01525641,0.014615385,0.008974359,0.008974359,0.008717949000000001,0.008717949000000001,0.023205128,0.026153846,0.026794872,0.026794872,0.023076923,0.018076923,0.018076923,0.018076923,0.018128205,0.018128205,0.018128205,0.018128205,0.018128205,0.003641026,0.000692308,0.001846154,0.0035128209999999997,0.0035128209999999997,0.0035128209999999997
74,0.23076923100000002,0.23076923100000002,0.307692308,0.384615385,0.384615385,0.384615385,0.307692308,0.23076923100000002,0.23076923100000002,0.153846154,0.153846154,0.23076923100000002,0.307692308,0.384615385,0.384615385,0.307692308,0.23076923100000002,0.23076923100000002,0.23076923100000002,0.307692308,0.307692308,0.307692308,0.307692308,0.307692308,0.23076923100000002,0.153846154,0.153846154,0.23076923100000002,0.23076923100000002,0.23076923100000002
75,0.548974359,0.557051282,0.561410256,0.563974359,0.558461538,0.556282051,0.558333333,0.568717949,0.573076923,0.58025641,0.583205128,0.5825641029999999,0.581923077,0.574358974,0.573076923,0.5776923079999999,0.584230769,0.595897436,0.600512821,0.6044871789999999,0.6079487179999999,0.612692308,0.613974359,0.617179487,0.627051282,0.638076923,0.647820513,0.649487179,0.651666667,0.655384615
76,0.6417948720000001,0.6507692310000001,0.652948718,0.653205128,0.642692308,0.6406410260000001,0.644358974,0.662435897,0.6658974360000001,0.677820513,0.679871795,0.6764102559999999,0.671923077,0.658846154,0.6567948720000001,0.663846154,0.6720512820000001,0.687820513,0.6905128209999999,0.6937179490000001,0.693974359,0.697179487,0.696282051,0.699871795,0.712435897,0.726923077,0.737948718,0.73474359,0.734358974,0.736666667
77,0.466794872,0.475,0.480769231,0.488076923,0.488333333,0.485128205,0.48410256399999996,0.490512821,0.496538462,0.498846154,0.502820513,0.503717949,0.506282051,0.505769231,0.503974359,0.504230769,0.509102564,0.514487179,0.525,0.529615385,0.534358974,0.5420512820000001,0.54525641,0.545512821,0.551410256,0.556538462,0.5637179489999999,0.570512821,0.576794872,0.581282051
78,0.533785714,0.513642857,0.517,0.537785714,0.5535,0.554857143,0.566142857,0.569,0.547285714,0.5430714289999999,0.532071429,0.5573571429999999,0.5875,0.6095,0.627071429,0.634214286,0.621,0.597928571,0.585785714,0.5936428570000001,0.595357143,0.592928571,0.587214286,0.586428571,0.581,0.548928571,0.526642857,0.524928571,0.533928571,0.545142857
79,0.006071429000000001,0.006071429000000001,0.00952381,0.014166666999999999,0.014166666999999999,0.014166666999999999,0.014166666999999999,0.013571429,0.008333333,0.008333333,0.008095238000000001,0.021547619,0.024285714,0.024880952,0.024880952,0.024880952,0.021428571,0.016785714,0.016785714,0.016833333,0.016833333,0.016833333,0.016833333,0.016833333,0.016833333,0.003380952,0.002309524,0.003261905,0.003261905,0.003261905
80,0.28571428600000004,0.214285714,0.28571428600000004,0.35714285700000004,0.35714285700000004,0.35714285700000004,0.35714285700000004,0.28571428600000004,0.214285714,0.214285714,0.14285714300000002,0.214285714,0.28571428600000004,0.35714285700000004,0.35714285700000004,0.35714285700000004,0.28571428600000004,0.214285714,0.214285714,0.28571428600000004,0.28571428600000004,0.28571428600000004,0.28571428600000004,0.28571428600000004,0.28571428600000004,0.214285714,0.214285714,0.214285714,0.214285714,0.214285714
81,0.5426190479999999,0.551666667,0.556190476,0.558928571,0.558690476,0.5575,0.557857143,0.562619048,0.571309524,0.579404762,0.5851190479999999,0.582857143,0.581309524,0.5773809520000001,0.574047619,0.575357143,0.5801190479999999,0.588333333,0.596547619,0.602619048,0.608690476,0.612142857,0.617380952,0.619404762,0.623571429,0.632857143,0.638571429,0.643809524,0.648333333,0.652261905
82,0.63547619,0.64547619,0.648690476,0.649761905,0.6464285710000001,0.643928571,0.643571429,0.6521428570000001,0.665714286,0.6740476190000001,0.6810714290000001,0.6760714290000001,0.6708333329999999,0.663333333,0.659404762,0.660833333,0.6675,0.6785714290000001,0.688333333,0.692857143,0.6982142859999999,0.69797619,0.702261905,0.7015476190000001,0.706309524,0.717738095,0.7246428570000001,0.729880952,0.7328571429999999,0.7351190479999999
83,0.46202381,0.47,0.475238095,0.48047619,0.48547619,0.48345238100000004,0.48488095200000003,0.485714286,0.49202381,0.5005952379999999,0.505833333,0.505833333,0.506547619,0.505714286,0.50452381,0.502380952,0.5067857139999999,0.51,0.5175,0.526190476,0.532380952,0.5398809520000001,0.5458333329999999,0.549166667,0.550952381,0.555595238,0.559047619,0.564642857,0.57,0.578333333
84,0.542933333,0.5226,0.521266667,0.536466667,0.5526,0.545466667,0.5508,0.5679333329999999,0.570333333,0.5438666670000001,0.537466667,0.5502,0.5796,0.606866667,0.6074666670000001,0.6163333329999999,0.6214666670000001,0.612,0.5974,0.5829333329999999,0.5886,0.592933333,0.587333333,0.5804,0.572866667,0.5659333329999999,0.550933333,0.548466667,0.536933333,0.5398666670000001
85,0.0058888890000000004,0.005666666999999999,0.008888889,0.013222221999999999,0.013222221999999999,0.013222221999999999,0.013222221999999999,0.013222221999999999,0.012666667,0.007777778000000001,0.007777778000000001,0.020111111,0.022666667,0.023222222,0.023222222,0.023222222,0.023222222,0.02,0.015666667,0.015711111,0.015711111,0.015711111,0.015711111,0.015711111,0.015711111,0.015711111,0.004711111,0.0036,0.0030444440000000003,0.0030444440000000003
86,0.333333333,0.26666666699999997,0.26666666699999997,0.333333333,0.333333333,0.333333333,0.333333333,0.333333333,0.26666666699999997,0.2,0.2,0.2,0.26666666699999997,0.333333333,0.333333333,0.333333333,0.333333333,0.26666666699999997,0.2,0.26666666699999997,0.26666666699999997,0.26666666699999997,0.26666666699999997,0.26666666699999997,0.26666666699999997,0.26666666699999997,0.26666666699999997,0.26666666699999997,0.2,0.2
87,0.536888889,0.545555556,0.551222222,0.554222222,0.554333333,0.557777778,0.558888889,0.561888889,0.5654444439999999,0.577333333,0.584,0.584666667,0.581666667,0.577111111,0.576888889,0.576111111,0.577777778,0.5842222220000001,0.589444444,0.598777778,0.606666667,0.612555556,0.616555556,0.622222222,0.625222222,0.629222222,0.6336666670000001,0.635444444,0.6431111110000001,0.649111111
88,0.628777778,0.639333333,0.643888889,0.6459999999999999,0.6436666670000001,0.647333333,0.646444444,0.650888889,0.655888889,0.673333333,0.677333333,0.677444444,0.670888889,0.662888889,0.663555556,0.6629999999999999,0.664444444,0.6738888890000001,0.679666667,0.690666667,0.6971111109999999,0.701666667,0.702666667,0.706777778,0.7074444440000001,0.711666667,0.7162222220000001,0.718,0.7284444440000001,0.733666667
89,0.45788888899999997,0.46533333299999996,0.47055555600000004,0.47533333299999997,0.478555556,0.48111111100000004,0.483333333,0.486333333,0.487444444,0.496111111,0.507,0.508444444,0.5083333329999999,0.506,0.504555556,0.503,0.504888889,0.507777778,0.5131111110000001,0.5191111110000001,0.529,0.537666667,0.543555556,0.549444444,0.5539999999999999,0.554888889,0.5579999999999999,0.560222222,0.5645555560000001,0.571888889
90,0.54175,0.531875,0.5291875,0.53925,0.5504375,0.545125,0.54225,0.5534375,0.56925,0.5656875,0.5385625,0.554125,0.5715,0.59825,0.605125,0.598625,0.6055,0.613,0.610625,0.594,0.578875,0.58675,0.5876875,0.5809375,0.5680625,0.55925,0.56675,0.569875,0.55825,0.5423125
91,0.005729166999999999,0.005520833,0.008333333,0.012395833,0.012395833,0.012395833,0.012395833,0.012395833,0.012395833,0.011875,0.007291667,0.0190625,0.02125,0.021770833,0.021770833,0.021770833,0.021770833,0.021770833,0.01875,0.014729167,0.014729167,0.014729167,0.014729167,0.014729167,0.014729167,0.014729167,0.0161875,0.005770833,0.003375,0.002854167
92,0.375,0.3125,0.3125,0.3125,0.3125,0.3125,0.3125,0.3125,0.3125,0.25,0.1875,0.25,0.25,0.3125,0.3125,0.3125,0.3125,0.3125,0.25,0.25,0.25,0.25,0.25,0.25,0.25,0.25,0.3125,0.3125,0.25,0.1875
93,0.532708333,0.54,0.545520833,0.5496875,0.5502083329999999,0.55375,0.5590625,0.562604167,0.564583333,0.5714583329999999,0.581770833,0.583645833,0.5834375,0.577708333,0.576666667,0.5786458329999999,0.578333333,0.581770833,0.585520833,0.5919791670000001,0.6028125,0.6104166670000001,0.6166666670000001,0.6211458329999999,0.6275,0.630416667,0.630208333,0.6310416670000001,0.6353125,0.644166667
94,0.6244791670000001,0.6328125,0.638229167,0.6416666670000001,0.640520833,0.6446875,0.6494791670000001,0.653125,0.6544791670000001,0.663645833,0.676458333,0.674166667,0.6725,0.6634375,0.663125,0.666666667,0.66625,0.670625,0.6752083329999999,0.682395833,0.6947916670000001,0.700416667,0.705833333,0.706875,0.7119791670000001,0.712395833,0.710625,0.710520833,0.717395833,0.729479167
95,0.453958333,0.46125,0.46614583299999995,0.4709375,0.47385416700000005,0.474895833,0.48114583299999997,0.48479166700000004,0.487916667,0.4915625,0.502395833,0.509375,0.510625,0.507708333,0.504895833,0.503125,0.5053125,0.5059375,0.510833333,0.514895833,0.5221875,0.534166667,0.54125,0.547083333,0.553958333,0.5575,0.5571875,0.5591666670000001,0.560416667,0.566666667
96,0.538588235,0.531411765,0.537529412,0.545647059,0.5522352939999999,0.543529412,0.542117647,0.545235294,0.5555294120000001,0.564941176,0.559411765,0.554176471,0.573941176,0.589529412,0.597117647,0.596941176,0.589470588,0.598470588,0.6116470589999999,0.6066470589999999,0.589529412,0.5777058820000001,0.582176471,0.581647059,0.569294118,0.5555294120000001,0.560411765,0.583647059,0.577823529,0.562058824
97,0.005392157,0.005392157,0.008039216,0.011666667,0.011666667,0.011666667,0.011666667,0.011666667,0.011666667,0.011666667,0.011176471,0.017941176,0.020196078,0.020490196000000002,0.020490196000000002,0.020490196000000002,0.020490196000000002,0.020490196000000002,0.020490196000000002,0.017686275,0.013862745,0.013862745,0.013862745,0.013862745,0.013862745,0.013862745,0.015235294,0.016509804,0.005431373000000001,0.0031764709999999997
98,0.352941176,0.352941176,0.352941176,0.352941176,0.294117647,0.294117647,0.294117647,0.294117647,0.294117647,0.294117647,0.235294118,0.235294118,0.294117647,0.294117647,0.294117647,0.294117647,0.294117647,0.294117647,0.294117647,0.294117647,0.235294118,0.235294118,0.235294118,0.235294118,0.235294118,0.235294118,0.294117647,0.352941176,0.294117647,0.235294118
99,0.529215686,0.535882353,0.5402941179999999,0.544411765,0.546176471,0.549901961,0.5551960779999999,0.56254902,0.565098039,0.570294118,0.5759803920000001,0.581568627,0.58254902,0.579607843,0.5772549020000001,0.578333333,0.580588235,0.582058824,0.583137255,0.588137255,0.596176471,0.606568627,0.614411765,0.620980392,0.6261764710000001,0.632254902,0.63127451,0.627941176,0.631176471,0.636764706
100,0.621568627,0.628529412,0.632156863,0.636470588,0.636764706,0.6416666670000001,0.646862745,0.655588235,0.656372549,0.661862745,0.667156863,0.673529412,0.669705882,0.665392157,0.663627451,0.666078431,0.6695098039999999,0.671960784,0.672058824,0.678039216,0.686764706,0.698039216,0.704411765,0.709607843,0.711764706,0.716372549,0.711372549,0.705588235,0.710392157,0.719019608
101,0.449509804,0.457352941,0.462254902,0.46676470600000003,0.46980392200000004,0.470686275,0.475294118,0.482647059,0.486372549,0.491764706,0.497745098,0.5049019610000001,0.511372549,0.5099019610000001,0.506568627,0.503529412,0.505294118,0.50627451,0.508921569,0.512647059,0.518039216,0.52745098,0.5377450979999999,0.544705882,0.5514705879999999,0.557254902,0.5595098039999999,0.558333333,0.559411765,0.562647059
102,0.546222222,0.529,0.5367777779999999,0.552611111,0.5575555560000001,0.545611111,0.5407777779999999,0.544944444,0.547666667,0.552222222,0.559055556,0.573,0.572888889,0.590833333,0.588944444,0.589833333,0.588388889,0.583722222,0.598,0.607833333,0.601722222,0.587833333,0.573888889,0.576777778,0.5706111110000001,0.5573888889999999,0.5568333329999999,0.576722222,0.590388889,0.580333333
103,0.008981481,0.005092593,0.007777778000000001,0.011203703999999998,0.011018519,0.011018519,0.011018519,0.011018519,0.011018519,0.011018519,0.011018519,0.021018519,0.019074074,0.019537037,0.019351852,0.019351852,0.019351852,0.019351852,0.019351852,0.019388889,0.016703704,0.013092593000000001,0.013092593000000001,0.013092593000000001,0.013092593000000001,0.013092593000000001,0.014388888999999998,0.015592593,0.015592593,0.00512963
104,0.38888888899999996,0.333333333,0.38888888899999996,0.38888888899999996,0.333333333,0.27777777800000003,0.27777777800000003,0.27777777800000003,0.27777777800000003,0.27777777800000003,0.27777777800000003,0.27777777800000003,0.27777777800000003,0.333333333,0.27777777800000003,0.27777777800000003,0.27777777800000003,0.27777777800000003,0.27777777800000003,0.333333333,0.27777777800000003,0.222222222,0.222222222,0.222222222,0.222222222,0.222222222,0.27777777800000003,0.333333333,0.333333333,0.27777777800000003
105,0.5262037039999999,0.532407407,0.536388889,0.539537037,0.541388889,0.546111111,0.551481481,0.558703704,0.5649074070000001,0.570462963,0.57462963,0.576111111,0.580648148,0.578981481,0.579074074,0.578796296,0.580185185,0.583981481,0.583333333,0.5857407410000001,0.592314815,0.600092593,0.610555556,0.618611111,0.625740741,0.630740741,0.632962963,0.629074074,0.628240741,0.632777778
106,0.617314815,0.625555556,0.628148148,0.630833333,0.63212963,0.638055556,0.643888889,0.6527777779999999,0.658518519,0.663240741,0.665277778,0.6649074070000001,0.669351852,0.663148148,0.665462963,0.666388889,0.668796296,0.674722222,0.673240741,0.6749074070000001,0.682407407,0.690277778,0.7019444440000001,0.7080555559999999,0.7140740740000001,0.7159259259999999,0.715185185,0.706574074,0.705740741,0.712314815
107,0.44675925899999996,0.452962963,0.45851851899999996,0.46305555600000003,0.465925926,0.46703703700000004,0.471296296,0.47703703700000005,0.484259259,0.49009259299999997,0.49759259299999997,0.50037037,0.507037037,0.510648148,0.508703704,0.505185185,0.505555556,0.506203704,0.5090740739999999,0.510740741,0.515740741,0.5232407410000001,0.5312037039999999,0.541203704,0.548981481,0.554722222,0.5591666670000001,0.560462963,0.558611111,0.561574074
108,0.544315789,0.536736842,0.534210526,0.551105263,0.563526316,0.551,0.542894737,0.543526316,0.5472631579999999,0.544947368,0.547315789,0.571947368,0.589736842,0.5889473679999999,0.590210526,0.582473684,0.582105263,0.583,0.584052632,0.595105263,0.603105263,0.599473684,0.583684211,0.569210526,0.566578947,0.5592631579999999,0.558526316,0.572473684,0.583473684,0.592105263
109,0.008508772,0.008508772,0.007368421,0.010789473999999999,0.010614035,0.010438596,0.010438596,0.010438596,0.010438596,0.010438596,0.010438596,0.020350877,0.021929825,0.018508772,0.018508772,0.018333333,0.018333333,0.018333333,0.018333333,0.018368421,0.018368421,0.015824561,0.012403508999999998,0.012403508999999998,0.012403508999999998,0.012403508999999998,0.013631579,0.01477193,0.01477193,0.01477193
110,0.36842105299999994,0.36842105299999994,0.36842105299999994,0.42105263200000004,0.36842105299999994,0.31578947399999996,0.263157895,0.263157895,0.263157895,0.263157895,0.263157895,0.31578947399999996,0.31578947399999996,0.31578947399999996,0.31578947399999996,0.263157895,0.263157895,0.263157895,0.263157895,0.31578947399999996,0.31578947399999996,0.263157895,0.21052631600000002,0.21052631600000002,0.21052631600000002,0.21052631600000002,0.263157895,0.31578947399999996,0.31578947399999996,0.31578947399999996
111,0.525701754,0.529385965,0.533070175,0.5358771929999999,0.536929825,0.541578947,0.547807018,0.555,0.561140351,0.57,0.574561404,0.574824561,0.575526316,0.577368421,0.5785087720000001,0.580438596,0.580526316,0.583421053,0.585087719,0.585789474,0.589824561,0.59622807,0.604210526,0.614736842,0.623245614,0.6300877189999999,0.631491228,0.630789474,0.6292982460000001,0.629912281
112,0.616929825,0.621315789,0.625350877,0.627105263,0.627017544,0.633596491,0.640350877,0.649649123,0.655701754,0.664912281,0.666403509,0.663245614,0.661403509,0.663157895,0.663333333,0.6679824560000001,0.668947368,0.67377193,0.6757894740000001,0.6758771929999999,0.679210526,0.685964912,0.694385965,0.7055263159999999,0.712368421,0.7178947370000001,0.7148245609999999,0.7104385959999999,0.706666667,0.707807018
113,0.445438596,0.450175439,0.454298246,0.459473684,0.46245614,0.463508772,0.46780701799999996,0.473157895,0.478859649,0.487894737,0.495701754,0.5000877189999999,0.502631579,0.5065789470000001,0.509473684,0.5072807020000001,0.507017544,0.506403509,0.508859649,0.510789474,0.51377193,0.520789474,0.527017544,0.534824561,0.545438596,0.552192982,0.556666667,0.560087719,0.560614035,0.560701754
114,0.5428,0.5354,0.5413,0.54795,0.56155,0.557,0.54815,0.5454,0.5458,0.5447,0.54065,0.56015,0.5879,0.60415,0.58845,0.584,0.5755,0.5773,0.58335,0.5820000000000001,0.59125,0.6009,0.59495,0.57875,0.5599,0.556,0.56025,0.5733,0.5791,0.58545
115,0.008083333,0.008083333,0.0105,0.01025,0.01025,0.010083333,0.009916666999999999,0.009916666999999999,0.009916666999999999,0.009916666999999999,0.009916666999999999,0.019333333,0.02125,0.02125,0.017583333,0.017583333,0.017416667,0.017416667,0.017416667,0.01745,0.01745,0.01745,0.015033333000000001,0.011783333,0.011783333,0.011783333,0.01295,0.014033333,0.014033333,0.014033333
116,0.35,0.35,0.4,0.4,0.4,0.35,0.3,0.25,0.25,0.25,0.25,0.3,0.35,0.35,0.3,0.3,0.25,0.25,0.25,0.3,0.3,0.3,0.25,0.2,0.2,0.2,0.25,0.3,0.3,0.3
117,0.5225833329999999,0.52875,0.530166667,0.53275,0.5335833329999999,0.537333333,0.543416667,0.551333333,0.5575,0.5661666670000001,0.573916667,0.57475,0.574333333,0.572666667,0.5770000000000001,0.579833333,0.5820000000000001,0.583583333,0.5845,0.587333333,0.589666667,0.593666667,0.600333333,0.6085,0.6193333329999999,0.6275,0.630833333,0.6295,0.630916667,0.630833333
118,0.614,0.62075,0.6213333329999999,0.6245,0.6236666670000001,0.6286666670000001,0.636,0.6459999999999999,0.6525833329999999,0.6619166670000001,0.6678333329999999,0.664416667,0.66,0.6559166670000001,0.663333333,0.6658333329999999,0.670333333,0.673666667,0.6748333329999999,0.6781666670000001,0.679916667,0.68275,0.690083333,0.6981666670000001,0.70975,0.7160833329999999,0.71675,0.710333333,0.710333333,0.708583333
119,0.4425,0.44875,0.451583333,0.45541666700000005,0.459083333,0.46033333299999996,0.464416667,0.46975,0.475083333,0.48258333299999995,0.493333333,0.498166667,0.50225,0.502416667,0.5056666670000001,0.508083333,0.508916667,0.50775,0.508916667,0.5105,0.5136666670000001,0.5186666670000001,0.5245,0.530666667,0.539166667,0.548666667,0.5541666670000001,0.557666667,0.56025,0.5625
120,0.543142857,0.534380952,0.539809524,0.554047619,0.558047619,0.555428571,0.5539999999999999,0.550285714,0.54747619,0.543428571,0.5406190479999999,0.553190476,0.5759047620000001,0.601714286,0.602952381,0.582619048,0.577285714,0.571238095,0.5779047620000001,0.581428571,0.578952381,0.589714286,0.59652381,0.589714286,0.569428571,0.550142857,0.5570952379999999,0.574238095,0.579571429,0.5811904760000001
121,0.007714286,0.007698413,0.01,0.013095238,0.009761905,0.009761905,0.009603175,0.009444444,0.009444444,0.009444444,0.009444444,0.018412698,0.020238095,0.020634921,0.020238095,0.016746032,0.016746032,0.016587301999999998,0.016587301999999998,0.016619048,0.016619048,0.016619048,0.016619048,0.01431746,0.011222221999999999,0.011222221999999999,0.012333333,0.013365078999999998,0.013365078999999998,0.013365078999999998
122,0.380952381,0.333333333,0.380952381,0.428571429,0.380952381,0.380952381,0.333333333,0.28571428600000004,0.23809523800000001,0.23809523800000001,0.23809523800000001,0.28571428600000004,0.333333333,0.380952381,0.333333333,0.28571428600000004,0.28571428600000004,0.23809523800000001,0.23809523800000001,0.28571428600000004,0.28571428600000004,0.28571428600000004,0.28571428600000004,0.23809523800000001,0.19047619,0.19047619,0.23809523800000001,0.28571428600000004,0.28571428600000004,0.28571428600000004
123,0.518888889,0.525634921,0.52952381,0.53,0.530714286,0.534126984,0.539285714,0.546984127,0.553888889,0.562460317,0.570079365,0.574126984,0.574285714,0.571666667,0.572539683,0.578333333,0.5813492060000001,0.58484127,0.584603175,0.586666667,0.590952381,0.593333333,0.5976984129999999,0.604603175,0.6131746029999999,0.623571429,0.6283333329999999,0.628968254,0.62968254,0.632301587
124,0.609603175,0.617777778,0.6207936510000001,0.620714286,0.621349206,0.625396825,0.631190476,0.641587302,0.648968254,0.658650794,0.66484127,0.665873016,0.661269841,0.65484127,0.656428571,0.665714286,0.668174603,0.674761905,0.67468254,0.677142857,0.681904762,0.6832539679999999,0.686825397,0.693888889,0.7025396829999999,0.713412698,0.715079365,0.7123809520000001,0.710238095,0.711984127
125,0.438809524,0.445793651,0.45015873,0.45277777799999996,0.455238095,0.457222222,0.461349206,0.466428571,0.47174603200000004,0.478809524,0.488015873,0.495793651,0.50031746,0.502063492,0.501746032,0.50452381,0.509603175,0.50952381,0.510079365,0.51047619,0.513253968,0.518333333,0.5223015870000001,0.528095238,0.535,0.542539683,0.550714286,0.555238095,0.5579365079999999,0.562063492
126,0.554318182,0.535090909,0.538636364,0.552045455,0.563409091,0.552363636,0.5526363639999999,0.555772727,0.552045455,0.545136364,0.539590909,0.552590909,0.568545455,0.589636364,0.600681818,0.596727273,0.576272727,0.573136364,0.572090909,0.5763181820000001,0.578545455,0.578045455,0.586045455,0.591454545,0.5803181820000001,0.5596818179999999,0.551454545,0.570590909,0.580181818,0.581545455
127,0.008045455,0.007363636,0.009545455,0.0125,0.0125,0.009318182,0.009318182,0.009166667,0.009015152,0.009015152,0.009015152,0.017575758,0.019318182,0.01969697,0.01969697,0.019318182,0.015984848,0.015984848,0.015833333,0.015863636,0.015863636,0.015863636,0.015863636,0.015863636,0.013666667,0.010712121000000002,0.011772727,0.012757576000000001,0.012757576000000001,0.012757576000000001
128,0.409090909,0.363636364,0.363636364,0.409090909,0.409090909,0.363636364,0.363636364,0.318181818,0.272727273,0.22727272699999998,0.22727272699999998,0.272727273,0.318181818,0.363636364,0.363636364,0.318181818,0.272727273,0.272727273,0.22727272699999998,0.272727273,0.272727273,0.272727273,0.272727273,0.272727273,0.22727272699999998,0.181818182,0.22727272699999998,0.272727273,0.272727273,0.272727273
129,0.513712121,0.5219696970000001,0.526515152,0.529393939,0.528181818,0.531363636,0.536136364,0.542878788,0.549621212,0.5587878789999999,0.5663636360000001,0.570454545,0.573712121,0.571742424,0.571590909,0.5740151520000001,0.579848485,0.5840909089999999,0.585757576,0.586666667,0.590151515,0.594393939,0.59719697,0.601893939,0.609242424,0.6175,0.624545455,0.6266666670000001,0.629166667,0.631060606
130,0.603712121,0.613409091,0.617954545,0.620227273,0.617878788,0.623106061,0.627954545,0.636742424,0.644621212,0.654924242,0.661590909,0.663106061,0.66280303,0.656287879,0.6553787879999999,0.659015152,0.667954545,0.6725,0.6756818179999999,0.6768939390000001,0.680757576,0.685,0.687121212,0.690606061,0.6982575759999999,0.706363636,0.712575758,0.710984848,0.71219697,0.711818182
131,0.436212121,0.44212121200000004,0.44727272700000004,0.451363636,0.452727273,0.45363636399999996,0.45833333299999995,0.463409091,0.46848484799999995,0.475454545,0.48416666700000005,0.49060606100000004,0.497954545,0.5002272729999999,0.501439394,0.500833333,0.506136364,0.510151515,0.5116666670000001,0.5115151520000001,0.513106061,0.517727273,0.5218181820000001,0.525833333,0.532348485,0.538409091,0.544772727,0.551893939,0.555606061,0.559772727
132,0.559347826,0.546130435,0.539130435,0.550391304,0.561086957,0.55773913,0.549826087,0.554391304,0.557217391,0.5496086960000001,0.541391304,0.551086957,0.567304348,0.5820000000000001,0.589173913,0.5948260870000001,0.590043478,0.572347826,0.573869565,0.570826087,0.573782609,0.5776956520000001,0.575043478,0.581652174,0.5823913039999999,0.570521739,0.560521739,0.564608696,0.576434783,0.582043478
133,0.007710145,0.007695652,0.009144928,0.011956521999999999,0.011956521999999999,0.011956521999999999,0.008913043,0.008913043,0.008768116,0.008623188,0.008623188,0.016811594,0.018478261,0.01884058,0.01884058,0.01884058,0.018478261,0.015289855,0.015289855,0.015173913,0.015173913,0.015173913,0.015173913,0.015173913,0.015173913,0.013072463999999999,0.01126087,0.012202899,0.012202899,0.012202899
134,0.434782609,0.39130434799999997,0.39130434799999997,0.39130434799999997,0.39130434799999997,0.39130434799999997,0.347826087,0.347826087,0.304347826,0.260869565,0.21739130399999998,0.260869565,0.304347826,0.347826087,0.347826087,0.347826087,0.304347826,0.260869565,0.260869565,0.260869565,0.260869565,0.260869565,0.260869565,0.260869565,0.260869565,0.21739130399999998,0.21739130399999998,0.260869565,0.260869565,0.260869565
135,0.51115942,0.5168840579999999,0.522971014,0.526521739,0.527681159,0.528913043,0.533405797,0.539710145,0.54557971,0.554492754,0.5626811589999999,0.566884058,0.570217391,0.571304348,0.571666667,0.573043478,0.575652174,0.582536232,0.585,0.587681159,0.59,0.593478261,0.598043478,0.6012318839999999,0.606449275,0.613550725,0.618695652,0.623115942,0.6269565220000001,0.630507246
136,0.601376812,0.607608696,0.613768116,0.6175362320000001,0.6175362320000001,0.619710145,0.625652174,0.633405797,0.639855072,0.650507246,0.657898551,0.660072464,0.660289855,0.657971014,0.65673913,0.657898551,0.661449275,0.672101449,0.673478261,0.677753623,0.6803623190000001,0.683768116,0.688623188,0.690724638,0.6949275359999999,0.702101449,0.705869565,0.7087681159999999,0.710869565,0.713623188
137,0.434130435,0.439492754,0.44369565200000005,0.448550725,0.451376812,0.45130434799999997,0.454855072,0.46043478299999996,0.46550724600000004,0.47217391299999995,0.480724638,0.48681159399999996,0.492898551,0.497971014,0.499710145,0.50057971,0.5025362320000001,0.506811594,0.5121739129999999,0.512971014,0.513985507,0.517391304,0.5210869570000001,0.525217391,0.53,0.5357246379999999,0.5407246379999999,0.54615942,0.552391304,0.557463768
138,0.56075,0.551291667,0.5495416670000001,0.550375,0.559125,0.55575,0.555083333,0.551625,0.5558333329999999,0.554666667,0.5458333329999999,0.552333333,0.56525,0.58025,0.581875,0.584041667,0.5885,0.585708333,0.5730833329999999,0.572583333,0.568625,0.5731666670000001,0.574833333,0.571291667,0.573375,0.572916667,0.570875,0.57275,0.5704583329999999,0.578375
139,0.008152778000000001,0.007388889,0.009388889000000001,0.011472221999999999,0.011458333000000001,0.011458333000000001,0.011458333000000001,0.008541667,0.008541667,0.008402778,0.008263889,0.016111111,0.017708333,0.018055556,0.018055556,0.018055556,0.018055556,0.017708333,0.014652778,0.014680556,0.014541667,0.014541667,0.014541667,0.014541667,0.014541667,0.014541667,0.0135,0.011694443999999998,0.011694443999999998,0.011694443999999998
140,0.45833333299999995,0.41666666700000005,0.41666666700000005,0.41666666700000005,0.375,0.375,0.375,0.333333333,0.333333333,0.291666667,0.25,0.25,0.291666667,0.333333333,0.333333333,0.333333333,0.333333333,0.291666667,0.25,0.291666667,0.25,0.25,0.25,0.25,0.25,0.25,0.25,0.25,0.25,0.25
141,0.508055556,0.514305556,0.518055556,0.523125,0.525,0.528402778,0.530972222,0.536944444,0.542430556,0.550416667,0.5584027779999999,0.563333333,0.566805556,0.568055556,0.57125,0.573055556,0.5746527779999999,0.578402778,0.583472222,0.586875,0.590833333,0.593194444,0.597013889,0.601875,0.605625,0.610694444,0.614861111,0.617569444,0.623541667,0.6283333329999999
142,0.597013889,0.605208333,0.608194444,0.613541667,0.615069444,0.619305556,0.622291667,0.630972222,0.6365277779999999,0.645694444,0.653541667,0.656597222,0.6575,0.6557638889999999,0.658333333,0.659097222,0.660277778,0.665694444,0.6730555559999999,0.675555556,0.681041667,0.683263889,0.687291667,0.692013889,0.6948611109999999,0.69875,0.7018055559999999,0.7025,0.70875,0.712291667
143,0.433194444,0.437361111,0.441111111,0.445069444,0.448680556,0.450069444,0.452569444,0.457013889,0.462569444,0.46916666700000004,0.477361111,0.483402778,0.48916666700000005,0.493125,0.49756944399999997,0.498958333,0.502222222,0.5033333329999999,0.508888889,0.513402778,0.515277778,0.518055556,0.520625,0.524375,0.529236111,0.533333333,0.538055556,0.542222222,0.546875,0.554305556
144,0.55584,0.55296,0.5543600000000001,0.55992,0.55876,0.55408,0.55328,0.5566,0.55312,0.5534399999999999,0.55084,0.55616,0.56588,0.57776,0.5802,0.57724,0.5784,0.5844,0.5858800000000001,0.57188,0.5704,0.56824,0.5706,0.57124,0.56376,0.5646399999999999,0.57316,0.5822,0.57804,0.5725600000000001
145,0.007826666999999999,0.007826666999999999,0.009026667,0.011613333,0.011013333,0.011000000000000001,0.011000000000000001,0.011000000000000001,0.0082,0.0082,0.008066667,0.015466667,0.017,0.017333333,0.017333333,0.017333333,0.017333333,0.017333333,0.017,0.014093333000000001,0.014093333000000001,0.01396,0.01396,0.01396,0.01396,0.01396,0.014893333,0.013826666999999999,0.011226667,0.011226667
146,0.44,0.44,0.44,0.44,0.4,0.36,0.36,0.36,0.32,0.32,0.28,0.28,0.28,0.32,0.32,0.32,0.32,0.32,0.28,0.28,0.28,0.24,0.24,0.24,0.24,0.24,0.28,0.28,0.24,0.24
147,0.5053333329999999,0.5112,0.5155333329999999,0.5184,0.5218,0.5258,0.5304,0.534466667,0.539666667,0.5472,0.554333333,0.5592,0.5634,0.564866667,0.568133333,0.5726,0.5746,0.577333333,0.579466667,0.585333333,0.589933333,0.593866667,0.5966,0.600733333,0.606066667,0.609733333,0.612066667,0.613933333,0.6182,0.625
148,0.5946,0.600866667,0.605866667,0.6082,0.6113333329999999,0.616866667,0.6218,0.6275333329999999,0.634066667,0.642266667,0.6488,0.652466667,0.654266667,0.653266667,0.6562,0.660533333,0.661333333,0.6644,0.6668666670000001,0.6750666670000001,0.6788,0.6838,0.686666667,0.6906,0.6959333329999999,0.698533333,0.6986,0.698733333,0.702733333,0.7102
149,0.4296,0.436333333,0.439,0.442533333,0.445333333,0.447533333,0.45133333299999995,0.45473333299999996,0.4592,0.4662,0.47426666700000003,0.480066667,0.4858,0.48953333299999996,0.492933333,0.496933333,0.5006,0.503,0.505466667,0.5102,0.5156,0.519133333,0.521133333,0.5238,0.528266667,0.532466667,0.535666667,0.5396,0.5430666670000001,0.548933333
150,0.557076923,0.548538462,0.555846154,0.5641538460000001,0.567615385,0.553923077,0.551769231,0.554807692,0.557846154,0.550923077,0.549807692,0.560576923,0.5690384620000001,0.577884615,0.577807692,0.575807692,0.572076923,0.5748461539999999,0.584615385,0.584230769,0.569807692,0.5699615379999999,0.5659615379999999,0.567307692,0.564,0.555730769,0.565192308,0.583961538,0.586923077,0.579769231
151,0.007525641,0.007525641,0.009384615,0.011179487,0.011166667,0.010589744,0.010576923,0.010576923,0.010576923,0.007884615,0.007884615,0.015,0.016346153999999998,0.016666667,0.016666667,0.016666667,0.016666667,0.016666667,0.016666667,0.016371795,0.013551282,0.013551282,0.013423077,0.013423077,0.013423077,0.013423077,0.014320513,0.015153846,0.013294872,0.010794871999999999
152,0.423076923,0.423076923,0.46153846200000004,0.46153846200000004,0.423076923,0.384615385,0.346153846,0.346153846,0.346153846,0.307692308,0.307692308,0.307692308,0.307692308,0.307692308,0.307692308,0.307692308,0.307692308,0.307692308,0.307692308,0.307692308,0.269230769,0.269230769,0.23076923100000002,0.23076923100000002,0.23076923100000002,0.23076923100000002,0.269230769,0.307692308,0.269230769,0.23076923100000002
153,0.501282051,0.5084615379999999,0.5125,0.515961538,0.517307692,0.522692308,0.527820513,0.533782051,0.5371794870000001,0.544358974,0.551089744,0.55525641,0.559423077,0.561666667,0.565064103,0.569551282,0.574102564,0.577179487,0.578397436,0.5814102560000001,0.588333333,0.592884615,0.597115385,0.600192308,0.6048076920000001,0.61,0.6110897439999999,0.611282051,0.6146794870000001,0.6198076920000001
154,0.591153846,0.5983974360000001,0.601666667,0.605961538,0.606282051,0.6132051279999999,0.619358974,0.626858974,0.630641026,0.639679487,0.645384615,0.647948718,0.650384615,0.6503205129999999,0.653782051,0.658397436,0.662628205,0.66525641,0.6655769229999999,0.6690384620000001,0.678205128,0.681538462,0.687051282,0.689871795,0.694423077,0.6994230770000001,0.6983974359999999,0.695769231,0.699102564,0.704358974
155,0.425384615,0.43275641,0.43794871799999996,0.44044871799999996,0.442884615,0.44435897399999996,0.448846154,0.453461538,0.456923077,0.462820513,0.47121794899999997,0.476987179,0.4825,0.486282051,0.489487179,0.4925,0.498589744,0.501410256,0.5050641029999999,0.506858974,0.512435897,0.519294872,0.5220512820000001,0.524166667,0.527564103,0.531410256,0.53474359,0.53724359,0.540512821,0.545192308
156,0.562666667,0.55,0.551481481,0.565222222,0.571407407,0.56262963,0.551703704,0.553296296,0.556074074,0.5555555560000001,0.547518519,0.559222222,0.572814815,0.580481481,0.577925926,0.573666667,0.570888889,0.568888889,0.575407407,0.583074074,0.581777778,0.569407407,0.567703704,0.5629629629999999,0.5604814810000001,0.556259259,0.556592593,0.575888889,0.588444444,0.588259259
157,0.008419753,0.007246914,0.009037037,0.011444444,0.010765432,0.010753086,0.010197531,0.010185185,0.010185185,0.010185185,0.007592593000000001,0.014567901000000001,0.015864198,0.016049383,0.016049383,0.016049383,0.016049383,0.016049383,0.016049383,0.016074074,0.015765432,0.013049383000000001,0.013049383000000001,0.012925926,0.012925926,0.012925926,0.013790123,0.014592593000000001,0.014592593000000001,0.012802468999999999
158,0.444444444,0.40740740700000005,0.444444444,0.481481481,0.444444444,0.40740740700000005,0.37037037,0.333333333,0.333333333,0.333333333,0.296296296,0.333333333,0.333333333,0.333333333,0.296296296,0.296296296,0.296296296,0.296296296,0.296296296,0.333333333,0.296296296,0.25925925899999996,0.25925925899999996,0.222222222,0.222222222,0.222222222,0.25925925899999996,0.296296296,0.296296296,0.25925925899999996
159,0.49604938299999995,0.504444444,0.509814815,0.513024691,0.515,0.518333333,0.524753086,0.53117284,0.536419753,0.541790123,0.548209877,0.552098765,0.555617284,0.557901235,0.561975309,0.56654321,0.571111111,0.576604938,0.578209877,0.580308642,0.584444444,0.591234568,0.596049383,0.600555556,0.604135802,0.608641975,0.611296296,0.61037037,0.612098765,0.616358025
160,0.584753086,0.594938272,0.599259259,0.60191358,0.6041975310000001,0.608271605,0.615740741,0.624320988,0.629876543,0.63617284,0.642777778,0.644691358,0.646111111,0.646728395,0.650925926,0.655987654,0.660493827,0.666358025,0.666358025,0.667716049,0.6722839509999999,0.680864198,0.684753086,0.690123457,0.693580247,0.6978395059999999,0.6992592590000001,0.695679012,0.6962345679999999,0.7008024690000001
161,0.421358025,0.428580247,0.434444444,0.439382716,0.440864198,0.442037037,0.445740741,0.45098765399999996,0.455617284,0.460493827,0.467777778,0.473950617,0.47944444399999997,0.48308642,0.486358025,0.489197531,0.494259259,0.499444444,0.50345679,0.506419753,0.5091358020000001,0.5161111110000001,0.522098765,0.524938272,0.5277777779999999,0.530617284,0.533641975,0.5362962960000001,0.538209877,0.542654321
162,0.552214286,0.555642857,0.552785714,0.5606785710000001,0.572178571,0.566464286,0.560178571,0.553178571,0.554571429,0.553928571,0.552107143,0.5566785710000001,0.571071429,0.583714286,0.580428571,0.573928571,0.569,0.567857143,0.5696428570000001,0.57425,0.58075,0.580964286,0.56725,0.56475,0.556535714,0.553142857,0.557071429,0.567214286,0.5805,0.589678571
163,0.008119048,0.008119048,0.008714286,0.011035713999999999,0.011035713999999999,0.010380951999999999,0.010369048,0.009833333,0.009821429,0.009821429,0.009821429,0.014047618999999999,0.015416667,0.015595238,0.01547619,0.01547619,0.01547619,0.01547619,0.01547619,0.0155,0.0155,0.015202381000000001,0.012583333,0.012583333,0.012464286000000002,0.012464286000000002,0.013297618999999998,0.014071429,0.014071429,0.014071429
164,0.428571429,0.428571429,0.428571429,0.46428571399999996,0.46428571399999996,0.428571429,0.39285714299999996,0.35714285700000004,0.321428571,0.321428571,0.321428571,0.321428571,0.35714285700000004,0.35714285700000004,0.321428571,0.28571428600000004,0.28571428600000004,0.28571428600000004,0.28571428600000004,0.321428571,0.321428571,0.28571428600000004,0.25,0.25,0.214285714,0.214285714,0.25,0.28571428600000004,0.28571428600000004,0.28571428600000004
165,0.493095238,0.499285714,0.5058928570000001,0.510416667,0.512202381,0.516071429,0.52047619,0.528095238,0.533809524,0.540892857,0.545595238,0.549285714,0.552559524,0.554285714,0.558333333,0.563511905,0.568154762,0.573630952,0.577619048,0.5800595239999999,0.58327381,0.5873809520000001,0.5943452379999999,0.599404762,0.604345238,0.6078571429999999,0.609940476,0.6105952379999999,0.611190476,0.613809524
166,0.58172619,0.588630952,0.595892857,0.599583333,0.600357143,0.606190476,0.6108928570000001,0.620654762,0.627321429,0.635238095,0.639285714,0.642202381,0.643035714,0.642738095,0.647440476,0.653154762,0.6580952379999999,0.664166667,0.667380952,0.6683928570000001,0.670892857,0.675059524,0.683988095,0.687797619,0.6936904759999999,0.6969047620000001,0.697738095,0.6966071429999999,0.6961309520000001,0.69797619
167,0.41827381,0.42458333299999995,0.430357143,0.435952381,0.439821429,0.44011904799999996,0.443452381,0.44791666700000005,0.45315476200000004,0.459107143,0.465357143,0.470535714,0.476428571,0.480119048,0.48327381,0.48619047600000004,0.491011905,0.495238095,0.501488095,0.5048214289999999,0.5086309520000001,0.512797619,0.518928571,0.5248809520000001,0.528392857,0.530714286,0.532797619,0.535178571,0.537261905,0.5403571429999999
168,0.546068966,0.545793103,0.558137931,0.56162069,0.567551724,0.56737931,0.5639655170000001,0.561310345,0.5544137929999999,0.552551724,0.550655172,0.560793103,0.568206897,0.581655172,0.583551724,0.576482759,0.569413793,0.566137931,0.56862069,0.568724138,0.572310345,0.58,0.578482759,0.5644137929999999,0.558482759,0.549586207,0.554034483,0.567310345,0.571965517,0.581965517
169,0.00783908,0.00783908,0.009505747,0.010655172,0.010655172,0.010655172,0.010022989,0.010011494000000001,0.009494253000000001,0.009482759,0.009482759,0.015977011,0.014885057,0.015172413999999999,0.015057471000000001,0.014942529,0.014942529,0.014942529,0.014942529,0.014965517,0.014965517,0.014965517,0.014678161,0.012149425,0.012149425,0.012034483,0.01283908,0.013586207,0.013586207,0.013586207
170,0.413793103,0.413793103,0.448275862,0.448275862,0.448275862,0.448275862,0.413793103,0.379310345,0.344827586,0.310344828,0.310344828,0.344827586,0.344827586,0.379310345,0.344827586,0.310344828,0.275862069,0.275862069,0.275862069,0.310344828,0.310344828,0.310344828,0.275862069,0.24137931,0.24137931,0.20689655199999998,0.24137931,0.275862069,0.275862069,0.275862069
171,0.491781609,0.496321839,0.500862069,0.506609195,0.5097126439999999,0.513333333,0.518218391,0.523850575,0.5307471260000001,0.538218391,0.544597701,0.546724138,0.549827586,0.55137931,0.554827586,0.559942529,0.565172414,0.570689655,0.574712644,0.5794252870000001,0.582931034,0.586149425,0.590517241,0.597643678,0.6031034479999999,0.607931034,0.609137931,0.609310345,0.61137931,0.612873563
172,0.579655172,0.585574713,0.589770115,0.596321839,0.59816092,0.602413793,0.608793103,0.615804598,0.6236781610000001,0.632586207,0.6382758620000001,0.638850575,0.640689655,0.639885057,0.6435632179999999,0.649712644,0.655287356,0.661724138,0.665229885,0.669310345,0.671436782,0.67362069,0.678275862,0.686954023,0.6913218390000001,0.696896552,0.69683908,0.695229885,0.6970114940000001,0.697816092
173,0.41764367799999996,0.421494253,0.426436782,0.43195402299999996,0.43649425299999994,0.43913793100000004,0.441551724,0.445632184,0.450114943,0.456609195,0.463850575,0.468103448,0.473045977,0.477183908,0.480402299,0.483218391,0.488045977,0.492068966,0.497356322,0.502873563,0.507011494,0.512183908,0.515632184,0.521724138,0.528218391,0.531206897,0.532816092,0.534310345,0.536149425,0.539367816
174,0.548633333,0.5400666670000001,0.548533333,0.5665,0.568233333,0.5630666670000001,0.5649333329999999,0.5649333329999999,0.562233333,0.552466667,0.549433333,0.5591,0.5718,0.578533333,0.581566667,0.579633333,0.5720333329999999,0.566633333,0.5669333329999999,0.567766667,0.5670333329999999,0.571866667,0.577633333,0.575366667,0.558366667,0.5517,0.550566667,0.564033333,0.5719,0.573666667
175,0.007577778,0.007577778,0.009188889,0.011355556000000001,0.0103,0.0103,0.0103,0.009688889000000001,0.009677778,0.009177778000000001,0.009166667,0.015444444,0.016722222,0.014666667,0.014666667,0.014555556,0.014444443999999999,0.014444443999999999,0.014444443999999999,0.014466666999999999,0.014466666999999999,0.014466666999999999,0.014466666999999999,0.014188889,0.011744444,0.011744444,0.012411111,0.013133333,0.013133333,0.013133333
176,0.4,0.4,0.433333333,0.46666666700000003,0.433333333,0.433333333,0.433333333,0.4,0.36666666700000006,0.333333333,0.3,0.333333333,0.36666666700000006,0.36666666700000006,0.36666666700000006,0.333333333,0.3,0.26666666699999997,0.26666666699999997,0.3,0.3,0.3,0.3,0.26666666699999997,0.233333333,0.233333333,0.233333333,0.26666666699999997,0.26666666699999997,0.26666666699999997
177,0.491944444,0.494944444,0.497944444,0.501722222,0.506055556,0.510888889,0.5155,0.521555556,0.526555556,0.535111111,0.541888889,0.545722222,0.547333333,0.5487777779999999,0.552,0.5565,0.561666667,0.567722222,0.5718333329999999,0.576555556,0.5822222220000001,0.585722222,0.5892222220000001,0.593833333,0.6012777779999999,0.606611111,0.609166667,0.608555556,0.610111111,0.613
178,0.580111111,0.583444444,0.586777778,0.590388889,0.595055556,0.6002222220000001,0.605055556,0.613611111,0.6188888889999999,0.628888889,0.635611111,0.637888889,0.6375,0.6377222220000001,0.640777778,0.645888889,0.651888889,0.658888889,0.662833333,0.667166667,0.672222222,0.6740555559999999,0.6767777779999999,0.681333333,0.6903888890000001,0.6945,0.6968333329999999,0.694444444,0.695666667,0.698611111
179,0.417777778,0.420777778,0.423388889,0.428111111,0.432611111,0.435944444,0.440555556,0.44372222200000005,0.44783333299999994,0.453555556,0.46127777799999997,0.46655555600000004,0.470611111,0.473888889,0.477555556,0.48044444399999997,0.48511111100000004,0.48916666700000005,0.49422222200000004,0.498833333,0.505055556,0.5105,0.514944444,0.518444444,0.525055556,0.530944444,0.533222222,0.534277778,0.535277778,0.538222222
