,2014-04-19,2014-04-20,2014-04-21,2014-04-22,2014-04-23,2014-04-24,2014-04-25,2014-04-26,2014-04-27,2014-04-28,2014-04-29,2014-04-30,2014-05-01,2014-05-02,2014-05-03,2014-05-04,2014-05-05,2014-05-06,2014-05-07,2014-05-08,2014-05-09,2014-05-10,2014-05-11,2014-05-12,2014-05-13,2014-05-14,2014-05-15,2014-05-16,2014-05-17,2014-05-18
0,0.599,0.56,0.544,0.551,0.431,0.494,0.49,0.325,0.389,0.866,0.9159999999999999,0.695,0.621,0.605,0.7090000000000001,0.546,0.578,0.565,0.45899999999999996,0.483,0.8390000000000001,0.608,0.434,0.544,0.7909999999999999,0.6990000000000001,0.591,0.669,0.503,0.48
1,0.0,0.0,0.0,0.0,0.0,0.0,0.0,0.0,0.0,0.028333333,0.045,0.018333333,0.0,0.0,0.003333333,0.0,0.000666667,0.0,0.0,0.006666666999999999,0.013333333000000001,0.0,0.0,0.07666666700000001,0.033333333,0.0,0.0,0.001,0.0,0.0
2,0.0,0.0,0.0,0.0,0.0,0.0,0.0,0.0,0.0,1.0,1.0,1.0,1.0,0.0,1.0,0.0,1.0,0.0,0.0,1.0,1.0,0.0,0.0,1.0,1.0,0.0,0.0,1.0,0.0,0.0
3,0.515,0.483333333,0.493333333,0.5016666670000001,0.5166666670000001,0.536666667,0.56,0.566666667,0.561666667,0.51,0.47666666700000004,0.5,0.518333333,0.5166666670000001,0.5116666670000001,0.46833333299999996,0.455,0.438333333,0.46833333299999996,0.5116666670000001,0.49166666700000006,0.53,0.591666667,0.565,0.523333333,0.57,0.576666667,0.553333333,0.566666667,0.583333333
4,0.6333333329999999,0.556666667,0.61,0.606666667,0.638333333,0.665,0.686666667,0.681666667,0.673333333,0.555,0.5,0.565,0.606666667,0.6183333329999999,0.663333333,0.571666667,0.591666667,0.5083333329999999,0.566666667,0.6216666670000001,0.575,0.6466666670000001,0.721666667,0.6466666670000001,0.59,0.676666667,0.681666667,0.645,0.686666667,0.686666667
5,0.45,0.44,0.41666666700000005,0.41333333299999997,0.41,0.423333333,0.451666667,0.455,0.47166666700000004,0.47666666700000004,0.45333333299999995,0.44833333299999995,0.44,0.423333333,0.435,0.38333333299999994,0.391666667,0.363333333,0.376666667,0.395,0.441666667,0.41333333299999997,0.465,0.515,0.47666666700000004,0.44833333299999995,0.505,0.49166666700000006,0.455,0.488333333
6,0.6365,0.5795,0.552,0.5475,0.491,0.4625,0.49200000000000005,0.4075,0.35700000000000004,0.6275,0.8909999999999999,0.8055,0.6579999999999999,0.613,0.657,0.6275,0.562,0.5715,0.512,0.47100000000000003,0.6609999999999999,0.7235,0.521,0.489,0.6675,0.745,0.645,0.63,0.586,0.4915
7,0.005,0.0,0.0,0.0,0.0,0.0,0.0,0.0,0.0,0.014166666999999999,0.036666667,0.031666667,0.009166667,0.0,0.0016666670000000001,0.0016666670000000001,0.00033333300000000006,0.00033333300000000006,0.0,0.003333333,0.01,0.006666666999999999,0.0,0.038333333,0.055,0.016666667,0.0,0.0005,0.0005,0.0
8,0.5,0.0,0.0,0.0,0.0,0.0,0.0,0.0,0.0,0.5,1.0,1.0,1.0,0.5,0.5,0.5,0.5,0.5,0.0,0.5,1.0,0.5,0.0,0.5,1.0,0.5,0.0,0.5,0.5,0.0
9,0.505,0.499166667,0.488333333,0.4975,0.509166667,0.526666667,0.548333333,0.563333333,0.5641666670000001,0.535833333,0.493333333,0.488333333,0.509166667,0.5175,0.514166667,0.49,0.46166666700000003,0.446666667,0.45333333299999995,0.49,0.5016666670000001,0.510833333,0.5608333329999999,0.578333333,0.544166667,0.546666667,0.573333333,0.565,0.56,0.575
10,0.615833333,0.595,0.583333333,0.6083333329999999,0.6225,0.651666667,0.6758333329999999,0.6841666670000001,0.6775,0.614166667,0.5275,0.5325,0.585833333,0.6125,0.640833333,0.6175,0.581666667,0.55,0.5375,0.594166667,0.598333333,0.610833333,0.6841666670000001,0.6841666670000001,0.6183333329999999,0.6333333329999999,0.6791666670000001,0.663333333,0.6658333329999999,0.686666667
11,0.42,0.445,0.428333333,0.415,0.41166666700000004,0.41666666700000005,0.4375,0.45333333299999995,0.46333333299999996,0.47416666700000004,0.465,0.45083333299999995,0.444166667,0.431666667,0.42916666700000006,0.40916666700000004,0.3875,0.3775,0.37,0.38583333299999995,0.418333333,0.4275,0.439166667,0.49,0.495833333,0.4625,0.47666666700000004,0.498333333,0.47333333299999997,0.47166666700000004
12,0.694333333,0.611,0.567666667,0.551666667,0.5086666670000001,0.49200000000000005,0.47166666700000004,0.436333333,0.40133333299999996,0.526666667,0.723666667,0.825666667,0.7440000000000001,0.640333333,0.645,0.62,0.611,0.563,0.534,0.5023333329999999,0.593666667,0.643333333,0.627,0.528666667,0.589666667,0.6779999999999999,0.693666667,0.653,0.587666667,0.550666667
13,0.003333333,0.003333333,0.0,0.0,0.0,0.0,0.0,0.0,0.0,0.009444444,0.024444444,0.030555556,0.021111111000000002,0.006111111,0.0011111110000000001,0.0011111110000000001,0.001333333,0.000222222,0.000222222,0.0022222220000000003,0.006666666999999999,0.006666666999999999,0.0044444440000000005,0.025555556,0.036666667,0.036666667,0.011111111000000002,0.00033333300000000006,0.00033333300000000006,0.00033333300000000006
14,0.333333333,0.333333333,0.0,0.0,0.0,0.0,0.0,0.0,0.0,0.333333333,0.666666667,1.0,1.0,0.666666667,0.666666667,0.333333333,0.666666667,0.333333333,0.333333333,0.333333333,0.666666667,0.666666667,0.333333333,0.333333333,0.666666667,0.666666667,0.333333333,0.333333333,0.333333333,0.333333333
15,0.49777777799999995,0.49777777799999995,0.49722222200000005,0.49277777799999994,0.503888889,0.518333333,0.5377777779999999,0.554444444,0.562777778,0.546111111,0.5161111110000001,0.495555556,0.498333333,0.5116666670000001,0.515555556,0.498888889,0.47833333299999997,0.45388888899999996,0.45388888899999996,0.472777778,0.490555556,0.5111111110000001,0.5377777779999999,0.562222222,0.56,0.5527777779999999,0.556666667,0.566666667,0.5655555560000001,0.567777778
16,0.601666667,0.596111111,0.6,0.591111111,0.6183333329999999,0.6366666670000001,0.663333333,0.6777777779999999,0.680555556,0.6366666670000001,0.576111111,0.54,0.557222222,0.596666667,0.629444444,0.617777778,0.6088888889999999,0.557222222,0.5555555560000001,0.5655555560000001,0.587777778,0.614444444,0.6477777779999999,0.671666667,0.6527777779999999,0.637777778,0.649444444,0.6677777779999999,0.671111111,0.6727777779999999
17,0.418888889,0.42666666700000005,0.435555556,0.423333333,0.41333333299999997,0.415555556,0.428333333,0.443333333,0.459444444,0.467777778,0.467222222,0.459444444,0.447222222,0.43722222200000005,0.43277777799999995,0.413888889,0.40333333299999996,0.379444444,0.37722222200000005,0.378333333,0.40444444399999996,0.41666666700000005,0.44,0.464444444,0.485555556,0.48,0.47666666700000004,0.48166666700000005,0.483888889,0.47833333299999997
18,0.721,0.66075,0.59425,0.5635,0.5215,0.505,0.4915,0.435,0.4245,0.5175,0.624,0.7165,0.7745,0.70925,0.6575,0.62025,0.6095,0.5995,0.537,0.52125,0.5865,0.59725,0.591,0.60625,0.59425,0.617,0.65625,0.6875,0.6155,0.56075
19,0.0025,0.0025,0.0025,0.0,0.0,0.0,0.0,0.0,0.0,0.007083333000000001,0.018333333,0.022916667,0.022916667,0.015833333,0.005416666999999999,0.000833333,0.001,0.001,0.000166667,0.001833333,0.005,0.005,0.005,0.0225,0.0275,0.0275,0.0275,0.008583333,0.00025,0.00025
20,0.25,0.25,0.25,0.0,0.0,0.0,0.0,0.0,0.0,0.25,0.5,0.75,1.0,0.75,0.75,0.5,0.5,0.5,0.25,0.5,0.5,0.5,0.5,0.5,0.5,0.5,0.5,0.5,0.25,0.25
21,0.48958333299999995,0.494166667,0.496666667,0.498333333,0.49875,0.512083333,0.52875,0.545,0.55625,0.549583333,0.52875,0.512083333,0.50125,0.502916667,0.5116666670000001,0.50375,0.487916667,0.46833333299999996,0.4575,0.46833333299999996,0.4775,0.500416667,0.53125,0.544583333,0.5525,0.5625,0.55875,0.5558333329999999,0.566666667,0.57
22,0.58375,0.5904166670000001,0.599583333,0.601666667,0.602916667,0.63,0.649166667,0.6679166670000001,0.676666667,0.649166667,0.6025,0.573333333,0.556666667,0.5725,0.6133333329999999,0.615,0.61125,0.58375,0.559583333,0.5720833329999999,0.567916667,0.6025,0.64125,0.6475,0.65125,0.65875,0.64875,0.648333333,0.6725,0.675
23,0.415416667,0.42416666700000005,0.42416666700000005,0.43,0.42,0.41583333299999997,0.42458333299999995,0.435,0.45041666700000005,0.46375,0.46416666700000003,0.4625,0.454583333,0.44125,0.436666667,0.420416667,0.40833333299999997,0.39333333299999995,0.37875,0.381666667,0.394166667,0.40666666700000004,0.42875,0.45875,0.4675,0.47625,0.48625,0.480416667,0.475,0.485
24,0.6834,0.6888,0.6374,0.5856,0.537,0.516,0.502,0.4582,0.4258,0.5128,0.5972,0.6382,0.6974,0.7406,0.7092,0.6352,0.6118,0.6006,0.5714,0.5262,0.5848,0.5908,0.5646,0.5816,0.6432,0.6152,0.6118,0.6588,0.6506,0.5884
25,0.002,0.002,0.002,0.002,0.0,0.0,0.0,0.0,0.0,0.005666666999999999,0.014666667,0.018333333,0.018333333,0.018333333,0.013333333000000001,0.004333333,0.0008,0.0008,0.0008,0.001466667,0.0041333329999999995,0.004,0.004,0.019333333,0.024666667000000003,0.022000000000000002,0.022000000000000002,0.0222,0.006866667,0.0002
26,0.2,0.2,0.2,0.2,0.0,0.0,0.0,0.0,0.0,0.2,0.4,0.6,0.8,0.8,0.8,0.6,0.6,0.4,0.4,0.4,0.6,0.4,0.4,0.6,0.6,0.4,0.4,0.6,0.4,0.2
27,0.496,0.488333333,0.494,0.497666667,0.502,0.5063333329999999,0.5216666670000001,0.536333333,0.548333333,0.547,0.535,0.523,0.513333333,0.5043333329999999,0.5046666670000001,0.503,0.494,0.478,0.46833333299999996,0.46833333299999996,0.473,0.488,0.5186666670000001,0.5379999999999999,0.540333333,0.556,0.565333333,0.557666667,0.5579999999999999,0.57
28,0.591666667,0.578333333,0.594333333,0.601,0.609,0.6153333329999999,0.641333333,0.655666667,0.669,0.652333333,0.6193333329999999,0.595,0.58,0.569,0.590666667,0.605,0.6103333329999999,0.590666667,0.580333333,0.5720000000000001,0.572666667,0.583666667,0.6263333329999999,0.642333333,0.636,0.656333333,0.663333333,0.648,0.6559999999999999,0.675333333
29,0.42266666700000005,0.420333333,0.42266666700000005,0.42200000000000004,0.426,0.42066666700000005,0.423,0.430666667,0.442333333,0.455666667,0.46166666700000003,0.461,0.45799999999999996,0.44833333299999995,0.44,0.426,0.41466666700000004,0.39933333299999996,0.39,0.382,0.393666667,0.39799999999999996,0.418333333,0.446,0.46233333299999996,0.46366666700000003,0.48200000000000004,0.487333333,0.47533333299999997,0.47766666700000004
30,0.6609999999999999,0.662833333,0.664666667,0.623,0.5598333329999999,0.529833333,0.5116666670000001,0.4725,0.446666667,0.499166667,0.58,0.6135,0.635333333,0.682,0.7353333329999999,0.682,0.6256666670000001,0.604,0.5770000000000001,0.556666667,0.578333333,0.588666667,0.564666667,0.5611666670000001,0.6165,0.6525,0.611166667,0.6213333329999999,0.632833333,0.622166667
31,0.0016666670000000001,0.0016666670000000001,0.0016666670000000001,0.0016666670000000001,0.0016666670000000001,0.0,0.0,0.0,0.0,0.004722222,0.012222222,0.015277778,0.015277778,0.015277778,0.015833333,0.011111111000000002,0.0037222220000000003,0.000666667,0.000666667,0.0017777779999999998,0.003444444,0.003444444,0.003333333,0.016111111,0.021666667,0.020555556000000003,0.018333333,0.0185,0.0185,0.005722222
32,0.166666667,0.166666667,0.166666667,0.166666667,0.166666667,0.0,0.0,0.0,0.0,0.166666667,0.333333333,0.5,0.666666667,0.666666667,0.833333333,0.666666667,0.666666667,0.5,0.333333333,0.5,0.5,0.5,0.333333333,0.5,0.666666667,0.5,0.333333333,0.5,0.5,0.333333333
33,0.502777778,0.493888889,0.48916666700000005,0.49527777799999995,0.500833333,0.507777778,0.515277778,0.529166667,0.540555556,0.541944444,0.535277778,0.529166667,0.522222222,0.513888889,0.505555556,0.498611111,0.495,0.48472222200000004,0.476388889,0.475555556,0.472222222,0.4825,0.505277778,0.526388889,0.535555556,0.545277778,0.5594444439999999,0.563333333,0.5591666670000001,0.562222222
34,0.6022222220000001,0.585833333,0.583611111,0.596388889,0.607222222,0.6183333329999999,0.627222222,0.648055556,0.658611111,0.65,0.6269444439999999,0.6102777779999999,0.596944444,0.586388889,0.584722222,0.5875,0.602777778,0.593333333,0.586666667,0.5872222220000001,0.5725,0.585,0.606666667,0.629722222,0.633611111,0.642777778,0.660555556,0.660277778,0.654444444,0.661111111
35,0.430555556,0.425555556,0.41972222200000003,0.42111111100000004,0.42,0.425555556,0.425833333,0.428333333,0.4375,0.448055556,0.45527777799999997,0.459444444,0.4575,0.452222222,0.446111111,0.430555556,0.420277778,0.406111111,0.39555555600000003,0.39083333299999995,0.391944444,0.396944444,0.40916666700000004,0.434444444,0.451111111,0.46,0.47055555600000004,0.48361111100000004,0.48194444399999997,0.4775
36,0.664857143,0.646571429,0.645857143,0.6484285710000001,0.5955714289999999,0.550428571,0.5241428570000001,0.485,0.460571429,0.506571429,0.5587142860000001,0.596428571,0.614571429,0.631,0.685857143,0.7082857140000001,0.667142857,0.617,0.583285714,0.563571429,0.597,0.582571429,0.566571429,0.5617142860000001,0.594,0.628285714,0.643714286,0.619428571,0.604428571,0.611
37,0.001428571,0.001428571,0.001428571,0.001428571,0.001428571,0.001428571,0.0,0.0,0.0,0.0040476190000000006,0.01047619,0.013095238,0.013095238,0.013095238,0.013571429,0.013571429,0.009619048,0.003190476,0.000571429,0.00152381,0.0034285709999999996,0.0029523809999999996,0.0029523809999999996,0.013809523999999998,0.018571429,0.018571429,0.017619048000000002,0.015857143,0.015857143,0.015857143
38,0.14285714300000002,0.14285714300000002,0.14285714300000002,0.14285714300000002,0.14285714300000002,0.14285714300000002,0.0,0.0,0.0,0.14285714300000002,0.28571428600000004,0.428571429,0.571428571,0.571428571,0.7142857140000001,0.7142857140000001,0.7142857140000001,0.571428571,0.428571429,0.428571429,0.571428571,0.428571429,0.428571429,0.428571429,0.571428571,0.571428571,0.428571429,0.428571429,0.428571429,0.428571429
39,0.500714286,0.5,0.493809524,0.490952381,0.498333333,0.5059523810000001,0.515238095,0.5226190479999999,0.533809524,0.536190476,0.5326190479999999,0.530238095,0.5276190479999999,0.5214285710000001,0.513571429,0.500238095,0.49238095200000004,0.48690476200000005,0.48238095200000003,0.481428571,0.477857143,0.48047619,0.498095238,0.513809524,0.525952381,0.54047619,0.549761905,0.558571429,0.563809524,0.562619048
40,0.5928571429999999,0.595714286,0.589285714,0.5869047620000001,0.6023809520000001,0.61547619,0.628095238,0.635,0.651666667,0.643809524,0.628571429,0.618095238,0.609761905,0.6,0.5973809520000001,0.582857143,0.588095238,0.589285714,0.58952381,0.591666667,0.58547619,0.583095238,0.60452381,0.612380952,0.6240476189999999,0.639761905,0.648333333,0.658333333,0.664047619,0.659047619
41,0.431190476,0.43190476200000005,0.424285714,0.418809524,0.41952381,0.42047619,0.429285714,0.43,0.43452381,0.44309523799999995,0.44880952399999996,0.454285714,0.456666667,0.45261904799999997,0.449761905,0.43714285700000005,0.425,0.41214285700000003,0.401904762,0.39547619,0.39809523799999996,0.395,0.40666666700000004,0.424285714,0.44047619,0.450714286,0.466428571,0.473571429,0.47952381,0.482857143
42,0.668625,0.65175,0.63375,0.634,0.62125,0.582875,0.542875,0.49925,0.473,0.51125,0.55775,0.57575,0.5995,0.613375,0.64075,0.668375,0.6920000000000001,0.654375,0.59725,0.57075,0.598,0.598375,0.564,0.56375,0.590375,0.607125,0.623625,0.646875,0.604875,0.588875
43,0.00125,0.00125,0.00125,0.00125,0.00125,0.00125,0.00125,0.0,0.0,0.003541667,0.009166667,0.011458333000000001,0.011458333000000001,0.011458333000000001,0.011875,0.011875,0.011958333,0.008416667,0.0027916670000000003,0.001333333,0.003,0.003,0.0025833329999999997,0.012166666999999999,0.01625,0.01625,0.01625,0.015541667,0.013875,0.013875
44,0.125,0.125,0.125,0.125,0.125,0.125,0.125,0.0,0.0,0.125,0.25,0.375,0.5,0.5,0.625,0.625,0.75,0.625,0.5,0.5,0.5,0.5,0.375,0.5,0.5,0.5,0.5,0.5,0.375,0.375
45,0.49770833299999995,0.498541667,0.499166667,0.49479166700000005,0.494166667,0.503125,0.512708333,0.5216666670000001,0.5275,0.530833333,0.52875,0.528541667,0.52875,0.52625,0.520208333,0.507916667,0.49458333299999996,0.485625,0.48458333299999995,0.486041667,0.482708333,0.484375,0.494375,0.506458333,0.515,0.531458333,0.545,0.5502083329999999,0.559583333,0.56625
46,0.588958333,0.588333333,0.5975,0.591458333,0.593333333,0.610208333,0.624375,0.634791667,0.639791667,0.6395833329999999,0.625833333,0.620625,0.6166666670000001,0.610833333,0.607916667,0.594166667,0.583958333,0.578125,0.5864583329999999,0.593541667,0.589583333,0.593125,0.6004166670000001,0.609791667,0.609583333,0.630625,0.645,0.6479166670000001,0.661875,0.666875
47,0.42958333299999996,0.43229166700000005,0.43,0.422916667,0.417708333,0.42,0.424375,0.4325,0.43520833299999995,0.43979166700000005,0.444375,0.44875,0.4525,0.4525,0.45041666700000005,0.441458333,0.43145833299999997,0.41729166700000003,0.407708333,0.40104166700000005,0.40125,0.4,0.40375,0.420208333,0.430833333,0.441458333,0.4575,0.469583333,0.47125,0.480625
48,0.6737777779999999,0.656555556,0.639777778,0.624555556,0.611444444,0.607111111,0.572555556,0.5186666670000001,0.48700000000000004,0.5166666670000001,0.556222222,0.573,0.580777778,0.600111111,0.624,0.630222222,0.658333333,0.6778888890000001,0.6326666670000001,0.584555556,0.600555556,0.599111111,0.580111111,0.561777778,0.589,0.602444444,0.6053333329999999,0.6286666670000001,0.630888889,0.591
49,0.0011111110000000001,0.0011111110000000001,0.0011111110000000001,0.0011111110000000001,0.0011111110000000001,0.0011111110000000001,0.0011111110000000001,0.0011111110000000001,0.0,0.003148148,0.008148148000000001,0.010185185,0.010185185,0.010185185,0.010555556,0.010555556,0.01062963,0.01062963,0.007481481,0.0032222220000000003,0.002666667,0.002666667,0.002666667,0.010814815,0.014518518999999999,0.014444443999999999,0.014444443999999999,0.014555556,0.013814815,0.012333333
50,0.111111111,0.111111111,0.111111111,0.111111111,0.111111111,0.111111111,0.111111111,0.111111111,0.0,0.111111111,0.222222222,0.333333333,0.444444444,0.444444444,0.5555555560000001,0.5555555560000001,0.666666667,0.666666667,0.5555555560000001,0.5555555560000001,0.5555555560000001,0.444444444,0.444444444,0.444444444,0.5555555560000001,0.444444444,0.444444444,0.5555555560000001,0.444444444,0.333333333
51,0.493333333,0.496111111,0.497962963,0.499444444,0.49722222200000005,0.498888889,0.509444444,0.518703704,0.526111111,0.525555556,0.524814815,0.525555556,0.527407407,0.527407407,0.52462963,0.514444444,0.502037037,0.488333333,0.483703704,0.48759259299999996,0.48666666700000005,0.48796296299999997,0.496296296,0.502222222,0.5083333329999999,0.521111111,0.536481481,0.545925926,0.5520370370000001,0.562222222
52,0.588333333,0.58537037,0.5907407410000001,0.598518519,0.596666667,0.601296296,0.618703704,0.630740741,0.6390740739999999,0.63037037,0.624074074,0.619074074,0.619074074,0.616851852,0.6166666670000001,0.603888889,0.593888889,0.575555556,0.576851852,0.59037037,0.591481481,0.595925926,0.6074074070000001,0.605555556,0.607592593,0.617037037,0.636296296,0.645,0.652222222,0.66462963
53,0.42296296299999997,0.43074074100000004,0.430555556,0.42814814799999995,0.421481481,0.418333333,0.423518519,0.427777778,0.43685185200000004,0.439814815,0.44129629600000003,0.444814815,0.44777777799999996,0.44925925899999997,0.450555556,0.442962963,0.435925926,0.423888889,0.412777778,0.406296296,0.40555555600000004,0.40259259299999994,0.407222222,0.41611111100000003,0.426481481,0.43277777799999995,0.448518519,0.461296296,0.46796296299999995,0.473148148
54,0.6917,0.6624,0.6453,0.6309,0.6052,0.5997,0.5954,0.5478,0.5057,0.5249,0.5566,0.5701,0.5778,0.5832,0.611,0.6162,0.625,0.649,0.6559999999999999,0.6177,0.61,0.6013,0.5826,0.5765,0.5847,0.6,0.6013,0.6117,0.6161,0.6158
55,0.001,0.001,0.001,0.001,0.001,0.001,0.001,0.001,0.001,0.002833333,0.007333333,0.009166667,0.009166667,0.009166667,0.0095,0.0095,0.009566667,0.009566667,0.009566667,0.0074,0.004233333,0.0024,0.0024,0.010066667,0.013066666999999999,0.013066666999999999,0.013000000000000001,0.0131,0.0131,0.012433333000000001
56,0.1,0.1,0.1,0.1,0.1,0.1,0.1,0.1,0.1,0.1,0.2,0.3,0.4,0.4,0.5,0.5,0.6,0.6,0.6,0.6,0.6,0.5,0.4,0.5,0.5,0.5,0.4,0.5,0.5,0.4
57,0.48616666700000005,0.492333333,0.495833333,0.498333333,0.501166667,0.501166667,0.505,0.515166667,0.523,0.5245,0.5206666670000001,0.522333333,0.524833333,0.526333333,0.525833333,0.519,0.5085,0.495666667,0.486333333,0.4865,0.488,0.491,0.498333333,0.503166667,0.5043333329999999,0.5145,0.526666667,0.538166667,0.5479999999999999,0.5551666670000001
58,0.58,0.5851666670000001,0.587833333,0.592333333,0.6025,0.6035,0.609833333,0.625,0.635,0.6306666670000001,0.6173333329999999,0.618166667,0.617833333,0.619,0.6215,0.612166667,0.602666667,0.585333333,0.574666667,0.581333333,0.588833333,0.597,0.6085,0.6113333329999999,0.604,0.6145,0.6235,0.637166667,0.649166667,0.655666667
59,0.417333333,0.42466666700000005,0.429333333,0.428833333,0.426333333,0.42166666700000005,0.42166666700000005,0.42666666700000005,0.432166667,0.440833333,0.441166667,0.442,0.444333333,0.445333333,0.44783333299999994,0.443833333,0.437833333,0.42866666700000006,0.41916666700000005,0.41100000000000003,0.40983333299999997,0.40633333299999996,0.40883333299999997,0.418,0.42216666700000005,0.42866666700000006,0.44,0.45283333299999995,0.46066666700000003,0.47
60,0.684181818,0.679727273,0.651636364,0.636727273,0.612727273,0.595090909,0.5897272729999999,0.570818182,0.533363636,0.538454545,0.560454545,0.569181818,0.5747272729999999,0.580272727,0.594636364,0.605090909,0.612727273,0.619545455,0.631727273,0.640272727,0.6378181820000001,0.609818182,0.5860909089999999,0.5790909089999999,0.596,0.595090909,0.5991818179999999,0.607454545,0.601818182,0.603727273
61,0.0009090910000000001,0.0009090910000000001,0.0009090910000000001,0.0009090910000000001,0.0009090910000000001,0.0009090910000000001,0.0009090910000000001,0.0009090910000000001,0.0009090910000000001,0.003484848,0.006666666999999999,0.008333333,0.008333333,0.008333333,0.008636364,0.008636364,0.00869697,0.00869697,0.00869697,0.00930303,0.007939394,0.003848485,0.002181818,0.009151515,0.012181818,0.011878788000000001,0.011878788000000001,0.011909091,0.011909091,0.011909091
62,0.090909091,0.090909091,0.090909091,0.090909091,0.090909091,0.090909091,0.090909091,0.090909091,0.090909091,0.181818182,0.181818182,0.272727273,0.363636364,0.363636364,0.454545455,0.454545455,0.545454545,0.545454545,0.545454545,0.636363636,0.636363636,0.545454545,0.454545455,0.454545455,0.545454545,0.454545455,0.454545455,0.454545455,0.454545455,0.454545455
63,0.48272727299999996,0.485909091,0.492424242,0.496363636,0.5,0.504393939,0.5065151520000001,0.510606061,0.519393939,0.5218181820000001,0.520151515,0.518787879,0.5219696970000001,0.524090909,0.525,0.5206060610000001,0.513181818,0.502121212,0.493181818,0.488636364,0.48696969700000003,0.49181818200000005,0.500151515,0.504393939,0.505,0.51030303,0.520151515,0.529090909,0.540757576,0.551212121
64,0.579848485,0.5778787879999999,0.587424242,0.589545455,0.596515152,0.6081818179999999,0.611060606,0.616363636,0.629393939,0.627727273,0.618787879,0.612575758,0.617121212,0.617878788,0.623030303,0.616969697,0.61030303,0.594090909,0.583636364,0.5789393939999999,0.580757576,0.594090909,0.6083333329999999,0.611969697,0.6093939389999999,0.610606061,0.620606061,0.625454545,0.6416666670000001,0.652575758
65,0.410757576,0.419393939,0.42393939399999997,0.42787878799999995,0.42712121200000003,0.426060606,0.424393939,0.42469697,0.43075757600000003,0.436212121,0.44196969700000005,0.441818182,0.441818182,0.442424242,0.44439393899999996,0.44196969700000005,0.439090909,0.431060606,0.42393939399999997,0.41696969700000003,0.41378787899999997,0.410151515,0.41166666700000004,0.41848484799999996,0.423333333,0.424545455,0.435606061,0.44469697,0.45303030299999997,0.46318181799999997
66,0.68125,0.6738333329999999,0.668416667,0.64325,0.619583333,0.602833333,0.586333333,0.567666667,0.555666667,0.561083333,0.569916667,0.571666667,0.5735,0.57725,0.591,0.590583333,0.602833333,0.60875,0.606166667,0.6193333329999999,0.656833333,0.635333333,0.595166667,0.582583333,0.59675,0.604583333,0.59475,0.605,0.59875,0.591666667
67,0.000833333,0.000833333,0.000833333,0.000833333,0.000833333,0.000833333,0.000833333,0.000833333,0.000833333,0.0031944440000000003,0.006944444,0.007638889,0.007638889,0.007638889,0.007916666999999999,0.007916666999999999,0.007972222,0.007972222,0.007972222,0.008527778,0.009638889,0.007277778,0.003527778,0.008388889,0.011166667,0.011166667,0.010888888999999999,0.010972222,0.010916667,0.010916667
68,0.083333333,0.083333333,0.083333333,0.083333333,0.083333333,0.083333333,0.083333333,0.083333333,0.083333333,0.166666667,0.25,0.25,0.333333333,0.333333333,0.41666666700000005,0.41666666700000005,0.5,0.5,0.5,0.583333333,0.666666667,0.583333333,0.5,0.5,0.5,0.5,0.41666666700000005,0.5,0.41666666700000005,0.41666666700000005
69,0.477638889,0.482777778,0.48652777799999997,0.493194444,0.498055556,0.5030555560000001,0.509027778,0.5115277779999999,0.514861111,0.518611111,0.518055556,0.518472222,0.51875,0.5215277779999999,0.523055556,0.520277778,0.5151388889999999,0.5069444439999999,0.49930555600000004,0.49472222200000004,0.488888889,0.490555556,0.500138889,0.505555556,0.505972222,0.510416667,0.515833333,0.5229166670000001,0.532222222,0.544305556
70,0.575555556,0.577916667,0.580555556,0.589027778,0.593611111,0.6022222220000001,0.614722222,0.616944444,0.621111111,0.623194444,0.617083333,0.614305556,0.612083333,0.617222222,0.6216666670000001,0.61875,0.614861111,0.601805556,0.5918055560000001,0.5868055560000001,0.5786111110000001,0.58625,0.604722222,0.611527778,0.610138889,0.615,0.6165277779999999,0.622638889,0.630555556,0.645416667
71,0.40416666700000003,0.413194444,0.41916666700000005,0.423055556,0.426388889,0.42680555600000003,0.428194444,0.426944444,0.428611111,0.43458333299999996,0.437638889,0.4425,0.441666667,0.44027777799999995,0.441805556,0.43930555600000004,0.43777777799999995,0.43277777799999995,0.42652777799999997,0.42152777799999996,0.41902777799999996,0.41375,0.41472222200000003,0.420277778,0.423333333,0.425416667,0.43125,0.44027777799999995,0.445555556,0.45597222200000004
72,0.667769231,0.671923077,0.663846154,0.659384615,0.626923077,0.609923077,0.594153846,0.566230769,0.553923077,0.579538462,0.588384615,0.579538462,0.575461538,0.575923077,0.587384615,0.587538462,0.589615385,0.599923077,0.5972307689999999,0.596692308,0.636230769,0.653076923,0.619846154,0.5912307689999999,0.598615385,0.604615385,0.603538462,0.600461538,0.597153846,0.589615385
73,0.0007692310000000001,0.0007692310000000001,0.0007692310000000001,0.0007692310000000001,0.0007692310000000001,0.0007692310000000001,0.0007692310000000001,0.0007692310000000001,0.0007692310000000001,0.002948718,0.006410256,0.007820513000000001,0.007051282,0.007051282,0.007307691999999999,0.007307691999999999,0.007358974,0.007358974,0.007358974,0.007871795,0.008897436,0.008897436,0.006717949,0.009153846,0.010307692,0.010307692,0.010307692,0.010128205,0.010128205,0.010076923
74,0.076923077,0.076923077,0.076923077,0.076923077,0.076923077,0.076923077,0.076923077,0.076923077,0.076923077,0.153846154,0.23076923100000002,0.307692308,0.307692308,0.307692308,0.384615385,0.384615385,0.46153846200000004,0.46153846200000004,0.46153846200000004,0.538461538,0.615384615,0.615384615,0.538461538,0.538461538,0.538461538,0.46153846200000004,0.46153846200000004,0.46153846200000004,0.46153846200000004,0.384615385
75,0.469615385,0.478076923,0.483589744,0.48769230799999996,0.495,0.501025641,0.507435897,0.5134615379999999,0.515384615,0.514487179,0.515384615,0.5166666670000001,0.5184615379999999,0.518589744,0.520769231,0.518846154,0.51525641,0.509230769,0.503974359,0.50025641,0.494487179,0.49205128200000003,0.498333333,0.505128205,0.506923077,0.510897436,0.5155128210000001,0.518717949,0.526282051,0.536153846
76,0.566923077,0.574102564,0.580384615,0.5825641029999999,0.5928205129999999,0.599102564,0.608717949,0.619871795,0.621282051,0.616025641,0.613717949,0.6130769229999999,0.613717949,0.612564103,0.620769231,0.617820513,0.6166666670000001,0.606666667,0.599102564,0.5941025639999999,0.585897436,0.583846154,0.596666667,0.6079487179999999,0.609871795,0.61525641,0.620128205,0.618717949,0.627564103,0.634871795
77,0.39525641,0.406923077,0.41346153799999996,0.418717949,0.422051282,0.426153846,0.428717949,0.43025641,0.430384615,0.432307692,0.436025641,0.438461538,0.44230769200000003,0.44025641,0.439871795,0.437307692,0.43564102600000004,0.43205128200000004,0.428461538,0.42410256399999996,0.423076923,0.418589744,0.41769230799999996,0.422435897,0.424615385,0.42525641,0.431538462,0.435897436,0.441410256,0.448846154
78,0.663285714,0.6600714289999999,0.662785714,0.655785714,0.643071429,0.617428571,0.601357143,0.574928571,0.553571429,0.576214286,0.6035714289999999,0.596,0.5825,0.577571429,0.585428571,0.584428571,0.586857143,0.5878571429999999,0.5898571429999999,0.589071429,0.614,0.634214286,0.637428571,0.614428571,0.6055,0.605785714,0.603642857,0.608214286,0.5935,0.588785714
79,0.0007142860000000001,0.0007142860000000001,0.0007142860000000001,0.0007142860000000001,0.0007142860000000001,0.0007142860000000001,0.0007142860000000001,0.0007142860000000001,0.0007142860000000001,0.002738095,0.005952381,0.007261905,0.007261905,0.006547619,0.006785714,0.006785714,0.0068333330000000005,0.0068333330000000005,0.0068333330000000005,0.007309524,0.008261905,0.008261905,0.008261905,0.011714286,0.010880952,0.009571429000000001,0.009571429000000001,0.009642857,0.009404761999999999,0.009404761999999999
80,0.14285714300000002,0.071428571,0.071428571,0.071428571,0.071428571,0.071428571,0.071428571,0.071428571,0.071428571,0.14285714300000002,0.214285714,0.28571428600000004,0.35714285700000004,0.28571428600000004,0.35714285700000004,0.35714285700000004,0.428571429,0.428571429,0.428571429,0.5,0.571428571,0.571428571,0.571428571,0.571428571,0.571428571,0.5,0.428571429,0.5,0.428571429,0.428571429
81,0.46130952399999997,0.47059523799999997,0.47916666700000005,0.48488095200000003,0.489761905,0.49797619,0.505238095,0.5116666670000001,0.516904762,0.515,0.511785714,0.514285714,0.516785714,0.518333333,0.518095238,0.51702381,0.514285714,0.509761905,0.506309524,0.50452381,0.49964285700000005,0.49702381,0.499166667,0.503095238,0.506428571,0.511428571,0.515595238,0.518214286,0.5221428570000001,0.5303571429999999
82,0.557380952,0.566190476,0.576666667,0.582261905,0.586547619,0.59797619,0.605357143,0.613928571,0.623690476,0.616547619,0.607738095,0.610238095,0.612619048,0.6140476189999999,0.616190476,0.617261905,0.615952381,0.608928571,0.603809524,0.600714286,0.592738095,0.590238095,0.593690476,0.600238095,0.606666667,0.614642857,0.62,0.621904762,0.623571429,0.6317857139999999
83,0.389047619,0.398452381,0.407619048,0.41345238100000004,0.418095238,0.42214285700000004,0.42797619,0.430595238,0.433214286,0.433690476,0.433809524,0.436904762,0.438571429,0.440952381,0.43988095200000005,0.435833333,0.434047619,0.43047619,0.428095238,0.426071429,0.425357143,0.42238095200000003,0.42190476200000004,0.42464285700000004,0.426309524,0.426309524,0.430952381,0.435833333,0.437261905,0.444761905
84,0.654133333,0.6564,0.652333333,0.655333333,0.6408,0.633133333,0.608933333,0.5829333329999999,0.562533333,0.5744,0.598866667,0.609666667,0.597666667,0.584,0.586333333,0.5828,0.584,0.5854,0.5792666670000001,0.582733333,0.605733333,0.6136,0.620866667,0.6312,0.6262,0.611733333,0.6048,0.608,0.6012,0.585933333
85,0.000666667,0.000666667,0.000666667,0.000666667,0.000666667,0.000666667,0.000666667,0.000666667,0.000666667,0.002555556,0.005555556,0.006777778000000001,0.006777778000000001,0.006777778000000001,0.006333333000000001,0.006333333000000001,0.006377778000000001,0.006377778000000001,0.006377778000000001,0.006822221999999999,0.007711111,0.007711111,0.007711111,0.012822222,0.013155556,0.010155556,0.008933333,0.009000000000000001,0.009000000000000001,0.008777778
86,0.133333333,0.133333333,0.066666667,0.066666667,0.066666667,0.066666667,0.066666667,0.066666667,0.066666667,0.133333333,0.2,0.26666666699999997,0.333333333,0.333333333,0.333333333,0.333333333,0.4,0.4,0.4,0.46666666700000003,0.533333333,0.533333333,0.533333333,0.6,0.6,0.533333333,0.46666666700000003,0.46666666700000003,0.46666666700000003,0.4
87,0.454555556,0.462777778,0.472111111,0.48066666700000005,0.48700000000000004,0.492888889,0.502111111,0.5093333329999999,0.515,0.516444444,0.512444444,0.511,0.514555556,0.516777778,0.517888889,0.514777778,0.512888889,0.509222222,0.507,0.5066666670000001,0.5036666670000001,0.5016666670000001,0.5033333329999999,0.503555556,0.504444444,0.5106666670000001,0.515777778,0.5181111110000001,0.521444444,0.526222222
88,0.549888889,0.557333333,0.569111111,0.578666667,0.586,0.591777778,0.603888889,0.610444444,0.6178888889999999,0.619111111,0.608777778,0.6048888889999999,0.61,0.613,0.6173333329999999,0.613222222,0.615555556,0.608777778,0.606111111,0.605,0.599,0.596333333,0.599,0.5972222220000001,0.599555556,0.6113333329999999,0.619111111,0.6216666670000001,0.626222222,0.627777778
89,0.382333333,0.392444444,0.39966666700000003,0.408,0.41322222200000003,0.41844444399999997,0.42411111100000004,0.42977777799999994,0.433333333,0.436111111,0.435,0.43477777799999995,0.437111111,0.437555556,0.440555556,0.436111111,0.432888889,0.429333333,0.426888889,0.425888889,0.427111111,0.424555556,0.42522222200000004,0.428111111,0.428111111,0.427777778,0.431555556,0.435,0.437111111,0.440666667
90,0.652625,0.64825,0.649375,0.6459999999999999,0.6413125,0.631625,0.6241875,0.5911875,0.5708125,0.5815,0.59575,0.604875,0.610375,0.598125,0.5918125,0.5838125,0.5825,0.5828125,0.5775,0.57325,0.59875,0.605875,0.602375,0.6160625,0.6411875,0.63075,0.6104375,0.6088125,0.6014375,0.593625
91,0.000729167,0.000625,0.000625,0.000625,0.000625,0.000625,0.000625,0.000625,0.000625,0.002395833,0.005208333,0.006354166999999999,0.006354166999999999,0.006354166999999999,0.0065625,0.0059375,0.005979167,0.005979167,0.005979167,0.006395833,0.007229167,0.007229167,0.007229167,0.012020833,0.014104166999999999,0.012333333,0.009520833000000001,0.0084375,0.0084375,0.0084375
92,0.1875,0.125,0.125,0.0625,0.0625,0.0625,0.0625,0.0625,0.0625,0.125,0.1875,0.25,0.3125,0.3125,0.375,0.3125,0.375,0.375,0.375,0.4375,0.5,0.5,0.5,0.5625,0.625,0.5625,0.5,0.5,0.4375,0.4375
93,0.45239583299999997,0.45635416700000003,0.4646875,0.47395833299999995,0.482916667,0.49010416700000003,0.49708333299999996,0.5061458329999999,0.512604167,0.5146875,0.5139583329999999,0.5116666670000001,0.511458333,0.5146875,0.516458333,0.514791667,0.511041667,0.508229167,0.5066666670000001,0.5072916670000001,0.505729167,0.5053125,0.5072916670000001,0.5071875,0.504791667,0.508541667,0.514791667,0.518125,0.521145833,0.5253125
94,0.5453125,0.5503125,0.560625,0.5714583329999999,0.582395833,0.5909375,0.5977083329999999,0.60875,0.614375,0.613958333,0.611666667,0.6060416670000001,0.605,0.6105208329999999,0.6161458329999999,0.614479167,0.611875,0.6088541670000001,0.606145833,0.607083333,0.603125,0.601979167,0.604166667,0.601979167,0.596770833,0.604375,0.615729167,0.620729167,0.625729167,0.63
95,0.37979166700000005,0.3859375,0.393958333,0.40052083299999997,0.408125,0.41385416700000005,0.420520833,0.426041667,0.43239583299999995,0.436041667,0.4371875,0.435833333,0.43510416700000004,0.43625,0.43739583299999996,0.43697916700000006,0.433333333,0.428541667,0.426041667,0.42489583299999995,0.426875,0.42625,0.42708333299999995,0.430833333,0.431145833,0.429375,0.43260416700000004,0.4353125,0.43625,0.4403125
96,0.631882353,0.647176471,0.6421176470000001,0.643588235,0.6333529410000001,0.632647059,0.623294118,0.606588235,0.579294118,0.588176471,0.601176471,0.601588235,0.605823529,0.610058824,0.6046470589999999,0.589117647,0.583470588,0.581470588,0.5755294120000001,0.571941176,0.588882353,0.599294118,0.595764706,0.598941176,0.626352941,0.644588235,0.628411765,0.6138823529999999,0.602588235,0.594294118
97,0.000686275,0.000686275,0.000588235,0.000588235,0.000588235,0.000588235,0.000588235,0.000588235,0.000588235,0.002254902,0.004901961,0.005980391999999999,0.005980391999999999,0.005980391999999999,0.006176470999999999,0.006176470999999999,0.0056274509999999995,0.0056274509999999995,0.0056274509999999995,0.006019608,0.006803922,0.006803922,0.006803922,0.011313725,0.01327451,0.01327451,0.011607843,0.009019608,0.007941176,0.007941176
98,0.176470588,0.176470588,0.117647059,0.117647059,0.058823529000000006,0.058823529000000006,0.058823529000000006,0.058823529000000006,0.058823529000000006,0.117647059,0.176470588,0.235294118,0.294117647,0.294117647,0.352941176,0.352941176,0.352941176,0.352941176,0.352941176,0.41176470600000004,0.470588235,0.470588235,0.470588235,0.529411765,0.588235294,0.588235294,0.529411765,0.529411765,0.470588235,0.41176470600000004
99,0.455686275,0.454215686,0.458529412,0.466862745,0.476470588,0.48607843100000003,0.494215686,0.5011764710000001,0.509411765,0.51245098,0.51245098,0.513137255,0.512058824,0.511764706,0.514509804,0.5136274510000001,0.51127451,0.506764706,0.505882353,0.506960784,0.506372549,0.507156863,0.5103921570000001,0.510686275,0.508137255,0.5086274510000001,0.51254902,0.517058824,0.520980392,0.524803922
100,0.549411765,0.545980392,0.553823529,0.563333333,0.575392157,0.5872549020000001,0.596568627,0.602647059,0.61254902,0.6108823529999999,0.607254902,0.6089215689999999,0.606078431,0.605784314,0.613627451,0.613529412,0.613137255,0.605784314,0.606372549,0.607058824,0.605196078,0.605686275,0.609019608,0.606666667,0.60127451,0.601470588,0.6089215689999999,0.61745098,0.6246078429999999,0.629313725
101,0.381862745,0.38333333299999994,0.38774509799999995,0.395098039,0.401078431,0.409019608,0.416078431,0.42254902,0.42872549,0.435,0.437058824,0.43784313700000005,0.436078431,0.434411765,0.436176471,0.434215686,0.434313725,0.42921568600000004,0.425490196,0.42421568600000004,0.425882353,0.42607843100000004,0.42852941200000005,0.43225490200000005,0.433529412,0.43215686299999995,0.433823529,0.436078431,0.436470588,0.439313725
102,0.615555556,0.627888889,0.641444444,0.637055556,0.631777778,0.625611111,0.624722222,0.606722222,0.5945,0.5952222220000001,0.606388889,0.606388889,0.602666667,0.605777778,0.615555556,0.601388889,0.5885,0.582444444,0.574666667,0.570388889,0.586777778,0.589944444,0.590111111,0.592888889,0.609611111,0.630388889,0.641611111,0.6306666670000001,0.607722222,0.595777778
103,0.000648148,0.000648148,0.000648148,0.000555556,0.000555556,0.000555556,0.000555556,0.000555556,0.000555556,0.00212963,0.00462963,0.005648148,0.005648148,0.005648148,0.0058333330000000004,0.0058333330000000004,0.00587037,0.005314815,0.005314815,0.005685185,0.006425925999999999,0.006425925999999999,0.006425925999999999,0.010685185,0.012537037,0.012537037,0.012537037,0.011018519,0.008518519,0.0075
104,0.166666667,0.166666667,0.166666667,0.111111111,0.111111111,0.055555556,0.055555556,0.055555556,0.055555556,0.111111111,0.166666667,0.222222222,0.27777777800000003,0.27777777800000003,0.333333333,0.333333333,0.38888888899999996,0.333333333,0.333333333,0.38888888899999996,0.444444444,0.444444444,0.444444444,0.5,0.5555555560000001,0.5555555560000001,0.5555555560000001,0.5555555560000001,0.5,0.444444444
105,0.458703704,0.457222222,0.45638888899999996,0.46092592600000004,0.46962963,0.479814815,0.490185185,0.49824074100000004,0.5045370370000001,0.509444444,0.5104629629999999,0.511759259,0.513425926,0.512314815,0.511759259,0.5119444439999999,0.51037037,0.507222222,0.50462963,0.506203704,0.5061111110000001,0.507685185,0.511851852,0.513425926,0.511388889,0.511574074,0.512407407,0.514814815,0.519814815,0.524444444
106,0.554074074,0.549814815,0.549537037,0.556759259,0.5675,0.58037037,0.592777778,0.601296296,0.606574074,0.6093518520000001,0.604722222,0.604907407,0.6087962960000001,0.6067592589999999,0.608981481,0.611296296,0.612314815,0.607314815,0.603611111,0.607222222,0.6052777779999999,0.6075,0.61212963,0.611111111,0.605740741,0.605462963,0.6059259260000001,0.6109259260000001,0.621296296,0.6280555560000001
107,0.38333333299999994,0.385092593,0.385185185,0.389166667,0.39592592600000004,0.402314815,0.411388889,0.418240741,0.425277778,0.431388889,0.436018519,0.437685185,0.437962963,0.43537037,0.434444444,0.43324074100000004,0.43185185200000004,0.43037037,0.426296296,0.423796296,0.425185185,0.425185185,0.42824074100000004,0.433333333,0.43472222200000005,0.43435185200000004,0.43620370399999997,0.437037037,0.43712963,0.43935185200000004
108,0.609105263,0.612631579,0.623473684,0.636684211,0.626210526,0.624526316,0.618473684,0.6089473679999999,0.595263158,0.6087894739999999,0.612105263,0.611052632,0.607157895,0.6027894739999999,0.611210526,0.6118947370000001,0.600157895,0.587263158,0.575947368,0.569842105,0.584526316,0.5878947370000001,0.581736842,0.587684211,0.6033157889999999,0.614315789,0.628315789,0.6430526320000001,0.623947368,0.601
109,0.000614035,0.000614035,0.000614035,0.000614035,0.000526316,0.000526316,0.000526316,0.000526316,0.000526316,0.002017544,0.004385965,0.0053508769999999995,0.0053508769999999995,0.0053508769999999995,0.005526316,0.005526316,0.005561404,0.005561404,0.005035088,0.005385965,0.006087719,0.006087719,0.006087719,0.010122807,0.011877193000000001,0.011877193000000001,0.011877193000000001,0.011929825,0.010438596,0.008070175
110,0.15789473699999998,0.15789473699999998,0.15789473699999998,0.15789473699999998,0.10526315800000001,0.10526315800000001,0.052631579000000005,0.052631579000000005,0.052631579000000005,0.10526315800000001,0.15789473699999998,0.21052631600000002,0.263157895,0.263157895,0.31578947399999996,0.31578947399999996,0.36842105299999994,0.36842105299999994,0.31578947399999996,0.36842105299999994,0.42105263200000004,0.42105263200000004,0.42105263200000004,0.473684211,0.526315789,0.526315789,0.526315789,0.578947368,0.526315789,0.473684211
111,0.46043859600000003,0.46,0.459122807,0.45877193,0.463859649,0.473157895,0.48403508799999995,0.49421052600000004,0.501578947,0.5048245610000001,0.5077192979999999,0.509912281,0.5121052629999999,0.513596491,0.512280702,0.509473684,0.508947368,0.5065789470000001,0.505175439,0.505,0.505438596,0.507368421,0.5121052629999999,0.514649123,0.513947368,0.5144736839999999,0.515,0.514561404,0.51754386,0.523157895
112,0.555789474,0.554210526,0.5529824560000001,0.55254386,0.561052632,0.572631579,0.585964912,0.59745614,0.605087719,0.603859649,0.603596491,0.602631579,0.605,0.609298246,0.609736842,0.607017544,0.610263158,0.606842105,0.605175439,0.604561404,0.6055263160000001,0.60745614,0.613508772,0.6139473679999999,0.61,0.609473684,0.609473684,0.607982456,0.6149122810000001,0.624736842
113,0.38403508799999997,0.38631578899999997,0.386754386,0.386666667,0.39026315799999994,0.397368421,0.40491228100000004,0.413684211,0.42105263200000004,0.427982456,0.43254386,0.436666667,0.437807018,0.437192982,0.435350877,0.431754386,0.43105263200000005,0.428245614,0.42754386,0.42464912299999996,0.424736842,0.424561404,0.427280702,0.432807018,0.435614035,0.435438596,0.438070175,0.439122807,0.437982456,0.439824561
114,0.6104,0.60665,0.6092,0.61985,0.6264,0.6196,0.6178,0.6038,0.59795,0.6088,0.62415,0.61625,0.61155,0.60705,0.6081,0.60795,0.6102,0.5984,0.58085,0.5713,0.5833,0.5857,0.5802,0.57985,0.59785,0.6081,0.61315,0.63035,0.63605,0.61675
115,0.000583333,0.000583333,0.000583333,0.000583333,0.000583333,0.0005,0.0005,0.0005,0.0005,0.0019166670000000002,0.004166667,0.005083333,0.005083333,0.005083333,0.00525,0.00525,0.005283333,0.005283333,0.005283333,0.005116667,0.005783333000000001,0.005783333000000001,0.005783333000000001,0.009616666999999999,0.011283333000000001,0.011283333000000001,0.011283333000000001,0.011333333000000001,0.011333333000000001,0.009916666999999999
116,0.2,0.15,0.15,0.15,0.15,0.1,0.1,0.05,0.05,0.1,0.15,0.2,0.25,0.25,0.3,0.3,0.35,0.35,0.35,0.35,0.4,0.4,0.4,0.45,0.5,0.5,0.5,0.55,0.55,0.5
117,0.46233333299999996,0.461583333,0.46166666700000003,0.46125,0.46166666700000003,0.4675,0.4775,0.48816666700000005,0.49758333299999996,0.502,0.503416667,0.5073333329999999,0.510333333,0.512333333,0.5135,0.510083333,0.50675,0.505416667,0.5046666670000001,0.5055,0.5043333329999999,0.5066666670000001,0.5115833329999999,0.51475,0.515083333,0.51675,0.5175833329999999,0.516916667,0.517166667,0.520833333
118,0.557666667,0.5558333329999999,0.557,0.555666667,0.5568333329999999,0.56625,0.578333333,0.59075,0.60125,0.602583333,0.598666667,0.601666667,0.602833333,0.605666667,0.612,0.607833333,0.60625,0.605166667,0.604833333,0.606,0.6030833329999999,0.607583333,0.613166667,0.615166667,0.61275,0.6133333329999999,0.613083333,0.61125,0.611916667,0.6185
119,0.38583333299999995,0.38683333299999995,0.38783333299999995,0.388083333,0.38783333299999995,0.39191666700000005,0.400083333,0.407416667,0.41658333299999994,0.423833333,0.42925,0.433333333,0.436833333,0.43708333299999996,0.43708333299999996,0.43275,0.42975,0.42766666700000006,0.42566666700000005,0.425916667,0.4255,0.42416666700000005,0.42658333299999995,0.431666667,0.435,0.43625,0.43891666700000004,0.44075,0.43991666700000004,0.4405
120,0.616285714,0.608,0.603666667,0.606428571,0.6108571429999999,0.620095238,0.613428571,0.6038571429999999,0.593571429,0.610714286,0.623428571,0.62752381,0.61647619,0.611238095,0.611904762,0.605142857,0.60652381,0.608047619,0.591761905,0.5761904760000001,0.584047619,0.58447619,0.57847619,0.57847619,0.5899047620000001,0.602666667,0.607285714,0.615809524,0.624285714,0.628619048
121,0.0011111110000000001,0.000555556,0.000555556,0.000555556,0.000555556,0.000555556,0.00047619,0.00047619,0.00047619,0.001825397,0.003968254,0.00484127,0.00484127,0.00484127,0.005,0.005,0.005031746,0.005031746,0.005031746,0.005349206,0.005507936999999999,0.005507936999999999,0.005507936999999999,0.00915873,0.010746031999999999,0.010746031999999999,0.010746031999999999,0.010793651000000001,0.010793651000000001,0.010793651000000001
122,0.23809523800000001,0.19047619,0.14285714300000002,0.14285714300000002,0.14285714300000002,0.14285714300000002,0.095238095,0.095238095,0.047619048,0.095238095,0.14285714300000002,0.19047619,0.23809523800000001,0.23809523800000001,0.28571428600000004,0.28571428600000004,0.333333333,0.333333333,0.333333333,0.380952381,0.380952381,0.380952381,0.380952381,0.428571429,0.47619047600000003,0.47619047600000003,0.47619047600000003,0.523809524,0.523809524,0.523809524
123,0.46412698399999996,0.46333333299999996,0.46309523799999996,0.463571429,0.46388888899999997,0.465238095,0.47190476200000003,0.48174603200000005,0.49166666700000006,0.498174603,0.5007936510000001,0.503253968,0.507857143,0.510634921,0.5123015870000001,0.511349206,0.507460317,0.5034920629999999,0.503650794,0.505,0.50484127,0.505555556,0.510714286,0.514126984,0.51515873,0.517698413,0.519603175,0.519285714,0.519285714,0.52031746
124,0.557301587,0.557619048,0.5584126979999999,0.559365079,0.559603175,0.561984127,0.571984127,0.583253968,0.59468254,0.599047619,0.5976984129999999,0.5970634920000001,0.601904762,0.6035714289999999,0.608412698,0.610079365,0.607063492,0.601587302,0.6033333329999999,0.605634921,0.60452381,0.60515873,0.6130158729999999,0.614761905,0.613968254,0.615793651,0.616587302,0.614603175,0.61484127,0.61547619
125,0.38984127,0.38841269799999995,0.38825396799999995,0.389047619,0.389126984,0.38952381,0.394761905,0.402698413,0.41047619,0.41944444399999997,0.425238095,0.43015873,0.433650794,0.436190476,0.43698412700000006,0.43452381,0.430793651,0.42658730200000006,0.425238095,0.424206349,0.42666666700000005,0.424920635,0.42611111100000004,0.430793651,0.433809524,0.435634921,0.43952381,0.441428571,0.441428571,0.44222222200000005
126,0.614318182,0.613727273,0.605090909,0.601272727,0.598454545,0.605545455,0.6141818179999999,0.600318182,0.594090909,0.605954545,0.624590909,0.626681818,0.6272272729999999,0.615954545,0.615681818,0.608909091,0.603909091,0.604636364,0.601272727,0.586818182,0.588136364,0.585136364,0.577636364,0.576909091,0.588136364,0.594863636,0.602136364,0.610090909,0.610681818,0.617727273
127,0.001060606,0.001060606,0.000530303,0.000530303,0.000530303,0.000530303,0.000530303,0.000454545,0.000454545,0.001742424,0.003787879,0.004621212,0.004621212,0.004621212,0.004772727,0.004772727,0.00480303,0.00480303,0.00480303,0.005106060999999999,0.005712121,0.005257576,0.005257576,0.008742424,0.010257576,0.010257576,0.010257576,0.01030303,0.01030303,0.01030303
128,0.22727272699999998,0.22727272699999998,0.181818182,0.13636363599999998,0.13636363599999998,0.13636363599999998,0.13636363599999998,0.090909091,0.090909091,0.090909091,0.13636363599999998,0.181818182,0.22727272699999998,0.22727272699999998,0.272727273,0.272727273,0.318181818,0.318181818,0.318181818,0.363636364,0.409090909,0.363636364,0.363636364,0.409090909,0.454545455,0.454545455,0.454545455,0.5,0.5,0.5
129,0.466969697,0.465,0.46469697,0.464848485,0.46598484799999995,0.46719697,0.469545455,0.476212121,0.48537878799999995,0.4925,0.49719697,0.500757576,0.503939394,0.508257576,0.510681818,0.51030303,0.508787879,0.504318182,0.501893939,0.504015152,0.504393939,0.505984848,0.509469697,0.513181818,0.514545455,0.517651515,0.5203787879999999,0.521136364,0.521439394,0.52219697
130,0.561363636,0.5572727270000001,0.56,0.560606061,0.562954545,0.564393939,0.567651515,0.576969697,0.587348485,0.5928787879999999,0.594545455,0.596212121,0.5975,0.602651515,0.606287879,0.606742424,0.609242424,0.602575758,0.6,0.604166667,0.604242424,0.606439394,0.610454545,0.614545455,0.613636364,0.616818182,0.618787879,0.617878788,0.617878788,0.618106061
131,0.392045455,0.39212121200000005,0.38969697,0.38939393899999997,0.39,0.39068181799999996,0.392348485,0.3975,0.40583333299999996,0.41348484799999996,0.42098484799999997,0.426287879,0.43060606100000004,0.433181818,0.436136364,0.434545455,0.432575758,0.42772727299999996,0.42431818200000004,0.423863636,0.425,0.426060606,0.426742424,0.430151515,0.43287878799999996,0.43446969700000004,0.438787879,0.44189393899999996,0.442045455,0.443560606
132,0.617565217,0.6119565220000001,0.610695652,0.60273913,0.593869565,0.5939130429999999,0.6005217389999999,0.601608696,0.591130435,0.6059130429999999,0.619434783,0.627652174,0.626434783,0.62626087,0.62,0.6126521739999999,0.607565217,0.602217391,0.598304348,0.596130435,0.597782609,0.589,0.5785652170000001,0.576173913,0.586217391,0.592956522,0.5946956520000001,0.605043478,0.605434783,0.605
133,0.001014493,0.001014493,0.001014493,0.0005072459999999999,0.0005072459999999999,0.0005072459999999999,0.0005072459999999999,0.0005072459999999999,0.00043478300000000006,0.0016666670000000001,0.003623188,0.00442029,0.00442029,0.00442029,0.004565217,0.004565217,0.004594203,0.004594203,0.004594203,0.004884058,0.005463768000000001,0.005463768000000001,0.005028986,0.008362319,0.009811594,0.009811594,0.009811594,0.009855072,0.009855072,0.009855072
134,0.21739130399999998,0.21739130399999998,0.21739130399999998,0.17391304300000002,0.130434783,0.130434783,0.130434783,0.130434783,0.086956522,0.130434783,0.130434783,0.17391304300000002,0.21739130399999998,0.21739130399999998,0.260869565,0.260869565,0.304347826,0.304347826,0.304347826,0.347826087,0.39130434799999997,0.39130434799999997,0.347826087,0.39130434799999997,0.434782609,0.434782609,0.434782609,0.47826087,0.47826087,0.47826087
135,0.46731884100000004,0.46768115899999996,0.466231884,0.466304348,0.467101449,0.469057971,0.471231884,0.473768116,0.479927536,0.486449275,0.49181159399999996,0.497318841,0.501521739,0.5044927539999999,0.508405797,0.50884058,0.507898551,0.505724638,0.5027536229999999,0.502318841,0.503478261,0.505507246,0.509710145,0.5118840579999999,0.513623188,0.5169565220000001,0.520217391,0.521811594,0.523115942,0.524130435
136,0.562608696,0.56115942,0.5595652170000001,0.5620289860000001,0.563985507,0.5673913039999999,0.569710145,0.572608696,0.58115942,0.585942029,0.58884058,0.59326087,0.596666667,0.5984057970000001,0.605289855,0.604782609,0.606086957,0.604855072,0.601014493,0.6009420289999999,0.602898551,0.606086957,0.611449275,0.612028986,0.613478261,0.616376812,0.619637681,0.6199275360000001,0.620869565,0.620869565
137,0.391449275,0.394130435,0.393188406,0.39072463799999996,0.390289855,0.391449275,0.39333333299999995,0.395072464,0.40072463799999997,0.408913043,0.415217391,0.42217391299999996,0.42688405799999996,0.430289855,0.43326087,0.43384058,0.432681159,0.42956521700000005,0.425507246,0.423043478,0.424637681,0.42449275399999997,0.42775362299999997,0.43057971,0.43217391299999997,0.433550725,0.437536232,0.44108695700000006,0.442463768,0.444057971
138,0.61875,0.615166667,0.609125,0.608208333,0.595583333,0.5897083329999999,0.589583333,0.589041667,0.59275,0.602583333,0.618833333,0.622583333,0.627375,0.625541667,0.629708333,0.616916667,0.611208333,0.605791667,0.59625,0.5935,0.60625,0.598208333,0.582541667,0.577125,0.585125,0.590916667,0.592875,0.5977916670000001,0.6007916670000001,0.600208333
139,0.000972222,0.000972222,0.000972222,0.000972222,0.000486111,0.000486111,0.000486111,0.000486111,0.000486111,0.0015972220000000001,0.003472222,0.004236111,0.004236111,0.004236111,0.004375,0.004375,0.0044027779999999996,0.0044027779999999996,0.0044027779999999996,0.004680556,0.005236111,0.005236111,0.005236111,0.008013889,0.009402778,0.009402778,0.009402778,0.009444444,0.009444444,0.009444444
140,0.25,0.208333333,0.208333333,0.208333333,0.166666667,0.125,0.125,0.125,0.125,0.125,0.166666667,0.166666667,0.208333333,0.208333333,0.25,0.25,0.291666667,0.291666667,0.291666667,0.333333333,0.375,0.375,0.375,0.375,0.41666666700000005,0.41666666700000005,0.41666666700000005,0.45833333299999995,0.45833333299999995,0.45833333299999995
141,0.46895833299999995,0.46798611100000004,0.46875,0.467708333,0.46840277799999996,0.47,0.472847222,0.475208333,0.477430556,0.48118055600000004,0.486041667,0.49215277799999996,0.49819444399999996,0.502152778,0.504791667,0.506736111,0.506597222,0.505,0.504166667,0.503125,0.501875,0.504583333,0.5090972220000001,0.512013889,0.512361111,0.515972222,0.519444444,0.521597222,0.523680556,0.525625
142,0.564791667,0.562361111,0.563194444,0.561527778,0.565208333,0.568194444,0.572361111,0.574375,0.576805556,0.5800694439999999,0.582361111,0.5878472220000001,0.593819444,0.597569444,0.601111111,0.603888889,0.604236111,0.602013889,0.6032638889999999,0.601875,0.5998611110000001,0.604722222,0.6109027779999999,0.612916667,0.611111111,0.616111111,0.6190972220000001,0.620694444,0.622708333,0.623611111
143,0.39375,0.39347222200000004,0.395069444,0.394027778,0.391527778,0.391666667,0.393958333,0.39590277799999996,0.398263889,0.403888889,0.410763889,0.41659722200000004,0.422916667,0.42673611100000003,0.430486111,0.431180556,0.43208333299999996,0.42979166700000004,0.427361111,0.424236111,0.423819444,0.42416666700000005,0.426180556,0.431388889,0.4325,0.43284722200000003,0.436527778,0.43979166700000005,0.441666667,0.444375
144,0.62436,0.6164,0.61232,0.6068,0.60112,0.5915199999999999,0.58572,0.579,0.58104,0.60368,0.61512,0.62188,0.62252,0.62648,0.62888,0.62636,0.61536,0.60936,0.59992,0.59172,0.60332,0.60632,0.5916399999999999,0.581,0.58568,0.58968,0.59092,0.59592,0.594,0.59596
145,0.0009333330000000001,0.0009333330000000001,0.0009333330000000001,0.0009333330000000001,0.0009333330000000001,0.000466667,0.000466667,0.000466667,0.000466667,0.0016,0.003333333,0.004066667,0.004066667,0.004066667,0.0042,0.0042,0.004226667,0.004226667,0.004226667,0.0044933329999999995,0.005026667,0.005026667,0.005026667,0.008093333000000001,0.009026667,0.009026667,0.009026667,0.009066666999999999,0.009066666999999999,0.009066666999999999
146,0.28,0.24,0.2,0.2,0.2,0.16,0.12,0.12,0.12,0.16,0.16,0.2,0.2,0.2,0.24,0.24,0.28,0.28,0.28,0.32,0.36,0.36,0.36,0.4,0.4,0.4,0.4,0.44,0.44,0.44
147,0.46993333299999995,0.469533333,0.469,0.47006666700000005,0.46966666700000004,0.471133333,0.4736,0.4766,0.47866666700000005,0.478733333,0.48100000000000004,0.4866,0.4932,0.498933333,0.5025333329999999,0.5033333329999999,0.5046666670000001,0.503866667,0.5035333329999999,0.504466667,0.5026666670000001,0.503,0.508066667,0.511333333,0.512466667,0.5146666670000001,0.5184,0.5208,0.5234,0.526066667
148,0.564333333,0.564466667,0.564266667,0.5649333329999999,0.5646,0.5692,0.5729333329999999,0.576733333,0.578333333,0.5759333329999999,0.576866667,0.581666667,0.5886,0.5948,0.6002,0.599933333,0.6034,0.6004,0.6006,0.604,0.6008,0.601733333,0.6094,0.6123333329999999,0.612,0.613733333,0.618733333,0.620133333,0.6233333329999999,0.625266667
149,0.39593333299999994,0.3956,0.3944,0.3958,0.394666667,0.3928,0.39406666700000004,0.3964,0.39893333299999995,0.4014,0.405866667,0.41226666700000003,0.41753333299999995,0.42293333299999997,0.427066667,0.4286,0.4296,0.429333333,0.42766666700000006,0.426066667,0.42493333299999997,0.4234,0.4258,0.429733333,0.4332,0.43313333299999995,0.43573333299999994,0.43873333299999995,0.4404,0.443533333
150,0.623615385,0.621884615,0.613615385,0.609961538,0.600038462,0.597,0.587615385,0.5756923079999999,0.5716923079999999,0.5920000000000001,0.615692308,0.618192308,0.621846154,0.621846154,0.629653846,0.625692308,0.6245,0.613423077,0.603576923,0.5954230770000001,0.6012307689999999,0.6035,0.599692308,0.589807692,0.5890769229999999,0.590038462,0.589730769,0.593923077,0.592346154,0.589615385
151,0.000897436,0.000897436,0.000897436,0.000897436,0.000897436,0.000897436,0.000448718,0.000448718,0.000448718,0.0015384620000000002,0.0032692309999999996,0.003910256,0.003910256,0.003910256,0.0040384620000000005,0.0040384620000000005,0.0040641029999999995,0.0040641029999999995,0.0040641029999999995,0.004320513,0.0048333329999999996,0.0048333329999999996,0.0048333329999999996,0.007782051,0.009064103,0.008679487,0.008679487,0.008717949000000001,0.008717949000000001,0.008717949000000001
152,0.307692308,0.269230769,0.23076923100000002,0.192307692,0.192307692,0.192307692,0.153846154,0.115384615,0.115384615,0.153846154,0.192307692,0.192307692,0.23076923100000002,0.192307692,0.23076923100000002,0.23076923100000002,0.269230769,0.269230769,0.269230769,0.307692308,0.346153846,0.346153846,0.346153846,0.384615385,0.423076923,0.384615385,0.384615385,0.423076923,0.423076923,0.423076923
153,0.46846153799999996,0.470448718,0.470448718,0.47025641,0.471858974,0.47224359,0.474551282,0.477179487,0.479871795,0.479871795,0.478653846,0.481730769,0.48782051299999996,0.49410256399999997,0.49942307700000005,0.5012179489999999,0.501474359,0.502115385,0.5025,0.503846154,0.503974359,0.503717949,0.506410256,0.51025641,0.5117948720000001,0.514679487,0.5170512820000001,0.51974359,0.522564103,0.525705128
154,0.562051282,0.5640384620000001,0.566217949,0.565897436,0.56775641,0.568461538,0.573717949,0.577115385,0.580448718,0.577435897,0.5730128210000001,0.5764102560000001,0.582628205,0.58974359,0.597435897,0.599102564,0.599615385,0.59974359,0.599102564,0.601410256,0.602884615,0.602564103,0.606346154,0.610833333,0.611474359,0.6144871789999999,0.616346154,0.61974359,0.622692308,0.625769231
155,0.393269231,0.397628205,0.396410256,0.395128205,0.396346154,0.395769231,0.39506410299999994,0.396410256,0.399294872,0.401923077,0.403397436,0.4075,0.41333333299999997,0.41775641,0.423397436,0.425384615,0.427179487,0.42705128200000003,0.427307692,0.426410256,0.42666666700000005,0.424487179,0.425,0.429230769,0.431538462,0.433782051,0.435897436,0.437884615,0.43935897399999996,0.44224359
156,0.624074074,0.621259259,0.619,0.611296296,0.6033333329999999,0.596111111,0.593037037,0.577888889,0.568777778,0.582592593,0.604,0.61862963,0.618296296,0.621222222,0.625074074,0.626555556,0.623925926,0.622296296,0.607703704,0.599111111,0.604444444,0.601481481,0.5972222220000001,0.59762963,0.597259259,0.5931481479999999,0.590074074,0.592666667,0.590555556,0.588185185
157,0.000864198,0.000864198,0.000864198,0.000864198,0.000864198,0.000864198,0.000864198,0.000432099,0.000432099,0.001481481,0.003148148,0.00382716,0.003765432,0.003765432,0.0038888890000000004,0.0038888890000000004,0.00391358,0.00391358,0.00391358,0.004160494,0.0046543209999999995,0.0046543209999999995,0.0046543209999999995,0.007493827,0.008728395,0.008728395,0.008358025,0.008395062,0.008395062,0.008395062
158,0.296296296,0.296296296,0.25925925899999996,0.222222222,0.185185185,0.185185185,0.185185185,0.148148148,0.111111111,0.148148148,0.185185185,0.222222222,0.222222222,0.222222222,0.222222222,0.222222222,0.25925925899999996,0.25925925899999996,0.25925925899999996,0.296296296,0.333333333,0.333333333,0.333333333,0.37037037,0.40740740700000005,0.40740740700000005,0.37037037,0.40740740700000005,0.40740740700000005,0.40740740700000005
159,0.466296296,0.469012346,0.471296296,0.471604938,0.471975309,0.474259259,0.47549382700000004,0.47796296299999996,0.480308642,0.480987654,0.479753086,0.47944444399999997,0.48308642,0.488888889,0.494753086,0.498271605,0.499506173,0.499135802,0.5008641979999999,0.502839506,0.5033950620000001,0.5049382720000001,0.506975309,0.508580247,0.510740741,0.513950617,0.516975309,0.5183950620000001,0.521481481,0.524814815
160,0.560061728,0.561851852,0.565740741,0.567716049,0.568580247,0.571358025,0.572839506,0.577716049,0.580679012,0.579506173,0.574567901,0.572716049,0.577530864,0.5839506170000001,0.5924691360000001,0.596481481,0.59882716,0.596234568,0.598518519,0.599938272,0.6004320989999999,0.604506173,0.606975309,0.607839506,0.610061728,0.6138888889999999,0.616975309,0.6174074070000001,0.622222222,0.6250617279999999
161,0.390802469,0.395,0.39833333299999996,0.39703703700000004,0.39567901200000005,0.397345679,0.397839506,0.397283951,0.399197531,0.402160494,0.40382716,0.40506172799999995,0.408703704,0.413703704,0.41839506200000004,0.42191358,0.424135802,0.424814815,0.425185185,0.42611111100000004,0.42697530899999997,0.42617284,0.425987654,0.428333333,0.430987654,0.432160494,0.43641975299999997,0.437962963,0.438518519,0.44117284
162,0.624464286,0.6217857139999999,0.6185,0.616571429,0.6048571429999999,0.599428571,0.592321429,0.583464286,0.571142857,0.579392857,0.5945,0.60725,0.618714286,0.617821429,0.624357143,0.62225,0.624821429,0.621821429,0.616464286,0.60325,0.607678571,0.6045714289999999,0.5955,0.595321429,0.604535714,0.6008928570000001,0.593071429,0.592892857,0.589464286,0.5866071429999999
163,0.000833333,0.000833333,0.000833333,0.000833333,0.000833333,0.000833333,0.000833333,0.000833333,0.00041666699999999996,0.001428571,0.003035714,0.003690476,0.003690476,0.0036309520000000002,0.00375,0.00375,0.00377381,0.00377381,0.00377381,0.004011905,0.004488095,0.004488095,0.004488095,0.00722619,0.008416667,0.008416667,0.008416667,0.008095238000000001,0.008095238000000001,0.008095238000000001
164,0.28571428600000004,0.28571428600000004,0.28571428600000004,0.25,0.214285714,0.17857142899999998,0.17857142899999998,0.17857142899999998,0.14285714300000002,0.14285714300000002,0.17857142899999998,0.214285714,0.25,0.214285714,0.25,0.214285714,0.25,0.25,0.25,0.28571428600000004,0.321428571,0.321428571,0.321428571,0.35714285700000004,0.39285714299999996,0.39285714299999996,0.39285714299999996,0.39285714299999996,0.39285714299999996,0.39285714299999996
165,0.463690476,0.46690476200000003,0.469880952,0.472380952,0.47321428600000004,0.47428571399999997,0.47732142899999996,0.47875,0.48095238100000004,0.48136904799999997,0.480833333,0.48047619,0.480833333,0.484285714,0.489702381,0.493809524,0.49672619,0.497321429,0.49803571399999996,0.50125,0.502440476,0.504345238,0.508035714,0.509047619,0.5091071429999999,0.512857143,0.516190476,0.51827381,0.520119048,0.523690476
166,0.558214286,0.559940476,0.563571429,0.567202381,0.570238095,0.57202381,0.57547619,0.57672619,0.581130952,0.579761905,0.576666667,0.57422619,0.573928571,0.578988095,0.586785714,0.59172619,0.596309524,0.5955952379999999,0.595178571,0.599345238,0.599047619,0.6020833329999999,0.608690476,0.608392857,0.607202381,0.6124404760000001,0.6163095239999999,0.61797619,0.619880952,0.62452381
167,0.387142857,0.392559524,0.39577381,0.39886904799999995,0.3975,0.39666666700000003,0.39928571399999996,0.399880952,0.399940476,0.401964286,0.403988095,0.405416667,0.406309524,0.40922619,0.414464286,0.41714285700000003,0.420833333,0.421964286,0.423095238,0.42410714299999996,0.42666666700000005,0.426488095,0.42755952399999997,0.42916666700000006,0.43005952399999997,0.43160714299999997,0.434761905,0.438392857,0.438571429,0.440297619
168,0.621034483,0.622241379,0.619103448,0.616172414,0.610172414,0.601034483,0.5956551720000001,0.583103448,0.576758621,0.581310345,0.591,0.597965517,0.607724138,0.618241379,0.620965517,0.621655172,0.6207241379999999,0.622758621,0.616206897,0.611862069,0.61137931,0.607689655,0.598689655,0.593724138,0.602068966,0.607793103,0.600551724,0.595689655,0.589793103,0.585689655
169,0.000804598,0.000804598,0.000804598,0.000804598,0.000804598,0.000804598,0.000804598,0.000804598,0.000804598,0.00137931,0.0029310340000000003,0.003563218,0.003563218,0.003563218,0.00362069,0.00362069,0.003643678,0.003643678,0.003643678,0.003873563,0.004333333,0.004333333,0.004333333,0.006977011,0.008126437,0.008126437,0.008126437,0.00816092,0.007816092,0.007816092
170,0.275862069,0.275862069,0.275862069,0.275862069,0.24137931,0.20689655199999998,0.172413793,0.172413793,0.172413793,0.172413793,0.172413793,0.20689655199999998,0.24137931,0.24137931,0.24137931,0.24137931,0.24137931,0.24137931,0.24137931,0.275862069,0.310344828,0.310344828,0.310344828,0.344827586,0.379310345,0.379310345,0.379310345,0.413793103,0.379310345,0.379310345
171,0.459712644,0.464367816,0.467816092,0.470977011,0.473908046,0.475402299,0.47724137899999997,0.480402299,0.481609195,0.48195402299999995,0.481206897,0.481494253,0.481781609,0.482068966,0.485229885,0.488965517,0.49247126399999996,0.494712644,0.496321839,0.49850574700000005,0.50091954,0.503390805,0.507356322,0.51,0.50954023,0.511206897,0.515057471,0.517471264,0.5199425289999999,0.5222988510000001
172,0.554482759,0.55816092,0.561666667,0.565057471,0.569655172,0.573505747,0.575977011,0.579137931,0.580057471,0.580229885,0.577011494,0.5762643679999999,0.575344828,0.57545977,0.581896552,0.5862643679999999,0.591724138,0.593275862,0.594597701,0.596091954,0.598505747,0.600689655,0.6062068970000001,0.61,0.607758621,0.609597701,0.614827586,0.617298851,0.620344828,0.622183908
173,0.38310344799999996,0.38896551700000004,0.393390805,0.39637931,0.399252874,0.398390805,0.398563218,0.401206897,0.40235632200000004,0.40258620700000003,0.403735632,0.40551724100000003,0.406609195,0.406896552,0.41011494299999995,0.413390805,0.416264368,0.418850575,0.420402299,0.422126437,0.424712644,0.42620689700000003,0.42781609200000004,0.430574713,0.430804598,0.430689655,0.43413793100000003,0.436724138,0.438965517,0.440287356
174,0.6241,0.619,0.619633333,0.616833333,0.61,0.6063,0.597333333,0.586633333,0.576633333,0.5864,0.5924666670000001,0.5944666670000001,0.598733333,0.607633333,0.621266667,0.6184666670000001,0.6202,0.618866667,0.6173,0.611766667,0.6194333329999999,0.611266667,0.6019,0.596866667,0.6003,0.6053,0.6072333329999999,0.602833333,0.5926,0.5861333329999999
175,0.000822222,0.000777778,0.000777778,0.000777778,0.000777778,0.000777778,0.000777778,0.000777778,0.000777778,0.001722222,0.002833333,0.003444444,0.003444444,0.003444444,0.0035555559999999996,0.0035,0.003522222,0.003522222,0.003522222,0.0037444440000000004,0.004188889,0.004188889,0.004188889,0.0067444440000000005,0.007855556,0.007855556,0.007855556,0.007888889,0.007888889,0.007555556
176,0.3,0.26666666699999997,0.26666666699999997,0.26666666699999997,0.26666666699999997,0.233333333,0.2,0.166666667,0.166666667,0.2,0.2,0.2,0.233333333,0.233333333,0.26666666699999997,0.233333333,0.26666666699999997,0.233333333,0.233333333,0.26666666699999997,0.3,0.3,0.3,0.333333333,0.36666666700000006,0.36666666700000006,0.36666666700000006,0.4,0.4,0.36666666700000006
177,0.456222222,0.4605,0.46533333299999996,0.46894444399999996,0.4725,0.47600000000000003,0.47822222200000003,0.48022222200000003,0.48311111100000004,0.482555556,0.481777778,0.481833333,0.48272222200000003,0.482944444,0.483055556,0.48466666700000005,0.487833333,0.49066666700000006,0.493833333,0.496833333,0.49827777799999995,0.501888889,0.5063333329999999,0.509277778,0.510444444,0.511555556,0.513388889,0.516333333,0.5191111110000001,0.522055556
178,0.550055556,0.5545555560000001,0.559888889,0.5631666670000001,0.5675,0.572833333,0.577277778,0.5795,0.582277778,0.5792222220000001,0.577555556,0.5766111110000001,0.577277778,0.576777778,0.578388889,0.581555556,0.586444444,0.588944444,0.592388889,0.5955,0.595388889,0.600111111,0.604722222,0.607555556,0.6093333329999999,0.610055556,0.612,0.615833333,0.619611111,0.622555556
179,0.38022222200000005,0.385,0.38988888899999996,0.39405555600000003,0.39683333299999995,0.40005555600000003,0.40016666700000003,0.400444444,0.40355555600000004,0.40483333299999996,0.404277778,0.405222222,0.40666666700000004,0.40716666700000004,0.40783333299999996,0.409222222,0.41266666700000004,0.4145,0.41744444399999997,0.419555556,0.422777778,0.424333333,0.4275,0.43072222200000004,0.432111111,0.431388889,0.433166667,0.436055556,0.437333333,0.440611111
