,2012-09-07,2012-09-08,2012-09-09,2012-09-10,2012-09-11,2012-09-12,2012-09-13,2012-09-14,2012-09-15,2012-09-16,2012-09-17,2012-09-18,2012-09-19,2012-09-20,2012-09-21,2012-09-22,2012-09-23,2012-09-24,2012-09-25,2012-09-26,2012-09-27,2012-09-28,2012-09-29,2012-09-30,2012-10-01,2012-10-02,2012-10-03,2012-10-04,2012-10-05,2012-10-06
0,0.529,0.606,0.718,0.684,0.614,0.531,0.6890000000000001,0.871,0.685,0.568,0.601,0.868,0.6940000000000001,0.639,0.696,0.6829999999999999,0.606,0.5660000000000001,0.498,0.523,0.6,0.62,0.723,0.588,0.638,0.643,0.643,0.604,0.616,0.614
1,0.0,0.01,0.083333333,0.0,0.0,0.0,0.0016666670000000001,0.045,0.006666666999999999,0.0,0.008333333,0.285,0.0,0.0,0.0,0.0,0.0,0.0,0.0,0.0,0.0,0.0,0.045,0.0016666670000000001,0.0,0.0,0.0,0.0,0.0,0.0
2,0.0,1.0,1.0,0.0,0.0,0.0,1.0,1.0,1.0,0.0,1.0,1.0,0.0,0.0,1.0,0.0,0.0,0.0,0.0,0.0,0.0,0.0,1.0,1.0,0.0,0.0,0.0,0.0,0.0,0.0
3,0.61,0.625,0.586666667,0.598333333,0.6366666670000001,0.63,0.61,0.583333333,0.573333333,0.6,0.581666667,0.538333333,0.598333333,0.593333333,0.585,0.585,0.595,0.6033333329999999,0.6083333329999999,0.6133333329999999,0.605,0.588333333,0.55,0.523333333,0.52,0.551666667,0.571666667,0.581666667,0.566666667,0.566666667
4,0.701666667,0.703333333,0.645,0.666666667,0.721666667,0.708333333,0.663333333,0.601666667,0.6133333329999999,0.675,0.6183333329999999,0.556666667,0.66,0.67,0.661666667,0.655,0.69,0.693333333,0.708333333,0.713333333,0.673333333,0.643333333,0.6166666670000001,0.58,0.6,0.66,0.665,0.683333333,0.653333333,0.63
5,0.5166666670000001,0.531666667,0.545,0.535,0.546666667,0.551666667,0.576666667,0.56,0.538333333,0.533333333,0.541666667,0.5166666670000001,0.545,0.545,0.51,0.536666667,0.5033333329999999,0.523333333,0.518333333,0.531666667,0.541666667,0.545,0.5066666670000001,0.483333333,0.45,0.45833333299999995,0.488333333,0.5,0.49,0.498333333
6,0.57,0.5675,0.662,0.701,0.649,0.5725,0.61,0.78,0.778,0.6265,0.5845,0.7345,0.7809999999999999,0.6665,0.6675,0.6895,0.6445,0.586,0.532,0.5105,0.5615,0.61,0.6715,0.6555,0.613,0.6405,0.643,0.6235,0.61,0.615
7,0.0175,0.005,0.046666667,0.041666667000000004,0.0,0.0,0.000833333,0.023333332999999998,0.025833332999999997,0.003333333,0.004166667,0.146666667,0.1425,0.0,0.0,0.0,0.0,0.0,0.0,0.0,0.0,0.0,0.0225,0.023333332999999998,0.000833333,0.0,0.0,0.0,0.0,0.0
8,0.5,0.5,1.0,0.5,0.0,0.0,0.5,1.0,1.0,0.5,0.5,1.0,0.5,0.0,0.5,0.5,0.0,0.0,0.0,0.0,0.0,0.0,0.5,1.0,0.5,0.0,0.0,0.0,0.0,0.0
9,0.615833333,0.6175,0.605833333,0.5925,0.6175,0.6333333329999999,0.62,0.596666667,0.578333333,0.586666667,0.590833333,0.56,0.568333333,0.595833333,0.589166667,0.585,0.59,0.599166667,0.605833333,0.610833333,0.609166667,0.596666667,0.5691666670000001,0.536666667,0.5216666670000001,0.535833333,0.561666667,0.576666667,0.5741666670000001,0.566666667
10,0.693333333,0.7025,0.674166667,0.655833333,0.6941666670000001,0.715,0.6858333329999999,0.6325,0.6075,0.644166667,0.6466666670000001,0.5875,0.6083333329999999,0.665,0.6658333329999999,0.658333333,0.6725,0.691666667,0.700833333,0.710833333,0.693333333,0.658333333,0.63,0.598333333,0.59,0.63,0.6625,0.674166667,0.668333333,0.6416666670000001
11,0.543333333,0.524166667,0.538333333,0.54,0.5408333329999999,0.549166667,0.5641666670000001,0.568333333,0.549166667,0.535833333,0.5375,0.529166667,0.530833333,0.545,0.5275,0.523333333,0.52,0.513333333,0.520833333,0.525,0.536666667,0.543333333,0.525833333,0.495,0.46666666700000003,0.454166667,0.47333333299999997,0.494166667,0.495,0.494166667
12,0.660333333,0.5820000000000001,0.6176666670000001,0.669333333,0.672,0.609666667,0.6113333329999999,0.6970000000000001,0.7483333329999999,0.708,0.618,0.679,0.721,0.733666667,0.676333333,0.672666667,0.661666667,0.6183333329999999,0.556666667,0.529,0.540333333,0.581,0.6476666670000001,0.6436666670000001,0.649666667,0.623,0.641333333,0.63,0.621,0.6113333329999999
13,0.073333333,0.015,0.031111111,0.031111111,0.027777778,0.0,0.000555556,0.015555556000000002,0.017777778,0.017222222,0.005,0.09777777800000001,0.09777777800000001,0.095,0.0,0.0,0.0,0.0,0.0,0.0,0.0,0.0,0.015,0.015555556000000002,0.015555556000000002,0.000555556,0.0,0.0,0.0,0.0
14,0.666666667,0.666666667,0.666666667,0.666666667,0.333333333,0.0,0.333333333,0.666666667,1.0,0.666666667,0.666666667,0.666666667,0.666666667,0.333333333,0.333333333,0.333333333,0.333333333,0.0,0.0,0.0,0.0,0.0,0.333333333,0.666666667,0.666666667,0.333333333,0.0,0.0,0.0,0.0
15,0.616111111,0.6188888889999999,0.607222222,0.6033333329999999,0.607222222,0.6216666670000001,0.625555556,0.607777778,0.588888889,0.585555556,0.585,0.573333333,0.572777778,0.576666667,0.5922222220000001,0.587777778,0.588333333,0.594444444,0.6022222220000001,0.6083333329999999,0.6088888889999999,0.6022222220000001,0.581111111,0.553888889,0.531111111,0.531666667,0.5477777779999999,0.568333333,0.573333333,0.571666667
16,0.681111111,0.696666667,0.683333333,0.671666667,0.6777777779999999,0.698888889,0.697777778,0.6577777779999999,0.626111111,0.63,0.635555556,0.6166666670000001,0.611666667,0.628888889,0.663888889,0.662222222,0.668888889,0.679444444,0.6972222220000001,0.705,0.698333333,0.676666667,0.644444444,0.6133333329999999,0.598888889,0.6133333329999999,0.6416666670000001,0.669444444,0.667222222,0.655555556
17,0.555,0.539444444,0.531111111,0.537222222,0.542222222,0.544444444,0.558333333,0.562777778,0.558333333,0.543888889,0.5377777779999999,0.530555556,0.534444444,0.535555556,0.533333333,0.530555556,0.5166666670000001,0.521111111,0.515,0.524444444,0.530555556,0.539444444,0.531111111,0.5116666670000001,0.48,0.46388888899999997,0.46555555600000004,0.48222222200000003,0.49277777799999994,0.496111111
18,0.67375,0.64675,0.616,0.63425,0.6555,0.63675,0.6295,0.67625,0.6940000000000001,0.70325,0.68125,0.6805,0.68275,0.7005,0.72425,0.6779999999999999,0.6559999999999999,0.63775,0.58825,0.54825,0.54675,0.56025,0.6165,0.63275,0.64225,0.648,0.628,0.632,0.6265,0.61925
19,0.055,0.0575,0.032083333,0.023333332999999998,0.023333332999999998,0.020833333,0.00041666699999999996,0.011666667,0.013333333000000001,0.013333333000000001,0.015,0.075,0.073333333,0.073333333,0.07125,0.0,0.0,0.0,0.0,0.0,0.0,0.0,0.01125,0.011666667,0.011666667,0.011666667,0.00041666699999999996,0.0,0.0,0.0
20,0.5,0.75,0.75,0.5,0.5,0.25,0.25,0.5,0.75,0.75,0.75,0.75,0.5,0.5,0.5,0.25,0.25,0.25,0.0,0.0,0.0,0.0,0.25,0.5,0.5,0.5,0.25,0.0,0.0,0.0
21,0.6283333329999999,0.6183333329999999,0.610833333,0.605,0.611666667,0.612916667,0.61875,0.615,0.599166667,0.591666667,0.584583333,0.573333333,0.579583333,0.577916667,0.57875,0.5904166670000001,0.589583333,0.5920833329999999,0.597916667,0.605,0.6075,0.60375,0.589166667,0.566666667,0.545416667,0.53625,0.541666667,0.55625,0.567916667,0.571666667
22,0.692083333,0.686666667,0.68375,0.6791666670000001,0.6841666670000001,0.685416667,0.69,0.67375,0.6466666670000001,0.638333333,0.627083333,0.615833333,0.6275,0.62625,0.637083333,0.661666667,0.669166667,0.675,0.686666667,0.70125,0.6970833329999999,0.684583333,0.661666667,0.6283333329999999,0.61,0.614166667,0.62625,0.652083333,0.665416667,0.6579166670000001
23,0.57125,0.549166667,0.5408333329999999,0.532083333,0.5395833329999999,0.544583333,0.5525,0.55875,0.556666667,0.552083333,0.543333333,0.5325,0.534166667,0.537083333,0.529166667,0.534166667,0.52375,0.518333333,0.520416667,0.519166667,0.52875,0.534166667,0.53125,0.519166667,0.49625,0.474583333,0.47,0.47416666700000004,0.48416666700000005,0.494166667
24,0.6692,0.6602,0.6609999999999999,0.6296,0.6302,0.6306,0.6472,0.6778,0.6779999999999999,0.6688,0.6828,0.7186,0.6832,0.674,0.6996,0.716,0.6636,0.638,0.6098,0.5752,0.5586,0.5614,0.5928,0.6108,0.6338,0.6424,0.647,0.6232,0.6288,0.624
25,0.044000000000000004,0.046,0.062666667,0.025666667,0.018666666999999998,0.018666666999999998,0.017,0.009333333000000001,0.010666667,0.010666667,0.012333333,0.069,0.06,0.058666667,0.058666667,0.057,0.0,0.0,0.0,0.0,0.0,0.0,0.009000000000000001,0.009333333000000001,0.009333333000000001,0.009333333000000001,0.009333333000000001,0.00033333300000000006,0.0,0.0
26,0.4,0.6,0.8,0.6,0.4,0.4,0.4,0.4,0.6,0.6,0.8,0.8,0.6,0.4,0.6,0.4,0.2,0.2,0.2,0.0,0.0,0.0,0.2,0.4,0.4,0.4,0.4,0.2,0.0,0.0
27,0.636,0.6276666670000001,0.612,0.6083333329999999,0.6113333329999999,0.6153333329999999,0.6123333329999999,0.611666667,0.606666667,0.599333333,0.589666667,0.575333333,0.578333333,0.582333333,0.579333333,0.58,0.591333333,0.592333333,0.595333333,0.601,0.605,0.603666667,0.593,0.5760000000000001,0.557333333,0.546666667,0.543333333,0.549666667,0.558333333,0.567666667
28,0.7020000000000001,0.694333333,0.678333333,0.680333333,0.687666667,0.6890000000000001,0.6809999999999999,0.672333333,0.661666667,0.652333333,0.6343333329999999,0.613,0.6246666670000001,0.636,0.6333333329999999,0.6406666670000001,0.667333333,0.674,0.681666667,0.6920000000000001,0.695666667,0.686333333,0.6709999999999999,0.645333333,0.6226666670000001,0.62,0.6243333329999999,0.6376666670000001,0.652333333,0.658333333
29,0.576333333,0.563333333,0.548333333,0.539666667,0.535,0.542,0.551,0.5539999999999999,0.554666667,0.552,0.55,0.5379999999999999,0.535,0.536333333,0.531666667,0.530666667,0.528,0.523666667,0.518333333,0.5226666670000001,0.523666667,0.532,0.528666667,0.5216666670000001,0.5053333329999999,0.48866666700000005,0.47733333299999997,0.47600000000000003,0.47733333299999997,0.48700000000000004
30,0.672666667,0.658666667,0.6698333329999999,0.6648333329999999,0.627,0.613666667,0.640333333,0.6845,0.679,0.659666667,0.6575,0.713666667,0.7145,0.6758333329999999,0.677666667,0.6968333329999999,0.697666667,0.647333333,0.614666667,0.595333333,0.579333333,0.5688333329999999,0.588333333,0.5920000000000001,0.6153333329999999,0.635333333,0.6425,0.639833333,0.622,0.6263333329999999
31,0.036666667,0.038333333,0.052222222,0.052222222,0.021388888999999998,0.015555556000000002,0.015833333,0.021666667,0.008888889,0.008888889,0.010277778000000001,0.057777777999999995,0.0575,0.05,0.048888889000000005,0.048888889000000005,0.0475,0.0,0.0,0.0,0.0,0.0,0.0075,0.007777778000000001,0.007777778000000001,0.007777778000000001,0.007777778000000001,0.007777778000000001,0.000277778,0.0
32,0.333333333,0.5,0.666666667,0.666666667,0.5,0.333333333,0.5,0.5,0.5,0.5,0.666666667,0.833333333,0.666666667,0.5,0.5,0.5,0.333333333,0.166666667,0.166666667,0.166666667,0.0,0.0,0.166666667,0.333333333,0.333333333,0.333333333,0.333333333,0.333333333,0.166666667,0.0
33,0.6416666670000001,0.634166667,0.620833333,0.609722222,0.6130555560000001,0.614444444,0.614444444,0.6075,0.6052777779999999,0.605555556,0.596388889,0.581111111,0.5791666670000001,0.580833333,0.582777778,0.580277778,0.5825,0.593333333,0.595,0.598333333,0.601666667,0.6022222220000001,0.594722222,0.581388889,0.566666667,0.5563888889999999,0.5508333329999999,0.549722222,0.5525,0.559722222
34,0.708333333,0.7022222220000001,0.686111111,0.676388889,0.687222222,0.6911111109999999,0.684722222,0.6677777779999999,0.6625,0.663888889,0.6466666670000001,0.621388889,0.620833333,0.632222222,0.640277778,0.6369444439999999,0.648888889,0.671666667,0.679722222,0.6869444440000001,0.688888889,0.6869444440000001,0.674722222,0.655833333,0.637777778,0.628888889,0.6275,0.634166667,0.640277778,0.648611111
35,0.583888889,0.568888889,0.560277778,0.546111111,0.5408333329999999,0.5377777779999999,0.5477777779999999,0.5525,0.5513888889999999,0.551111111,0.550277778,0.544444444,0.539166667,0.536666667,0.531944444,0.5325,0.526111111,0.527222222,0.5227777779999999,0.520555556,0.525833333,0.527222222,0.5277777779999999,0.521111111,0.5097222220000001,0.4975,0.48861111100000004,0.48111111100000004,0.47833333299999997,0.480833333
36,0.670285714,0.663142857,0.667142857,0.671857143,0.657571429,0.613285714,0.624428571,0.673285714,0.684571429,0.663142857,0.651285714,0.687571429,0.710857143,0.703714286,0.6787142859999999,0.678428571,0.683857143,0.678857143,0.626,0.6015714289999999,0.596,0.585142857,0.5908571429999999,0.588285714,0.5985714289999999,0.619285714,0.636428571,0.637,0.636428571,0.620857143
37,0.031428571,0.032857143,0.044761905,0.044761905,0.044761905,0.018333333,0.013571429,0.02,0.01952381,0.007619048000000001,0.008809524000000001,0.04952381,0.04952381,0.049285714,0.042857143,0.041904762000000005,0.041904762000000005,0.040714286,0.0,0.0,0.0,0.0,0.006428571,0.006666666999999999,0.006666666999999999,0.006666666999999999,0.006666666999999999,0.006666666999999999,0.006666666999999999,0.000238095
38,0.28571428600000004,0.428571429,0.571428571,0.571428571,0.571428571,0.428571429,0.428571429,0.571428571,0.571428571,0.428571429,0.571428571,0.7142857140000001,0.7142857140000001,0.571428571,0.571428571,0.428571429,0.428571429,0.28571428600000004,0.14285714300000002,0.14285714300000002,0.14285714300000002,0.0,0.14285714300000002,0.28571428600000004,0.28571428600000004,0.28571428600000004,0.28571428600000004,0.28571428600000004,0.28571428600000004,0.14285714300000002
39,0.642380952,0.639285714,0.627380952,0.617619048,0.613571429,0.61547619,0.613809524,0.61,0.602619048,0.60452381,0.602142857,0.588095238,0.583571429,0.5811904760000001,0.581428571,0.583095238,0.5823809520000001,0.58547619,0.59547619,0.597619048,0.599285714,0.599761905,0.594761905,0.58452381,0.572619048,0.56452381,0.558571429,0.555238095,0.552142857,0.55452381
40,0.71047619,0.707619048,0.694047619,0.683333333,0.682857143,0.690238095,0.687142857,0.672857143,0.66,0.664285714,0.657380952,0.633809524,0.626904762,0.627857143,0.636428571,0.642380952,0.64452381,0.655238095,0.676904762,0.68452381,0.685,0.682380952,0.676904762,0.661190476,0.647857143,0.640952381,0.634047619,0.63547619,0.636904762,0.638809524
41,0.580714286,0.576428571,0.56547619,0.556666667,0.546190476,0.542380952,0.543333333,0.54952381,0.55047619,0.5488095239999999,0.549761905,0.54547619,0.54452381,0.54,0.532857143,0.5326190479999999,0.528333333,0.525714286,0.525952381,0.524047619,0.523571429,0.528571429,0.524285714,0.5214285710000001,0.5109523810000001,0.502380952,0.496190476,0.490238095,0.48238095200000003,0.48119047600000003
42,0.69375,0.66225,0.67,0.66925,0.664625,0.64175,0.62275,0.65525,0.67475,0.67,0.655375,0.678375,0.688375,0.701875,0.70275,0.67925,0.669375,0.669125,0.65625,0.613125,0.601375,0.599,0.602375,0.5905,0.5945,0.604125,0.62225,0.632375,0.634375,0.633625
43,0.041875,0.02875,0.039166667,0.039166667,0.039166667,0.039166667,0.01625,0.0175,0.018333333,0.017083333,0.007708333,0.043333332999999995,0.043333332999999995,0.043333332999999995,0.043125,0.0375,0.036666667,0.036666667,0.035625,0.0,0.0,0.0,0.005625,0.0058333330000000004,0.0058333330000000004,0.0058333330000000004,0.0058333330000000004,0.0058333330000000004,0.0058333330000000004,0.0058333330000000004
44,0.375,0.375,0.5,0.5,0.5,0.5,0.5,0.5,0.625,0.5,0.5,0.625,0.625,0.625,0.625,0.5,0.375,0.375,0.25,0.125,0.125,0.125,0.125,0.25,0.25,0.25,0.25,0.25,0.25,0.25
45,0.637916667,0.640208333,0.632708333,0.62375,0.62,0.615625,0.614791667,0.61,0.6054166670000001,0.602291667,0.601666667,0.594166667,0.589375,0.5847916670000001,0.581666667,0.581875,0.584583333,0.585,0.588333333,0.5977083329999999,0.598541667,0.597916667,0.593541667,0.585833333,0.5764583329999999,0.57,0.565416667,0.5614583329999999,0.556666667,0.553958333
46,0.704375,0.709583333,0.6997916670000001,0.690625,0.688125,0.686041667,0.686875,0.676458333,0.665416667,0.661875,0.658541667,0.644791667,0.637083333,0.6322916670000001,0.632083333,0.63875,0.648333333,0.650625,0.661875,0.6814583329999999,0.683125,0.679791667,0.674166667,0.664791667,0.653541667,0.649375,0.6439583329999999,0.640208333,0.637708333,0.636041667
47,0.578333333,0.574583333,0.5725,0.561666667,0.555416667,0.546875,0.546666667,0.545416667,0.548125,0.548333333,0.5479166670000001,0.545625,0.545416667,0.544583333,0.53625,0.533333333,0.528958333,0.527708333,0.524791667,0.526666667,0.52625,0.52625,0.525833333,0.519166667,0.5125,0.504375,0.500625,0.496666667,0.490208333,0.484375
48,0.694777778,0.684,0.668444444,0.6715555559999999,0.663111111,0.6497777779999999,0.647,0.650333333,0.658555556,0.662888889,0.662333333,0.679,0.680111111,0.6828888890000001,0.7012222220000001,0.700555556,0.671111111,0.657888889,0.650111111,0.641444444,0.611666667,0.603444444,0.612777778,0.600777778,0.595777778,0.599888889,0.608444444,0.620222222,0.630555556,0.6321111110000001
49,0.039444444,0.038333333,0.034814815,0.034814815,0.034814815,0.034814815,0.035,0.019444443999999998,0.016296296000000002,0.016296296000000002,0.016111111,0.038518519,0.038518519,0.038518519,0.038518519,0.038333333,0.033333333,0.032592592999999996,0.032592592999999996,0.031666667,0.0,0.0,0.005,0.005185185,0.005185185,0.005185185,0.005185185,0.005185185,0.005185185,0.005185185
50,0.444444444,0.444444444,0.444444444,0.444444444,0.444444444,0.444444444,0.5555555560000001,0.5555555560000001,0.5555555560000001,0.5555555560000001,0.5555555560000001,0.5555555560000001,0.5555555560000001,0.5555555560000001,0.666666667,0.5555555560000001,0.444444444,0.333333333,0.333333333,0.222222222,0.111111111,0.111111111,0.222222222,0.222222222,0.222222222,0.222222222,0.222222222,0.222222222,0.222222222,0.222222222
51,0.642407407,0.636481481,0.634259259,0.628888889,0.625185185,0.621111111,0.615,0.611296296,0.6059259260000001,0.604814815,0.6,0.59462963,0.59462963,0.589814815,0.584814815,0.582037037,0.583333333,0.586666667,0.587592593,0.591111111,0.598518519,0.5974074070000001,0.592592593,0.5857407410000001,0.578518519,0.573703704,0.570185185,0.567222222,0.5620370370000001,0.557777778
52,0.707777778,0.7042592590000001,0.702407407,0.6961111109999999,0.6940740740000001,0.69037037,0.683518519,0.677407407,0.669444444,0.666481481,0.657037037,0.647222222,0.646481481,0.640740741,0.635555556,0.63462963,0.644444444,0.653333333,0.657037037,0.667592593,0.680555556,0.678703704,0.6727777779999999,0.663703704,0.657592593,0.654259259,0.651111111,0.648333333,0.6416666670000001,0.636851852
53,0.582037037,0.573148148,0.571296296,0.568333333,0.56,0.555,0.550185185,0.548148148,0.54462963,0.546481481,0.547592593,0.544444444,0.545555556,0.54537037,0.540740741,0.5362962960000001,0.53,0.528333333,0.526666667,0.525555556,0.528333333,0.528333333,0.524074074,0.521111111,0.511481481,0.506481481,0.5025925929999999,0.500555556,0.495925926,0.491111111
54,0.6948,0.6859,0.6874,0.67,0.6658,0.6499,0.6537,0.6694,0.6538,0.6495,0.6567,0.6829,0.6805,0.6759999999999999,0.6842,0.6994,0.6911,0.6606,0.6419,0.6374,0.6373,0.6125,0.6154,0.6103,0.6045,0.6005,0.6042,0.608,0.6198,0.6289
55,0.04,0.0365,0.042833333,0.031333333,0.031333333,0.031333333,0.0315,0.036000000000000004,0.018166667,0.014666667,0.0155,0.043,0.034666667000000005,0.034666667000000005,0.034666667000000005,0.034666667000000005,0.0345,0.03,0.029333333,0.029333333,0.0285,0.0,0.0045,0.004666667,0.004666667,0.004666667,0.004666667,0.004666667,0.004666667,0.004666667
56,0.5,0.5,0.5,0.4,0.4,0.4,0.5,0.6,0.6,0.5,0.6,0.6,0.5,0.5,0.6,0.6,0.5,0.4,0.3,0.3,0.2,0.1,0.2,0.3,0.2,0.2,0.2,0.2,0.2,0.2
57,0.6466666670000001,0.6406666670000001,0.6315,0.6306666670000001,0.6296666670000001,0.6256666670000001,0.62,0.611833333,0.6075,0.6053333329999999,0.6025,0.593833333,0.595,0.5945,0.589333333,0.584833333,0.583333333,0.585333333,0.588833333,0.590166667,0.5925,0.5975,0.592666667,0.585666667,0.5791666670000001,0.575833333,0.5735,0.571333333,0.5671666670000001,0.5625
58,0.711,0.707333333,0.698333333,0.698833333,0.698666667,0.6955,0.687666667,0.675333333,0.6709999999999999,0.67,0.661666667,0.647,0.6485,0.648833333,0.642833333,0.6375,0.640166667,0.649333333,0.658833333,0.662666667,0.668166667,0.6768333329999999,0.6725,0.6635,0.657333333,0.657833333,0.655333333,0.654333333,0.648833333,0.6405
59,0.5851666670000001,0.5770000000000001,0.570333333,0.567666667,0.5661666670000001,0.5591666670000001,0.5571666670000001,0.551166667,0.547166667,0.5435,0.546,0.5445,0.5445,0.5455,0.5418333329999999,0.540333333,0.5329999999999999,0.529333333,0.527333333,0.527166667,0.527166667,0.53,0.526166667,0.52,0.514,0.506166667,0.5046666670000001,0.5023333329999999,0.4995,0.496166667
60,0.686090909,0.6867272729999999,0.688818182,0.687090909,0.6649090910000001,0.653545455,0.653454545,0.673454545,0.670818182,0.6459999999999999,0.645090909,0.675909091,0.683909091,0.676727273,0.677818182,0.684090909,0.690909091,0.679727273,0.6458181820000001,0.631090909,0.634,0.635727273,0.622545455,0.612909091,0.612818182,0.608,0.604363636,0.6041818179999999,0.608727273,0.619272727
61,0.036363636,0.037272727,0.040757576000000004,0.038939394,0.028484847999999997,0.028484847999999997,0.028636363999999997,0.032727273,0.033333333,0.016515151999999998,0.014090908999999999,0.04,0.039090909,0.031515152000000005,0.031515152000000005,0.031515152000000005,0.031515152000000005,0.031363636,0.027272727000000004,0.026666667,0.026666667,0.025909091000000002,0.004090909,0.004242424,0.004242424,0.004242424,0.004242424,0.004242424,0.004242424,0.004242424
62,0.454545455,0.545454545,0.545454545,0.454545455,0.363636364,0.363636364,0.454545455,0.545454545,0.636363636,0.545454545,0.545454545,0.636363636,0.545454545,0.454545455,0.545454545,0.545454545,0.545454545,0.454545455,0.363636364,0.272727273,0.272727273,0.181818182,0.181818182,0.272727273,0.272727273,0.181818182,0.181818182,0.181818182,0.181818182,0.181818182
63,0.653787879,0.64469697,0.635757576,0.6284848479999999,0.631212121,0.62969697,0.624242424,0.6166666670000001,0.6083333329999999,0.606818182,0.6031818179999999,0.596666667,0.5942424239999999,0.594848485,0.593636364,0.588939394,0.585757576,0.585151515,0.587424242,0.591060606,0.591515152,0.592121212,0.5931818179999999,0.586363636,0.57969697,0.576666667,0.575454545,0.574242424,0.570909091,0.567121212
64,0.7189393940000001,0.71030303,0.701666667,0.695454545,0.700909091,0.699545455,0.6925757579999999,0.679848485,0.66969697,0.6713636359999999,0.66530303,0.6521212120000001,0.648181818,0.650454545,0.65,0.643939394,0.642272727,0.645,0.65469697,0.663787879,0.663636364,0.6659090910000001,0.6713636359999999,0.664090909,0.657727273,0.657575758,0.658484848,0.657878788,0.654242424,0.6471212120000001
65,0.591818182,0.58030303,0.574090909,0.567121212,0.565757576,0.564848485,0.560757576,0.5574242420000001,0.55,0.5459090910000001,0.543333333,0.543333333,0.544545455,0.544545455,0.5422727270000001,0.541363636,0.5369696970000001,0.5321212120000001,0.528333333,0.527727273,0.528484848,0.528787879,0.527878788,0.522272727,0.513636364,0.508939394,0.504545455,0.504242424,0.501212121,0.499393939
66,0.6891666670000001,0.679416667,0.689333333,0.688416667,0.6809999999999999,0.65375,0.6565,0.671583333,0.674416667,0.66225,0.64225,0.663666667,0.677416667,0.6801666670000001,0.678333333,0.67825,0.677583333,0.6805,0.6645833329999999,0.6355833329999999,0.6285,0.632833333,0.643,0.6196666670000001,0.615,0.6153333329999999,0.610916667,0.6043333329999999,0.605166667,0.609166667
67,0.033333333,0.034166667000000005,0.041111111,0.037361111,0.035694444,0.026111111,0.02625,0.03,0.030555556,0.030555556,0.015833333,0.036666667,0.036666667,0.035833332999999995,0.028888888999999997,0.028888888999999997,0.028888888999999997,0.028888888999999997,0.02875,0.025,0.024444444,0.024444444,0.0275,0.0038888890000000004,0.0038888890000000004,0.0038888890000000004,0.0038888890000000004,0.0038888890000000004,0.0038888890000000004,0.0038888890000000004
68,0.5,0.5,0.583333333,0.5,0.41666666700000005,0.333333333,0.41666666700000005,0.5,0.583333333,0.583333333,0.583333333,0.583333333,0.583333333,0.5,0.5,0.5,0.5,0.5,0.41666666700000005,0.333333333,0.25,0.25,0.25,0.25,0.25,0.25,0.166666667,0.166666667,0.166666667,0.166666667
69,0.658333333,0.651388889,0.639861111,0.632638889,0.629166667,0.6311111110000001,0.6280555560000001,0.620833333,0.6130555560000001,0.607638889,0.604722222,0.597777778,0.5968055560000001,0.594166667,0.594027778,0.592916667,0.589444444,0.5872222220000001,0.5870833329999999,0.589583333,0.5922222220000001,0.59125,0.588611111,0.587361111,0.580833333,0.577361111,0.57625,0.575972222,0.5736111110000001,0.570555556
70,0.724861111,0.7176388890000001,0.7048611109999999,0.69875,0.697638889,0.701527778,0.696527778,0.685,0.674305556,0.670138889,0.666944444,0.65625,0.6527777779999999,0.65,0.651388889,0.650416667,0.6477777779999999,0.6465277779999999,0.650277778,0.6595833329999999,0.6645833329999999,0.661944444,0.661805556,0.66375,0.65875,0.6579166670000001,0.6581944439999999,0.660555556,0.6575,0.652222222
71,0.5968055560000001,0.5868055560000001,0.577361111,0.5708333329999999,0.565416667,0.564583333,0.5658333329999999,0.560694444,0.5558333329999999,0.548611111,0.545555556,0.541111111,0.543472222,0.544583333,0.541666667,0.541805556,0.5381944439999999,0.535833333,0.530972222,0.528611111,0.528888889,0.529861111,0.526944444,0.524166667,0.51625,0.509027778,0.507222222,0.504166667,0.5030555560000001,0.500972222
72,0.697769231,0.682769231,0.682384615,0.688923077,0.682692308,0.669461538,0.656461538,0.6729999999999999,0.672615385,0.666230769,0.657538462,0.659615385,0.6659999999999999,0.674461538,0.681384615,0.678692308,0.672692308,0.669,0.666461538,0.653692308,0.632846154,0.627846154,0.639769231,0.638769231,0.621076923,0.617153846,0.6174615379999999,0.610384615,0.605230769,0.605846154
73,0.033717949,0.031538462,0.037948718,0.037948718,0.034487179,0.032948717999999995,0.024230769,0.027692308,0.028205128,0.028205128,0.028846154,0.036538462,0.033846153999999996,0.033846153999999996,0.033076923,0.026666667,0.026666667,0.026666667,0.026666667,0.026538462000000002,0.023076923,0.022564103,0.026025641000000002,0.025512821,0.003589744,0.003589744,0.003589744,0.003589744,0.003589744,0.003589744
74,0.538461538,0.538461538,0.538461538,0.538461538,0.46153846200000004,0.384615385,0.384615385,0.46153846200000004,0.538461538,0.538461538,0.615384615,0.615384615,0.538461538,0.538461538,0.538461538,0.46153846200000004,0.46153846200000004,0.46153846200000004,0.46153846200000004,0.384615385,0.307692308,0.23076923100000002,0.307692308,0.307692308,0.23076923100000002,0.23076923100000002,0.23076923100000002,0.153846154,0.153846154,0.153846154
75,0.658974359,0.6557692310000001,0.646410256,0.6366666670000001,0.632948718,0.629230769,0.629487179,0.624615385,0.617179487,0.612051282,0.605641026,0.599615385,0.5978205129999999,0.596538462,0.593461538,0.593333333,0.5930769229999999,0.590512821,0.588846154,0.5891025639999999,0.590769231,0.591923077,0.5880769229999999,0.583589744,0.582179487,0.578589744,0.576923077,0.576666667,0.57525641,0.573076923
76,0.725384615,0.7232051279999999,0.712051282,0.701923077,0.7005128209999999,0.698461538,0.6985897440000001,0.689230769,0.6794871790000001,0.6743589740000001,0.666153846,0.658461538,0.656538462,0.654102564,0.650897436,0.651666667,0.653461538,0.651282051,0.651282051,0.655128205,0.660641026,0.662948718,0.658461538,0.655512821,0.658846154,0.658846154,0.658461538,0.660128205,0.66,0.655384615
77,0.597692308,0.591794872,0.583589744,0.574102564,0.568974359,0.564358974,0.565512821,0.565384615,0.558974359,0.554102564,0.548076923,0.543333333,0.541410256,0.5435897439999999,0.541923077,0.541282051,0.538846154,0.5370512820000001,0.534487179,0.531025641,0.529615385,0.530128205,0.528076923,0.523589744,0.5184615379999999,0.5117948720000001,0.507435897,0.5066666670000001,0.503076923,0.502692308
78,0.6979285709999999,0.6912142859999999,0.685285714,0.6825,0.683571429,0.671857143,0.670857143,0.6717857140000001,0.673857143,0.665142857,0.661571429,0.6725714290000001,0.6620714289999999,0.6640714289999999,0.6759999999999999,0.6815,0.6735,0.6650714289999999,0.656785714,0.656214286,0.649857143,0.631928571,0.634642857,0.636071429,0.638714286,0.622642857,0.619,0.6165,0.610785714,0.6058571429999999
79,0.033095238,0.03202381,0.035238095,0.035238095,0.035238095,0.03202381,0.030714286,0.025714286,0.026190476,0.026190476,0.026785714,0.047142857,0.033928571,0.031428571,0.031428571,0.030714286,0.024761905,0.024761905,0.024761905,0.024761905,0.024642857,0.021428571,0.024166667000000003,0.024285714,0.023690476000000002,0.003333333,0.003333333,0.003333333,0.003333333,0.003333333
80,0.571428571,0.571428571,0.571428571,0.5,0.5,0.428571429,0.428571429,0.428571429,0.5,0.5,0.571428571,0.642857143,0.571428571,0.5,0.571428571,0.5,0.428571429,0.428571429,0.428571429,0.428571429,0.35714285700000004,0.28571428600000004,0.28571428600000004,0.35714285700000004,0.28571428600000004,0.214285714,0.214285714,0.214285714,0.14285714300000002,0.14285714300000002
81,0.6575,0.656547619,0.650833333,0.64297619,0.6366666670000001,0.632738095,0.627857143,0.626190476,0.620952381,0.615952381,0.609880952,0.600833333,0.59952381,0.5975,0.595714286,0.5928571429999999,0.593452381,0.593809524,0.591785714,0.590595238,0.590238095,0.590595238,0.5889285710000001,0.583452381,0.579047619,0.58,0.578095238,0.577261905,0.575952381,0.5746428570000001
82,0.7225,0.7238095240000001,0.717619048,0.7088095240000001,0.703333333,0.7010714290000001,0.6959523809999999,0.691666667,0.6838095240000001,0.6791666670000001,0.6703571429999999,0.658333333,0.658571429,0.6575,0.654642857,0.651190476,0.6544047620000001,0.656309524,0.6553571429999999,0.655714286,0.656428571,0.659404762,0.659642857,0.652857143,0.651547619,0.658928571,0.659285714,0.660238095,0.659642857,0.657857143
83,0.59797619,0.59297619,0.588452381,0.5801190479999999,0.572142857,0.567738095,0.565238095,0.565119048,0.5634523810000001,0.557142857,0.553214286,0.5458333329999999,0.543452381,0.541666667,0.541190476,0.541547619,0.538571429,0.537738095,0.535714286,0.534285714,0.531785714,0.530714286,0.528452381,0.5248809520000001,0.518333333,0.514166667,0.510119048,0.506904762,0.50547619,0.502738095
84,0.6969333329999999,0.6918,0.693,0.6852,0.6779333329999999,0.6734,0.6729999999999999,0.6842,0.672666667,0.6668,0.6608666670000001,0.675333333,0.674,0.660533333,0.6662,0.676466667,0.676466667,0.666333333,0.653933333,0.6478666670000001,0.652466667,0.6478666670000001,0.638,0.6315333329999999,0.6362,0.639,0.624,0.618,0.6164666670000001,0.611
85,0.030911111,0.031555556,0.035444444,0.032888889,0.032888889,0.032888889,0.03,0.031666667,0.024444444,0.024444444,0.025,0.044000000000000004,0.044000000000000004,0.031666667,0.029333333,0.029333333,0.028666667000000003,0.023111111,0.023111111,0.023111111,0.023111111,0.023,0.023,0.022666667,0.022666667,0.022111111,0.0031111109999999997,0.0031111109999999997,0.0031111109999999997,0.0031111109999999997
86,0.6,0.6,0.6,0.533333333,0.46666666700000003,0.46666666700000003,0.46666666700000003,0.46666666700000003,0.46666666700000003,0.46666666700000003,0.533333333,0.6,0.6,0.533333333,0.533333333,0.533333333,0.46666666700000003,0.4,0.4,0.4,0.4,0.333333333,0.333333333,0.333333333,0.333333333,0.26666666699999997,0.2,0.2,0.2,0.133333333
87,0.655888889,0.655333333,0.651888889,0.647333333,0.642555556,0.636222222,0.631222222,0.624888889,0.6226666670000001,0.619555556,0.613666667,0.605111111,0.600666667,0.599111111,0.596666667,0.595,0.593,0.594111111,0.594777778,0.5932222220000001,0.591555556,0.590111111,0.587888889,0.584555556,0.5792222220000001,0.5772222220000001,0.579444444,0.578333333,0.576555556,0.575333333
88,0.719555556,0.7212222220000001,0.718555556,0.7142222220000001,0.709666667,0.703666667,0.698555556,0.689666667,0.686444444,0.683222222,0.675111111,0.6627777779999999,0.658444444,0.659333333,0.6577777779999999,0.654666667,0.6537777779999999,0.657,0.6597777779999999,0.659222222,0.656888889,0.655555556,0.656555556,0.654333333,0.649333333,0.652111111,0.659333333,0.660888889,0.6597777779999999,0.657666667
89,0.597555556,0.593555556,0.589777778,0.584888889,0.577888889,0.570777778,0.568333333,0.564888889,0.563333333,0.5614444439999999,0.556111111,0.5507777779999999,0.5457777779999999,0.543555556,0.539555556,0.540888889,0.539,0.537555556,0.536444444,0.535444444,0.5347777779999999,0.532666667,0.529111111,0.525444444,0.519888889,0.514333333,0.512444444,0.509444444,0.505777778,0.505
90,0.7036875,0.69125,0.6934375,0.6924375,0.68075,0.66875,0.674375,0.685375,0.68425,0.666125,0.6626875,0.6738125,0.6765,0.6718125,0.66275,0.66725,0.6720625,0.6695625,0.6558125,0.64575,0.644875,0.6504375,0.6525625,0.634875,0.6319375,0.636625,0.63925,0.62275,0.617875,0.6163125
91,0.032520833,0.029604167,0.034791667000000005,0.033229167000000004,0.030833332999999997,0.030833332999999997,0.0309375,0.0309375,0.030104167,0.022916667,0.0234375,0.04125,0.04125,0.04125,0.0296875,0.0275,0.0275,0.026875,0.021666667,0.021666667,0.021666667,0.021666667,0.024375,0.021666667,0.02125,0.02125,0.020729167,0.002916667,0.002916667,0.002916667
92,0.625,0.625,0.625,0.5625,0.5,0.4375,0.5,0.5,0.5,0.4375,0.5,0.5625,0.5625,0.5625,0.5625,0.5,0.5,0.4375,0.375,0.375,0.375,0.375,0.375,0.375,0.3125,0.3125,0.25,0.1875,0.1875,0.1875
93,0.6534375,0.653958333,0.651041667,0.648541667,0.6466666670000001,0.6417708329999999,0.6345833329999999,0.628229167,0.6216666670000001,0.62125,0.6171875,0.608958333,0.6046875,0.600208333,0.5982291670000001,0.5959375,0.595,0.593645833,0.595,0.5959375,0.593958333,0.591354167,0.5876041670000001,0.583854167,0.580520833,0.5775,0.576875,0.579583333,0.5776041670000001,0.5759375
94,0.715833333,0.718541667,0.716458333,0.7153125,0.7146875,0.709583333,0.701145833,0.6925,0.684895833,0.6857291670000001,0.6791666670000001,0.667708333,0.662604167,0.659166667,0.659479167,0.657604167,0.656875,0.65625,0.6602083329999999,0.663125,0.6601041670000001,0.656041667,0.653125,0.6517708329999999,0.6509375,0.65,0.6529166670000001,0.660833333,0.660416667,0.6579166670000001
95,0.596979167,0.5934375,0.590520833,0.586354167,0.5825,0.57625,0.571145833,0.5678125,0.563229167,0.5614583329999999,0.560208333,0.5536458329999999,0.550416667,0.5457291670000001,0.541458333,0.539375,0.5385416670000001,0.5380208329999999,0.536354167,0.536145833,0.535833333,0.535416667,0.531041667,0.52625,0.520729167,0.516041667,0.512708333,0.5116666670000001,0.508229167,0.5053125
96,0.7125294120000001,0.6979411759999999,0.6928235290000001,0.692882353,0.6878235290000001,0.6719411759999999,0.669941176,0.6859411759999999,0.685352941,0.677411765,0.6622941179999999,0.6747647059999999,0.675,0.6742941179999999,0.673235294,0.663941176,0.663647059,0.665823529,0.659470588,0.648,0.643058824,0.643411765,0.654705882,0.648764706,0.635058824,0.632588235,0.637,0.637176471,0.622352941,0.6176470589999999
97,0.057470587999999996,0.031196078,0.032764706,0.032745098,0.03127451,0.029019608,0.029117647000000003,0.031764706000000004,0.029509804,0.028333333,0.022058823999999998,0.038823529,0.038823529,0.038823529,0.038823529,0.027941176,0.025882352999999997,0.025882352999999997,0.025294117999999997,0.020392157,0.020392157,0.020392157,0.023039216,0.023039216,0.020392157,0.02,0.02,0.019509804,0.002745098,0.002745098
98,0.647058824,0.647058824,0.647058824,0.588235294,0.529411765,0.470588235,0.470588235,0.529411765,0.529411765,0.470588235,0.470588235,0.529411765,0.529411765,0.529411765,0.588235294,0.529411765,0.470588235,0.470588235,0.41176470600000004,0.352941176,0.352941176,0.352941176,0.41176470600000004,0.41176470600000004,0.352941176,0.294117647,0.294117647,0.235294118,0.176470588,0.176470588
99,0.654509804,0.651764706,0.65,0.647941176,0.6478431370000001,0.645686275,0.639901961,0.631568627,0.625,0.620392157,0.618921569,0.61254902,0.6083333329999999,0.604019608,0.599313725,0.59745098,0.5958823529999999,0.595490196,0.594509804,0.596078431,0.596470588,0.593627451,0.588921569,0.583823529,0.580098039,0.578823529,0.577156863,0.577156863,0.578823529,0.576960784
100,0.716568627,0.715098039,0.714215686,0.7135294120000001,0.715686275,0.714313725,0.706862745,0.695294118,0.687843137,0.684313725,0.6817647059999999,0.671960784,0.667254902,0.663039216,0.659313725,0.659215686,0.659509804,0.6590196079999999,0.659313725,0.663333333,0.66372549,0.6591176470000001,0.65372549,0.648823529,0.64872549,0.651470588,0.650882353,0.654705882,0.660392157,0.658627451
101,0.5996078429999999,0.593137255,0.590588235,0.5872549020000001,0.584019608,0.580686275,0.57627451,0.5704901960000001,0.566078431,0.5614705879999999,0.560294118,0.557647059,0.553137255,0.550098039,0.543627451,0.541176471,0.537254902,0.537647059,0.536862745,0.536078431,0.5364705879999999,0.536372549,0.53372549,0.528235294,0.521764706,0.517058824,0.514411765,0.511960784,0.5103921570000001,0.507647059
102,0.7215,0.706611111,0.6990555559999999,0.692333333,0.6885,0.679111111,0.6728888890000001,0.681111111,0.6858888890000001,0.6788333329999999,0.673166667,0.673722222,0.6758333329999999,0.6729999999999999,0.6755,0.6737777779999999,0.6607222220000001,0.658222222,0.6565,0.651888889,0.645333333,0.641777778,0.647833333,0.6509999999999999,0.648166667,0.6355,0.633166667,0.635166667,0.636,0.621888889
103,0.06529629599999999,0.054833333,0.034092593,0.030944443999999998,0.030925926,0.029537037000000002,0.0275,0.03,0.03037037,0.02787037,0.027222222,0.036666667,0.036666667,0.036666667,0.036666667,0.036666667,0.026388889,0.024444444,0.024444444,0.023888889,0.019259259,0.019259259,0.021759259,0.021851852,0.021759259,0.019259259,0.018888889,0.018888889,0.018425926000000002,0.002592593
104,0.666666667,0.666666667,0.666666667,0.611111111,0.5555555560000001,0.5,0.5,0.5,0.5555555560000001,0.5,0.5,0.5,0.5,0.5,0.5555555560000001,0.5555555560000001,0.5,0.444444444,0.444444444,0.38888888899999996,0.333333333,0.333333333,0.38888888899999996,0.444444444,0.38888888899999996,0.333333333,0.27777777800000003,0.27777777800000003,0.222222222,0.166666667
105,0.655555556,0.65287037,0.648148148,0.64712963,0.647314815,0.6468518520000001,0.643703704,0.636759259,0.6283333329999999,0.623611111,0.618240741,0.614444444,0.6117592589999999,0.6075,0.602962963,0.598518519,0.597314815,0.596296296,0.596203704,0.595555556,0.596574074,0.596018519,0.591203704,0.5852777779999999,0.580277778,0.578518519,0.578425926,0.577407407,0.5765740739999999,0.5781481479999999
106,0.715740741,0.715833333,0.7112037040000001,0.7115740740000001,0.7139814809999999,0.7152777779999999,0.711481481,0.701018519,0.6907407409999999,0.68712963,0.680648148,0.674814815,0.671296296,0.667407407,0.662962963,0.659074074,0.660925926,0.661388889,0.661759259,0.662314815,0.663888889,0.662592593,0.656759259,0.64962963,0.646111111,0.649351852,0.652222222,0.652685185,0.65462963,0.658703704
107,0.6024074070000001,0.595833333,0.590462963,0.5875,0.585,0.5822222220000001,0.580462963,0.57537037,0.568703704,0.564259259,0.56037037,0.55787037,0.556944444,0.552685185,0.54787037,0.543240741,0.539074074,0.536481481,0.536574074,0.536574074,0.536388889,0.536944444,0.5347222220000001,0.530925926,0.523888889,0.5182407410000001,0.5154629629999999,0.513611111,0.510740741,0.5097222220000001
108,0.7234210529999999,0.7154210529999999,0.7072105259999999,0.6982631579999999,0.688210526,0.680210526,0.679631579,0.683315789,0.681315789,0.679684211,0.6747368420000001,0.683421053,0.6747894740000001,0.673894737,0.674210526,0.675894737,0.670210526,0.655736842,0.649789474,0.6494736839999999,0.649157895,0.644,0.6460526320000001,0.6446842110000001,0.650315789,0.647894737,0.635894737,0.631631579,0.634157895,0.634842105
109,0.062736842,0.062385965,0.056333333,0.032298246,0.029315789,0.029298246,0.028070175,0.028421052999999998,0.02877193,0.02877193,0.026842105,0.040789474,0.034736842000000004,0.034736842000000004,0.034736842000000004,0.034736842000000004,0.034736842000000004,0.025,0.023157895,0.023157895,0.022631579,0.018245614,0.020614035,0.020701754,0.020701754,0.020614035,0.018245614,0.017894737,0.017894737,0.01745614
110,0.684210526,0.684210526,0.684210526,0.6315789470000001,0.578947368,0.526315789,0.526315789,0.526315789,0.526315789,0.526315789,0.526315789,0.526315789,0.473684211,0.473684211,0.526315789,0.526315789,0.526315789,0.473684211,0.42105263200000004,0.42105263200000004,0.36842105299999994,0.31578947399999996,0.36842105299999994,0.42105263200000004,0.42105263200000004,0.36842105299999994,0.31578947399999996,0.263157895,0.263157895,0.21052631600000002
111,0.658684211,0.653947368,0.649385965,0.645526316,0.6465789470000001,0.646403509,0.644912281,0.640526316,0.633421053,0.626842105,0.621403509,0.614035088,0.613596491,0.6107894739999999,0.6063157889999999,0.602017544,0.598333333,0.597631579,0.596929825,0.597105263,0.596052632,0.5961403510000001,0.593596491,0.587631579,0.581842105,0.57877193,0.578157895,0.578596491,0.576842105,0.576052632
112,0.7182456140000001,0.715087719,0.712105263,0.7088596490000001,0.712105263,0.7136842109999999,0.71254386,0.705701754,0.696403509,0.6899122809999999,0.683508772,0.674122807,0.674035088,0.67122807,0.667105263,0.66254386,0.660701754,0.662631579,0.6638596489999999,0.664473684,0.662894737,0.662807018,0.660175439,0.652719298,0.647017544,0.646842105,0.650175439,0.6538596489999999,0.652719298,0.653333333
113,0.606929825,0.598684211,0.593157895,0.58754386,0.585350877,0.583245614,0.581929825,0.579385965,0.573421053,0.566842105,0.563070175,0.558070175,0.557192982,0.556315789,0.550438596,0.547280702,0.541140351,0.538245614,0.535526316,0.536315789,0.536842105,0.536842105,0.5353508770000001,0.532017544,0.526666667,0.520438596,0.5166666670000001,0.514649123,0.512368421,0.5100877189999999
114,0.7274,0.71755,0.71555,0.70605,0.69405,0.68035,0.68065,0.6892,0.6834,0.67565,0.67575,0.6844,0.68395,0.6729999999999999,0.675,0.67465,0.6724,0.665,0.64785,0.64345,0.647,0.6477,0.64795,0.64315,0.64435,0.64995,0.64765,0.6343,0.63085,0.63315
115,0.059933333,0.0601,0.063433333,0.053516667000000004,0.030683332999999997,0.02785,0.027916667000000003,0.028916667000000004,0.027333332999999998,0.027333332999999998,0.02775,0.03975,0.03875,0.033,0.033,0.033,0.033,0.033,0.02375,0.022000000000000002,0.022000000000000002,0.0215,0.019583333,0.019666667,0.019666667,0.019666667,0.019583333,0.017333333,0.017,0.017
116,0.7,0.7,0.7,0.65,0.6,0.55,0.55,0.55,0.55,0.5,0.55,0.55,0.5,0.45,0.5,0.5,0.5,0.5,0.45,0.4,0.4,0.35,0.35,0.4,0.4,0.4,0.35,0.3,0.25,0.25
117,0.6609166670000001,0.657,0.6505833329999999,0.646833333,0.645083333,0.64575,0.6445833329999999,0.641833333,0.637166667,0.63175,0.624583333,0.61725,0.61325,0.612583333,0.6095,0.60525,0.601666667,0.598583333,0.598166667,0.59775,0.5975,0.595666667,0.593833333,0.5900833329999999,0.58425,0.580333333,0.578416667,0.578333333,0.578,0.576333333
118,0.718666667,0.7175,0.711583333,0.709833333,0.7095,0.711916667,0.711166667,0.7070000000000001,0.7010833329999999,0.695333333,0.686333333,0.677166667,0.673416667,0.6738333329999999,0.67075,0.6665,0.6639166670000001,0.662333333,0.6649166670000001,0.666333333,0.6649166670000001,0.6619166670000001,0.6605,0.656166667,0.650083333,0.6476666670000001,0.64775,0.651833333,0.653833333,0.6515833329999999
119,0.610583333,0.603166667,0.596,0.59025,0.5855,0.583666667,0.582916667,0.580833333,0.577333333,0.571416667,0.565583333,0.56075,0.557416667,0.556583333,0.5539999999999999,0.54975,0.545083333,0.54025,0.53725,0.535333333,0.5365833329999999,0.53725,0.535333333,0.53275,0.5279166670000001,0.52325,0.518833333,0.515833333,0.513416667,0.5116666670000001
120,0.728,0.721619048,0.717571429,0.714047619,0.701666667,0.686285714,0.680761905,0.689714286,0.6890000000000001,0.677904762,0.6720952379999999,0.6849047620000001,0.684857143,0.6818095240000001,0.6740952379999999,0.675380952,0.671380952,0.667333333,0.657047619,0.641904762,0.641380952,0.645714286,0.651285714,0.645095238,0.642904762,0.644285714,0.6496190479999999,0.645571429,0.633428571,0.630047619
121,0.057079365,0.057555555999999994,0.06120634900000001,0.060412698,0.050968254000000004,0.029222222000000003,0.026603175,0.028730158999999998,0.027857142999999997,0.026031746,0.026428571,0.04,0.037857142999999996,0.036904762,0.031428571,0.031428571,0.031428571,0.031428571,0.031428571,0.022619048,0.020952381000000003,0.020952381000000003,0.022619048,0.018730159,0.018730159,0.018730159,0.018730159,0.018650794,0.016507937,0.016190476000000002
122,0.7142857140000001,0.7142857140000001,0.7142857140000001,0.666666667,0.6190476189999999,0.571428571,0.571428571,0.571428571,0.571428571,0.523809524,0.523809524,0.571428571,0.523809524,0.47619047600000003,0.47619047600000003,0.47619047600000003,0.47619047600000003,0.47619047600000003,0.47619047600000003,0.428571429,0.380952381,0.380952381,0.380952381,0.380952381,0.380952381,0.380952381,0.380952381,0.333333333,0.28571428600000004,0.23809523800000001
123,0.663174603,0.659206349,0.653650794,0.648095238,0.646349206,0.644365079,0.644047619,0.6416666670000001,0.638571429,0.635396825,0.6293650789999999,0.62047619,0.616349206,0.612301587,0.611269841,0.6083333329999999,0.604761905,0.601746032,0.599047619,0.598888889,0.598095238,0.5970634920000001,0.593492063,0.59047619,0.5867460320000001,0.5826984129999999,0.579920635,0.578571429,0.577777778,0.577460317
124,0.721904762,0.717936508,0.714047619,0.7094444440000001,0.710396825,0.7094444440000001,0.709603175,0.7059523809999999,0.7025396829999999,0.69984127,0.691666667,0.68015873,0.6763492059999999,0.6732539679999999,0.6732539679999999,0.67,0.6676190479999999,0.66531746,0.66452381,0.667222222,0.666666667,0.663888889,0.659761905,0.656666667,0.653492063,0.650555556,0.648492063,0.649444444,0.651904762,0.652698413
125,0.6126984129999999,0.606825397,0.600396825,0.593095238,0.588174603,0.583888889,0.583333333,0.581825397,0.578809524,0.575238095,0.57,0.5632539679999999,0.56,0.556825397,0.554365079,0.553174603,0.547539683,0.544047619,0.539206349,0.536984127,0.535634921,0.536984127,0.535793651,0.532857143,0.528809524,0.524603175,0.521587302,0.517936508,0.514603175,0.512698413
126,0.7261818179999999,0.722454545,0.721454545,0.716045455,0.7095,0.693909091,0.6864090909999999,0.6894090909999999,0.6895,0.6835,0.6744090909999999,0.6809999999999999,0.685318182,0.682772727,0.682454545,0.6745,0.672227273,0.666590909,0.659636364,0.650954545,0.64,0.640409091,0.6492272729999999,0.648409091,0.644772727,0.642909091,0.6442272729999999,0.647545455,0.6442272729999999,0.632545455
127,0.054484847999999995,0.054939394,0.058727272999999997,0.058424242,0.057666667000000005,0.048651515,0.027969697,0.027439394,0.027727272999999997,0.026590909,0.025227272999999998,0.038181818,0.038181818,0.036136364,0.035227272999999996,0.03,0.03,0.03,0.03,0.03,0.021590909,0.02,0.022045455,0.021666667,0.017878788,0.017878788,0.017878788,0.017878788,0.01780303,0.015757576000000002
128,0.681818182,0.727272727,0.727272727,0.681818182,0.636363636,0.590909091,0.590909091,0.590909091,0.590909091,0.545454545,0.545454545,0.545454545,0.545454545,0.5,0.5,0.454545455,0.454545455,0.454545455,0.454545455,0.454545455,0.409090909,0.363636364,0.409090909,0.409090909,0.363636364,0.363636364,0.363636364,0.363636364,0.318181818,0.272727273
129,0.664090909,0.661439394,0.655909091,0.651136364,0.647575758,0.6456060610000001,0.64280303,0.641287879,0.638560606,0.6368181820000001,0.632954545,0.6252272729999999,0.619469697,0.61530303,0.611060606,0.610075758,0.607727273,0.60469697,0.602045455,0.59969697,0.599166667,0.597651515,0.594924242,0.59030303,0.587272727,0.585151515,0.58219697,0.58,0.578030303,0.577272727
130,0.722348485,0.721060606,0.7146212120000001,0.7118939390000001,0.71,0.71030303,0.707348485,0.70469697,0.7017424240000001,0.7012878790000001,0.696136364,0.685530303,0.679242424,0.676060606,0.672727273,0.6724242420000001,0.6709090910000001,0.668787879,0.6672727270000001,0.666742424,0.6675,0.665606061,0.6617424239999999,0.656136364,0.654090909,0.653787879,0.651212121,0.650075758,0.649621212,0.650909091
131,0.613409091,0.609015152,0.604015152,0.597424242,0.590984848,0.586515152,0.583560606,0.582272727,0.579848485,0.576742424,0.573712121,0.5675757579999999,0.5624242420000001,0.559318182,0.55469697,0.553560606,0.550909091,0.546439394,0.542878788,0.538863636,0.53719697,0.536060606,0.535606061,0.533409091,0.529090909,0.5256060610000001,0.522954545,0.5206060610000001,0.5166666670000001,0.5138636360000001
132,0.732869565,0.720956522,0.72226087,0.7198260870000001,0.711608696,0.70173913,0.693695652,0.6944347829999999,0.6892173909999999,0.6842173909999999,0.679913043,0.682826087,0.6815652170000001,0.683304348,0.683347826,0.682478261,0.671521739,0.6676086960000001,0.65926087,0.653695652,0.64873913,0.639130435,0.644,0.646565217,0.647956522,0.644695652,0.642913043,0.642478261,0.6461739129999999,0.642913043
133,0.07189855099999999,0.052550725,0.056173913,0.056173913,0.055884058,0.05515942,0.046608696,0.028710145,0.026536232000000003,0.026521739,0.025797101,0.036521739,0.036521739,0.036521739,0.034565217,0.033695652,0.028695652000000002,0.028695652000000002,0.028695652000000002,0.028695652000000002,0.028695652000000002,0.020652174,0.021086957000000003,0.02115942,0.020724638,0.017101448999999998,0.017101448999999998,0.017101448999999998,0.017101448999999998,0.017028986
134,0.695652174,0.695652174,0.739130435,0.695652174,0.6521739129999999,0.608695652,0.608695652,0.608695652,0.608695652,0.565217391,0.565217391,0.565217391,0.52173913,0.52173913,0.52173913,0.47826087,0.434782609,0.434782609,0.434782609,0.434782609,0.434782609,0.39130434799999997,0.39130434799999997,0.434782609,0.39130434799999997,0.347826087,0.347826087,0.347826087,0.347826087,0.304347826
135,0.66326087,0.662391304,0.6581884060000001,0.653405797,0.650507246,0.646811594,0.6440579710000001,0.640217391,0.638333333,0.6368840579999999,0.63442029,0.62884058,0.624057971,0.6183333329999999,0.613985507,0.609927536,0.60942029,0.6075362320000001,0.604855072,0.6025362320000001,0.599927536,0.5986956520000001,0.59557971,0.5918115939999999,0.587246377,0.585724638,0.5845652170000001,0.582173913,0.57942029,0.577536232
136,0.721449275,0.721521739,0.717753623,0.712536232,0.712318841,0.7099275359999999,0.70826087,0.702753623,0.700724638,0.70057971,0.697681159,0.6900724640000001,0.68442029,0.67884058,0.6754347829999999,0.671956522,0.673188406,0.671884058,0.670507246,0.669275362,0.667028986,0.666449275,0.6634782610000001,0.6581884060000001,0.653695652,0.654347826,0.654275362,0.652608696,0.650217391,0.6487681160000001
137,0.61384058,0.609855072,0.6062318839999999,0.601014493,0.595217391,0.5892753620000001,0.586086957,0.582536232,0.580362319,0.577826087,0.575217391,0.571231884,0.566594203,0.561666667,0.557173913,0.553913043,0.551376812,0.549710145,0.545217391,0.542391304,0.538985507,0.537536232,0.534782609,0.533333333,0.529782609,0.5260144929999999,0.523985507,0.521956522,0.519275362,0.515869565
138,0.729125,0.727583333,0.720833333,0.720666667,0.7154166670000001,0.7040833329999999,0.701208333,0.7010833329999999,0.694041667,0.6841666670000001,0.68075,0.68775,0.683291667,0.679791667,0.6838333329999999,0.683333333,0.679291667,0.667125,0.660541667,0.6535833329999999,0.651458333,0.647541667,0.642625,0.6416666670000001,0.646208333,0.64775,0.644625,0.6412916670000001,0.641375,0.644833333
139,0.07105555599999999,0.06931944400000001,0.053833333,0.053833333,0.053833333,0.053555556,0.052930556,0.046541667,0.027791667000000003,0.025430556,0.025763888999999998,0.036597222,0.035,0.035,0.035,0.033125,0.032291667,0.0275,0.0275,0.0275,0.0275,0.0275,0.021666667,0.020277778,0.020277778,0.019861111,0.016388889,0.016388889,0.016388889,0.016388889
140,0.708333333,0.708333333,0.708333333,0.708333333,0.666666667,0.625,0.625,0.625,0.625,0.583333333,0.583333333,0.583333333,0.541666667,0.5,0.541666667,0.5,0.45833333299999995,0.41666666700000005,0.41666666700000005,0.41666666700000005,0.41666666700000005,0.41666666700000005,0.41666666700000005,0.41666666700000005,0.41666666700000005,0.375,0.333333333,0.333333333,0.333333333,0.333333333
141,0.6645833329999999,0.661666667,0.659236111,0.655694444,0.652708333,0.649652778,0.645277778,0.6415277779999999,0.637430556,0.636736111,0.6345833329999999,0.630416667,0.627569444,0.622777778,0.616944444,0.612777778,0.609305556,0.609166667,0.607569444,0.605208333,0.602638889,0.599444444,0.596666667,0.592569444,0.588819444,0.585763889,0.585138889,0.584444444,0.581527778,0.578888889
142,0.723472222,0.720694444,0.718333333,0.715625,0.712916667,0.712152778,0.707986111,0.7038194440000001,0.6990277779999999,0.6996527779999999,0.697152778,0.6918055559999999,0.6888194440000001,0.683819444,0.678125,0.674583333,0.672708333,0.674027778,0.6734027779999999,0.672291667,0.669444444,0.666041667,0.664375,0.66,0.6557638889999999,0.653958333,0.654791667,0.655486111,0.652638889,0.649375
143,0.614791667,0.6104166670000001,0.607152778,0.6032638889999999,0.59875,0.593402778,0.58875,0.585,0.580694444,0.578402778,0.576319444,0.572777778,0.570138889,0.565694444,0.559513889,0.556319444,0.551805556,0.5502083329999999,0.5484027779999999,0.544652778,0.5423611110000001,0.539236111,0.53625,0.532638889,0.529861111,0.526805556,0.524444444,0.522986111,0.520625,0.518402778
144,0.72596,0.7242,0.7272,0.71936,0.7164,0.70804,0.70348,0.708,0.70044,0.6890000000000001,0.68084,0.68824,0.688,0.68152,0.6804399999999999,0.6838,0.68024,0.67476,0.6603600000000001,0.65504,0.65144,0.6502,0.65056,0.64044,0.64152,0.64608,0.64756,0.643,0.6402800000000001,0.6402800000000001
145,0.06848,0.068613333,0.06988,0.05168,0.05168,0.05168,0.05148,0.052613333,0.044946667,0.026680000000000002,0.024746667000000003,0.036133333,0.035133332999999996,0.0336,0.0336,0.0336,0.0318,0.031,0.0264,0.0264,0.0264,0.0264,0.0282,0.020866667,0.019466667,0.019466667,0.019066667,0.015733333000000002,0.015733333000000002,0.015733333000000002
146,0.72,0.72,0.72,0.68,0.68,0.64,0.64,0.64,0.64,0.6,0.6,0.6,0.56,0.52,0.52,0.52,0.48,0.44,0.4,0.4,0.4,0.4,0.44,0.44,0.4,0.4,0.36,0.32,0.32,0.32
147,0.6657333329999999,0.6629999999999999,0.658666667,0.6568,0.654933333,0.6518,0.648066667,0.6428,0.6388,0.635933333,0.6345333329999999,0.630733333,0.629133333,0.6262,0.621266667,0.6156666670000001,0.612066667,0.609066667,0.6091333329999999,0.6078,0.6052,0.602066667,0.5974666670000001,0.593733333,0.589666667,0.587333333,0.5852,0.585,0.583733333,0.5809333329999999
148,0.725933333,0.722666667,0.717666667,0.7162666670000001,0.715866667,0.712733333,0.7102,0.703733333,0.7002,0.6980666670000001,0.6964,0.691533333,0.690533333,0.6880666670000001,0.6829333329999999,0.6772,0.6752,0.673533333,0.6754,0.675,0.672333333,0.6684,0.664066667,0.6609999999999999,0.6576,0.655933333,0.6544,0.655933333,0.6554,0.6517333329999999
149,0.614933333,0.6114666670000001,0.6078,0.604266667,0.601,0.596866667,0.592733333,0.5876,0.5831333329999999,0.5788,0.5769333329999999,0.5739333329999999,0.571666667,0.569133333,0.563466667,0.5586,0.5542,0.550666667,0.548933333,0.5477333329999999,0.544533333,0.542466667,0.537933333,0.534133333,0.529333333,0.527,0.525266667,0.523466667,0.5216666670000001,0.519733333
150,0.728923077,0.721346154,0.723961538,0.725538462,0.715307692,0.7092692309999999,0.707307692,0.709923077,0.707115385,0.6953461540000001,0.685615385,0.6880384620000001,0.688461538,0.686115385,0.682076923,0.680538462,0.680807692,0.675846154,0.667961538,0.655076923,0.6529230770000001,0.650230769,0.653,0.648153846,0.640346154,0.641576923,0.645961538,0.645884615,0.641961538,0.639269231
151,0.068025641,0.06623076900000001,0.069179487,0.06719230799999999,0.049692308,0.049692308,0.04975641,0.051230769,0.050846154000000005,0.043217949000000005,0.025974359,0.03475641,0.03474359,0.033782051,0.032307692,0.032307692,0.032307692,0.030576923,0.029807692,0.025384615,0.025384615,0.025384615,0.027115385,0.027179487000000002,0.020064103,0.018717948999999998,0.018717948999999998,0.018333333,0.015128205,0.015128205
152,0.7307692309999999,0.7307692309999999,0.7307692309999999,0.692307692,0.653846154,0.653846154,0.653846154,0.653846154,0.653846154,0.615384615,0.615384615,0.615384615,0.576923077,0.538461538,0.538461538,0.5,0.5,0.46153846200000004,0.423076923,0.384615385,0.384615385,0.384615385,0.423076923,0.46153846200000004,0.423076923,0.384615385,0.384615385,0.346153846,0.307692308,0.307692308
153,0.666089744,0.664166667,0.660064103,0.656346154,0.656025641,0.653974359,0.6501923079999999,0.645576923,0.640128205,0.637307692,0.633846154,0.630833333,0.629487179,0.62775641,0.624615385,0.619871795,0.614871795,0.611730769,0.609038462,0.609294872,0.607692308,0.6045512820000001,0.600064103,0.594615385,0.590897436,0.588205128,0.586730769,0.585064103,0.5842948720000001,0.583076923
154,0.7255128209999999,0.725064103,0.7196794870000001,0.715705128,0.716474359,0.715576923,0.710833333,0.706025641,0.70025641,0.699230769,0.695,0.691025641,0.690320513,0.68974359,0.687051282,0.6818589740000001,0.677692308,0.675897436,0.674871795,0.6768589740000001,0.674935897,0.6712179490000001,0.666410256,0.660833333,0.658653846,0.657692308,0.656282051,0.655512821,0.655833333,0.654423077
155,0.615192308,0.611730769,0.608910256,0.605,0.602051282,0.599102564,0.596089744,0.591474359,0.585705128,0.581217949,0.577371795,0.574615385,0.5728205129999999,0.570641026,0.566858974,0.5624358970000001,0.556474359,0.553012821,0.549423077,0.548269231,0.5475,0.544551282,0.541089744,0.535833333,0.5308974360000001,0.5266025639999999,0.525512821,0.524294872,0.522179487,0.520769231
156,0.726,0.72437037,0.7212222220000001,0.722481481,0.7214074070000001,0.708481481,0.7085185190000001,0.71337037,0.7090000000000001,0.7019629629999999,0.691851852,0.69237037,0.6882592590000001,0.68662963,0.686481481,0.682111111,0.6777777779999999,0.676555556,0.6692592589999999,0.662592593,0.653037037,0.651703704,0.652925926,0.6505925929999999,0.6477777779999999,0.640444444,0.64162963,0.644407407,0.644777778,0.640925926
157,0.065506173,0.065876543,0.066864198,0.066617284,0.064703704,0.047851852,0.04791358,0.049580247,0.049580247,0.048962963,0.041925926,0.035567901,0.033469136000000003,0.03345679,0.032530864,0.031111111,0.031111111,0.031111111,0.029444444,0.028703704,0.024444444,0.024444444,0.026111111,0.02617284,0.02617284,0.019320988,0.018024691000000002,0.018024691000000002,0.017654321,0.014567901000000001
158,0.703703704,0.740740741,0.740740741,0.703703704,0.666666667,0.62962963,0.666666667,0.666666667,0.666666667,0.62962963,0.62962963,0.62962963,0.592592593,0.5555555560000001,0.5555555560000001,0.518518519,0.481481481,0.481481481,0.444444444,0.40740740700000005,0.37037037,0.37037037,0.40740740700000005,0.444444444,0.444444444,0.40740740700000005,0.37037037,0.37037037,0.333333333,0.296296296
159,0.6677777779999999,0.664567901,0.6612962960000001,0.6577777779999999,0.655617284,0.655061728,0.652345679,0.647716049,0.642901235,0.638641975,0.635246914,0.630308642,0.62962963,0.628148148,0.62617284,0.623148148,0.618950617,0.614444444,0.6116049379999999,0.6091975310000001,0.6091358020000001,0.606975309,0.602530864,0.5972222220000001,0.591851852,0.589444444,0.587592593,0.58654321,0.584382716,0.583641975
160,0.7275308640000001,0.724691358,0.722098765,0.7177160490000001,0.7159259259999999,0.71617284,0.713641975,0.706790123,0.702592593,0.699320988,0.6962345679999999,0.689876543,0.689876543,0.689567901,0.688703704,0.685864198,0.682160494,0.678271605,0.677098765,0.676296296,0.676728395,0.673765432,0.669197531,0.663209877,0.6585802470000001,0.658703704,0.657962963,0.657283951,0.655432099,0.654876543
161,0.616481481,0.612098765,0.609259259,0.60617284,0.602839506,0.600185185,0.598271605,0.594753086,0.589506173,0.5837654320000001,0.579753086,0.575123457,0.573518519,0.571790123,0.568395062,0.565740741,0.560246914,0.555246914,0.551728395,0.548765432,0.5480246910000001,0.547407407,0.543148148,0.538950617,0.532654321,0.528209877,0.525185185,0.5245679010000001,0.523024691,0.521296296
162,0.7248571429999999,0.721714286,0.724142857,0.719892857,0.718607143,0.714607143,0.707785714,0.7143214290000001,0.712357143,0.7039642859999999,0.698357143,0.698142857,0.692428571,0.6865,0.6869642859999999,0.686357143,0.6793928570000001,0.6737857140000001,0.670178571,0.6640357139999999,0.6603571429999999,0.651857143,0.65425,0.650607143,0.6501428570000001,0.647607143,0.640535714,0.640285714,0.643392857,0.643678571
163,0.063202381,0.06352381,0.0665,0.06447619,0.064238095,0.062392857,0.046202380999999994,0.047809524000000006,0.04804761900000001,0.047809524000000006,0.047511905,0.050607143,0.034297619,0.03227381,0.032261905,0.031369048,0.03,0.03,0.03,0.028392857,0.027678571000000003,0.023571428999999998,0.025178571,0.025238095,0.025238095,0.025238095,0.018630952,0.017380951999999998,0.017380951999999998,0.01702381
164,0.7142857140000001,0.7142857140000001,0.75,0.7142857140000001,0.6785714290000001,0.642857143,0.642857143,0.6785714290000001,0.6785714290000001,0.642857143,0.642857143,0.642857143,0.607142857,0.571428571,0.571428571,0.535714286,0.5,0.46428571399999996,0.46428571399999996,0.428571429,0.39285714299999996,0.35714285700000004,0.39285714299999996,0.428571429,0.428571429,0.428571429,0.39285714299999996,0.35714285700000004,0.35714285700000004,0.321428571
165,0.669166667,0.66625,0.661785714,0.659047619,0.65702381,0.654702381,0.653452381,0.6498809520000001,0.645059524,0.6413690479999999,0.636607143,0.6317857139999999,0.629166667,0.6283333329999999,0.626607143,0.624702381,0.622142857,0.618392857,0.61422619,0.611666667,0.609047619,0.608392857,0.604940476,0.5997023810000001,0.594464286,0.5904166670000001,0.588809524,0.5873809520000001,0.585833333,0.58375
166,0.727738095,0.726666667,0.721845238,0.7201190479999999,0.7178571429999999,0.715654762,0.7142857140000001,0.7096428570000001,0.703452381,0.7016071429999999,0.6964285709999999,0.69125,0.6888095240000001,0.6891666670000001,0.688571429,0.6875,0.686011905,0.6825595240000001,0.679345238,0.6783928570000001,0.6761904759999999,0.675535714,0.67172619,0.666011905,0.660952381,0.658630952,0.658928571,0.658869048,0.6571428570000001,0.65452381
167,0.618690476,0.613452381,0.609702381,0.606607143,0.604047619,0.601011905,0.599345238,0.596904762,0.592738095,0.5875,0.582261905,0.5775,0.574047619,0.5725,0.569583333,0.567261905,0.563511905,0.558928571,0.553928571,0.551011905,0.548511905,0.5479166670000001,0.545952381,0.541011905,0.53577381,0.53,0.526785714,0.524285714,0.523333333,0.5221428570000001
168,0.721758621,0.720758621,0.721586207,0.722758621,0.7162413790000001,0.7121379309999999,0.713724138,0.713413793,0.713310345,0.70737931,0.700413793,0.704206897,0.698,0.6905862070000001,0.6868275859999999,0.6868275859999999,0.6835862070000001,0.6754827590000001,0.667724138,0.665103448,0.661827586,0.6589655170000001,0.654310345,0.651965517,0.650172414,0.6498965520000001,0.647448276,0.6392758620000001,0.639448276,0.64237931
169,0.06102298900000001,0.061367816,0.064206897,0.064206897,0.06225287400000001,0.062022989,0.060298850999999994,0.04616092,0.046390805,0.046390805,0.046448276,0.055701149000000005,0.048862069,0.033114943,0.03116092,0.031149425,0.030287356,0.028965517000000003,0.028965517000000003,0.028965517000000003,0.027413793,0.026724137999999998,0.024310345,0.024367816,0.024367816,0.024367816,0.024367816,0.017988506,0.016781609,0.016781609
170,0.689655172,0.7241379309999999,0.7241379309999999,0.7241379309999999,0.689655172,0.655172414,0.655172414,0.655172414,0.689655172,0.655172414,0.655172414,0.655172414,0.620689655,0.5862068970000001,0.5862068970000001,0.551724138,0.517241379,0.482758621,0.448275862,0.448275862,0.413793103,0.379310345,0.379310345,0.413793103,0.413793103,0.413793103,0.413793103,0.379310345,0.344827586,0.344827586
171,0.6717816090000001,0.667643678,0.663505747,0.659597701,0.658275862,0.656091954,0.65316092,0.651034483,0.647241379,0.6435057470000001,0.639310345,0.633218391,0.630632184,0.6279310339999999,0.62683908,0.625172414,0.6236781610000001,0.6214942529999999,0.6180459770000001,0.614195402,0.6114367820000001,0.6083333329999999,0.60637931,0.602126437,0.596954023,0.592988506,0.589770115,0.588563218,0.586666667,0.585172414
172,0.731149425,0.726896552,0.723850575,0.7199425290000001,0.7201724140000001,0.7175287359999999,0.713850575,0.7104022990000001,0.706321839,0.702471264,0.698735632,0.691609195,0.6901724140000001,0.68816092,0.6882183909999999,0.6874137929999999,0.6875862070000001,0.686264368,0.6834482759999999,0.680517241,0.6782183909999999,0.6750574709999999,0.673505747,0.668563218,0.6637356320000001,0.66091954,0.658850575,0.659770115,0.658678161,0.656206897
173,0.621264368,0.615689655,0.6110919539999999,0.607126437,0.60454023,0.602241379,0.600172414,0.597988506,0.594885057,0.590689655,0.58591954,0.58,0.57637931,0.573045977,0.570344828,0.568448276,0.565057471,0.562126437,0.557528736,0.55316092,0.550689655,0.548390805,0.546494253,0.5437931029999999,0.537873563,0.533103448,0.528563218,0.525862069,0.523103448,0.522471264
174,0.7149,0.7179,0.720666667,0.720333333,0.7191333329999999,0.710066667,0.7113666670000001,0.718966667,0.712466667,0.708466667,0.703833333,0.706,0.703866667,0.6960333329999999,0.690766667,0.6867,0.684133333,0.679666667,0.669566667,0.6629,0.662933333,0.660433333,0.6611,0.6521,0.6515,0.649933333,0.649666667,0.6459999999999999,0.6385,0.6386
175,0.058988889,0.059322222,0.0621,0.062066667,0.062066667,0.060177778,0.060011111,0.059788889000000005,0.044844444000000004,0.044844444000000004,0.045122222000000003,0.0544,0.053844444000000005,0.047233332999999995,0.032011111,0.030122222,0.030111111,0.029277777999999997,0.027999999999999997,0.027999999999999997,0.027999999999999997,0.0265,0.027333332999999998,0.023555556000000002,0.023555556000000002,0.023555556000000002,0.023555556000000002,0.023555556000000002,0.017388888999999998,0.016222221999999998
176,0.666666667,0.7,0.7333333329999999,0.7,0.7,0.666666667,0.666666667,0.666666667,0.666666667,0.666666667,0.666666667,0.666666667,0.6333333329999999,0.6,0.6,0.566666667,0.533333333,0.5,0.46666666700000003,0.433333333,0.433333333,0.4,0.4,0.4,0.4,0.4,0.4,0.4,0.36666666700000006,0.333333333
177,0.674166667,0.670222222,0.664944444,0.661333333,0.658833333,0.657333333,0.654555556,0.650833333,0.648444444,0.6456666670000001,0.641444444,0.6359444439999999,0.632055556,0.629388889,0.6265,0.625444444,0.624166667,0.623,0.6210555560000001,0.6178888889999999,0.6138888889999999,0.610666667,0.606388889,0.603611111,0.599388889,0.595444444,0.5922777779999999,0.5895,0.587833333,0.586
178,0.734166667,0.730222222,0.724166667,0.721944444,0.72,0.719777778,0.715722222,0.7101111109999999,0.7071666670000001,0.705277778,0.699666667,0.6940000000000001,0.690555556,0.6895,0.687277778,0.6871111109999999,0.6875,0.687777778,0.687,0.684444444,0.680277778,0.6770555559999999,0.673111111,0.6703888889999999,0.666277778,0.663611111,0.661055556,0.659666667,0.659555556,0.6577222220000001
179,0.623111111,0.618277778,0.6133333329999999,0.608555556,0.605111111,0.602777778,0.601388889,0.598833333,0.596,0.592833333,0.589055556,0.583611111,0.578833333,0.575333333,0.570944444,0.569222222,0.566277778,0.563666667,0.560666667,0.556666667,0.5527777779999999,0.5505,0.547,0.5443888889999999,0.540666667,0.535222222,0.531611111,0.527611111,0.524666667,0.522277778
