0.604,0.523,0.523,0.616,0.594,0.7909999999999999,0.696,0.6579999999999999,0.546,0.499,0.435,0.465,0.529,0.596,0.618,0.634,0.67,0.763,0.9059999999999999,0.804,0.875,0.8109999999999999,0.595,0.493,0.484,0.54,0.56,0.715,0.669,0.5489999999999999
0.0,0.0,0.0,0.0,0.0,0.071666667,0.0,0.008333333,0.0,0.0,0.0,0.0,0.0,0.0,0.0,0.0,0.0,0.038333333,0.12166666699999999,0.0016666670000000001,0.166666667,0.038333333,0.0,0.0,0.0,0.0,0.0,0.0,0.0,0.0
0.0,0.0,0.0,0.0,0.0,1.0,0.0,1.0,0.0,0.0,0.0,0.0,1.0,1.0,0.0,0.0,0.0,1.0,1.0,1.0,1.0,1.0,0.0,0.0,0.0,0.0,0.0,0.0,0.0,1.0
0.693333333,0.701666667,0.7,0.676666667,0.69,0.675,0.668333333,0.65,0.6416666670000001,0.6233333329999999,0.611666667,0.6166666670000001,0.6033333329999999,0.596666667,0.615,0.6316666670000001,0.6333333329999999,0.6166666670000001,0.585,0.6333333329999999,0.6316666670000001,0.635,0.64,0.598333333,0.6266666670000001,0.656666667,0.661666667,0.64,0.6466666670000001,0.635
0.775,0.785,0.776666667,0.7383333329999999,0.763333333,0.695,0.721666667,0.715,0.72,0.698333333,0.696666667,0.708333333,0.651666667,0.635,0.698333333,0.715,0.691666667,0.67,0.598333333,0.688333333,0.67,0.671666667,0.72,0.7,0.7383333329999999,0.768333333,0.7533333329999999,0.716666667,0.713333333,0.703333333
0.615,0.6166666670000001,0.63,0.625,0.6283333329999999,0.658333333,0.6216666670000001,0.601666667,0.58,0.538333333,0.523333333,0.523333333,0.548333333,0.566666667,0.548333333,0.556666667,0.58,0.568333333,0.568333333,0.588333333,0.598333333,0.6083333329999999,0.588333333,0.5033333329999999,0.533333333,0.541666667,0.591666667,0.585,0.581666667,0.59
0.6965,0.5635,0.523,0.5695,0.605,0.6925,0.7435,0.677,0.602,0.5225,0.467,0.45,0.49700000000000005,0.5625,0.607,0.626,0.652,0.7165,0.8345,0.855,0.8395,0.843,0.703,0.544,0.4885,0.512,0.55,0.6375,0.6920000000000001,0.609
0.058333333,0.0,0.0,0.0,0.0,0.035833332999999995,0.035833332999999995,0.004166667,0.004166667,0.0,0.0,0.0,0.0,0.0,0.0,0.0,0.0,0.019166667,0.08,0.061666667,0.08416666699999999,0.1025,0.019166667,0.0,0.0,0.0,0.0,0.0,0.0,0.0
0.5,0.0,0.0,0.0,0.0,0.5,0.5,0.5,0.5,0.0,0.0,0.0,0.5,1.0,0.5,0.0,0.0,0.5,1.0,1.0,1.0,1.0,0.5,0.0,0.0,0.0,0.0,0.0,0.0,0.5
0.6858333329999999,0.6975,0.700833333,0.688333333,0.683333333,0.6825,0.671666667,0.659166667,0.645833333,0.6325,0.6175,0.614166667,0.61,0.6,0.605833333,0.6233333329999999,0.6325,0.625,0.600833333,0.609166667,0.6325,0.6333333329999999,0.6375,0.619166667,0.6125,0.6416666670000001,0.659166667,0.650833333,0.643333333,0.640833333
0.7516666670000001,0.78,0.780833333,0.7575,0.750833333,0.729166667,0.708333333,0.718333333,0.7175,0.7091666670000001,0.6975,0.7025,0.68,0.643333333,0.666666667,0.706666667,0.703333333,0.6808333329999999,0.634166667,0.643333333,0.6791666670000001,0.6708333329999999,0.6958333329999999,0.71,0.719166667,0.7533333329999999,0.760833333,0.735,0.715,0.708333333
0.63,0.615833333,0.6233333329999999,0.6275,0.6266666670000001,0.643333333,0.64,0.611666667,0.590833333,0.5591666670000001,0.530833333,0.523333333,0.535833333,0.5575,0.5575,0.5525,0.568333333,0.5741666670000001,0.568333333,0.578333333,0.593333333,0.6033333329999999,0.598333333,0.5458333329999999,0.518333333,0.5375,0.566666667,0.588333333,0.583333333,0.585833333
0.659666667,0.6386666670000001,0.55,0.5539999999999999,0.577666667,0.667,0.693666667,0.715,0.6333333329999999,0.567666667,0.493333333,0.46633333299999996,0.47633333299999997,0.53,0.581,0.616,0.6406666670000001,0.6890000000000001,0.779666667,0.824333333,0.861666667,0.83,0.760333333,0.633,0.524,0.5056666670000001,0.528,0.605,0.648,0.644333333
0.038888888999999996,0.038888888999999996,0.0,0.0,0.0,0.023888889,0.023888889,0.026666667,0.002777778,0.002777778,0.0,0.0,0.0,0.0,0.0,0.0,0.0,0.012777778,0.053333333,0.053888889,0.096666667,0.06888888900000001,0.068333333,0.012777778,0.0,0.0,0.0,0.0,0.0,0.0
0.666666667,0.333333333,0.0,0.0,0.0,0.333333333,0.333333333,0.666666667,0.333333333,0.333333333,0.0,0.0,0.333333333,0.666666667,0.666666667,0.333333333,0.0,0.333333333,0.666666667,1.0,1.0,1.0,0.666666667,0.333333333,0.0,0.0,0.0,0.0,0.0,0.333333333
0.703333333,0.6911111109999999,0.698333333,0.692777778,0.688888889,0.680555556,0.6777777779999999,0.664444444,0.653333333,0.638333333,0.625555556,0.617222222,0.610555556,0.605555556,0.605,0.614444444,0.6266666670000001,0.627222222,0.611666667,0.611666667,0.6166666670000001,0.6333333329999999,0.635555556,0.624444444,0.6216666670000001,0.627222222,0.648333333,0.6527777779999999,0.649444444,0.640555556
0.7638888890000001,0.762777778,0.7788888890000001,0.7666666670000001,0.7594444440000001,0.732222222,0.726666667,0.710555556,0.718888889,0.7111111109999999,0.705,0.7011111109999999,0.685555556,0.665,0.661666667,0.682777778,0.701666667,0.692222222,0.653333333,0.652222222,0.652222222,0.676666667,0.687222222,0.6972222220000001,0.7194444440000001,0.7355555559999999,0.7533333329999999,0.7461111109999999,0.727777778,0.7111111109999999
0.649444444,0.625555556,0.620555556,0.623888889,0.627777778,0.637222222,0.6361111110000001,0.627222222,0.601111111,0.573333333,0.547222222,0.528333333,0.531666667,0.546111111,0.554444444,0.557222222,0.561666667,0.568333333,0.5722222220000001,0.575,0.585,0.598333333,0.598333333,0.566666667,0.541666667,0.526111111,0.5555555560000001,0.572777778,0.586111111,0.585555556
0.632,0.6255,0.60975,0.5665,0.564,0.631,0.67425,0.68475,0.67275,0.59975,0.5345,0.48625,0.48200000000000004,0.50625,0.552,0.59425,0.6295,0.67125,0.74325,0.78575,0.8370000000000001,0.8490000000000001,0.77125,0.6935,0.59575,0.528,0.51925,0.57475,0.621,0.62325
0.029166667,0.029166667,0.029166667,0.0,0.0,0.017916667,0.017916667,0.02,0.02,0.0020833329999999997,0.0020833329999999997,0.0,0.0,0.0,0.0,0.0,0.0,0.009583333000000001,0.04,0.040416667,0.082083333,0.082083333,0.051666667,0.05125,0.009583333000000001,0.0,0.0,0.0,0.0,0.0
0.5,0.5,0.25,0.0,0.0,0.25,0.25,0.5,0.5,0.25,0.25,0.0,0.25,0.5,0.5,0.5,0.25,0.25,0.5,0.75,1.0,1.0,0.75,0.5,0.25,0.0,0.0,0.0,0.0,0.25
0.71,0.702916667,0.693333333,0.692916667,0.692083333,0.685416667,0.6775,0.6708333329999999,0.65875,0.645833333,0.6316666670000001,0.6233333329999999,0.61375,0.607083333,0.607916667,0.611666667,0.619166667,0.624166667,0.6166666670000001,0.617083333,0.6166666670000001,0.62125,0.635,0.62625,0.625,0.630416667,0.635833333,0.64625,0.65125,0.645833333
0.776666667,0.769166667,0.76625,0.76875,0.765833333,0.7433333329999999,0.729583333,0.72375,0.712916667,0.71375,0.7075,0.705833333,0.68875,0.6729166670000001,0.673333333,0.675,0.685,0.69375,0.66875,0.662083333,0.656666667,0.657083333,0.6875,0.690416667,0.7075,0.731666667,0.74,0.744166667,0.737916667,0.721666667
0.650416667,0.64125,0.6266666670000001,0.6216666670000001,0.625,0.635416667,0.6333333329999999,0.6275,0.6154166670000001,0.5854166670000001,0.5608333329999999,0.54125,0.533333333,0.540416667,0.546666667,0.555,0.562916667,0.563333333,0.568333333,0.57625,0.580833333,0.590833333,0.595833333,0.574583333,0.558333333,0.541666667,0.5425,0.562916667,0.575,0.5870833329999999
0.6296,0.6102,0.605,0.611,0.5720000000000001,0.6094,0.644,0.6709999999999999,0.657,0.638,0.5668,0.5206,0.4948,0.5048,0.5286,0.5684,0.6094,0.6562,0.7182,0.7554,0.8036,0.8318,0.7982,0.7156,0.6516,0.5846,0.5344,0.5584,0.5936,0.6066
0.023333332999999998,0.023333332999999998,0.023333332999999998,0.023333332999999998,0.0,0.014333333,0.014333333,0.016,0.016,0.016,0.0016666670000000001,0.0016666670000000001,0.0,0.0,0.0,0.0,0.0,0.007666666999999999,0.032,0.032333333,0.065666667,0.073333333,0.065666667,0.041333333,0.040999999999999995,0.007666666999999999,0.0,0.0,0.0,0.0
0.4,0.4,0.4,0.2,0.0,0.2,0.2,0.4,0.4,0.4,0.2,0.2,0.2,0.4,0.4,0.4,0.4,0.4,0.4,0.6,0.8,1.0,0.8,0.6,0.4,0.2,0.0,0.0,0.0,0.2
0.709333333,0.708333333,0.702333333,0.69,0.692333333,0.688666667,0.682,0.672,0.665,0.651666667,0.639,0.6286666670000001,0.6193333329999999,0.6103333329999999,0.608666667,0.612666667,0.616,0.6186666670000001,0.6163333329999999,0.62,0.62,0.6203333329999999,0.625,0.6276666670000001,0.6263333329999999,0.6313333329999999,0.6366666670000001,0.6366666670000001,0.646333333,0.648
0.779,0.778333333,0.7706666670000001,0.7606666670000001,0.7676666670000001,0.7516666670000001,0.7390000000000001,0.726666667,0.723,0.71,0.710333333,0.707666667,0.695,0.6779999999999999,0.6779999999999999,0.681666667,0.678333333,0.682,0.674666667,0.672666667,0.663666667,0.659666667,0.669666667,0.69,0.7,0.719666667,0.736,0.7353333329999999,0.738,0.731
0.647,0.6436666670000001,0.639,0.6263333329999999,0.623,0.6316666670000001,0.6326666670000001,0.627,0.618,0.6,0.573,0.553333333,0.542666667,0.54,0.542,0.548666667,0.56,0.564,0.564333333,0.572333333,0.580666667,0.586333333,0.590333333,0.577333333,0.566333333,0.555,0.551666667,0.551,0.566666667,0.578
0.6395,0.611833333,0.595666667,0.606833333,0.608166667,0.6085,0.623833333,0.646333333,0.650166667,0.6306666670000001,0.604166667,0.5498333329999999,0.522,0.5116666670000001,0.523666667,0.546166667,0.585333333,0.635,0.697833333,0.7325,0.775333333,0.8048333329999999,0.792333333,0.7473333329999999,0.677,0.633,0.5805,0.5645,0.576833333,0.586166667
0.022777778,0.019444443999999998,0.019444443999999998,0.019444443999999998,0.019444443999999998,0.011944443999999999,0.011944443999999999,0.013333333000000001,0.013333333000000001,0.013333333000000001,0.013333333000000001,0.001388889,0.001388889,0.0,0.0,0.0,0.0,0.006388889,0.026666667,0.026944443999999998,0.054722222,0.061111110999999996,0.061111110999999996,0.054722222,0.034444444,0.034166667000000005,0.006388889,0.0,0.0,0.0
0.5,0.333333333,0.333333333,0.333333333,0.166666667,0.166666667,0.166666667,0.333333333,0.333333333,0.333333333,0.333333333,0.166666667,0.333333333,0.333333333,0.333333333,0.333333333,0.333333333,0.5,0.5,0.5,0.666666667,0.833333333,0.833333333,0.666666667,0.5,0.333333333,0.166666667,0.0,0.0,0.166666667
0.7111111109999999,0.7080555559999999,0.706944444,0.6980555559999999,0.69,0.689444444,0.685277778,0.676666667,0.666944444,0.658055556,0.645,0.635277778,0.624444444,0.615555556,0.611111111,0.6125,0.616111111,0.616111111,0.6130555560000001,0.619166667,0.6219444439999999,0.6225,0.623611111,0.620555556,0.6275,0.631388889,0.636388889,0.637222222,0.638333333,0.644444444
0.7805555559999999,0.78,0.778055556,0.765277778,0.761111111,0.7555555559999999,0.7466666670000001,0.735,0.725555556,0.718888889,0.707777778,0.71,0.698333333,0.685,0.681388889,0.6841666670000001,0.683333333,0.6769444440000001,0.668055556,0.6769444440000001,0.672222222,0.665,0.669722222,0.674722222,0.6980555559999999,0.7113888890000001,0.7252777779999999,0.732777778,0.731666667,0.732222222
0.652222222,0.641944444,0.641388889,0.6366666670000001,0.6266666670000001,0.628888889,0.63,0.6275,0.619166667,0.604722222,0.5872222220000001,0.564722222,0.5525,0.546666667,0.541388889,0.544444444,0.553888889,0.561388889,0.564722222,0.568333333,0.576666667,0.5852777779999999,0.586666667,0.575833333,0.57,0.562222222,0.561111111,0.557222222,0.556111111,0.570555556
0.6521428570000001,0.622857143,0.599142857,0.5985714289999999,0.605,0.634285714,0.621,0.628714286,0.632,0.628571429,0.602714286,0.584285714,0.546857143,0.532571429,0.526857143,0.539428571,0.563857143,0.610714286,0.6737142859999999,0.713,0.752857143,0.780428571,0.774857143,0.7495714290000001,0.709714286,0.657428571,0.622571429,0.599714286,0.579428571,0.572857143
0.025714286,0.01952381,0.016666667,0.016666667,0.016666667,0.026904762000000002,0.010238095,0.011428571,0.011428571,0.011428571,0.011428571,0.011428571,0.001190476,0.001190476,0.0,0.0,0.0,0.00547619,0.022857142999999996,0.023095237999999997,0.046904762,0.052380952,0.052380952,0.052380952,0.046904762,0.02952381,0.029285713999999997,0.00547619,0.0,0.0
0.571428571,0.428571429,0.28571428600000004,0.28571428600000004,0.28571428600000004,0.28571428600000004,0.14285714300000002,0.28571428600000004,0.28571428600000004,0.28571428600000004,0.28571428600000004,0.28571428600000004,0.28571428600000004,0.428571429,0.28571428600000004,0.28571428600000004,0.28571428600000004,0.428571429,0.571428571,0.571428571,0.571428571,0.7142857140000001,0.7142857140000001,0.7142857140000001,0.571428571,0.428571429,0.28571428600000004,0.14285714300000002,0.0,0.14285714300000002
0.712619048,0.709761905,0.7069047620000001,0.702619048,0.6969047620000001,0.687857143,0.686428571,0.680238095,0.671666667,0.660714286,0.6514285710000001,0.640952381,0.630714286,0.62047619,0.61547619,0.6140476189999999,0.61547619,0.616190476,0.611666667,0.615952381,0.620952381,0.623809524,0.625,0.62,0.621428571,0.6316666670000001,0.635714286,0.636904762,0.638571429,0.637857143
0.779761905,0.7811904759999999,0.77952381,0.772380952,0.765,0.7516666670000001,0.7507142859999999,0.742142857,0.7328571429999999,0.721666667,0.715714286,0.707857143,0.701666667,0.689285714,0.6869047620000001,0.6861904759999999,0.685238095,0.681428571,0.665714286,0.670952381,0.675952381,0.672142857,0.672857143,0.6740476190000001,0.6838095240000001,0.708095238,0.7173809520000001,0.724047619,0.73,0.727619048
0.656666667,0.6471428570000001,0.640238095,0.639047619,0.63547619,0.631190476,0.627857143,0.6259523810000001,0.620714286,0.607619048,0.593095238,0.578095238,0.562380952,0.55452381,0.546904762,0.543571429,0.54952381,0.555952381,0.562380952,0.568095238,0.572619048,0.5811904760000001,0.585714286,0.574761905,0.569761905,0.565952381,0.566428571,0.56452381,0.5607142860000001,0.560952381
0.657625,0.636,0.610375,0.60125,0.598,0.62825,0.642,0.625625,0.618375,0.615375,0.604375,0.5855,0.577375,0.5529999999999999,0.54325,0.54025,0.55575,0.58875,0.647625,0.69,0.73325,0.760125,0.75725,0.739625,0.716375,0.6885,0.64525,0.634125,0.608375,0.575625
0.0225,0.0225,0.017083333,0.014583333,0.014583333,0.023541667000000002,0.023541667000000002,0.01,0.01,0.01,0.01,0.01,0.01,0.001041667,0.001041667,0.0,0.0,0.004791667,0.02,0.020208333000000002,0.041041667000000004,0.045833333,0.045833333,0.045833333,0.045833333,0.041041667000000004,0.025833332999999997,0.025625,0.004791667,0.0
0.5,0.5,0.375,0.25,0.25,0.375,0.25,0.25,0.25,0.25,0.25,0.25,0.375,0.375,0.375,0.25,0.25,0.375,0.5,0.625,0.625,0.625,0.625,0.625,0.625,0.5,0.375,0.25,0.125,0.125
0.714583333,0.71125,0.708541667,0.703125,0.701041667,0.6941666670000001,0.685416667,0.681875,0.675416667,0.665625,0.6545833329999999,0.647083333,0.63625,0.626458333,0.619791667,0.6175,0.616458333,0.615625,0.612291667,0.614375,0.617916667,0.622708333,0.625833333,0.6216666670000001,0.620833333,0.625833333,0.635416667,0.63625,0.638125,0.638125
0.779375,0.780416667,0.780625,0.774375,0.77125,0.75625,0.747916667,0.74625,0.739375,0.728541667,0.718541667,0.7147916670000001,0.700833333,0.693333333,0.690416667,0.690416667,0.686875,0.683333333,0.671041667,0.6685416670000001,0.6708333329999999,0.675416667,0.678125,0.67625,0.682083333,0.694375,0.71375,0.717291667,0.7227083329999999,0.726666667
0.6622916670000001,0.651666667,0.645,0.638333333,0.637708333,0.638333333,0.63,0.624583333,0.620208333,0.6104166670000001,0.5970833329999999,0.584375,0.574375,0.562916667,0.55375,0.548125,0.548125,0.551875,0.5575,0.565625,0.571875,0.5770833329999999,0.5820833329999999,0.575416667,0.569583333,0.56625,0.5691666670000001,0.56875,0.566666667,0.564375
0.664333333,0.6426666670000001,0.623444444,0.611,0.600444444,0.619444444,0.635777778,0.643777778,0.616777778,0.605111111,0.595333333,0.588888889,0.5792222220000001,0.579444444,0.560222222,0.553333333,0.554666667,0.578777778,0.624,0.665,0.710555556,0.741888889,0.741777778,0.727888889,0.7112222220000001,0.696777778,0.674222222,0.653,0.638,0.601777778
0.021666667,0.02,0.02,0.015185185,0.012962963000000001,0.020925926,0.020925926,0.021851852,0.008888889,0.008888889,0.008888889,0.008888889,0.008888889,0.008888889,0.0009259260000000001,0.0009259260000000001,0.0,0.0042592590000000005,0.017777778,0.017962963000000002,0.036481481,0.040740741000000004,0.040740741000000004,0.040740741000000004,0.040740741000000004,0.040740741000000004,0.036481481,0.022962963,0.022777778,0.0042592590000000005
0.5555555560000001,0.444444444,0.444444444,0.333333333,0.222222222,0.333333333,0.333333333,0.333333333,0.222222222,0.222222222,0.222222222,0.222222222,0.333333333,0.444444444,0.333333333,0.333333333,0.222222222,0.333333333,0.444444444,0.5555555560000001,0.666666667,0.666666667,0.5555555560000001,0.5555555560000001,0.5555555560000001,0.5555555560000001,0.444444444,0.333333333,0.222222222,0.222222222
0.7161111109999999,0.7131481479999999,0.71,0.705,0.701666667,0.698148148,0.691296296,0.681481481,0.677407407,0.66962963,0.65962963,0.65037037,0.642222222,0.631851852,0.625185185,0.621111111,0.619259259,0.616481481,0.612222222,0.61462963,0.616296296,0.619814815,0.62462963,0.622777778,0.622222222,0.624814815,0.629814815,0.635925926,0.637407407,0.637777778
0.779259259,0.78,0.78,0.775925926,0.773148148,0.762777778,0.7524074070000001,0.744259259,0.7433333329999999,0.734814815,0.725,0.717407407,0.707777778,0.693518519,0.693888889,0.693148148,0.690555556,0.685,0.6738888890000001,0.672962963,0.668703704,0.670925926,0.68037037,0.680555556,0.683148148,0.691666667,0.7009259259999999,0.7140740740000001,0.716851852,0.720555556
0.664814815,0.657222222,0.649259259,0.642777778,0.637222222,0.64,0.636481481,0.626851852,0.61962963,0.611111111,0.600740741,0.588888889,0.58037037,0.573518519,0.561296296,0.554074074,0.551666667,0.55037037,0.553703704,0.560925926,0.569259259,0.575925926,0.578333333,0.573333333,0.570740741,0.5664814810000001,0.569074074,0.570925926,0.570185185,0.569259259
0.6694,0.6502,0.6307,0.6227,0.6093,0.6195,0.6271,0.638,0.634,0.605,0.5881,0.5823,0.5829,0.5809,0.5833,0.5676,0.565,0.5755,0.6115,0.642,0.6859999999999999,0.7206,0.7272,0.7169,0.7035,0.6941,0.6831,0.6783,0.6546,0.6291
0.0195,0.0195,0.018000000000000002,0.018000000000000002,0.013666667,0.018833333,0.018833333,0.019666667,0.019666667,0.008,0.008,0.008,0.008,0.008,0.008,0.000833333,0.000833333,0.003833333,0.016,0.016166667,0.032833333,0.036666667,0.036666667,0.036666667,0.036666667,0.036666667,0.036666667,0.032833333,0.020666667,0.0205
0.6,0.5,0.4,0.4,0.3,0.3,0.3,0.4,0.3,0.2,0.2,0.2,0.3,0.4,0.4,0.3,0.3,0.3,0.4,0.5,0.6,0.7,0.6,0.5,0.5,0.5,0.5,0.4,0.3,0.3
0.717333333,0.714666667,0.711833333,0.706666667,0.7035,0.6990000000000001,0.6951666670000001,0.6871666670000001,0.6775,0.672,0.663833333,0.655333333,0.6456666670000001,0.6376666670000001,0.630166667,0.625833333,0.6223333329999999,0.619,0.6133333329999999,0.6143333329999999,0.6163333329999999,0.618166667,0.621833333,0.622,0.623166667,0.6256666670000001,0.6285,0.630833333,0.637,0.637166667
0.780333333,0.779833333,0.779666667,0.775833333,0.774666667,0.765333333,0.7586666670000001,0.7486666670000001,0.741833333,0.738833333,0.731,0.723333333,0.710833333,0.7005,0.6940000000000001,0.696,0.693,0.6885,0.676333333,0.675333333,0.672666667,0.669,0.6758333329999999,0.682333333,0.686333333,0.691666667,0.697833333,0.7025,0.7140000000000001,0.7155
0.666333333,0.66,0.6545,0.646833333,0.641333333,0.639333333,0.638166667,0.633,0.622166667,0.6115,0.6023333329999999,0.593,0.584833333,0.579,0.5710000000000001,0.5608333329999999,0.556666667,0.553333333,0.552166667,0.5571666670000001,0.564666667,0.5731666670000001,0.5771666670000001,0.5708333329999999,0.569333333,0.5678333329999999,0.569,0.570666667,0.5720000000000001,0.5721666670000001
0.669545455,0.656090909,0.638636364,0.629363636,0.620090909,0.6258181820000001,0.626454545,0.629909091,0.629636364,0.621727273,0.589545455,0.576909091,0.577454545,0.5840909089999999,0.584272727,0.587909091,0.576909091,0.583,0.605545455,0.629,0.663181818,0.697363636,0.709181818,0.705909091,0.6957272729999999,0.6886363640000001,0.681909091,0.6859999999999999,0.677454545,0.645
0.017727273,0.017727273,0.017727273,0.016363636,0.016363636,0.018939394,0.017121212,0.017878788,0.017878788,0.017878788,0.007272727,0.007272727,0.007272727,0.007272727,0.007272727,0.007272727,0.000757576,0.004242424,0.014545455,0.01469697,0.029848485,0.033333333,0.033333333,0.033333333,0.033333333,0.033333333,0.033333333,0.033333333,0.029848485,0.018787879
0.545454545,0.545454545,0.454545455,0.363636364,0.363636364,0.363636364,0.272727273,0.363636364,0.363636364,0.272727273,0.181818182,0.181818182,0.272727273,0.363636364,0.363636364,0.363636364,0.272727273,0.363636364,0.363636364,0.454545455,0.545454545,0.636363636,0.636363636,0.545454545,0.454545455,0.454545455,0.454545455,0.454545455,0.363636364,0.363636364
0.7181818179999999,0.7159090909999999,0.713333333,0.7086363640000001,0.705151515,0.700909091,0.696212121,0.691060606,0.683030303,0.672575758,0.666515152,0.659545455,0.6506060610000001,0.641212121,0.635606061,0.63030303,0.6265151520000001,0.621818182,0.615909091,0.615151515,0.615909091,0.618030303,0.620151515,0.61969697,0.622424242,0.626212121,0.628939394,0.629545455,0.632272727,0.6368181820000001
0.780606061,0.780757576,0.779545455,0.7759090909999999,0.77469697,0.767424242,0.7613636359999999,0.75469697,0.7460606059999999,0.737878788,0.735,0.7289393940000001,0.716818182,0.703939394,0.70030303,0.695909091,0.6956060609999999,0.690909091,0.68030303,0.6774242420000001,0.674848485,0.672575758,0.673636364,0.678030303,0.6874242420000001,0.693787879,0.697272727,0.699545455,0.703484848,0.7130303029999999
0.668181818,0.661818182,0.6572727270000001,0.6518181820000001,0.645151515,0.642878788,0.637727273,0.634848485,0.628181818,0.614545455,0.603484848,0.595151515,0.588939394,0.583181818,0.576212121,0.56969697,0.5625757579999999,0.557727273,0.55469697,0.555454545,0.560909091,0.568636364,0.574545455,0.570454545,0.5674242420000001,0.566818182,0.57,0.570454545,0.571666667,0.573636364
0.668416667,0.657333333,0.645,0.63675,0.626416667,0.6343333329999999,0.6316666670000001,0.629083333,0.622916667,0.61875,0.606166667,0.5791666670000001,0.572916667,0.579,0.586916667,0.5884166670000001,0.59475,0.5924166670000001,0.609916667,0.622083333,0.6495,0.6755,0.6888333329999999,0.6911666670000001,0.687416667,0.68275,0.6779166670000001,0.684666667,0.684583333,0.66675
0.01625,0.01625,0.01625,0.01625,0.015,0.020972222000000002,0.017361111000000002,0.016388889,0.016388889,0.016388889,0.016388889,0.006666666999999999,0.006666666999999999,0.006666666999999999,0.006666666999999999,0.006666666999999999,0.006666666999999999,0.0038888890000000004,0.014027778000000001,0.013472221999999999,0.027361111,0.030555556,0.030555556,0.030555556,0.030555556,0.030555556,0.030555556,0.030555556,0.030555556,0.027361111
0.5,0.5,0.5,0.41666666700000005,0.333333333,0.41666666700000005,0.333333333,0.333333333,0.333333333,0.333333333,0.25,0.166666667,0.25,0.333333333,0.333333333,0.333333333,0.333333333,0.333333333,0.41666666700000005,0.41666666700000005,0.5,0.583333333,0.583333333,0.583333333,0.5,0.41666666700000005,0.41666666700000005,0.41666666700000005,0.41666666700000005,0.41666666700000005
0.7194444440000001,0.716805556,0.714583333,0.7102777779999999,0.7070833329999999,0.702638889,0.6981944440000001,0.692361111,0.6869444440000001,0.6780555559999999,0.6675,0.6623611110000001,0.654861111,0.646111111,0.639027778,0.635277778,0.630555556,0.625694444,0.61875,0.617361111,0.6165277779999999,0.6175,0.619861111,0.6183333329999999,0.620277778,0.625277778,0.629166667,0.629861111,0.630972222,0.6325
0.782083333,0.780972222,0.780416667,0.776111111,0.774861111,0.768055556,0.7636111109999999,0.7575,0.751805556,0.742083333,0.7344444440000001,0.732777778,0.7225,0.71,0.703472222,0.701527778,0.695555556,0.693472222,0.6831944440000001,0.6809722220000001,0.6768055559999999,0.674583333,0.676527778,0.6758333329999999,0.6830555559999999,0.6941666670000001,0.69875,0.698888889,0.700694444,0.703472222
0.670277778,0.663888889,0.659166667,0.6545833329999999,0.649861111,0.64625,0.6411111110000001,0.6347222220000001,0.630277778,0.620694444,0.606944444,0.5968055560000001,0.59125,0.5870833329999999,0.580277778,0.574583333,0.570555556,0.563055556,0.558611111,0.5575,0.5590277779999999,0.564861111,0.570277778,0.5686111110000001,0.567361111,0.565277778,0.568888889,0.57125,0.571388889,0.573194444
0.670692308,0.657230769,0.647,0.642769231,0.6334615379999999,0.639076923,0.639076923,0.633692308,0.622692308,0.613384615,0.604615385,0.595307692,0.575307692,0.5746923079999999,0.5820000000000001,0.590538462,0.594692308,0.607692308,0.6165384620000001,0.624846154,0.641538462,0.6619230770000001,0.6693076920000001,0.673769231,0.675230769,0.676076923,0.6733076920000001,0.680769231,0.683461538,0.674153846
0.015,0.015,0.015,0.015,0.015,0.019358973999999998,0.019358973999999998,0.016666667,0.015128205,0.015128205,0.015128205,0.015128205,0.006153846,0.006153846,0.006153846,0.006153846,0.006153846,0.009102564,0.012948718,0.013076923,0.02525641,0.028205128,0.028205128,0.028205128,0.028205128,0.028205128,0.028205128,0.028205128,0.028205128,0.028205128
0.46153846200000004,0.46153846200000004,0.46153846200000004,0.46153846200000004,0.384615385,0.384615385,0.384615385,0.384615385,0.307692308,0.307692308,0.307692308,0.23076923100000002,0.23076923100000002,0.307692308,0.307692308,0.307692308,0.307692308,0.384615385,0.384615385,0.46153846200000004,0.46153846200000004,0.538461538,0.538461538,0.538461538,0.538461538,0.46153846200000004,0.384615385,0.384615385,0.384615385,0.46153846200000004
0.7208974359999999,0.7180769229999999,0.7155128209999999,0.711666667,0.7087179490000001,0.704615385,0.7,0.694487179,0.688461538,0.682051282,0.672948718,0.663589744,0.657820513,0.650384615,0.643717949,0.6384615379999999,0.635128205,0.629487179,0.622564103,0.619871795,0.6184615379999999,0.617948718,0.619230769,0.6182051279999999,0.618974359,0.623076923,0.628076923,0.63,0.631153846,0.631282051
0.782948718,0.782307692,0.780641026,0.7771794870000001,0.775128205,0.768717949,0.7644871790000001,0.759871795,0.754615385,0.747692308,0.7385897440000001,0.732435897,0.726538462,0.7157692309999999,0.709102564,0.704358974,0.700769231,0.6935897440000001,0.686153846,0.683589744,0.680128205,0.6764102559999999,0.678076923,0.678333333,0.680641026,0.689615385,0.6987179490000001,0.700128205,0.7,0.700897436
0.672692308,0.666153846,0.661282051,0.656538462,0.652564103,0.650512821,0.644358974,0.638076923,0.6305128210000001,0.6232051279999999,0.6132051279999999,0.600512821,0.5930769229999999,0.589358974,0.5841025639999999,0.578461538,0.575,0.570384615,0.563461538,0.560897436,0.560641026,0.562820513,0.566666667,0.565128205,0.565897436,0.565384615,0.567307692,0.570128205,0.572051282,0.5728205129999999
0.674071429,0.6601428570000001,0.647642857,0.644785714,0.639285714,0.644714286,0.6431428570000001,0.6404285710000001,0.627428571,0.6138571429999999,0.600642857,0.5946428570000001,0.590571429,0.576785714,0.577785714,0.585714286,0.596214286,0.606714286,0.629,0.629928571,0.642714286,0.653642857,0.6571428570000001,0.656714286,0.660214286,0.665571429,0.667785714,0.676285714,0.6799285709999999,0.673857143
0.013928571,0.013928571,0.013928571,0.013928571,0.013928571,0.019047619,0.01797619,0.018571429,0.01547619,0.014047618999999999,0.014047618999999999,0.014047618999999999,0.014047618999999999,0.005714286,0.005714286,0.005714286,0.005714286,0.008452381,0.017142857,0.012142857,0.024047619,0.026190476,0.026190476,0.026190476,0.026190476,0.026190476,0.026190476,0.026190476,0.026190476,0.026190476
0.428571429,0.428571429,0.428571429,0.428571429,0.428571429,0.428571429,0.35714285700000004,0.428571429,0.35714285700000004,0.28571428600000004,0.28571428600000004,0.28571428600000004,0.28571428600000004,0.28571428600000004,0.28571428600000004,0.28571428600000004,0.28571428600000004,0.35714285700000004,0.428571429,0.428571429,0.5,0.5,0.5,0.5,0.5,0.5,0.428571429,0.35714285700000004,0.35714285700000004,0.428571429
0.7214285709999999,0.71952381,0.716785714,0.712738095,0.7101190479999999,0.706309524,0.70202381,0.6964285709999999,0.690714286,0.6838095240000001,0.67702381,0.668928571,0.659285714,0.653452381,0.647857143,0.642857143,0.638095238,0.633809524,0.626309524,0.6233333329999999,0.620714286,0.619642857,0.61952381,0.617738095,0.618809524,0.6216666670000001,0.625833333,0.628928571,0.631190476,0.631428571
0.784404762,0.7830952379999999,0.781904762,0.7776190479999999,0.7761904759999999,0.7694047620000001,0.765357143,0.760952381,0.75702381,0.7505952379999999,0.744047619,0.7364285709999999,0.726666667,0.72,0.71452381,0.70952381,0.703452381,0.698571429,0.6867857140000001,0.686309524,0.682619048,0.67952381,0.67952381,0.679642857,0.682619048,0.6869047620000001,0.6941666670000001,0.7,0.7010714290000001,0.700238095
0.6713095240000001,0.668690476,0.663571429,0.658690476,0.65452381,0.65297619,0.648452381,0.641309524,0.633928571,0.623928571,0.616071429,0.606785714,0.596785714,0.591190476,0.586428571,0.582142857,0.578571429,0.57452381,0.570238095,0.565238095,0.563571429,0.564047619,0.564642857,0.562142857,0.562857143,0.5641666670000001,0.567261905,0.568571429,0.570952381,0.573333333
0.6840666670000001,0.664,0.6509999999999999,0.6455333329999999,0.6414,0.6494,0.648133333,0.644133333,0.634133333,0.618866667,0.601933333,0.5916,0.5902666670000001,0.590933333,0.579533333,0.581533333,0.591333333,0.6073333329999999,0.6266666670000001,0.6406666670000001,0.646266667,0.653933333,0.649733333,0.6462,0.6452,0.6522,0.6585333329999999,0.670933333,0.6758,0.6712
0.013444444,0.013000000000000001,0.013000000000000001,0.013000000000000001,0.013000000000000001,0.017777778,0.017777778,0.017333333,0.017333333,0.014444443999999999,0.013111111000000002,0.013111111000000002,0.013111111000000002,0.013111111000000002,0.005333333000000001,0.005333333000000001,0.005333333000000001,0.007888889,0.016,0.016111111,0.022444443999999997,0.025,0.024444444,0.024444444,0.024444444,0.024444444,0.024444444,0.024444444,0.024444444,0.024444444
0.46666666700000003,0.4,0.4,0.4,0.4,0.46666666700000003,0.4,0.4,0.4,0.333333333,0.26666666699999997,0.26666666699999997,0.333333333,0.333333333,0.26666666699999997,0.26666666699999997,0.26666666699999997,0.333333333,0.4,0.46666666700000003,0.46666666700000003,0.533333333,0.46666666700000003,0.46666666700000003,0.46666666700000003,0.46666666700000003,0.46666666700000003,0.4,0.333333333,0.4
0.7211111109999999,0.7201111109999999,0.7182222220000001,0.7141111109999999,0.7112222220000001,0.707777778,0.703777778,0.698555556,0.692777778,0.686222222,0.679,0.6729999999999999,0.664555556,0.655111111,0.650888889,0.646777778,0.642222222,0.6366666670000001,0.630555556,0.626777778,0.623888889,0.6216666670000001,0.621,0.618111111,0.6183333329999999,0.6213333329999999,0.6243333329999999,0.626777778,0.6301111110000001,0.631444444
0.781444444,0.784444444,0.782666667,0.779,0.776666667,0.770777778,0.766222222,0.762,0.758222222,0.7531111109999999,0.747,0.7416666670000001,0.730777778,0.720555556,0.718555556,0.714555556,0.708333333,0.7012222220000001,0.691888889,0.6868888890000001,0.685222222,0.6818888890000001,0.682222222,0.6808888890000001,0.683555556,0.688333333,0.691333333,0.695666667,0.700888889,0.7012222220000001
0.6718888890000001,0.667666667,0.666111111,0.6609999999999999,0.656666667,0.6547777779999999,0.650888889,0.645333333,0.637222222,0.627555556,0.617222222,0.6098888889999999,0.602888889,0.594777778,0.588333333,0.584444444,0.5820000000000001,0.577888889,0.574111111,0.5714444439999999,0.5674444439999999,0.566555556,0.565666667,0.5605555560000001,0.560222222,0.5614444439999999,0.5660000000000001,0.5684444439999999,0.5694444439999999,0.5722222220000001
0.69125,0.674,0.6551875,0.6488125,0.6423125,0.65075,0.6523125,0.64875,0.638,0.6256875,0.607375,0.593375,0.5876875,0.590625,0.592625,0.5829375,0.5870625,0.6020625,0.626,0.63775,0.6553125,0.6565625,0.65025,0.6399375,0.6360625,0.638625,0.6464375,0.6620625,0.6708125,0.667875
0.012604167,0.012604167,0.0121875,0.0121875,0.0121875,0.016666667,0.016666667,0.0171875,0.01625,0.01625,0.013541667,0.012291667,0.012291667,0.012291667,0.012291667,0.005,0.005,0.007395833,0.015,0.015104167,0.025520833,0.0234375,0.0234375,0.022916667,0.022916667,0.022916667,0.022916667,0.022916667,0.022916667,0.022916667
0.5,0.4375,0.375,0.375,0.375,0.4375,0.4375,0.4375,0.375,0.375,0.3125,0.25,0.3125,0.375,0.3125,0.25,0.25,0.3125,0.375,0.4375,0.5,0.5,0.5,0.4375,0.4375,0.4375,0.4375,0.4375,0.375,0.375
0.7220833329999999,0.7198958329999999,0.718854167,0.715625,0.7126041670000001,0.708958333,0.7053125,0.700416667,0.695,0.6884375,0.6815625,0.675104167,0.668645833,0.6603125,0.652604167,0.6496875,0.6459375,0.640625,0.6334375,0.630729167,0.627083333,0.624583333,0.6228125,0.619583333,0.618645833,0.620729167,0.6238541670000001,0.6253125,0.628020833,0.630416667
0.7803125,0.781666667,0.783958333,0.779895833,0.778020833,0.7715625,0.767708333,0.763020833,0.759375,0.7544791670000001,0.749583333,0.744583333,0.7360416670000001,0.7247916670000001,0.719166667,0.718333333,0.713125,0.7059375,0.6947916670000001,0.691666667,0.6858333329999999,0.684375,0.684270833,0.683333333,0.684479167,0.688854167,0.692395833,0.692916667,0.696770833,0.701041667
0.674583333,0.6684375,0.6653125,0.6635416670000001,0.658958333,0.6567708329999999,0.652708333,0.6478125,0.64125,0.6310416670000001,0.6210416670000001,0.611354167,0.6060416670000001,0.600625,0.591875,0.586354167,0.5841666670000001,0.581145833,0.577291667,0.575,0.573125,0.57,0.567916667,0.561770833,0.558854167,0.5590625,0.563333333,0.5671875,0.5692708329999999,0.570729167
0.6938235290000001,0.681352941,0.665117647,0.652882353,0.645588235,0.651058824,0.653411765,0.652647059,0.642705882,0.6298235289999999,0.614470588,0.599,0.589588235,0.588176471,0.592235294,0.595058824,0.588058824,0.597411765,0.619941176,0.636470588,0.651705882,0.6644705879999999,0.652941176,0.6409999999999999,0.630764706,0.630411765,0.634,0.650470588,0.6624705879999999,0.663647059
0.011862745,0.011862745,0.011862745,0.011470588,0.011470588,0.015686275,0.015686275,0.016176471,0.016176471,0.015294118,0.015294118,0.012745098,0.011568627,0.011568627,0.011568627,0.011568627,0.004705882,0.006960784,0.014117646999999999,0.014215686000000002,0.024019607999999998,0.02627451,0.022058823999999998,0.022058823999999998,0.021568627000000003,0.021568627000000003,0.021568627000000003,0.021568627000000003,0.021568627000000003,0.021568627000000003
0.470588235,0.470588235,0.41176470600000004,0.352941176,0.352941176,0.41176470600000004,0.41176470600000004,0.470588235,0.41176470600000004,0.352941176,0.352941176,0.294117647,0.294117647,0.352941176,0.352941176,0.294117647,0.235294118,0.294117647,0.352941176,0.41176470600000004,0.470588235,0.529411765,0.470588235,0.470588235,0.41176470600000004,0.41176470600000004,0.41176470600000004,0.41176470600000004,0.41176470600000004,0.41176470600000004
0.723039216,0.7208823529999999,0.71872549,0.716372549,0.714117647,0.710392157,0.706568627,0.7020588240000001,0.696960784,0.6907843140000001,0.683921569,0.6777450979999999,0.670882353,0.664411765,0.657647059,0.651372549,0.64872549,0.644215686,0.6373529410000001,0.633431373,0.630784314,0.62754902,0.625490196,0.6213725489999999,0.62,0.6208823529999999,0.623137255,0.624803922,0.626568627,0.628431373
0.78127451,0.780588235,0.7813725490000001,0.78127451,0.7789215690000001,0.773137255,0.768627451,0.764607843,0.7604901959999999,0.755784314,0.7510784309999999,0.747156863,0.739117647,0.730098039,0.7232352940000001,0.718921569,0.716764706,0.710588235,0.699607843,0.694411765,0.690392157,0.685,0.6864705879999999,0.6851960779999999,0.686568627,0.689411765,0.692647059,0.6938235290000001,0.694117647,0.697156863
0.6763725490000001,0.6711764709999999,0.666176471,0.662941176,0.6614705879999999,0.658921569,0.654705882,0.649705882,0.643823529,0.635196078,0.624705882,0.615294118,0.6076470589999999,0.60372549,0.59754902,0.589803922,0.5859803920000001,0.583235294,0.580392157,0.5779411760000001,0.576372549,0.5751960779999999,0.571078431,0.564117647,0.560098039,0.557843137,0.560980392,0.564607843,0.5680392160000001,0.5704901960000001
0.696277778,0.684333333,0.6725555559999999,0.662388889,0.649611111,0.653666667,0.653555556,0.653666667,0.6467222220000001,0.6347222220000001,0.619,0.606166667,0.595111111,0.589944444,0.589833333,0.594555556,0.5992222220000001,0.597777778,0.614555556,0.630166667,0.6497222220000001,0.660555556,0.660611111,0.644055556,0.632277778,0.625722222,0.6265,0.6385,0.6515,0.656166667
0.011203703999999998,0.011203703999999998,0.011203703999999998,0.011203703999999998,0.010833333,0.014814815,0.014814815,0.015277778,0.015277778,0.015277778,0.014444443999999999,0.014444443999999999,0.012037036999999999,0.010925926,0.010925926,0.010925926,0.010925926,0.006574074,0.013333333000000001,0.013425926000000001,0.022685185,0.024814815,0.024814815,0.020833333,0.020833333,0.02037037,0.02037037,0.02037037,0.02037037,0.02037037
0.444444444,0.444444444,0.444444444,0.38888888899999996,0.333333333,0.38888888899999996,0.38888888899999996,0.444444444,0.444444444,0.38888888899999996,0.333333333,0.333333333,0.333333333,0.333333333,0.333333333,0.333333333,0.27777777800000003,0.27777777800000003,0.333333333,0.38888888899999996,0.444444444,0.5,0.5,0.444444444,0.444444444,0.38888888899999996,0.38888888899999996,0.38888888899999996,0.38888888899999996,0.444444444
0.723333333,0.721851852,0.719722222,0.7163888890000001,0.714907407,0.711944444,0.7080555559999999,0.703425926,0.698703704,0.69287037,0.6863888890000001,0.680185185,0.6736111109999999,0.666759259,0.661666667,0.6562037039999999,0.65037037,0.646944444,0.640925926,0.63712963,0.6333333329999999,0.6310185189999999,0.628240741,0.6239814810000001,0.6216666670000001,0.622037037,0.623148148,0.624074074,0.6260185189999999,0.627037037
0.7814814809999999,0.7814814809999999,0.78037037,0.778981481,0.780277778,0.774259259,0.770277778,0.7656481479999999,0.76212963,0.757037037,0.7525,0.7487037040000001,0.741851852,0.7333333329999999,0.7283333329999999,0.722777778,0.717407407,0.714166667,0.7043518520000001,0.6989814809999999,0.6930555559999999,0.689351852,0.6869444440000001,0.687222222,0.688148148,0.6911111109999999,0.6929629629999999,0.6939814809999999,0.694907407,0.69462963
0.6758333329999999,0.6730555559999999,0.668888889,0.663888889,0.661018519,0.6612962960000001,0.6568518520000001,0.651759259,0.645833333,0.637962963,0.6289814810000001,0.619074074,0.611574074,0.60537037,0.600648148,0.5952777779999999,0.589259259,0.585,0.582407407,0.580833333,0.579074074,0.5781481479999999,0.575925926,0.567314815,0.562407407,0.559074074,0.559722222,0.562314815,0.5655555560000001,0.569259259
0.702157895,0.687157895,0.675842105,0.669578947,0.658789474,0.6570526320000001,0.655894737,0.653789474,0.648,0.638947368,0.624210526,0.6108947370000001,0.602105263,0.595157895,0.5914210529999999,0.592157895,0.5985263160000001,0.607842105,0.614,0.624526316,0.6430526320000001,0.658210526,0.6571052629999999,0.651789474,0.635631579,0.627421053,0.622263158,0.631157895,0.6401052629999999,0.6461052629999999
0.018508772,0.010614035,0.010614035,0.010614035,0.010614035,0.014035088000000001,0.014035088000000001,0.014473683999999999,0.014473683999999999,0.014473683999999999,0.014473683999999999,0.013684211000000002,0.013684211000000002,0.011403509,0.010350877,0.010350877,0.010350877,0.012368421000000001,0.012631578999999999,0.012719298,0.021491227999999998,0.023508772,0.023508772,0.023508772,0.019736842,0.019736842,0.019298246,0.019298246,0.019298246,0.019298246
0.473684211,0.42105263200000004,0.42105263200000004,0.42105263200000004,0.36842105299999994,0.36842105299999994,0.36842105299999994,0.42105263200000004,0.42105263200000004,0.42105263200000004,0.36842105299999994,0.31578947399999996,0.36842105299999994,0.36842105299999994,0.31578947399999996,0.31578947399999996,0.31578947399999996,0.31578947399999996,0.31578947399999996,0.36842105299999994,0.42105263200000004,0.473684211,0.473684211,0.473684211,0.42105263200000004,0.42105263200000004,0.36842105299999994,0.36842105299999994,0.36842105299999994,0.42105263200000004
0.721578947,0.722192982,0.720701754,0.71745614,0.715,0.712807018,0.7096491229999999,0.705,0.700175439,0.6947368420000001,0.688596491,0.682719298,0.6761403509999999,0.669561404,0.664035088,0.660087719,0.655,0.648596491,0.6436842110000001,0.640526316,0.636842105,0.633421053,0.631491228,0.6266666670000001,0.624122807,0.623508772,0.624122807,0.624035088,0.625263158,0.626491228
0.777719298,0.781666667,0.78122807,0.778157895,0.778157895,0.7757894740000001,0.7714912279999999,0.7673684209999999,0.763245614,0.75877193,0.753859649,0.750175439,0.7435964909999999,0.73622807,0.731491228,0.7276315790000001,0.721140351,0.7149122809999999,0.708070175,0.7035087720000001,0.69745614,0.691929825,0.690964912,0.687631579,0.6899122809999999,0.692368421,0.694385965,0.694210526,0.695,0.695350877
0.673596491,0.672719298,0.670789474,0.666578947,0.662017544,0.6608771929999999,0.659210526,0.653947368,0.647982456,0.640175439,0.631929825,0.623421053,0.615350877,0.609210526,0.602368421,0.598333333,0.594473684,0.588157895,0.5841228070000001,0.582719298,0.5817543860000001,0.580614035,0.578684211,0.572105263,0.565526316,0.561315789,0.560789474,0.561052632,0.563333333,0.566842105
0.7065,0.6932,0.67895,0.67285,0.6658,0.6654,0.659,0.6559999999999999,0.6484,0.64055,0.62875,0.61625,0.6068,0.6018,0.5963,0.59355,0.59605,0.60675,0.62275,0.6235,0.63705,0.65145,0.65505,0.6489,0.6434,0.63085,0.62405,0.6269,0.63305,0.63555
0.01875,0.017583333,0.010083333,0.010083333,0.010083333,0.013666667,0.013333333000000001,0.01375,0.01375,0.01375,0.01375,0.01375,0.013000000000000001,0.013000000000000001,0.010833333,0.009833333,0.009833333,0.01175,0.017833333,0.012083333,0.020416667,0.022333332999999997,0.022333332999999997,0.022333332999999997,0.022333332999999997,0.01875,0.01875,0.018333333,0.018333333,0.018333333
0.5,0.45,0.4,0.4,0.4,0.4,0.35,0.4,0.4,0.4,0.4,0.35,0.35,0.4,0.35,0.3,0.3,0.35,0.35,0.35,0.4,0.45,0.45,0.45,0.45,0.4,0.4,0.35,0.35,0.4
0.7210833329999999,0.720583333,0.7210833329999999,0.7185,0.7160833329999999,0.713,0.710583333,0.706666667,0.701833333,0.696333333,0.690583333,0.685,0.67875,0.672166667,0.6668333329999999,0.662416667,0.65875,0.653083333,0.645416667,0.643166667,0.640083333,0.63675,0.63375,0.629833333,0.6266666670000001,0.62575,0.625416667,0.624916667,0.625166667,0.62575
0.776416667,0.778083333,0.781416667,0.779083333,0.777416667,0.774,0.773083333,0.7686666670000001,0.765,0.76,0.7556666670000001,0.751583333,0.74525,0.738166667,0.7343333329999999,0.730666667,0.725833333,0.718583333,0.7090833329999999,0.7070833329999999,0.701833333,0.6961666670000001,0.693333333,0.691416667,0.6901666670000001,0.6938333329999999,0.695416667,0.6955,0.6951666670000001,0.695416667
0.674416667,0.67075,0.670583333,0.6685,0.664666667,0.661833333,0.6589166670000001,0.656333333,0.65025,0.6425,0.6343333329999999,0.6265,0.6196666670000001,0.612916667,0.606166667,0.6000833329999999,0.5974166670000001,0.593166667,0.587166667,0.584333333,0.5835,0.5830833329999999,0.581,0.574916667,0.5701666670000001,0.564333333,0.5628333329999999,0.562,0.562083333,0.564666667
0.709238095,0.697761905,0.6850952379999999,0.675952381,0.6690952379999999,0.671761905,0.666857143,0.658952381,0.650761905,0.641285714,0.630761905,0.620952381,0.612095238,0.606285714,0.6025714289999999,0.598095238,0.597190476,0.604,0.621,0.631380952,0.63547619,0.645333333,0.648761905,0.647333333,0.641047619,0.63847619,0.62747619,0.628380952,0.628904762,0.629047619
0.018571429,0.017857143,0.016746032,0.009603175,0.009603175,0.013015873,0.013015873,0.013095238,0.013095238,0.013095238,0.013095238,0.013095238,0.013095238,0.012380951999999999,0.012380951999999999,0.01031746,0.009365079,0.011190476000000001,0.016984126999999998,0.017063492,0.019444443999999998,0.021269841,0.021269841,0.021269841,0.021269841,0.021269841,0.017857143,0.017857143,0.017460317,0.017460317
0.523809524,0.47619047600000003,0.428571429,0.380952381,0.380952381,0.428571429,0.380952381,0.380952381,0.380952381,0.380952381,0.380952381,0.380952381,0.380952381,0.380952381,0.380952381,0.333333333,0.28571428600000004,0.333333333,0.380952381,0.380952381,0.380952381,0.428571429,0.428571429,0.428571429,0.428571429,0.428571429,0.380952381,0.380952381,0.333333333,0.380952381
0.7211111109999999,0.72015873,0.719603175,0.7189682540000001,0.717142857,0.7141269840000001,0.710873016,0.7076984129999999,0.703571429,0.698095238,0.692301587,0.687063492,0.681111111,0.67484127,0.669444444,0.66515873,0.661031746,0.656746032,0.64984127,0.64484127,0.6426190479999999,0.63984127,0.636904762,0.632063492,0.62968254,0.628095238,0.627460317,0.626111111,0.6259523810000001,0.6256349210000001
0.7761904759999999,0.7768253970000001,0.778015873,0.7793650790000001,0.778333333,0.773492063,0.771507937,0.77031746,0.7663492059999999,0.7618253970000001,0.7569841270000001,0.753412698,0.7468253970000001,0.74,0.7362698409999999,0.733412698,0.7288095240000001,0.7231746029999999,0.7128571429999999,0.708095238,0.70531746,0.700396825,0.697301587,0.6936507940000001,0.6936507940000001,0.693888889,0.696666667,0.6964285709999999,0.6963492059999999,0.695555556
0.67515873,0.671666667,0.6688095239999999,0.6684126979999999,0.666587302,0.664365079,0.659920635,0.656190476,0.652698413,0.644920635,0.6368253970000001,0.629047619,0.622777778,0.617142857,0.60984127,0.603809524,0.599126984,0.596031746,0.591984127,0.5872222220000001,0.585,0.58468254,0.583333333,0.577301587,0.572936508,0.568809524,0.565634921,0.563888889,0.562936508,0.5634126979999999
0.7098636359999999,0.700772727,0.689818182,0.681954545,0.672227273,0.674636364,0.672863636,0.666454545,0.6538181820000001,0.643863636,0.631909091,0.6232272729999999,0.6167727270000001,0.611363636,0.606818182,0.604,0.601363636,0.604727273,0.617727273,0.629318182,0.642454545,0.643454545,0.643045455,0.641681818,0.639909091,0.636454545,0.634909091,0.631454545,0.6302272729999999,0.625272727
0.017742424,0.017727273,0.017045455,0.015984848,0.009166667,0.012424242,0.012424242,0.01280303,0.0125,0.0125,0.0125,0.0125,0.0125,0.0125,0.011818182,0.011818182,0.009848485,0.010681818000000001,0.016212121,0.016287878999999998,0.023863636,0.02030303,0.02030303,0.02030303,0.02030303,0.02030303,0.02030303,0.017045455,0.017045455,0.016666667
0.545454545,0.5,0.454545455,0.409090909,0.363636364,0.409090909,0.409090909,0.409090909,0.363636364,0.363636364,0.363636364,0.363636364,0.409090909,0.409090909,0.363636364,0.363636364,0.318181818,0.318181818,0.363636364,0.409090909,0.409090909,0.409090909,0.409090909,0.409090909,0.409090909,0.409090909,0.409090909,0.363636364,0.363636364,0.363636364
0.7215909090000001,0.720227273,0.719242424,0.717651515,0.717651515,0.715227273,0.712045455,0.708106061,0.70469697,0.699924242,0.6941666670000001,0.6888636359999999,0.6832575759999999,0.6772727270000001,0.6721212120000001,0.667727273,0.663712121,0.659015152,0.653484848,0.649090909,0.644242424,0.642272727,0.639848485,0.635151515,0.6318181820000001,0.630909091,0.629621212,0.628030303,0.627045455,0.626363636
0.7769696970000001,0.776590909,0.7768181820000001,0.7762121209999999,0.778636364,0.774545455,0.7711363640000001,0.7689393940000001,0.768030303,0.763257576,0.758863636,0.754772727,0.7487878790000001,0.741742424,0.738106061,0.73530303,0.7315151520000001,0.726136364,0.7175,0.7117424240000001,0.706363636,0.7037878790000001,0.7012878790000001,0.6974242420000001,0.695681818,0.697045455,0.6965909090000001,0.6975757579999999,0.69719697,0.696666667
0.676060606,0.6725,0.669772727,0.666818182,0.666590909,0.666212121,0.662424242,0.6572727270000001,0.652727273,0.6475,0.639393939,0.6316666670000001,0.625378788,0.620227273,0.614015152,0.607424242,0.602727273,0.597727273,0.5947727270000001,0.591818182,0.5877272729999999,0.586060606,0.584848485,0.57969697,0.57530303,0.571515152,0.569848485,0.566515152,0.56469697,0.5641666670000001
0.713956522,0.70173913,0.693043478,0.686608696,0.678130435,0.677391304,0.675565217,0.6722173909999999,0.661217391,0.6470869570000001,0.6347826089999999,0.624652174,0.619130435,0.615869565,0.6116521739999999,0.608,0.606869565,0.608391304,0.6178260870000001,0.625826087,0.64,0.649782609,0.6413478260000001,0.636521739,0.634826087,0.635565217,0.633130435,0.638391304,0.6330869570000001,0.626695652
0.018057971000000003,0.016971014,0.016956521999999998,0.016304348,0.015289855,0.011884058000000001,0.011884058000000001,0.012246377,0.012246377,0.011956521999999999,0.011956521999999999,0.011956521999999999,0.011956521999999999,0.011956521999999999,0.011956521999999999,0.011304348,0.011304348,0.011086957,0.015507246,0.01557971,0.022826087000000002,0.024492754,0.01942029,0.01942029,0.01942029,0.01942029,0.01942029,0.01942029,0.016304348,0.016304348
0.565217391,0.52173913,0.47826087,0.434782609,0.39130434799999997,0.39130434799999997,0.39130434799999997,0.434782609,0.39130434799999997,0.347826087,0.347826087,0.347826087,0.39130434799999997,0.434782609,0.39130434799999997,0.347826087,0.347826087,0.347826087,0.347826087,0.39130434799999997,0.434782609,0.434782609,0.39130434799999997,0.39130434799999997,0.39130434799999997,0.39130434799999997,0.39130434799999997,0.39130434799999997,0.347826087,0.39130434799999997
0.720942029,0.720724638,0.7193478259999999,0.7173913040000001,0.716449275,0.7157971009999999,0.7131884059999999,0.7093478259999999,0.7052173909999999,0.70115942,0.696086957,0.6907971009999999,0.6851449279999999,0.6794927540000001,0.674565217,0.670362319,0.666231884,0.661666667,0.655797101,0.652608696,0.648333333,0.64384058,0.6421739129999999,0.6380434779999999,0.6347826089999999,0.632898551,0.6322463770000001,0.6300724639999999,0.62884058,0.627391304
0.775289855,0.7773188409999999,0.7765942029999999,0.775144928,0.7756521740000001,0.775,0.772246377,0.768695652,0.7668115940000001,0.765,0.7603623190000001,0.7566666670000001,0.750289855,0.74384058,0.739855072,0.7371014490000001,0.7334057970000001,0.72884058,0.72057971,0.716231884,0.7099275359999999,0.7048550720000001,0.7044927540000001,0.701231884,0.6992028990000001,0.69884058,0.6994927540000001,0.697463768,0.69826087,0.697463768
0.6757971009999999,0.673478261,0.670652174,0.667826087,0.665144928,0.666231884,0.664275362,0.659782609,0.653913043,0.647753623,0.642101449,0.6343478260000001,0.6280434779999999,0.6228260870000001,0.617101449,0.611521739,0.6062318839999999,0.6012318839999999,0.596449275,0.594492754,0.592101449,0.588623188,0.58615942,0.581304348,0.5776811589999999,0.57384058,0.5723913039999999,0.570507246,0.567173913,0.565797101
0.71225,0.706,0.694291667,0.6898333329999999,0.68275,0.6828333329999999,0.6781666670000001,0.6748333329999999,0.666958333,0.654458333,0.63825,0.627708333,0.6206666670000001,0.618166667,0.615958333,0.612583333,0.610583333,0.613375,0.620791667,0.625583333,0.636208333,0.647125,0.6475,0.635166667,0.630166667,0.630875,0.632416667,0.636541667,0.6396666670000001,0.629583333
0.017305556,0.017305556,0.016263889,0.01625,0.015625,0.017638888999999998,0.011388889,0.011736111,0.011736111,0.011736111,0.011458333000000001,0.011458333000000001,0.011458333000000001,0.011458333000000001,0.011458333000000001,0.011458333000000001,0.010833333,0.012430556,0.015694444,0.014930556000000001,0.021875,0.023472222,0.023472222,0.018611111,0.018611111,0.018611111,0.018611111,0.018611111,0.018611111,0.015625
0.541666667,0.541666667,0.5,0.45833333299999995,0.41666666700000005,0.41666666700000005,0.375,0.41666666700000005,0.41666666700000005,0.375,0.333333333,0.333333333,0.375,0.41666666700000005,0.41666666700000005,0.375,0.333333333,0.375,0.375,0.375,0.41666666700000005,0.45833333299999995,0.41666666700000005,0.375,0.375,0.375,0.375,0.375,0.375,0.375
0.7207638890000001,0.720138889,0.7198611109999999,0.7175694440000001,0.71625,0.714722222,0.7138194440000001,0.710555556,0.706527778,0.7018055559999999,0.6974305559999999,0.692777778,0.687152778,0.6814583329999999,0.6768055559999999,0.6727777779999999,0.6688194439999999,0.664166667,0.658472222,0.654861111,0.6517361110000001,0.6477777779999999,0.6436805560000001,0.640347222,0.6375694439999999,0.635694444,0.6340972220000001,0.632569444,0.630763889,0.6290972220000001
0.7756944440000001,0.7756944440000001,0.7772916670000001,0.775,0.774652778,0.7722916670000001,0.7727777779999999,0.769861111,0.7666666670000001,0.7639583329999999,0.7621527779999999,0.758194444,0.752291667,0.745486111,0.741944444,0.7388194440000001,0.735208333,0.7307638890000001,0.723402778,0.719236111,0.7143055559999999,0.708333333,0.7054861109999999,0.7043055559999999,0.702777778,0.7020833329999999,0.7011111109999999,0.700208333,0.698125,0.698472222
0.675069444,0.673333333,0.671666667,0.66875,0.666180556,0.664861111,0.664375,0.661666667,0.656458333,0.6490972220000001,0.6425694439999999,0.6371527779999999,0.630763889,0.6254861110000001,0.619722222,0.614583333,0.610208333,0.604652778,0.5998611110000001,0.596111111,0.5946527779999999,0.592777778,0.588611111,0.582708333,0.579305556,0.5761805560000001,0.574583333,0.572916667,0.5709722220000001,0.568125
0.71392,0.70468,0.69868,0.69116,0.6859999999999999,0.68708,0.6833600000000001,0.6773600000000001,0.66968,0.6602399999999999,0.64568,0.63132,0.62376,0.61968,0.61816,0.61668,0.61488,0.61668,0.62508,0.62812,0.63556,0.6432,0.64504,0.64132,0.62912,0.62656,0.6280399999999999,0.63572,0.63784,0.6360399999999999
0.017746667,0.016613333,0.016613333,0.015613333,0.0156,0.017866667,0.016933333000000002,0.011266667,0.011266667,0.011266667,0.011266667,0.011000000000000001,0.011000000000000001,0.011000000000000001,0.011000000000000001,0.011000000000000001,0.011000000000000001,0.011933333,0.0168,0.015133333,0.021,0.022533333,0.022533333,0.022533333,0.017866667,0.017866667,0.017866667,0.017866667,0.017866667,0.017866667
0.56,0.52,0.52,0.48,0.44,0.44,0.4,0.4,0.4,0.4,0.36,0.32,0.36,0.4,0.4,0.4,0.36,0.36,0.4,0.4,0.4,0.44,0.44,0.4,0.36,0.36,0.36,0.36,0.36,0.4
0.719533333,0.72,0.719333333,0.7181333329999999,0.7164666670000001,0.7146,0.712866667,0.7112666670000001,0.7078,0.7032,0.6982,0.6942,0.6892,0.683533333,0.6788,0.675,0.6712,0.6667333329999999,0.6609999999999999,0.657466667,0.653933333,0.651066667,0.647466667,0.6418666670000001,0.6398,0.638333333,0.636733333,0.6343333329999999,0.633133333,0.630933333
0.774,0.776066667,0.775733333,0.775733333,0.7745333329999999,0.771466667,0.770266667,0.770466667,0.7678666670000001,0.763933333,0.761266667,0.76,0.753933333,0.7476,0.7436,0.740866667,0.736933333,0.7326,0.7254666670000001,0.722,0.7172666670000001,0.7126,0.7088,0.7052666670000001,0.705666667,0.7054,0.7041333329999999,0.701733333,0.700733333,0.698333333
0.674533333,0.6727333329999999,0.6716,0.6698,0.667133333,0.6658666670000001,0.663133333,0.6618666670000001,0.6584,0.6517333329999999,0.644066667,0.6378,0.6336,0.6282,0.6224,0.6172,0.6132,0.608533333,0.6032,0.5994,0.5962,0.5952,0.5926,0.5852,0.580733333,0.5778,0.5768,0.575,0.5732666670000001,0.571733333
0.714884615,0.706576923,0.6976923079999999,0.6955,0.687423077,0.6900384620000001,0.687423077,0.682384615,0.6723076920000001,0.663115385,0.6515769229999999,0.638730769,0.627384615,0.622692308,0.619615385,0.618769231,0.618730769,0.620576923,0.6278076920000001,0.631961538,0.637615385,0.642307692,0.641346154,0.6391923079999999,0.635269231,0.625692308,0.624,0.631384615,0.637,0.634423077
0.018282051,0.017064103,0.015974359,0.015974359,0.015012821,0.01775641,0.017179487,0.016602564,0.010833333,0.010833333,0.010833333,0.010833333,0.010576923,0.010576923,0.010576923,0.010576923,0.010576923,0.012051282,0.016153846,0.016217949,0.020961538000000002,0.021666667,0.021666667,0.021666667,0.021666667,0.017179487,0.017179487,0.017179487,0.017179487,0.017179487
0.576923077,0.538461538,0.5,0.5,0.46153846200000004,0.46153846200000004,0.423076923,0.423076923,0.384615385,0.384615385,0.384615385,0.346153846,0.346153846,0.384615385,0.384615385,0.384615385,0.384615385,0.384615385,0.384615385,0.423076923,0.423076923,0.423076923,0.423076923,0.423076923,0.384615385,0.346153846,0.346153846,0.346153846,0.346153846,0.384615385
0.718333333,0.7188461540000001,0.719230769,0.717692308,0.717051282,0.714871795,0.7128205129999999,0.710448718,0.7085897440000001,0.7045512820000001,0.699679487,0.695064103,0.690705128,0.685641026,0.680897436,0.676987179,0.6733974359999999,0.669102564,0.663589744,0.659935897,0.656474359,0.653205128,0.6506410260000001,0.645576923,0.641282051,0.6404487179999999,0.639230769,0.636858974,0.634807692,0.633205128
0.7730128209999999,0.774423077,0.7760897440000001,0.774294872,0.77525641,0.771474359,0.769551282,0.7681410259999999,0.768525641,0.7651923079999999,0.761346154,0.7592307690000001,0.755833333,0.7493589740000001,0.745705128,0.7425,0.7389743590000001,0.734358974,0.727435897,0.724038462,0.72,0.7155128209999999,0.712884615,0.708461538,0.706538462,0.708076923,0.70724359,0.704615385,0.702179487,0.700833333
0.673589744,0.6723076920000001,0.6710897440000001,0.669807692,0.668205128,0.666794872,0.664166667,0.6607692310000001,0.658717949,0.653782051,0.6467948720000001,0.639423077,0.634358974,0.631025641,0.625128205,0.619871795,0.615769231,0.611474359,0.606987179,0.602628205,0.5993589739999999,0.596666667,0.594935897,0.589166667,0.583205128,0.579230769,0.578333333,0.577115385,0.57525641,0.573910256
0.718888889,0.707777778,0.699777778,0.694666667,0.6917407409999999,0.6912592590000001,0.6902592590000001,0.686333333,0.677333333,0.665888889,0.654666667,0.6446666670000001,0.6346666670000001,0.626222222,0.622518519,0.620148148,0.6206666670000001,0.624074074,0.631148148,0.6343333329999999,0.640962963,0.644037037,0.640555556,0.635851852,0.633444444,0.631740741,0.623259259,0.62737037,0.632777778,0.633740741
0.018037037,0.017604938,0.016432099,0.015382716000000001,0.015382716000000001,0.017111111000000002,0.017098765,0.016851852,0.015987654,0.010432099,0.010432099,0.010432099,0.010432099,0.010185185,0.010185185,0.010185185,0.010185185,0.011604938,0.016111111,0.015617283999999999,0.021790122999999998,0.021604937999999997,0.020864198,0.020864198,0.020864198,0.020864198,0.01654321,0.01654321,0.01654321,0.01654321
0.592592593,0.5555555560000001,0.518518519,0.481481481,0.481481481,0.481481481,0.444444444,0.444444444,0.40740740700000005,0.37037037,0.37037037,0.37037037,0.37037037,0.37037037,0.37037037,0.37037037,0.37037037,0.40740740700000005,0.40740740700000005,0.40740740700000005,0.444444444,0.444444444,0.40740740700000005,0.40740740700000005,0.40740740700000005,0.37037037,0.333333333,0.333333333,0.333333333,0.37037037
0.717345679,0.7177160490000001,0.7181481479999999,0.7176543209999999,0.716666667,0.7154938270000001,0.7131481479999999,0.7104938270000001,0.707901235,0.705432099,0.7011111109999999,0.696604938,0.691666667,0.687222222,0.683024691,0.6790740740000001,0.67537037,0.671296296,0.665987654,0.662469136,0.658888889,0.655679012,0.652716049,0.648703704,0.644876543,0.6418518520000001,0.641234568,0.639259259,0.637222222,0.634814815
0.77191358,0.77345679,0.774506173,0.774691358,0.7738888890000001,0.7722839509999999,0.76962963,0.767530864,0.766358025,0.765925926,0.762654321,0.759382716,0.7552469140000001,0.751358025,0.747469136,0.7445679009999999,0.740617284,0.736419753,0.729320988,0.7259876540000001,0.722037037,0.718209877,0.7156790120000001,0.712407407,0.7095679009999999,0.70882716,0.709753086,0.707592593,0.704938272,0.7022222220000001
0.672962963,0.6714814809999999,0.670740741,0.669382716,0.668271605,0.667839506,0.6651234570000001,0.6618518520000001,0.6577777779999999,0.654259259,0.648950617,0.642222222,0.636049383,0.631851852,0.627962963,0.6225925929999999,0.618395062,0.614012346,0.6098765429999999,0.606296296,0.602469136,0.599691358,0.596358025,0.59154321,0.587098765,0.581666667,0.5796913579999999,0.578580247,0.577283951,0.575802469
0.72375,0.711892857,0.7011785709999999,0.6967857140000001,0.6910714290000001,0.695285714,0.691428571,0.689107143,0.681321429,0.670964286,0.657642857,0.647892857,0.640535714,0.633285714,0.625928571,0.622928571,0.621928571,0.62575,0.6341428570000001,0.637321429,0.642928571,0.647035714,0.642285714,0.635285714,0.630428571,0.6301071429999999,0.629178571,0.626535714,0.628857143,0.6297857139999999
0.018702381,0.017392857,0.01697619,0.015845238,0.014833333,0.017392857,0.0165,0.016785714,0.01625,0.015416667,0.010059524,0.010059524,0.010059524,0.010059524,0.009821429,0.009821429,0.009821429,0.011190476000000001,0.015535713999999999,0.015595238,0.021011905,0.022380952000000003,0.020833333,0.020119048,0.020119048,0.020119048,0.020119048,0.015952381,0.015952381,0.015952381
0.607142857,0.571428571,0.535714286,0.5,0.46428571399999996,0.5,0.46428571399999996,0.46428571399999996,0.428571429,0.39285714299999996,0.35714285700000004,0.35714285700000004,0.39285714299999996,0.39285714299999996,0.35714285700000004,0.35714285700000004,0.35714285700000004,0.39285714299999996,0.428571429,0.428571429,0.428571429,0.46428571399999996,0.428571429,0.39285714299999996,0.39285714299999996,0.39285714299999996,0.35714285700000004,0.321428571,0.321428571,0.35714285700000004
0.715714286,0.716785714,0.7170833329999999,0.716666667,0.716666667,0.7151785709999999,0.7138095240000001,0.710892857,0.7080357140000001,0.704880952,0.7020833329999999,0.698095238,0.69327381,0.68827381,0.684642857,0.6811904759999999,0.6774404759999999,0.67327381,0.668214286,0.664821429,0.661369048,0.6580357139999999,0.655119048,0.65077381,0.6479166670000001,0.6452976189999999,0.6425595239999999,0.641190476,0.63952381,0.6371428570000001
0.769166667,0.772380952,0.7735714290000001,0.773214286,0.774285714,0.771071429,0.77047619,0.7676785709999999,0.765833333,0.7639285709999999,0.7634523809999999,0.7607142859999999,0.7555357140000001,0.750952381,0.7494642859999999,0.7463095240000001,0.7426785709999999,0.738095238,0.731488095,0.7278571429999999,0.723988095,0.720238095,0.71827381,0.7151190479999999,0.713333333,0.711666667,0.7104166670000001,0.71,0.707797619,0.704880952
0.672083333,0.670952381,0.67,0.669107143,0.6679166670000001,0.6679166670000001,0.666190476,0.662857143,0.658928571,0.653511905,0.6495833329999999,0.644464286,0.638869048,0.633571429,0.628869048,0.625416667,0.621071429,0.616607143,0.612380952,0.609107143,0.606011905,0.602678571,0.599285714,0.593035714,0.589464286,0.58547619,0.58202381,0.579880952,0.578690476,0.577738095
0.7221724140000001,0.716827586,0.70537931,0.698241379,0.693241379,0.6945172409999999,0.695310345,0.690275862,0.6841724140000001,0.675034483,0.662827586,0.6509999999999999,0.6437931029999999,0.639,0.632758621,0.626206897,0.624551724,0.626793103,0.635413793,0.64,0.645517241,0.648724138,0.645241379,0.637137931,0.6300689660000001,0.627310345,0.627689655,0.632137931,0.628,0.626103448
0.01808046,0.018057471000000002,0.016793103,0.016390805,0.015298851,0.016793103,0.016793103,0.016218391000000002,0.016206896999999998,0.015689655,0.014885057,0.009712644,0.009712644,0.009712644,0.009712644,0.009482759,0.009482759,0.010804598,0.015,0.015057471000000001,0.020804598,0.021609195,0.021609195,0.020114943,0.019425287,0.019425287,0.019425287,0.019425287,0.015402299,0.015402299
0.620689655,0.5862068970000001,0.551724138,0.517241379,0.482758621,0.482758621,0.482758621,0.482758621,0.448275862,0.413793103,0.379310345,0.344827586,0.379310345,0.413793103,0.379310345,0.344827586,0.344827586,0.379310345,0.413793103,0.448275862,0.448275862,0.448275862,0.448275862,0.413793103,0.379310345,0.379310345,0.379310345,0.344827586,0.310344828,0.344827586
0.714712644,0.715229885,0.7162068970000001,0.715689655,0.7157471259999999,0.715229885,0.713563218,0.711609195,0.708505747,0.705114943,0.701666667,0.699137931,0.6948275859999999,0.6899425290000001,0.685747126,0.682816092,0.67954023,0.675344828,0.670229885,0.667011494,0.663678161,0.66045977,0.657413793,0.65316092,0.6499425289999999,0.648218391,0.645862069,0.642471264,0.64137931,0.639367816
0.769195402,0.7697126440000001,0.7725287359999999,0.772356322,0.772873563,0.771551724,0.7693678159999999,0.7685632179999999,0.766034483,0.7635057470000001,0.761609195,0.761551724,0.7569540229999999,0.75137931,0.7491379309999999,0.7482758620000001,0.744425287,0.7401724140000001,0.7332758620000001,0.73,0.725862069,0.722183908,0.720229885,0.717643678,0.71591954,0.715229885,0.7131034479999999,0.7106321840000001,0.710114943,0.7076436779999999
0.6708045979999999,0.6701724139999999,0.66954023,0.668448276,0.667701149,0.667586207,0.666321839,0.6639655170000001,0.66,0.654770115,0.649022989,0.645229885,0.641149425,0.63637931,0.630632184,0.62637931,0.623850575,0.619252874,0.614942529,0.611551724,0.608735632,0.6060919539999999,0.602183908,0.595977011,0.590977011,0.5878160920000001,0.585689655,0.582126437,0.579942529,0.57908046
0.721733333,0.715533333,0.7103666670000001,0.7024,0.694766667,0.6965,0.694566667,0.6940666670000001,0.685466667,0.6779999999999999,0.667033333,0.656233333,0.646933333,0.6422,0.6383,0.6328,0.6276666670000001,0.629166667,0.6361,0.641033333,0.647833333,0.651033333,0.646933333,0.640166667,0.632033333,0.627066667,0.625066667,0.6306,0.633366667,0.625366667
0.017477778,0.017477778,0.017455556,0.016233333,0.015844444,0.017177778,0.016233333,0.016511111000000002,0.015677778,0.015666667,0.015166667,0.014388888999999998,0.009388889000000001,0.009388889000000001,0.009388889000000001,0.009388889000000001,0.009166667,0.010444444,0.0145,0.014555556,0.020111111,0.021388888999999998,0.020888889,0.020888889,0.019444443999999998,0.018777778000000002,0.018777778000000002,0.018777778000000002,0.018777778000000002,0.014888888999999999
0.6,0.6,0.566666667,0.533333333,0.5,0.5,0.46666666700000003,0.5,0.46666666700000003,0.433333333,0.4,0.36666666700000006,0.36666666700000006,0.4,0.4,0.36666666700000006,0.333333333,0.36666666700000006,0.4,0.433333333,0.46666666700000003,0.46666666700000003,0.433333333,0.433333333,0.4,0.36666666700000006,0.36666666700000006,0.36666666700000006,0.333333333,0.333333333
0.713944444,0.7142777779999999,0.714722222,0.714888889,0.714833333,0.7143888890000001,0.713666667,0.7114444440000001,0.709277778,0.705666667,0.7020000000000001,0.698833333,0.6959444440000001,0.691555556,0.687444444,0.6839444440000001,0.6811666670000001,0.677444444,0.672333333,0.669,0.6658333329999999,0.6627222220000001,0.6597777779999999,0.655444444,0.652277778,0.650166667,0.648666667,0.6456666670000001,0.642611111,0.641166667
0.769166667,0.7697222220000001,0.7699444440000001,0.771388889,0.772055556,0.770277778,0.7698888890000001,0.7675555559999999,0.7669444440000001,0.763777778,0.761277778,0.759833333,0.7578888890000001,0.7528888890000001,0.7496111109999999,0.748,0.7463888890000001,0.741944444,0.7354444440000001,0.731777778,0.728,0.7240555559999999,0.7221111109999999,0.719555556,0.718333333,0.717666667,0.7165,0.7132222220000001,0.710722222,0.709888889
0.669611111,0.669,0.6688333329999999,0.668055556,0.667111111,0.6673888889999999,0.666055556,0.664166667,0.661166667,0.655944444,0.650388889,0.644833333,0.642,0.6386666670000001,0.633444444,0.628166667,0.624833333,0.622,0.617555556,0.6140555560000001,0.611111111,0.608722222,0.6055,0.598888889,0.593888889,0.589333333,0.587944444,0.585666667,0.582111111,0.580277778
