,2014-08-13,2014-08-14,2014-08-15,2014-08-16,2014-08-17,2014-08-18,2014-08-19,2014-08-20,2014-08-21,2014-08-22,2014-08-23,2014-08-24,2014-08-25,2014-08-26,2014-08-27,2014-08-28,2014-08-29,2014-08-30,2014-08-31,2014-09-01,2014-09-02,2014-09-03,2014-09-04,2014-09-05,2014-09-06,2014-09-07,2014-09-08,2014-09-09,2014-09-10,2014-09-11
0,0.778,0.753,0.7859999999999999,0.7290000000000001,0.7390000000000001,0.8109999999999999,0.9,0.966,0.86,0.965,0.8340000000000001,0.795,0.755,0.718,0.7140000000000001,0.6679999999999999,0.653,0.7190000000000001,0.716,0.6859999999999999,0.725,0.736,0.998,0.794,0.76,0.669,0.721,0.75,0.665,0.606
1,0.0,0.0,0.0016666670000000001,0.0,0.0,0.01,0.038333333,0.015,0.0016666670000000001,0.155,0.05,0.0016666670000000001,0.00033333300000000006,0.0,0.038333333,0.0,0.0,0.021666667,0.0,0.0,0.005,0.02,0.19166666699999999,0.0,0.0,0.0,0.0,0.0,0.0,0.0
2,0.0,1.0,1.0,0.0,0.0,1.0,1.0,1.0,1.0,1.0,1.0,1.0,1.0,1.0,1.0,0.0,0.0,1.0,0.0,0.0,1.0,1.0,1.0,0.0,0.0,0.0,0.0,0.0,0.0,0.0
3,0.68,0.653333333,0.6216666670000001,0.665,0.685,0.65,0.6216666670000001,0.6216666670000001,0.663333333,0.635,0.661666667,0.67,0.676666667,0.681666667,0.673333333,0.66,0.668333333,0.67,0.66,0.651666667,0.651666667,0.635,0.568333333,0.6233333329999999,0.6466666670000001,0.67,0.671666667,0.663333333,0.638333333,0.6233333329999999
4,0.7566666670000001,0.695,0.653333333,0.7433333329999999,0.78,0.666666667,0.656666667,0.671666667,0.716666667,0.66,0.72,0.745,0.7616666670000001,0.726666667,0.7433333329999999,0.726666667,0.7616666670000001,0.7516666670000001,0.7616666670000001,0.7333333329999999,0.745,0.711666667,0.593333333,0.71,0.7333333329999999,0.763333333,0.7716666670000001,0.7533333329999999,0.72,0.731666667
5,0.6216666670000001,0.625,0.606666667,0.598333333,0.62,0.6316666670000001,0.598333333,0.59,0.6233333329999999,0.6133333329999999,0.6133333329999999,0.63,0.595,0.651666667,0.61,0.601666667,0.58,0.6,0.581666667,0.595,0.59,0.571666667,0.54,0.55,0.583333333,0.588333333,0.58,0.593333333,0.581666667,0.528333333
6,0.7809999999999999,0.7655,0.7695,0.7575,0.7340000000000001,0.775,0.8555,0.9329999999999999,0.9129999999999999,0.9125,0.8995,0.8145,0.775,0.7365,0.716,0.691,0.6605,0.6859999999999999,0.7175,0.701,0.7055,0.7305,0.867,0.8959999999999999,0.777,0.7145,0.695,0.7355,0.7075,0.6355
7,0.0,0.0,0.000833333,0.000833333,0.0,0.005,0.024166667000000003,0.026666667,0.008333333,0.078333333,0.1025,0.025833332999999997,0.001,0.000166667,0.019166667,0.019166667,0.0,0.010833333,0.010833333,0.0,0.0025,0.0125,0.105833333,0.095833333,0.0,0.0,0.0,0.0,0.0,0.0
8,0.0,0.5,1.0,0.5,0.0,0.5,1.0,1.0,1.0,1.0,1.0,1.0,1.0,1.0,1.0,0.5,0.0,0.5,0.5,0.0,0.5,1.0,1.0,0.5,0.0,0.0,0.0,0.0,0.0,0.0
9,0.6625,0.666666667,0.6375,0.643333333,0.675,0.6675,0.635833333,0.6216666670000001,0.6425,0.649166667,0.648333333,0.6658333329999999,0.673333333,0.6791666670000001,0.6775,0.666666667,0.664166667,0.669166667,0.665,0.655833333,0.651666667,0.643333333,0.601666667,0.595833333,0.635,0.658333333,0.6708333329999999,0.6675,0.650833333,0.630833333
10,0.7416666670000001,0.725833333,0.674166667,0.698333333,0.7616666670000001,0.723333333,0.661666667,0.664166667,0.6941666670000001,0.688333333,0.69,0.7325,0.7533333329999999,0.744166667,0.735,0.735,0.744166667,0.7566666670000001,0.7566666670000001,0.7475,0.739166667,0.7283333329999999,0.6525,0.651666667,0.721666667,0.7483333329999999,0.7675,0.7625,0.736666667,0.725833333
11,0.588333333,0.6233333329999999,0.615833333,0.6025,0.609166667,0.625833333,0.615,0.594166667,0.606666667,0.6183333329999999,0.6133333329999999,0.6216666670000001,0.6125,0.6233333329999999,0.630833333,0.605833333,0.590833333,0.59,0.590833333,0.588333333,0.5925,0.580833333,0.5558333329999999,0.545,0.566666667,0.585833333,0.5841666670000001,0.586666667,0.5875,0.555
12,0.785333333,0.7716666670000001,0.772333333,0.7559999999999999,0.7513333329999999,0.7596666670000001,0.816666667,0.892333333,0.908666667,0.930333333,0.886333333,0.864666667,0.794666667,0.7559999999999999,0.7290000000000001,0.7,0.678333333,0.68,0.696,0.7070000000000001,0.7090000000000001,0.715666667,0.819666667,0.842666667,0.850666667,0.741,0.716666667,0.713333333,0.7120000000000001,0.673666667
13,0.047222222,0.0,0.000555556,0.000555556,0.000555556,0.003333333,0.016111111,0.021111111000000002,0.018333333,0.057222222,0.06888888900000001,0.06888888900000001,0.017333333,0.000666667,0.012888888999999999,0.012777778,0.012777778,0.0072222219999999995,0.0072222219999999995,0.0072222219999999995,0.0016666670000000001,0.008333333,0.072222222,0.07055555599999999,0.063888889,0.0,0.0,0.0,0.0,0.0
14,0.333333333,0.333333333,0.666666667,0.666666667,0.333333333,0.333333333,0.666666667,1.0,1.0,1.0,1.0,1.0,1.0,1.0,1.0,0.666666667,0.333333333,0.333333333,0.333333333,0.333333333,0.333333333,0.666666667,1.0,0.666666667,0.333333333,0.0,0.0,0.0,0.0,0.0
15,0.655,0.659444444,0.651666667,0.6466666670000001,0.657222222,0.666666667,0.652222222,0.6311111110000001,0.635555556,0.64,0.653333333,0.655555556,0.669444444,0.676111111,0.677222222,0.671666667,0.667222222,0.666111111,0.666111111,0.660555556,0.654444444,0.646111111,0.6183333329999999,0.6088888889999999,0.612777778,0.6466666670000001,0.6627777779999999,0.668333333,0.6577777779999999,0.6416666670000001
16,0.731666667,0.7261111109999999,0.701666667,0.6972222220000001,0.725555556,0.73,0.7011111109999999,0.665,0.681666667,0.682777778,0.698888889,0.708333333,0.742222222,0.7444444440000001,0.743888889,0.732222222,0.743888889,0.7466666670000001,0.7583333329999999,0.7488888890000001,0.7466666670000001,0.73,0.683333333,0.671666667,0.6788888890000001,0.7355555559999999,0.756111111,0.762777778,0.7483333329999999,0.735
17,0.584444444,0.600555556,0.617777778,0.61,0.6083333329999999,0.6166666670000001,0.6166666670000001,0.606666667,0.603888889,0.6088888889999999,0.6166666670000001,0.6188888889999999,0.612777778,0.625555556,0.6188888889999999,0.621111111,0.5972222220000001,0.593888889,0.5872222220000001,0.5922222220000001,0.588888889,0.585555556,0.567222222,0.553888889,0.557777778,0.573888889,0.583888889,0.5872222220000001,0.585,0.567777778
18,0.71,0.77725,0.77525,0.7615,0.75175,0.76625,0.79475,0.8540000000000001,0.88425,0.92275,0.90625,0.8635,0.83725,0.7755,0.7455,0.71375,0.68825,0.6885,0.6890000000000001,0.6935,0.7115,0.71575,0.78625,0.81325,0.8220000000000001,0.80525,0.736,0.725,0.70125,0.6855
19,0.035416667,0.035416667,0.00041666699999999996,0.00041666699999999996,0.00041666699999999996,0.002916667,0.012083333,0.015833333,0.01625,0.0525,0.055416667,0.052083332999999996,0.05175,0.013000000000000001,0.010083333,0.009666667,0.009583333000000001,0.015,0.005416666999999999,0.005416666999999999,0.006666666999999999,0.00625,0.054166667,0.054166667,0.052916667,0.047916667,0.0,0.0,0.0,0.0
20,0.25,0.5,0.5,0.5,0.5,0.5,0.5,0.75,1.0,1.0,1.0,1.0,1.0,1.0,1.0,0.75,0.5,0.5,0.25,0.25,0.5,0.5,0.75,0.75,0.5,0.25,0.0,0.0,0.0,0.0
21,0.664166667,0.6545833329999999,0.65,0.655,0.65625,0.655416667,0.655416667,0.6445833329999999,0.639166667,0.635416667,0.645416667,0.6575,0.660833333,0.6725,0.675416667,0.6729166670000001,0.6708333329999999,0.6679166670000001,0.6645833329999999,0.6625,0.658333333,0.6495833329999999,0.6266666670000001,0.619583333,0.6183333329999999,0.627083333,0.6529166670000001,0.6629166670000001,0.660833333,0.649166667
22,0.742916667,0.7225,0.707916667,0.7120833329999999,0.717916667,0.710833333,0.711666667,0.69375,0.6779166670000001,0.67625,0.692083333,0.7104166670000001,0.721666667,0.7383333329999999,0.744166667,0.739583333,0.739583333,0.745833333,0.750416667,0.752083333,0.747916667,0.737916667,0.6958333329999999,0.69,0.687083333,0.7,0.744583333,0.755416667,0.752083333,0.744166667
23,0.59375,0.594583333,0.6020833329999999,0.612916667,0.6125,0.614166667,0.612083333,0.61,0.610833333,0.60625,0.61,0.62,0.612916667,0.6225,0.6216666670000001,0.614583333,0.610833333,0.597916667,0.590833333,0.589166667,0.591666667,0.584583333,0.5741666670000001,0.562916667,0.56125,0.565416667,0.575416667,0.58625,0.585833333,0.5708333329999999
24,0.6926,0.7186,0.779,0.7659999999999999,0.757,0.7636,0.7929999999999999,0.8290000000000001,0.8552,0.9004,0.905,0.884,0.8418,0.8134,0.7632,0.73,0.7016,0.6944,0.6940000000000001,0.6884,0.6998,0.7164,0.7722,0.7878,0.8026,0.7914,0.7884,0.7388,0.713,0.6822
25,0.028333333,0.028333333,0.028666667000000003,0.00033333300000000006,0.00033333300000000006,0.002333333,0.01,0.012666667,0.013000000000000001,0.044000000000000004,0.052000000000000005,0.044666667,0.041733333,0.0414,0.018066666999999998,0.008066667,0.007733333,0.012,0.012,0.004333333,0.005333333000000001,0.009333333000000001,0.043333332999999995,0.043333332999999995,0.043333332999999995,0.042333333,0.038333333,0.0,0.0,0.0
26,0.2,0.4,0.6,0.4,0.4,0.6,0.6,0.6,0.8,1.0,1.0,1.0,1.0,1.0,1.0,0.8,0.6,0.6,0.4,0.2,0.4,0.6,0.6,0.6,0.6,0.4,0.2,0.0,0.0,0.0
27,0.668333333,0.662,0.648,0.653,0.6609999999999999,0.655,0.648666667,0.648666667,0.648333333,0.638333333,0.6406666670000001,0.650333333,0.661333333,0.665,0.672666667,0.672333333,0.672,0.670666667,0.666333333,0.662,0.660333333,0.653666667,0.6333333329999999,0.626,0.625,0.6286666670000001,0.636,0.655,0.6579999999999999,0.653333333
28,0.7463333329999999,0.7333333329999999,0.708666667,0.715,0.725666667,0.707666667,0.7,0.703666667,0.698333333,0.674333333,0.685,0.702666667,0.720666667,0.722666667,0.7393333329999999,0.7406666670000001,0.7440000000000001,0.742,0.7490000000000001,0.747,0.7506666670000001,0.7406666670000001,0.7090000000000001,0.698666667,0.698666667,0.702333333,0.714333333,0.7463333329999999,0.7483333329999999,0.748
29,0.598,0.6,0.597,0.601333333,0.6143333329999999,0.6163333329999999,0.611,0.607666667,0.612666667,0.6113333329999999,0.607666667,0.614,0.615,0.6206666670000001,0.62,0.6176666670000001,0.607666667,0.608666667,0.594666667,0.591666667,0.589333333,0.587666667,0.575666667,0.569333333,0.5670000000000001,0.566666667,0.568333333,0.579,0.585333333,0.574333333
30,0.7290000000000001,0.702666667,0.729833333,0.7706666670000001,0.7615,0.7659999999999999,0.786333333,0.8218333329999999,0.8341666670000001,0.8735,0.889333333,0.8866666670000001,0.8625,0.8211666670000001,0.7968333329999999,0.7473333329999999,0.717166667,0.7045,0.698,0.692666667,0.6945,0.705833333,0.763333333,0.775833333,0.783166667,0.780333333,0.779666667,0.782,0.7265,0.6951666670000001
31,0.023722222,0.023611111,0.023888889,0.023888889,0.000277778,0.001944444,0.008333333,0.010833333,0.010833333,0.036666667,0.045,0.043611110999999994,0.037277778,0.034777777999999995,0.040888889,0.015055556000000001,0.006722222,0.010055556,0.01,0.01,0.0044444440000000005,0.007777778000000001,0.039722222,0.036111111,0.036111111,0.036111111,0.035277777999999996,0.031944444,0.0,0.0
32,0.333333333,0.333333333,0.5,0.5,0.333333333,0.5,0.666666667,0.666666667,0.666666667,0.833333333,1.0,1.0,1.0,1.0,1.0,0.833333333,0.666666667,0.666666667,0.5,0.333333333,0.333333333,0.5,0.666666667,0.5,0.5,0.5,0.333333333,0.166666667,0.0,0.0
33,0.667222222,0.6658333329999999,0.655277778,0.650833333,0.658333333,0.659166667,0.649444444,0.644166667,0.651111111,0.646111111,0.642222222,0.645555556,0.6547222220000001,0.6647222220000001,0.666388889,0.670555556,0.671666667,0.671666667,0.668888889,0.663888889,0.660277778,0.656111111,0.639444444,0.6316666670000001,0.629444444,0.6325,0.635833333,0.640555556,0.652222222,0.652222222
34,0.738888889,0.737777778,0.72,0.7144444440000001,0.725833333,0.715833333,0.6991666670000001,0.695277778,0.705833333,0.6919444440000001,0.6819444440000001,0.695,0.7125,0.721666667,0.7261111109999999,0.737222222,0.744166667,0.745277778,0.745277778,0.7463888890000001,0.7466666670000001,0.744166667,0.7161111109999999,0.7091666670000001,0.7044444440000001,0.7094444440000001,0.713888889,0.720833333,0.741944444,0.7455555559999999
35,0.602777778,0.6025,0.601111111,0.5972222220000001,0.604444444,0.617222222,0.6133333329999999,0.6075,0.6102777779999999,0.612777778,0.611666667,0.611388889,0.610833333,0.621111111,0.6188888889999999,0.616944444,0.611388889,0.606388889,0.604166667,0.594722222,0.591388889,0.586388889,0.579722222,0.571388889,0.571666667,0.570555556,0.568888889,0.5725,0.579444444,0.575833333
36,0.756857143,0.7324285709999999,0.714571429,0.729714286,0.7661428570000001,0.7685714290000001,0.7851428570000001,0.812,0.8272857140000001,0.8528571429999999,0.8678571429999999,0.875857143,0.8678571429999999,0.8418571429999999,0.805857143,0.778428571,0.7338571429999999,0.7174285709999999,0.706142857,0.6962857140000001,0.6972857140000001,0.7004285709999999,0.7475714290000001,0.7677142859999999,0.7735714290000001,0.766857143,0.771857143,0.775428571,0.765285714,0.7092857140000001
37,0.025333333,0.020333333000000002,0.02047619,0.02047619,0.02047619,0.0016666670000000001,0.007142857,0.009285714,0.00952381,0.031428571,0.038571429,0.038809524,0.037428571,0.031952381,0.035285713999999996,0.035047619,0.012904762,0.008857143,0.008619048,0.008571429,0.009285714,0.006666666999999999,0.034047619,0.034047619,0.030952381,0.030952381,0.030952381,0.030238095,0.027380952000000004,0.0
38,0.428571429,0.428571429,0.428571429,0.428571429,0.428571429,0.428571429,0.571428571,0.7142857140000001,0.7142857140000001,0.7142857140000001,0.857142857,1.0,1.0,1.0,1.0,0.857142857,0.7142857140000001,0.7142857140000001,0.571428571,0.428571429,0.428571429,0.428571429,0.571428571,0.571428571,0.428571429,0.428571429,0.428571429,0.28571428600000004,0.14285714300000002,0.0
39,0.665714286,0.665238095,0.65952381,0.656666667,0.655714286,0.6571428570000001,0.653809524,0.64547619,0.646904762,0.648809524,0.648333333,0.646190476,0.65,0.658571429,0.665952381,0.66547619,0.670238095,0.671428571,0.67,0.666428571,0.6621428570000001,0.656666667,0.643571429,0.6371428570000001,0.633809524,0.635238095,0.638095238,0.639761905,0.640238095,0.648095238
40,0.7314285709999999,0.732619048,0.725714286,0.723333333,0.7238095240000001,0.7173809520000001,0.7073809520000001,0.695238095,0.698333333,0.6992857140000001,0.6959523809999999,0.6909523809999999,0.70452381,0.71452381,0.724761905,0.726190476,0.7407142859999999,0.745238095,0.747619048,0.7435714290000001,0.746190476,0.7416666670000001,0.722619048,0.715238095,0.712619048,0.7128571429999999,0.718333333,0.71952381,0.720714286,0.74047619
41,0.605952381,0.605952381,0.603095238,0.600714286,0.60047619,0.6083333329999999,0.61452381,0.61,0.609761905,0.610714286,0.6128571429999999,0.614285714,0.609047619,0.6166666670000001,0.61952381,0.616428571,0.611666667,0.609761905,0.6028571429999999,0.6028571429999999,0.594047619,0.588571429,0.579761905,0.57547619,0.573095238,0.574047619,0.5719047620000001,0.572380952,0.573809524,0.572142857
42,0.771625,0.756375,0.739125,0.716375,0.730875,0.77175,0.785,0.80775,0.818,0.8445,0.8505,0.85875,0.86075,0.849125,0.825875,0.788625,0.76275,0.732,0.71725,0.703625,0.699875,0.702125,0.737625,0.753375,0.76675,0.7605,0.761125,0.769125,0.761625,0.745375
43,0.022166667,0.022166667,0.018000000000000002,0.017916667,0.017916667,0.019166667,0.00625,0.008125,0.008333333,0.027708332999999998,0.03375,0.033958333,0.034,0.03275,0.03275,0.030875,0.030666667,0.013999999999999999,0.00775,0.007541666999999999,0.008125,0.010625,0.029791667,0.029791667,0.029791667,0.027083332999999998,0.027083332999999998,0.027083332999999998,0.026458332999999997,0.023958333
44,0.5,0.5,0.5,0.375,0.375,0.5,0.5,0.625,0.75,0.75,0.75,0.875,1.0,1.0,1.0,0.875,0.75,0.75,0.625,0.5,0.5,0.5,0.5,0.5,0.5,0.375,0.375,0.375,0.25,0.125
45,0.669166667,0.664166667,0.659791667,0.6602083329999999,0.6602083329999999,0.655,0.652708333,0.649791667,0.647708333,0.645416667,0.650416667,0.651041667,0.65,0.653958333,0.660416667,0.6652083329999999,0.6658333329999999,0.6702083329999999,0.67,0.667708333,0.6645833329999999,0.65875,0.645625,0.641041667,0.638333333,0.638333333,0.639791667,0.64125,0.6395833329999999,0.638125
46,0.732083333,0.726875,0.7227083329999999,0.727916667,0.7304166670000001,0.716666667,0.7097916670000001,0.702916667,0.697916667,0.6935416670000001,0.701875,0.7020833329999999,0.6997916670000001,0.707291667,0.718125,0.725,0.730625,0.742083333,0.747291667,0.745833333,0.74375,0.741875,0.723125,0.721041667,0.7175,0.718958333,0.720208333,0.7227083329999999,0.719583333,0.7220833329999999
47,0.613541667,0.6083333329999999,0.6060416670000001,0.6025,0.603125,0.604375,0.607083333,0.611458333,0.611666667,0.610208333,0.6110416670000001,0.615,0.611875,0.614375,0.615833333,0.617291667,0.611875,0.610208333,0.60625,0.601875,0.60125,0.59125,0.5825,0.576041667,0.5764583329999999,0.575,0.5747916670000001,0.574583333,0.573541667,0.568125
48,0.789222222,0.7695555559999999,0.7596666670000001,0.738,0.718888889,0.739777778,0.7859999999999999,0.805111111,0.813555556,0.834333333,0.843333333,0.844333333,0.8472222220000001,0.844888889,0.8341111109999999,0.808333333,0.7735555559999999,0.7578888890000001,0.730222222,0.713777778,0.706,0.703888889,0.735,0.743888889,0.754111111,0.7558888890000001,0.756111111,0.7598888890000001,0.7575555559999999,0.7443333329999999
49,0.022111111,0.019703704,0.019888889,0.016,0.015925926,0.017037036999999998,0.021296296,0.0072222219999999995,0.0074074069999999995,0.02462963,0.030185185,0.030185185,0.030222222000000003,0.030222222000000003,0.03337037,0.029111111000000002,0.027444444,0.029666667,0.012444443999999999,0.0068888890000000005,0.0072592590000000005,0.009444444,0.030740741000000002,0.026481481,0.026481481,0.026481481,0.024074073999999997,0.024074073999999997,0.024074073999999997,0.023518518999999998
50,0.5555555560000001,0.5555555560000001,0.5555555560000001,0.444444444,0.333333333,0.444444444,0.5555555560000001,0.5555555560000001,0.666666667,0.7777777779999999,0.7777777779999999,0.7777777779999999,0.8888888890000001,1.0,1.0,0.8888888890000001,0.7777777779999999,0.7777777779999999,0.666666667,0.5555555560000001,0.5555555560000001,0.5555555560000001,0.5555555560000001,0.444444444,0.444444444,0.444444444,0.333333333,0.333333333,0.333333333,0.222222222
51,0.6714814809999999,0.667407407,0.659444444,0.66037037,0.662962963,0.659074074,0.651296296,0.649259259,0.651296296,0.646296296,0.647222222,0.6525925929999999,0.653888889,0.653518519,0.656111111,0.66037037,0.665555556,0.6662962960000001,0.669074074,0.667962963,0.665925926,0.6612962960000001,0.648703704,0.643148148,0.6416666670000001,0.6418518520000001,0.642037037,0.642407407,0.640925926,0.637777778
52,0.7333333329999999,0.727962963,0.718703704,0.725,0.7337037040000001,0.723333333,0.71,0.705555556,0.7044444440000001,0.693703704,0.696481481,0.706666667,0.708703704,0.702777778,0.711296296,0.719074074,0.729074074,0.732962963,0.744259259,0.745740741,0.745740741,0.740185185,0.72537037,0.721666667,0.7224074070000001,0.722592593,0.724814815,0.723888889,0.7224074070000001,0.7209259259999999
53,0.6188888889999999,0.614814815,0.6081481479999999,0.605185185,0.604444444,0.606296296,0.603703704,0.605185185,0.612777778,0.611851852,0.610555556,0.613148148,0.612777778,0.616296296,0.6138888889999999,0.614259259,0.613148148,0.610555556,0.607037037,0.605,0.600555556,0.597962963,0.585555556,0.578888889,0.576851852,0.577777778,0.575555556,0.576851852,0.57537037,0.5685185189999999
54,0.7979,0.7856,0.7712,0.7566,0.7381,0.7281,0.7558,0.804,0.8106,0.8287,0.8343,0.8385,0.8354,0.8343,0.8318,0.8175,0.7928,0.7681,0.7537,0.7258,0.7149,0.7090000000000001,0.7333,0.7409,0.7455,0.7456,0.7524,0.7555,0.7504,0.7424
55,0.024233333,0.0199,0.0179,0.0179,0.0144,0.015333333000000001,0.019166667,0.020666667,0.006666666999999999,0.022166667,0.027166667000000002,0.027333332999999998,0.0272,0.0272,0.031033333,0.030033333,0.0262,0.026866667,0.0267,0.0112,0.0067,0.008533333,0.027666667000000002,0.027666667000000002,0.023833332999999998,0.023833332999999998,0.023833332999999998,0.021666667,0.021666667,0.021666667
56,0.6,0.6,0.6,0.5,0.4,0.4,0.5,0.6,0.6,0.7,0.8,0.8,0.8,0.9,1.0,0.9,0.8,0.8,0.7,0.6,0.6,0.6,0.6,0.5,0.4,0.4,0.4,0.3,0.3,0.3
57,0.6735,0.669666667,0.662833333,0.66,0.662833333,0.661666667,0.655333333,0.648333333,0.650666667,0.649666667,0.647833333,0.6495,0.655,0.656666667,0.6555,0.6565,0.661166667,0.6659999999999999,0.665666667,0.667333333,0.666333333,0.662833333,0.652,0.646166667,0.6435,0.6445,0.644833333,0.644166667,0.642,0.639166667
58,0.735833333,0.7295,0.7205,0.721166667,0.7305,0.727,0.716666667,0.7061666670000001,0.706666667,0.7,0.696333333,0.701333333,0.712166667,0.7105,0.706833333,0.712833333,0.723333333,0.7313333329999999,0.735833333,0.743166667,0.7456666670000001,0.7423333329999999,0.7255,0.723833333,0.722833333,0.7265,0.7275,0.727666667,0.7235,0.723333333
59,0.622166667,0.6195,0.614,0.607166667,0.606666667,0.607166667,0.6055,0.6023333329999999,0.607,0.612833333,0.612,0.6125,0.6113333329999999,0.6166666670000001,0.6156666670000001,0.612666667,0.610833333,0.611833333,0.607666667,0.605833333,0.6035,0.597666667,0.592166667,0.5820000000000001,0.579333333,0.578,0.578,0.577333333,0.577333333,0.570666667
60,0.7753636359999999,0.793818182,0.785636364,0.7673636359999999,0.755,0.744727273,0.743727273,0.7749090909999999,0.809090909,0.8246363640000001,0.829181818,0.8307272729999999,0.830909091,0.8247272729999999,0.823363636,0.816909091,0.802545455,0.786090909,0.7633636359999999,0.747545455,0.725727273,0.716818182,0.735272727,0.738818182,0.7426363640000001,0.738545455,0.743363636,0.752181818,0.747272727,0.737272727
61,0.022030302999999998,0.022030302999999998,0.018242424,0.016272727,0.016272727,0.013999999999999999,0.017424242,0.018787879,0.018939394,0.020151515,0.02469697,0.024848485,0.024878788,0.024727272999999998,0.028212121,0.028212121,0.02730303,0.025787879,0.024424242000000002,0.024272727,0.010636363999999999,0.007909091,0.025181817999999998,0.025151515,0.025151515,0.021666667,0.021666667,0.021666667,0.01969697,0.01969697
62,0.636363636,0.636363636,0.636363636,0.545454545,0.454545455,0.454545455,0.454545455,0.545454545,0.636363636,0.636363636,0.727272727,0.818181818,0.818181818,0.818181818,0.9090909090000001,0.9090909090000001,0.818181818,0.818181818,0.727272727,0.636363636,0.636363636,0.636363636,0.636363636,0.545454545,0.454545455,0.363636364,0.363636364,0.363636364,0.272727273,0.272727273
63,0.6825757579999999,0.671666667,0.66530303,0.663030303,0.6622727270000001,0.661666667,0.658030303,0.652272727,0.64969697,0.649242424,0.6507575760000001,0.649848485,0.6519696970000001,0.657424242,0.658181818,0.655909091,0.657575758,0.6619696970000001,0.665454545,0.664393939,0.6659090910000001,0.663484848,0.654242424,0.649393939,0.646212121,0.645909091,0.6469696970000001,0.646515152,0.643636364,0.64030303
64,0.7459090909999999,0.732121212,0.722575758,0.722575758,0.726515152,0.72469697,0.7206060609999999,0.712575758,0.707121212,0.702424242,0.701818182,0.700757576,0.706818182,0.713484848,0.713484848,0.7086363640000001,0.717272727,0.7259090909999999,0.7340909090000001,0.7356060609999999,0.7433333329999999,0.742575758,0.7287878790000001,0.7240909090000001,0.72469697,0.726515152,0.7306060609999999,0.729848485,0.726969697,0.724242424
65,0.6318181820000001,0.622424242,0.6183333329999999,0.612575758,0.6083333329999999,0.608939394,0.606363636,0.604090909,0.604242424,0.607575758,0.612878788,0.613636364,0.610909091,0.615,0.616060606,0.614393939,0.60969697,0.609848485,0.609090909,0.6065151520000001,0.6043939389999999,0.600606061,0.592424242,0.588333333,0.582121212,0.580151515,0.578181818,0.579393939,0.5777272729999999,0.5728787879999999
66,0.7635833329999999,0.7735,0.793166667,0.7809166670000001,0.765,0.7596666670000001,0.7576666670000001,0.76225,0.782,0.8220833329999999,0.825416667,0.826333333,0.824416667,0.8215,0.8155,0.810416667,0.80325,0.795583333,0.78025,0.756916667,0.7456666670000001,0.726583333,0.74025,0.740166667,0.740583333,0.7365,0.737083333,0.743916667,0.744916667,0.7355
67,0.020194444,0.020194444,0.020333333000000002,0.016722222,0.014916667,0.01575,0.016027778,0.017222222,0.017361111000000002,0.030277777999999998,0.022638889,0.022777778,0.022805556,0.022805556,0.025861111000000003,0.025861111000000003,0.025861111000000003,0.026833332999999997,0.023638889,0.022388889,0.022666667,0.011416667,0.023222222,0.023083332999999998,0.023055556,0.023055556,0.019861111,0.019861111,0.019861111,0.018055556
68,0.583333333,0.666666667,0.666666667,0.583333333,0.5,0.5,0.5,0.5,0.583333333,0.666666667,0.666666667,0.75,0.833333333,0.833333333,0.833333333,0.833333333,0.833333333,0.833333333,0.75,0.666666667,0.666666667,0.666666667,0.666666667,0.583333333,0.5,0.41666666700000005,0.333333333,0.333333333,0.333333333,0.25
69,0.688472222,0.6801388890000001,0.6675,0.665277778,0.664861111,0.66125,0.658333333,0.655,0.6531944439999999,0.648472222,0.650277778,0.652361111,0.652083333,0.654444444,0.65875,0.658333333,0.656944444,0.658611111,0.661805556,0.664305556,0.663333333,0.663333333,0.655555556,0.651666667,0.649166667,0.648194444,0.648055556,0.648333333,0.645833333,0.641944444
70,0.752777778,0.7416666670000001,0.725555556,0.7243055559999999,0.7273611109999999,0.721527778,0.719027778,0.716527778,0.712916667,0.7031944440000001,0.703888889,0.705416667,0.705833333,0.708472222,0.715972222,0.714583333,0.7130555559999999,0.720138889,0.728888889,0.734027778,0.7363888890000001,0.7406944440000001,0.730138889,0.7272222220000001,0.724861111,0.727916667,0.7302777779999999,0.7325,0.729027778,0.7273611109999999
71,0.634305556,0.63125,0.621111111,0.6166666670000001,0.613194444,0.6102777779999999,0.608055556,0.605,0.6056944439999999,0.605,0.608055556,0.614305556,0.612083333,0.614305556,0.614583333,0.614861111,0.611527778,0.6088888889999999,0.6075,0.607916667,0.605138889,0.601666667,0.595555556,0.588888889,0.587916667,0.5826388889999999,0.580138889,0.579444444,0.579583333,0.5736111110000001
72,0.7632307690000001,0.7627692309999999,0.774461538,0.7882307690000001,0.777692308,0.768538462,0.770461538,0.773692308,0.7697692309999999,0.796076923,0.823,0.823076923,0.820846154,0.816230769,0.813230769,0.804153846,0.7983076920000001,0.796769231,0.789461538,0.773,0.7544615379999999,0.744923077,0.7474615379999999,0.744384615,0.741692308,0.7350769229999999,0.735307692,0.7380769229999999,0.7378461540000001,0.7342307690000001
73,0.019025641,0.018641026,0.018769231,0.018769231,0.015435896999999999,0.014538462,0.017487179,0.015948718,0.016025641,0.027948717999999997,0.031794872,0.021025641,0.021051282,0.021051282,0.024,0.023871795,0.023871795,0.025538462,0.024769231000000003,0.021820513,0.021051282,0.022461538,0.025282051,0.021435897000000002,0.021307692000000003,0.021282051,0.021282051,0.018333333,0.018333333,0.018333333
74,0.615384615,0.615384615,0.692307692,0.615384615,0.538461538,0.538461538,0.538461538,0.538461538,0.538461538,0.615384615,0.692307692,0.692307692,0.7692307690000001,0.846153846,0.846153846,0.7692307690000001,0.7692307690000001,0.846153846,0.7692307690000001,0.692307692,0.692307692,0.692307692,0.692307692,0.615384615,0.538461538,0.46153846200000004,0.384615385,0.307692308,0.307692308,0.307692308
75,0.691410256,0.685769231,0.675641026,0.6673076920000001,0.666794872,0.663717949,0.658205128,0.655512821,0.655641026,0.6517948720000001,0.649487179,0.6517948720000001,0.654230769,0.654358974,0.6558974360000001,0.658846154,0.659102564,0.657948718,0.658717949,0.661025641,0.663333333,0.661153846,0.656025641,0.653076923,0.651282051,0.6507692310000001,0.65,0.649230769,0.647564103,0.644102564
76,0.758205128,0.7483333329999999,0.734871795,0.726923077,0.7285897440000001,0.722692308,0.716538462,0.715384615,0.716538462,0.7088461540000001,0.704487179,0.707051282,0.70974359,0.707435897,0.711153846,0.716794872,0.7182051279999999,0.716025641,0.723333333,0.7292307690000001,0.734871795,0.734487179,0.729358974,0.7285897440000001,0.727692308,0.727820513,0.731282051,0.732051282,0.7315384620000001,0.7292307690000001
77,0.637820513,0.633589744,0.629358974,0.619358974,0.616923077,0.614615385,0.6093589739999999,0.606666667,0.606410256,0.606282051,0.605641026,0.60974359,0.612820513,0.615128205,0.613974359,0.613589744,0.612179487,0.610641026,0.606794872,0.6065384620000001,0.6065384620000001,0.602564103,0.596923077,0.592051282,0.588461538,0.5879487179999999,0.582435897,0.581153846,0.579615385,0.575641026
78,0.7591428570000001,0.7625,0.764428571,0.771214286,0.7847142859999999,0.780071429,0.7779285709999999,0.784428571,0.779857143,0.7837142859999999,0.7987857140000001,0.821,0.8182142859999999,0.8135,0.8089285709999999,0.802857143,0.7933571429999999,0.792642857,0.7909999999999999,0.782071429,0.7695714290000001,0.753142857,0.763,0.750785714,0.7455,0.7365,0.7340714290000001,0.736357143,0.7328571429999999,0.7284285709999999
79,0.017666667,0.017666667,0.017428571,0.017428571,0.017428571,0.015047619,0.016238095,0.017309524,0.014928571000000002,0.025952381,0.02952381,0.029642857,0.019547619,0.019547619,0.022285713999999998,0.022285713999999998,0.022166667,0.023714286,0.023714286,0.023,0.020619048,0.02097619,0.034547619,0.02347619,0.019904762,0.019785714,0.019761905,0.019761905,0.01702381,0.01702381
80,0.571428571,0.642857143,0.642857143,0.642857143,0.571428571,0.571428571,0.571428571,0.571428571,0.571428571,0.571428571,0.642857143,0.7142857140000001,0.7142857140000001,0.7857142859999999,0.857142857,0.7857142859999999,0.7142857140000001,0.7857142859999999,0.7857142859999999,0.7142857140000001,0.7142857140000001,0.7142857140000001,0.7142857140000001,0.642857143,0.571428571,0.5,0.428571429,0.35714285700000004,0.28571428600000004,0.28571428600000004
81,0.6939285709999999,0.688690476,0.6811904759999999,0.674880952,0.668571429,0.665595238,0.660714286,0.655595238,0.656071429,0.654166667,0.6525,0.650952381,0.653571429,0.656190476,0.655714286,0.656190476,0.65952381,0.6598809520000001,0.6580952379999999,0.658214286,0.6603571429999999,0.661309524,0.65452381,0.653690476,0.6526190479999999,0.6526190479999999,0.652261905,0.650952381,0.648452381,0.645833333
82,0.7617857140000001,0.7536904759999999,0.7415476190000001,0.73547619,0.730714286,0.724166667,0.71797619,0.713333333,0.71547619,0.7125,0.7096428570000001,0.7073809520000001,0.7109523809999999,0.7109523809999999,0.71,0.712261905,0.72,0.7205952379999999,0.7192857140000001,0.724047619,0.730357143,0.7332142859999999,0.724404762,0.72797619,0.728928571,0.730238095,0.7309523809999999,0.7328571429999999,0.731190476,0.7315476190000001
83,0.6398809520000001,0.636904762,0.6316666670000001,0.627142857,0.619404762,0.61797619,0.613452381,0.60797619,0.6078571429999999,0.606904762,0.606785714,0.6073809520000001,0.608690476,0.6155952379999999,0.614761905,0.613095238,0.611190476,0.6113095239999999,0.6085714289999999,0.605952381,0.605357143,0.604047619,0.598095238,0.593571429,0.591428571,0.588452381,0.5873809520000001,0.583214286,0.5811904760000001,0.575952381
84,0.754133333,0.758733333,0.764066667,0.762066667,0.769066667,0.786466667,0.788066667,0.790466667,0.789466667,0.7922,0.787066667,0.798533333,0.8166,0.811533333,0.806866667,0.799533333,0.7928666670000001,0.7884,0.787533333,0.784,0.778266667,0.767333333,0.769466667,0.765066667,0.7514,0.7404,0.7354666670000001,0.7351333329999999,0.7316,0.7244
85,0.016488889,0.016488889,0.0166,0.016266667,0.016266667,0.016933333000000002,0.0166,0.016155556,0.016266667,0.024266667000000002,0.027555556000000002,0.027666667000000002,0.027688888999999998,0.018244444,0.0208,0.0208,0.0208,0.022133332999999998,0.022133332999999998,0.022133332999999998,0.0218,0.020577778,0.032355556,0.032244444,0.021911111,0.018577778,0.018466667,0.018444443999999997,0.018444443999999997,0.015888889
86,0.533333333,0.6,0.666666667,0.6,0.6,0.6,0.6,0.6,0.6,0.6,0.6,0.666666667,0.7333333329999999,0.7333333329999999,0.8,0.8,0.7333333329999999,0.7333333329999999,0.7333333329999999,0.7333333329999999,0.7333333329999999,0.7333333329999999,0.7333333329999999,0.666666667,0.6,0.533333333,0.46666666700000003,0.4,0.333333333,0.26666666699999997
87,0.693777778,0.691222222,0.684222222,0.680111111,0.675555556,0.667333333,0.662666667,0.658111111,0.656111111,0.654666667,0.654666667,0.653666667,0.652666667,0.655444444,0.657333333,0.6559999999999999,0.657,0.660222222,0.659888889,0.657666667,0.6577777779999999,0.658666667,0.655111111,0.652444444,0.653222222,0.6537777779999999,0.653888889,0.653,0.650111111,0.646777778
88,0.761111111,0.7573333329999999,0.747,0.7416666670000001,0.7384444440000001,0.7264444440000001,0.719666667,0.714888889,0.713555556,0.711777778,0.713,0.7120000000000001,0.711,0.7120000000000001,0.7131111109999999,0.7111111109999999,0.715555556,0.7221111109999999,0.723333333,0.7202222220000001,0.7254444440000001,0.7291111109999999,0.723888889,0.7234444440000001,0.7283333329999999,0.731222222,0.733,0.7324444440000001,0.732,0.731222222
89,0.639888889,0.638888889,0.634888889,0.629444444,0.6266666670000001,0.620222222,0.6166666670000001,0.6118888889999999,0.609,0.608222222,0.6073333329999999,0.6083333329999999,0.606555556,0.611555556,0.615222222,0.6138888889999999,0.6108888889999999,0.610444444,0.6093333329999999,0.607666667,0.6048888889999999,0.603111111,0.599777778,0.594888889,0.592888889,0.5912222220000001,0.587888889,0.587777778,0.583111111,0.577666667
90,0.75175,0.7540625,0.7604375,0.761875,0.760625,0.7716875,0.7935625,0.7991875,0.7948125,0.8004375,0.7948125,0.7875625,0.7958125,0.8104375,0.8054375,0.7981875,0.790375,0.78825,0.783875,0.7811875,0.7803125,0.775625,0.78175,0.7709999999999999,0.76475,0.74625,0.7391875,0.736375,0.73075,0.72375
91,0.015458333000000001,0.015458333000000001,0.0155625,0.0155625,0.01525,0.015875,0.018270833,0.0165,0.01525,0.0249375,0.025875,0.0259375,0.025958332999999997,0.025958332999999997,0.0195,0.0195,0.0195,0.020854167,0.02075,0.02075,0.0210625,0.0216875,0.031270833,0.030333332999999997,0.030229167,0.020541667,0.017416667,0.0173125,0.017291667,0.017291667
92,0.5,0.5625,0.625,0.625,0.5625,0.625,0.625,0.625,0.625,0.625,0.625,0.625,0.6875,0.75,0.75,0.75,0.75,0.75,0.6875,0.6875,0.75,0.75,0.75,0.6875,0.625,0.5625,0.5,0.4375,0.375,0.3125
93,0.69375,0.69125,0.686875,0.6830208329999999,0.680416667,0.673958333,0.664479167,0.6601041670000001,0.6584375,0.654791667,0.6551041670000001,0.655625,0.6551041670000001,0.6544791670000001,0.6565625,0.6575,0.6567708329999999,0.6578125,0.6602083329999999,0.659375,0.6572916670000001,0.656354167,0.653020833,0.653125,0.652083333,0.654270833,0.654895833,0.6544791670000001,0.652083333,0.6484375
94,0.7617708329999999,0.756979167,0.750833333,0.746770833,0.7440625,0.733958333,0.7220833329999999,0.716666667,0.715,0.710208333,0.712291667,0.715,0.715104167,0.7119791670000001,0.713958333,0.713958333,0.7142708329999999,0.7178125,0.724583333,0.723958333,0.721770833,0.724583333,0.720625,0.723020833,0.7240625,0.7305208329999999,0.73375,0.734270833,0.731666667,0.731979167
95,0.638020833,0.6389583329999999,0.636875,0.632604167,0.6288541670000001,0.626979167,0.6188541670000001,0.615,0.612604167,0.609270833,0.608541667,0.60875,0.6075,0.609375,0.611458333,0.614375,0.611770833,0.610208333,0.608645833,0.6084375,0.6065625,0.6028125,0.599166667,0.596666667,0.594166667,0.5926041670000001,0.590520833,0.588229167,0.587395833,0.5796875
96,0.7516470590000001,0.751823529,0.755941176,0.758588235,0.760529412,0.763588235,0.779235294,0.803705882,0.8027647059999999,0.8048235290000001,0.802411765,0.7948235290000001,0.7856470590000001,0.791235294,0.8047647059999999,0.797352941,0.7896470590000001,0.786176471,0.784,0.7781176470000001,0.777882353,0.777705882,0.788705882,0.782470588,0.770352941,0.7591176470000001,0.7447647059999999,0.739823529,0.7321764709999999,0.723411765
97,0.01454902,0.01454902,0.014647058999999999,0.014647058999999999,0.014647058999999999,0.014941176,0.017196078,0.018078431000000002,0.015627451,0.023470587999999997,0.026411765,0.02445098,0.024431373,0.024431373,0.026686275,0.018352941,0.018352941,0.019627451,0.019627451,0.019529412,0.019823529,0.021,0.031686275,0.029431372999999997,0.02854902,0.02845098,0.019333333,0.016392157,0.016294118,0.01627451
98,0.470588235,0.529411765,0.588235294,0.588235294,0.588235294,0.588235294,0.647058824,0.647058824,0.647058824,0.647058824,0.647058824,0.647058824,0.647058824,0.705882353,0.764705882,0.705882353,0.705882353,0.764705882,0.705882353,0.647058824,0.705882353,0.764705882,0.764705882,0.705882353,0.647058824,0.588235294,0.529411765,0.470588235,0.41176470600000004,0.352941176
99,0.692156863,0.6913725490000001,0.687156863,0.685588235,0.683137255,0.678627451,0.670882353,0.661960784,0.6602941179999999,0.6570588239999999,0.655196078,0.655980392,0.656862745,0.656666667,0.655588235,0.656764706,0.658137255,0.65754902,0.657941176,0.659705882,0.658921569,0.655980392,0.651176471,0.65127451,0.652745098,0.653137255,0.6552941179999999,0.655392157,0.653529412,0.6503921570000001
100,0.7616666670000001,0.7578431370000001,0.750882353,0.7503921570000001,0.74872549,0.7395098040000001,0.729411765,0.719117647,0.716666667,0.711764706,0.7107843140000001,0.714215686,0.717745098,0.7157843140000001,0.713823529,0.7147058820000001,0.716764706,0.716470588,0.720392157,0.725098039,0.725196078,0.7211764709999999,0.716862745,0.72,0.7236274509999999,0.726372549,0.732941176,0.7349019609999999,0.7334313729999999,0.731666667
101,0.636176471,0.637254902,0.637058824,0.634607843,0.631862745,0.629019608,0.625294118,0.6171568629999999,0.615490196,0.6126470589999999,0.609509804,0.609803922,0.607941176,0.610098039,0.609411765,0.6108823529999999,0.612352941,0.611078431,0.608529412,0.607843137,0.607352941,0.604509804,0.599117647,0.59627451,0.5958823529999999,0.593823529,0.591862745,0.590686275,0.587843137,0.583921569
102,0.7577222220000001,0.751722222,0.753722222,0.7544444440000001,0.7575,0.763333333,0.771166667,0.7896111109999999,0.8068333329999999,0.811777778,0.806444444,0.802,0.7926111109999999,0.7818888890000001,0.7869444440000001,0.797166667,0.789333333,0.7857222220000001,0.782277778,0.7785555559999999,0.775166667,0.7755555559999999,0.7899444440000001,0.789,0.781222222,0.7647222220000001,0.757,0.745055556,0.735666667,0.725166667
103,0.014203704,0.013740741,0.013833333,0.013833333,0.013833333,0.014388888999999998,0.016240741,0.017074073999999998,0.017166667,0.02337037,0.024944444,0.025037037,0.023111111,0.023074074,0.025203704,0.025203704,0.017333333,0.018537037,0.018537037,0.018537037,0.018722222,0.019833333,0.030481481,0.029925926000000002,0.027796296,0.026962963,0.02687037,0.018259259,0.015481481000000002,0.015388889
104,0.5,0.5,0.5555555560000001,0.5555555560000001,0.5555555560000001,0.611111111,0.611111111,0.666666667,0.666666667,0.666666667,0.666666667,0.666666667,0.666666667,0.666666667,0.7222222220000001,0.7222222220000001,0.666666667,0.7222222220000001,0.7222222220000001,0.666666667,0.666666667,0.7222222220000001,0.7777777779999999,0.7222222220000001,0.666666667,0.611111111,0.5555555560000001,0.5,0.444444444,0.38888888899999996
105,0.688518519,0.69,0.6875,0.6859259259999999,0.685555556,0.681296296,0.675462963,0.668148148,0.662037037,0.658888889,0.657314815,0.656018519,0.65712963,0.658240741,0.657592593,0.655833333,0.657407407,0.658796296,0.657685185,0.657592593,0.6592592589999999,0.657592593,0.651111111,0.64962963,0.651018519,0.653703704,0.654166667,0.655740741,0.654444444,0.6518518520000001
106,0.7585185190000001,0.757962963,0.752037037,0.7504629629999999,0.752037037,0.744166667,0.734907407,0.726203704,0.7189814809999999,0.7135185190000001,0.7122222220000001,0.712685185,0.716851852,0.7182407409999999,0.717314815,0.714537037,0.717314815,0.718703704,0.7189814809999999,0.7211111109999999,0.726203704,0.7244444440000001,0.7140740740000001,0.716481481,0.720740741,0.725833333,0.728888889,0.734074074,0.734074074,0.7333333329999999
107,0.6339814810000001,0.635555556,0.635555556,0.634907407,0.633796296,0.631851852,0.627314815,0.6233333329999999,0.6175,0.61537037,0.612685185,0.610648148,0.608981481,0.61037037,0.610092593,0.608981481,0.609166667,0.611666667,0.609444444,0.607777778,0.606851852,0.60537037,0.600925926,0.596388889,0.595555556,0.595462963,0.593055556,0.591944444,0.590185185,0.584537037
108,0.760947368,0.757473684,0.753526316,0.752421053,0.7536315790000001,0.7603157890000001,0.770526316,0.781421053,0.7933157890000001,0.815157895,0.812947368,0.805842105,0.7995263159999999,0.788684211,0.7783157890000001,0.780684211,0.789578947,0.785631579,0.7820526320000001,0.777210526,0.775736842,0.7731052629999999,0.787263158,0.790157895,0.7874736840000001,0.7753157890000001,0.762421053,0.7566315790000001,0.740842105,0.728842105
109,0.023894737000000003,0.01345614,0.013105263,0.013105263,0.013105263,0.013631579,0.015649123,0.016175439,0.016263158,0.024421052999999998,0.02477193,0.023719298,0.023736842,0.021894737,0.023877192999999998,0.023877192999999998,0.023877192999999998,0.017561404,0.017561404,0.017561404,0.017824561000000003,0.018789474,0.028877193,0.028877193,0.028350877000000003,0.026333332999999997,0.02554386,0.02545614,0.017298246,0.014666667
110,0.526315789,0.526315789,0.526315789,0.526315789,0.526315789,0.578947368,0.6315789470000001,0.6315789470000001,0.684210526,0.684210526,0.684210526,0.684210526,0.684210526,0.684210526,0.684210526,0.684210526,0.684210526,0.684210526,0.684210526,0.684210526,0.684210526,0.684210526,0.736842105,0.736842105,0.684210526,0.6315789470000001,0.578947368,0.526315789,0.473684211,0.42105263200000004
111,0.6895614040000001,0.686666667,0.686403509,0.686315789,0.6858771929999999,0.683684211,0.678157895,0.672631579,0.667894737,0.660614035,0.659035088,0.657982456,0.6571052629999999,0.658421053,0.659035088,0.657719298,0.6564912279999999,0.658070175,0.6588596489999999,0.657368421,0.657280702,0.657982456,0.652894737,0.649649123,0.6494736839999999,0.652017544,0.654649123,0.654649123,0.654824561,0.652807018
112,0.7613157890000001,0.7551754390000001,0.75245614,0.751578947,0.7520175440000001,0.74754386,0.739561404,0.731578947,0.725701754,0.715877193,0.7138596490000001,0.7139473679999999,0.715263158,0.717368421,0.719561404,0.717807018,0.7170175440000001,0.719122807,0.720964912,0.719736842,0.722368421,0.7254385959999999,0.71754386,0.7138596490000001,0.717368421,0.722982456,0.7282456140000001,0.730175439,0.7333333329999999,0.7339473679999999
113,0.633157895,0.633508772,0.634035088,0.633596491,0.634122807,0.633684211,0.6300877189999999,0.625350877,0.6233333329999999,0.6172807020000001,0.615263158,0.613596491,0.609824561,0.61122807,0.610350877,0.609649123,0.60745614,0.608684211,0.610087719,0.608684211,0.606842105,0.605,0.601929825,0.598245614,0.595701754,0.595175439,0.594649123,0.593070175,0.5914035089999999,0.586929825
114,0.7693,0.76055,0.7589,0.7523,0.75175,0.7565,0.7673,0.7803,0.78535,0.8019,0.8161,0.81205,0.8033,0.79545,0.78495,0.7728,0.7743,0.78605,0.78215,0.77725,0.7746,0.77375,0.78435,0.7876,0.78865,0.78155,0.7726,0.7618,0.75205,0.7341
115,0.0307,0.0227,0.012866667,0.01245,0.01245,0.01295,0.014866667,0.015616666999999999,0.01545,0.0232,0.0257,0.023616667,0.02255,0.02255,0.022716667000000003,0.022683332999999996,0.022683332999999996,0.023766667000000002,0.016683333,0.016683333,0.016933333000000002,0.017933333,0.027433332999999997,0.027433332999999997,0.027433332999999997,0.026933332999999997,0.025016667000000003,0.024266667000000002,0.024183332999999998,0.016433333
116,0.55,0.55,0.55,0.5,0.5,0.55,0.6,0.65,0.65,0.7,0.7,0.7,0.7,0.7,0.7,0.65,0.65,0.7,0.65,0.65,0.7,0.7,0.7,0.7,0.7,0.65,0.6,0.55,0.5,0.45
117,0.6858333329999999,0.68775,0.683416667,0.685333333,0.68625,0.684083333,0.680583333,0.675333333,0.672166667,0.66625,0.660666667,0.6595833329999999,0.6589166670000001,0.658333333,0.659166667,0.659083333,0.65825,0.657166667,0.658166667,0.6585,0.657083333,0.656166667,0.6535,0.651416667,0.6495,0.6505,0.653,0.655083333,0.653833333,0.65325
118,0.756166667,0.758,0.750083333,0.752,0.753,0.74775,0.743,0.736166667,0.730833333,0.7224166670000001,0.7160833329999999,0.7154166670000001,0.716333333,0.715833333,0.718666667,0.719916667,0.72,0.71875,0.72125,0.721583333,0.721,0.721833333,0.718833333,0.717166667,0.714833333,0.719666667,0.7254166670000001,0.7295,0.729666667,0.73325
119,0.629916667,0.63275,0.632166667,0.63225,0.632916667,0.634,0.631916667,0.628083333,0.62525,0.622833333,0.617083333,0.616,0.612666667,0.611916667,0.611166667,0.609916667,0.608166667,0.607083333,0.6073333329999999,0.6093333329999999,0.60775,0.605083333,0.60175,0.599333333,0.5975,0.595333333,0.5944166670000001,0.594583333,0.5925,0.58825
120,0.77552381,0.76852381,0.761761905,0.75747619,0.7516666670000001,0.7545714290000001,0.763333333,0.776761905,0.7840952379999999,0.793904762,0.803428571,0.8150952379999999,0.809333333,0.799238095,0.7915714290000001,0.779380952,0.767095238,0.7716666670000001,0.7827142859999999,0.7775714290000001,0.774761905,0.772761905,0.784428571,0.784809524,0.786285714,0.782952381,0.778666667,0.77152381,0.7571904759999999,0.745095238
121,0.037968254,0.029238095,0.021698413,0.012253968,0.011857143,0.012333333,0.01415873,0.014873016000000001,0.014952381,0.022095238,0.02447619,0.024555556,0.022507937000000002,0.02147619,0.023301587000000002,0.021634921,0.021603175,0.022634921000000002,0.022634921000000002,0.015888889,0.016126984,0.017079365,0.026206349,0.026126984,0.026126984,0.026126984,0.025650793999999998,0.023825397,0.023111111,0.023031746000000002
122,0.571428571,0.571428571,0.571428571,0.523809524,0.47619047600000003,0.523809524,0.571428571,0.6190476189999999,0.666666667,0.666666667,0.7142857140000001,0.7142857140000001,0.7142857140000001,0.7142857140000001,0.7142857140000001,0.666666667,0.6190476189999999,0.666666667,0.666666667,0.6190476189999999,0.666666667,0.7142857140000001,0.7142857140000001,0.666666667,0.666666667,0.666666667,0.6190476189999999,0.571428571,0.523809524,0.47619047600000003
123,0.6838095240000001,0.684285714,0.684603175,0.682539683,0.68531746,0.68452381,0.681111111,0.6777777779999999,0.674761905,0.670396825,0.666031746,0.661111111,0.660396825,0.66,0.659047619,0.659206349,0.65952381,0.658809524,0.6573015870000001,0.657857143,0.658174603,0.656031746,0.6519841270000001,0.652063492,0.651190476,0.65047619,0.651507937,0.653492063,0.654285714,0.652380952
124,0.752063492,0.753253968,0.753015873,0.749761905,0.7533333329999999,0.7488888890000001,0.743412698,0.739603175,0.735238095,0.727460317,0.722301587,0.717460317,0.717619048,0.716825397,0.717142857,0.719047619,0.721904762,0.721507937,0.7207936509999999,0.721825397,0.7226984129999999,0.720555556,0.715714286,0.718412698,0.717936508,0.717142857,0.722142857,0.726746032,0.729047619,0.729761905
125,0.629047619,0.62968254,0.6315079370000001,0.630555556,0.6316666670000001,0.632857143,0.632301587,0.629920635,0.627857143,0.62468254,0.622380952,0.617698413,0.615,0.61452381,0.611825397,0.610714286,0.6084920629999999,0.607777778,0.605873016,0.606746032,0.608412698,0.606031746,0.601984127,0.599285714,0.5985714289999999,0.5970634920000001,0.594603175,0.594365079,0.593968254,0.589444444
126,0.7784090909999999,0.7745,0.769318182,0.760272727,0.756636364,0.7543636359999999,0.761181818,0.772545455,0.780545455,0.792318182,0.795727273,0.803045455,0.812363636,0.805181818,0.7953636359999999,0.785954545,0.773636364,0.7649090909999999,0.7691363640000001,0.778318182,0.775181818,0.773,0.7829999999999999,0.784863636,0.7836818179999999,0.780954545,0.7801363640000001,0.7773636359999999,0.766681818,0.750318182
127,0.038742424,0.036242424,0.027984848,0.020712121,0.01169697,0.011772727,0.013515151999999999,0.01419697,0.014272726999999999,0.021318182,0.023363636,0.023439394,0.023454545,0.021484847999999997,0.022242424,0.022242424,0.020651515,0.021606061,0.021606061,0.021606061,0.015393938999999999,0.01630303,0.025015152000000002,0.025015152000000002,0.024939394,0.024939394,0.024939394,0.024484847999999997,0.022742424,0.022060606
128,0.590909091,0.590909091,0.590909091,0.545454545,0.5,0.5,0.545454545,0.590909091,0.636363636,0.681818182,0.681818182,0.727272727,0.727272727,0.727272727,0.727272727,0.681818182,0.636363636,0.636363636,0.636363636,0.636363636,0.636363636,0.681818182,0.727272727,0.681818182,0.636363636,0.636363636,0.636363636,0.590909091,0.545454545,0.5
129,0.6837121209999999,0.6824242420000001,0.6814393940000001,0.6837121209999999,0.682651515,0.6837121209999999,0.681666667,0.6784090909999999,0.6771212120000001,0.672954545,0.67,0.666212121,0.661818182,0.661363636,0.660606061,0.659090909,0.659621212,0.66,0.658863636,0.657045455,0.657575758,0.6571212120000001,0.652045455,0.650681818,0.6518181820000001,0.652045455,0.651439394,0.652045455,0.65280303,0.652878788
130,0.7506060609999999,0.749469697,0.748712121,0.752575758,0.7511363640000001,0.7493939390000001,0.74469697,0.740151515,0.738560606,0.731818182,0.727121212,0.723333333,0.7194696970000001,0.7180303029999999,0.7180303029999999,0.717575758,0.720984848,0.723257576,0.723333333,0.721363636,0.7228787879999999,0.72219697,0.714772727,0.715454545,0.7190909090000001,0.72,0.7196212120000001,0.7235606059999999,0.726439394,0.729166667
131,0.630454545,0.6288636360000001,0.628636364,0.63,0.6300757579999999,0.6316666670000001,0.6312878789999999,0.630378788,0.629621212,0.62719697,0.624166667,0.622727273,0.6166666670000001,0.6166666670000001,0.614318182,0.611363636,0.609318182,0.608106061,0.606590909,0.605378788,0.605984848,0.606742424,0.6030303029999999,0.5996212120000001,0.598560606,0.598106061,0.596287879,0.594545455,0.593787879,0.590984848
132,0.776695652,0.7773043479999999,0.775,0.767565217,0.759347826,0.759,0.760695652,0.7700869570000001,0.776347826,0.788565217,0.794130435,0.795695652,0.800956522,0.80826087,0.8012173909999999,0.789826087,0.7801739129999999,0.77126087,0.7627826090000001,0.7655217390000001,0.7759999999999999,0.773478261,0.7827826090000001,0.783478261,0.7837826090000001,0.778695652,0.778347826,0.778826087,0.7724782609999999,0.759695652
133,0.037057971,0.037057971,0.03473913,0.026768116,0.019811594,0.011623188000000001,0.012927536000000002,0.01357971,0.013652174,0.020391304,0.022565217000000002,0.02242029,0.022434783,0.022434783,0.022217391,0.021275362000000003,0.021275362000000003,0.020695652,0.020666667,0.020666667,0.020884058,0.015594203000000001,0.023927536,0.023927536,0.023927536,0.023855072,0.023855072,0.023855072,0.02342029,0.021753623
134,0.565217391,0.608695652,0.608695652,0.565217391,0.52173913,0.52173913,0.52173913,0.565217391,0.608695652,0.6521739129999999,0.695652174,0.695652174,0.739130435,0.739130435,0.739130435,0.695652174,0.6521739129999999,0.6521739129999999,0.608695652,0.608695652,0.6521739129999999,0.6521739129999999,0.695652174,0.695652174,0.6521739129999999,0.608695652,0.608695652,0.608695652,0.565217391,0.52173913
135,0.6846376809999999,0.682391304,0.6797826090000001,0.6807246379999999,0.683768116,0.681231884,0.6810144929999999,0.679057971,0.677753623,0.675289855,0.672463768,0.67,0.666666667,0.662681159,0.6618840579999999,0.66057971,0.659492754,0.660072464,0.66,0.658550725,0.656811594,0.6565942029999999,0.65326087,0.650797101,0.650507246,0.652608696,0.652898551,0.651956522,0.651449275,0.651521739
136,0.75173913,0.7481884059999999,0.745289855,0.7484782609999999,0.7537681159999999,0.7474637679999999,0.745362319,0.7415217390000001,0.739130435,0.735144928,0.731304348,0.7278985509999999,0.725,0.719782609,0.719130435,0.7184057970000001,0.719492754,0.722318841,0.7249275359999999,0.7237681159999999,0.7223913040000001,0.7223913040000001,0.716594203,0.714565217,0.716231884,0.721014493,0.722246377,0.721086957,0.7234057970000001,0.726666667
137,0.631594203,0.630217391,0.627898551,0.627318841,0.629565217,0.630144928,0.630217391,0.6294927539999999,0.6300724639999999,0.628913043,0.626594203,0.62442029,0.621521739,0.618188406,0.616376812,0.613768116,0.61,0.6089130429999999,0.606956522,0.606086957,0.604710145,0.604492754,0.60384058,0.600724638,0.5989130429999999,0.5981159420000001,0.597318841,0.59615942,0.5939855070000001,0.590942029
138,0.7759166670000001,0.775708333,0.777666667,0.773083333,0.766375,0.7615,0.764875,0.76925,0.773833333,0.7842083329999999,0.790458333,0.794166667,0.794,0.7975,0.804333333,0.795666667,0.784125,0.777625,0.7689583329999999,0.7595833329999999,0.763833333,0.774333333,0.782833333,0.78325,0.7825,0.779,0.7762916670000001,0.777166667,0.774083333,0.765541667
139,0.035513889,0.035513889,0.035583332999999995,0.033291667000000004,0.025652777999999998,0.019402778,0.012736111000000001,0.013013888999999999,0.013083333,0.019541667,0.021625,0.021694444,0.0215,0.0215,0.023097222,0.021291667,0.020388889,0.021291667,0.019833333,0.019805556000000002,0.020013889,0.020847222,0.022930556,0.022930556,0.022930556,0.022930556,0.022861111,0.022861111,0.022861111,0.022444443999999997
140,0.541666667,0.583333333,0.625,0.583333333,0.541666667,0.541666667,0.541666667,0.541666667,0.583333333,0.625,0.666666667,0.708333333,0.708333333,0.75,0.75,0.708333333,0.666666667,0.666666667,0.625,0.583333333,0.625,0.666666667,0.666666667,0.666666667,0.666666667,0.625,0.583333333,0.583333333,0.583333333,0.541666667
141,0.685902778,0.683333333,0.6798611109999999,0.6791666670000001,0.680902778,0.682361111,0.67875,0.6785416670000001,0.6784027779999999,0.6759722220000001,0.674722222,0.672361111,0.670277778,0.667291667,0.663125,0.661805556,0.660902778,0.6599305560000001,0.660069444,0.659652778,0.658263889,0.655902778,0.6529166670000001,0.652013889,0.650625,0.651319444,0.653402778,0.653333333,0.651388889,0.650277778
142,0.7538888890000001,0.749375,0.744236111,0.745208333,0.749791667,0.750138889,0.7436805559999999,0.742291667,0.740486111,0.735833333,0.734513889,0.731875,0.7293055559999999,0.7250694440000001,0.7207638890000001,0.7194444440000001,0.720208333,0.720833333,0.723958333,0.7252777779999999,0.7246527779999999,0.721944444,0.7170138890000001,0.716319444,0.715347222,0.7181944440000001,0.723125,0.723541667,0.721041667,0.72375
143,0.632777778,0.631319444,0.629236111,0.6266666670000001,0.627013889,0.629652778,0.628819444,0.628541667,0.629236111,0.629375,0.628263889,0.626736111,0.623194444,0.622777778,0.6178472220000001,0.615763889,0.612361111,0.609583333,0.607777778,0.606458333,0.6054166670000001,0.6033333329999999,0.601805556,0.601597222,0.6,0.598472222,0.597361111,0.597152778,0.595555556,0.59125
144,0.7768,0.775,0.77612,0.77572,0.77172,0.7681600000000001,0.7670399999999999,0.7729199999999999,0.77288,0.7814800000000001,0.7862,0.79064,0.7926,0.79096,0.7941600000000001,0.79888,0.78996,0.78152,0.7751600000000001,0.76564,0.7582,0.76272,0.78328,0.78328,0.78232,0.77796,0.77668,0.7752399999999999,0.77268,0.76736
145,0.034093332999999997,0.034093332999999997,0.03416,0.03416,0.03196,0.025026667000000002,0.02016,0.012826667,0.01256,0.01876,0.02076,0.020826667,0.02084,0.020640000000000002,0.022173332999999996,0.022173332999999996,0.02044,0.02044,0.02044,0.01904,0.019213333,0.020013333,0.02768,0.022013333,0.022013333,0.022013333,0.022013333,0.021946667000000003,0.021946667000000003,0.021946667000000003
146,0.52,0.56,0.6,0.6,0.56,0.56,0.56,0.56,0.56,0.6,0.64,0.68,0.72,0.72,0.76,0.72,0.68,0.68,0.64,0.6,0.6,0.64,0.68,0.64,0.64,0.64,0.6,0.56,0.56,0.56
147,0.686466667,0.6846,0.680866667,0.679266667,0.6794,0.679666667,0.6799333329999999,0.676466667,0.6779333329999999,0.676666667,0.6754,0.674533333,0.672533333,0.6707333329999999,0.667533333,0.6629999999999999,0.662066667,0.661266667,0.659933333,0.6597333329999999,0.659333333,0.657333333,0.6524,0.6517333329999999,0.6518,0.6514,0.652133333,0.6538,0.6527333329999999,0.650266667
148,0.7542,0.751533333,0.745533333,0.7442,0.7466,0.7464666670000001,0.7464,0.7408,0.741266667,0.737266667,0.7352,0.734933333,0.733066667,0.7292,0.7258,0.721,0.7211333329999999,0.7214666670000001,0.7224666670000001,0.724333333,0.726066667,0.7241333329999999,0.7168,0.716733333,0.7170000000000001,0.7172666670000001,0.720333333,0.724333333,0.7234,0.7214666670000001
149,0.633933333,0.632466667,0.6303333329999999,0.628,0.6264,0.6272,0.6284,0.627266667,0.6283333329999999,0.6286,0.628733333,0.6283333329999999,0.625466667,0.6243333329999999,0.622266667,0.6172,0.6143333329999999,0.611866667,0.6084666670000001,0.607266667,0.6058,0.604066667,0.6008,0.599733333,0.600866667,0.599533333,0.597733333,0.5972,0.596533333,0.592866667
150,0.777884615,0.775884615,0.775423077,0.774307692,0.774307692,0.7732307690000001,0.7732307690000001,0.774692308,0.7762692309999999,0.7802692309999999,0.7835,0.786538462,0.7892692309999999,0.789730769,0.7879999999999999,0.7893076920000001,0.7932692309999999,0.7872307690000001,0.779,0.771730769,0.764076923,0.757346154,0.7717692309999999,0.783692308,0.782384615,0.777961538,0.775769231,0.775653846,0.7709999999999999,0.766269231
151,0.032974359,0.032782051,0.032846154,0.032846154,0.032846154,0.031115385,0.025538462,0.019961538,0.012397436000000001,0.018038461999999998,0.019961538,0.020025641,0.020038462,0.020038462,0.021320513,0.021320513,0.021320513,0.020487178999999998,0.019653846000000003,0.019653846000000003,0.0185,0.01924359,0.026615385,0.026615385,0.021166667000000004,0.021166667000000004,0.021166667000000004,0.021166667000000004,0.021102564,0.021102564
152,0.538461538,0.538461538,0.576923077,0.576923077,0.576923077,0.576923077,0.576923077,0.576923077,0.576923077,0.576923077,0.615384615,0.653846154,0.692307692,0.7307692309999999,0.7307692309999999,0.7307692309999999,0.692307692,0.692307692,0.653846154,0.615384615,0.615384615,0.615384615,0.653846154,0.653846154,0.615384615,0.615384615,0.615384615,0.576923077,0.538461538,0.538461538
153,0.6864102559999999,0.685192308,0.6821794870000001,0.68025641,0.6794871790000001,0.6782692309999999,0.6774358970000001,0.677692308,0.6759615379999999,0.6762820509999999,0.6760897440000001,0.675192308,0.674615385,0.672884615,0.6708333329999999,0.66724359,0.663205128,0.662371795,0.661217949,0.659615385,0.659423077,0.658397436,0.653910256,0.651282051,0.651538462,0.6525,0.6521794870000001,0.652564103,0.653205128,0.6516025639999999
154,0.754423077,0.751923077,0.74775641,0.745448718,0.745576923,0.743525641,0.743012821,0.743525641,0.739871795,0.738141026,0.736602564,0.735576923,0.735961538,0.732820513,0.72974359,0.725833333,0.722564103,0.722307692,0.723012821,0.722884615,0.725128205,0.7255128209999999,0.719102564,0.716538462,0.717371795,0.7187820509999999,0.719358974,0.7216025640000001,0.724166667,0.7237179490000001
155,0.633653846,0.633589744,0.631474359,0.629102564,0.627692308,0.626602564,0.626089744,0.626923077,0.627115385,0.62775641,0.628012821,0.6287820510000001,0.627051282,0.626474359,0.6237820510000001,0.621474359,0.615769231,0.613782051,0.610705128,0.6079487179999999,0.606602564,0.6044871789999999,0.601602564,0.598846154,0.599102564,0.600384615,0.598782051,0.597564103,0.596602564,0.593910256
156,0.777185185,0.776962963,0.776259259,0.7737037040000001,0.773,0.775666667,0.777925926,0.78037037,0.7778518520000001,0.783259259,0.782259259,0.783925926,0.78537037,0.78662963,0.7869259259999999,0.7835555559999999,0.784259259,0.790518519,0.784592593,0.7755555559999999,0.77,0.763037037,0.766259259,0.7725925929999999,0.782814815,0.778185185,0.7758518520000001,0.774814815,0.7715555559999999,0.7648888890000001
157,0.031777778,0.031753086,0.03162963,0.03162963,0.03162963,0.032,0.031382716,0.025148148,0.019283951,0.017679012,0.019222222,0.019283951,0.019296296,0.019296296,0.020716049,0.020530864,0.020530864,0.021333333,0.019728395,0.018925926000000003,0.019111111,0.018555556,0.02562963,0.02562963,0.02562963,0.020382716000000002,0.020382716000000002,0.020382716000000002,0.020382716000000002,0.020320988
158,0.5555555560000001,0.5555555560000001,0.5555555560000001,0.5555555560000001,0.5555555560000001,0.592592593,0.592592593,0.592592593,0.592592593,0.592592593,0.592592593,0.62962963,0.666666667,0.703703704,0.740740741,0.703703704,0.703703704,0.703703704,0.666666667,0.62962963,0.62962963,0.62962963,0.62962963,0.62962963,0.62962963,0.592592593,0.592592593,0.592592593,0.5555555560000001,0.518518519
159,0.6862345679999999,0.685185185,0.682839506,0.68154321,0.680432099,0.678395062,0.67617284,0.67537037,0.6771604940000001,0.674444444,0.6757407409999999,0.675864198,0.675246914,0.674876543,0.672901235,0.670432099,0.667283951,0.66345679,0.662283951,0.660864198,0.6593209879999999,0.658518519,0.655061728,0.6527777779999999,0.651111111,0.652222222,0.653209877,0.6525925929999999,0.652037037,0.652098765
160,0.7540123459999999,0.752222222,0.748271605,0.7475925929999999,0.746728395,0.742654321,0.740308642,0.74037037,0.742530864,0.73691358,0.737469136,0.73691358,0.73654321,0.735617284,0.7332098770000001,0.72962963,0.727160494,0.723641975,0.723765432,0.723395062,0.7237037040000001,0.72462963,0.720617284,0.718765432,0.717160494,0.719074074,0.720740741,0.720617284,0.72154321,0.7244444440000001
161,0.634012346,0.6333333329999999,0.6325925929999999,0.630246914,0.628765432,0.627839506,0.625555556,0.624753086,0.6267901229999999,0.626604938,0.627222222,0.62808642,0.627530864,0.627962963,0.6258641979999999,0.622962963,0.6199382720000001,0.615185185,0.612592593,0.610123457,0.607283951,0.605308642,0.602098765,0.599691358,0.598271605,0.598703704,0.59962963,0.598580247,0.596975309,0.594074074
162,0.773857143,0.776321429,0.777285714,0.7745714290000001,0.7724642859999999,0.774357143,0.780107143,0.784642857,0.783214286,0.7845357140000001,0.785071429,0.7827142859999999,0.782892857,0.7829642859999999,0.784035714,0.7826785709999999,0.778892857,0.7819285709999999,0.787857143,0.781071429,0.77375,0.7687857140000001,0.771428571,0.76725,0.7721428570000001,0.77875,0.7761428570000001,0.7749285709999999,0.770892857,0.765642857
163,0.030642857000000003,0.030642857000000003,0.030678571,0.0305,0.0305,0.030857142999999997,0.03222619,0.030797619,0.024309524,0.024130952,0.018833333,0.018595238,0.018607143,0.018607143,0.01997619,0.01997619,0.019797619,0.020571429,0.020571429,0.01902381,0.018428571,0.019142857,0.024738095,0.024714286000000002,0.024714286000000002,0.024714286000000002,0.019654762,0.019654762,0.019654762,0.019654762
164,0.535714286,0.571428571,0.571428571,0.535714286,0.535714286,0.571428571,0.607142857,0.607142857,0.607142857,0.607142857,0.607142857,0.607142857,0.642857143,0.6785714290000001,0.7142857140000001,0.7142857140000001,0.6785714290000001,0.7142857140000001,0.6785714290000001,0.642857143,0.642857143,0.642857143,0.642857143,0.607142857,0.607142857,0.607142857,0.571428571,0.571428571,0.571428571,0.535714286
165,0.686488095,0.685059524,0.682916667,0.682202381,0.681666667,0.679345238,0.676369048,0.67422619,0.674940476,0.6756547620000001,0.673988095,0.675535714,0.675892857,0.67547619,0.6748214290000001,0.6724404759999999,0.6703571429999999,0.667380952,0.663333333,0.661904762,0.660535714,0.658452381,0.6552976189999999,0.653928571,0.652559524,0.651785714,0.6529166670000001,0.653571429,0.652083333,0.651011905
166,0.755178571,0.751904762,0.7486904759999999,0.748095238,0.74875,0.743869048,0.739583333,0.7378571429999999,0.73952381,0.739583333,0.736309524,0.737738095,0.7377976190000001,0.736190476,0.7358928570000001,0.73297619,0.73077381,0.7280357140000001,0.725,0.724107143,0.724166667,0.72327381,0.719940476,0.720238095,0.7192857140000001,0.7188095240000001,0.7209523809999999,0.721904762,0.7205952379999999,0.721904762
167,0.634285714,0.6336904760000001,0.632380952,0.6313690479999999,0.629880952,0.628869048,0.6267857139999999,0.624285714,0.624702381,0.626309524,0.626130952,0.627321429,0.626904762,0.628392857,0.627321429,0.625,0.621428571,0.61922619,0.613988095,0.611964286,0.609404762,0.606011905,0.60297619,0.600238095,0.599107143,0.597916667,0.598035714,0.599404762,0.59797619,0.59452381
168,0.771103448,0.773137931,0.776655172,0.77562069,0.7733448279999999,0.7737931029999999,0.778689655,0.786517241,0.787241379,0.7894827590000001,0.786241379,0.7854137929999999,0.7817586209999999,0.780655172,0.780586207,0.780034483,0.778206897,0.7768275859999999,0.779655172,0.7843448279999999,0.779137931,0.772448276,0.776689655,0.772206897,0.767,0.768586207,0.7767586209999999,0.775241379,0.7711379309999999,0.765206897
169,0.029586207000000003,0.029586207000000003,0.029643678,0.02962069,0.029448276000000002,0.029793102999999998,0.031114943,0.031632184,0.029793102999999998,0.028816092,0.025022989,0.018241379,0.017965517,0.017965517,0.019287356000000002,0.019287356000000002,0.019287356000000002,0.019862069,0.019862069,0.019862069,0.01854023,0.018482758999999998,0.025091954,0.023885057,0.023862069,0.023862069,0.023862069,0.018977011000000002,0.018977011000000002,0.018977011000000002
170,0.517241379,0.551724138,0.5862068970000001,0.551724138,0.517241379,0.551724138,0.5862068970000001,0.620689655,0.620689655,0.620689655,0.620689655,0.620689655,0.620689655,0.655172414,0.689655172,0.689655172,0.689655172,0.689655172,0.689655172,0.655172414,0.655172414,0.655172414,0.655172414,0.620689655,0.5862068970000001,0.5862068970000001,0.5862068970000001,0.551724138,0.551724138,0.551724138
171,0.68683908,0.685344828,0.682873563,0.682298851,0.682298851,0.6805747129999999,0.6773563220000001,0.6744827590000001,0.673850575,0.673563218,0.675172414,0.673850575,0.6755747129999999,0.6760919540000001,0.675402299,0.674310345,0.672298851,0.670344828,0.6671264370000001,0.662931034,0.661551724,0.659655172,0.6553448279999999,0.654195402,0.653678161,0.65316092,0.652471264,0.653275862,0.653045977,0.651091954
172,0.756321839,0.753103448,0.748505747,0.748505747,0.749195402,0.74591954,0.7408620690000001,0.7372413790000001,0.737126437,0.7367816090000001,0.7389080459999999,0.736609195,0.738563218,0.737413793,0.7364367820000001,0.735574713,0.733965517,0.7314942529999999,0.729195402,0.7252873559999999,0.724827586,0.723735632,0.718793103,0.719597701,0.720689655,0.720804598,0.7206321840000001,0.7220689659999999,0.72183908,0.7209770109999999
173,0.634770115,0.633965517,0.632758621,0.631206897,0.630977011,0.629942529,0.627816092,0.6255172410000001,0.624252874,0.624310345,0.625862069,0.626264368,0.626206897,0.627758621,0.627758621,0.6264367820000001,0.623448276,0.620689655,0.6179310339999999,0.6133333329999999,0.6112068970000001,0.6081034479999999,0.603735632,0.601149425,0.5996551720000001,0.598735632,0.597298851,0.5978735629999999,0.598793103,0.595574713
174,0.769,0.7705,0.773566667,0.775066667,0.7744,0.7746,0.778,0.784933333,0.7889666670000001,0.793166667,0.7909666670000001,0.786533333,0.7844,0.7796333329999999,0.778433333,0.776833333,0.7758,0.776233333,0.7748,0.7765333329999999,0.782366667,0.7777,0.7799666670000001,0.777266667,0.7718,0.763733333,0.767,0.7758666670000001,0.771566667,0.7656333329999999
175,0.0286,0.0286,0.028655556000000002,0.028655556000000002,0.028633332999999997,0.0288,0.030077778,0.030577777999999996,0.030633333,0.033966667,0.029522222,0.024244444,0.017644444,0.017366667,0.018644444,0.018644444,0.018644444,0.019366667,0.0192,0.0192,0.019366667,0.018588889,0.024255556,0.024255556,0.023088888999999998,0.023066667000000003,0.023066667000000003,0.023066667000000003,0.018344443999999998,0.018344443999999998
176,0.5,0.533333333,0.566666667,0.566666667,0.533333333,0.533333333,0.566666667,0.6,0.6333333329999999,0.6333333329999999,0.6333333329999999,0.6333333329999999,0.6333333329999999,0.6333333329999999,0.666666667,0.666666667,0.666666667,0.7,0.666666667,0.666666667,0.666666667,0.666666667,0.666666667,0.6333333329999999,0.6,0.566666667,0.566666667,0.566666667,0.533333333,0.533333333
177,0.6869444440000001,0.685722222,0.683222222,0.682277778,0.682388889,0.681222222,0.6786111109999999,0.6755,0.674111111,0.6725555559999999,0.673166667,0.675,0.6739444440000001,0.6757777779999999,0.6759999999999999,0.6748888890000001,0.674111111,0.672222222,0.67,0.666611111,0.662555556,0.660666667,0.656611111,0.654277778,0.653944444,0.654222222,0.6537777779999999,0.652833333,0.6527777779999999,0.652055556
178,0.7565,0.754277778,0.749777778,0.7483333329999999,0.7495555559999999,0.7464444440000001,0.742944444,0.7385555559999999,0.7365555559999999,0.7345555559999999,0.736222222,0.7391111109999999,0.7374444440000001,0.738166667,0.737611111,0.7361111109999999,0.7364444440000001,0.7345555559999999,0.7325,0.7293333329999999,0.725944444,0.7243888890000001,0.7193888890000001,0.7185,0.7200555559999999,0.7221111109999999,0.7225,0.721722222,0.722,0.722166667
179,0.634611111,0.634444444,0.633055556,0.631611111,0.630833333,0.631,0.628888889,0.626555556,0.625444444,0.623888889,0.6239444439999999,0.626,0.625222222,0.6270555560000001,0.627166667,0.626888889,0.624888889,0.6226666670000001,0.619388889,0.617166667,0.612555556,0.6098888889999999,0.605833333,0.601944444,0.600555556,0.5992777779999999,0.598111111,0.597166667,0.597333333,0.596444444
