0.588,0.589,0.6509999999999999,0.753,0.708,0.72,0.871,0.7390000000000001,0.79,0.716,0.6990000000000001,0.664,0.718,0.713,0.7929999999999999,0.765,0.809,0.7440000000000001,0.914,0.746,0.741,0.68,0.748,0.716,0.703,0.68,0.6779999999999999,0.773,0.855,0.621
0.0,0.0,0.0,0.0,0.0,0.018333333,0.06333333299999999,0.00033333300000000006,0.0,0.0,0.0,0.0,0.011666667,0.00033333300000000006,0.0,0.005,0.028333333,0.001333333,0.081666667,0.0,0.0,0.0,0.0,0.0,0.0,0.0,0.0,0.068333333,0.006666666999999999,0.0
0.0,0.0,0.0,0.0,0.0,1.0,1.0,1.0,1.0,0.0,0.0,0.0,1.0,1.0,1.0,1.0,1.0,1.0,1.0,0.0,0.0,0.0,0.0,1.0,0.0,0.0,0.0,1.0,1.0,0.0
0.6316666670000001,0.656666667,0.6416666670000001,0.606666667,0.6316666670000001,0.643333333,0.591666667,0.6033333329999999,0.605,0.625,0.6366666670000001,0.648333333,0.658333333,0.656666667,0.625,0.653333333,0.635,0.645,0.6,0.6316666670000001,0.6466666670000001,0.656666667,0.651666667,0.6466666670000001,0.651666667,0.671666667,0.683333333,0.678333333,0.6266666670000001,0.696666667
0.685,0.768333333,0.701666667,0.658333333,0.7283333329999999,0.7383333329999999,0.698333333,0.701666667,0.68,0.711666667,0.725,0.7333333329999999,0.7616666670000001,0.735,0.676666667,0.726666667,0.72,0.7333333329999999,0.6366666670000001,0.703333333,0.7333333329999999,0.7416666670000001,0.7416666670000001,0.723333333,0.7466666670000001,0.7533333329999999,0.77,0.768333333,0.661666667,0.788333333
0.59,0.563333333,0.578333333,0.57,0.558333333,0.583333333,0.555,0.538333333,0.556666667,0.555,0.575,0.568333333,0.6083333329999999,0.591666667,0.596666667,0.595,0.58,0.586666667,0.573333333,0.573333333,0.586666667,0.586666667,0.593333333,0.605,0.598333333,0.6033333329999999,0.601666667,0.6183333329999999,0.606666667,0.61
0.6015,0.5885,0.62,0.7020000000000001,0.7305,0.7140000000000001,0.7955,0.805,0.7645,0.753,0.7075,0.6815,0.691,0.7155,0.753,0.779,0.787,0.7765,0.8290000000000001,0.83,0.7435,0.7105,0.7140000000000001,0.732,0.7095,0.6915,0.679,0.7255,0.8140000000000001,0.738
0.0,0.0,0.0,0.0,0.0,0.009166667,0.040833333,0.031833333,0.000166667,0.0,0.0,0.0,0.0058333330000000004,0.006,0.000166667,0.0025,0.016666667,0.014833333,0.0415,0.040833333,0.0,0.0,0.0,0.0,0.0,0.0,0.0,0.034166667000000005,0.0375,0.003333333
0.0,0.0,0.0,0.0,0.0,0.5,1.0,1.0,1.0,0.5,0.0,0.0,0.5,1.0,1.0,1.0,1.0,1.0,1.0,0.5,0.0,0.0,0.0,0.5,0.5,0.0,0.0,0.5,1.0,0.5
0.630833333,0.644166667,0.649166667,0.624166667,0.619166667,0.6375,0.6175,0.5975,0.604166667,0.615,0.630833333,0.6425,0.653333333,0.6575,0.640833333,0.639166667,0.644166667,0.64,0.6225,0.615833333,0.639166667,0.651666667,0.654166667,0.649166667,0.649166667,0.661666667,0.6775,0.6808333329999999,0.6525,0.661666667
0.6991666670000001,0.726666667,0.735,0.68,0.693333333,0.7333333329999999,0.718333333,0.7,0.6908333329999999,0.6958333329999999,0.718333333,0.729166667,0.7475,0.7483333329999999,0.705833333,0.701666667,0.723333333,0.726666667,0.685,0.67,0.718333333,0.7375,0.7416666670000001,0.7325,0.735,0.75,0.7616666670000001,0.769166667,0.715,0.725
0.575833333,0.576666667,0.5708333329999999,0.5741666670000001,0.5641666670000001,0.5708333329999999,0.5691666670000001,0.546666667,0.5475,0.5558333329999999,0.565,0.571666667,0.588333333,0.6,0.594166667,0.595833333,0.5875,0.583333333,0.58,0.573333333,0.58,0.586666667,0.59,0.599166667,0.601666667,0.600833333,0.6025,0.61,0.6125,0.6083333329999999
0.718666667,0.597333333,0.6093333329999999,0.664333333,0.7040000000000001,0.727,0.766333333,0.776666667,0.8,0.7483333329999999,0.735,0.693,0.693666667,0.698333333,0.7413333329999999,0.757,0.789,0.7726666670000001,0.822333333,0.801333333,0.800333333,0.722333333,0.723,0.714666667,0.722333333,0.699666667,0.687,0.710333333,0.7686666670000001,0.7496666670000001
0.036666667,0.0,0.0,0.0,0.0,0.006111111,0.027222222,0.027333332999999998,0.021222222000000002,0.000111111,0.0,0.0,0.0038888890000000004,0.004,0.004,0.0017777779999999998,0.011111111000000002,0.011555556000000002,0.037111111,0.027666667000000002,0.027222222,0.0,0.0,0.0,0.0,0.0,0.0,0.022777778,0.025,0.025
0.333333333,0.0,0.0,0.0,0.0,0.333333333,0.666666667,1.0,1.0,0.666666667,0.333333333,0.0,0.333333333,0.666666667,1.0,1.0,1.0,1.0,1.0,0.666666667,0.333333333,0.0,0.0,0.333333333,0.333333333,0.333333333,0.0,0.333333333,0.666666667,0.666666667
0.607777778,0.639444444,0.643333333,0.635,0.6266666670000001,0.627222222,0.622222222,0.612777778,0.6,0.611111111,0.622222222,0.6366666670000001,0.6477777779999999,0.654444444,0.6466666670000001,0.645,0.637777778,0.644444444,0.6266666670000001,0.625555556,0.626111111,0.645,0.651666667,0.651666667,0.65,0.656666667,0.668888889,0.6777777779999999,0.6627777779999999,0.667222222
0.666111111,0.7222222220000001,0.718333333,0.7094444440000001,0.6961111109999999,0.708333333,0.721666667,0.712777778,0.693333333,0.697777778,0.705555556,0.723333333,0.74,0.7433333329999999,0.7244444440000001,0.712777778,0.707777778,0.726666667,0.696666667,0.6911111109999999,0.6911111109999999,0.7261111109999999,0.738888889,0.7355555559999999,0.737222222,0.7411111109999999,0.7566666670000001,0.7638888890000001,0.7333333329999999,0.7394444440000001
0.5644444439999999,0.571666667,0.5772222220000001,0.570555556,0.568888889,0.570555556,0.5655555560000001,0.558888889,0.55,0.55,0.562222222,0.566111111,0.583888889,0.589444444,0.598888889,0.594444444,0.590555556,0.5872222220000001,0.58,0.577777778,0.577777778,0.5822222220000001,0.588888889,0.595,0.598888889,0.6022222220000001,0.601111111,0.607777778,0.6088888889999999,0.611666667
0.72275,0.68625,0.61075,0.64525,0.67525,0.708,0.763,0.7595,0.78,0.779,0.736,0.71725,0.69925,0.6985,0.722,0.74725,0.77,0.77775,0.8079999999999999,0.80325,0.78625,0.77025,0.72875,0.72125,0.71175,0.71175,0.69425,0.7085,0.7465,0.73175
0.029166667,0.0275,0.0,0.0,0.0,0.004583333,0.020416667,0.0205,0.0205,0.015916667,8.329999999999999e-05,0.0,0.002916667,0.003,0.003,0.00425,0.008416667,0.008666667,0.029083333,0.027833333,0.02075,0.020416667,0.0,0.0,0.0,0.0,0.0,0.017083333,0.01875,0.01875
0.5,0.25,0.0,0.0,0.0,0.25,0.5,0.75,1.0,0.75,0.5,0.25,0.25,0.5,0.75,1.0,1.0,1.0,1.0,0.75,0.5,0.25,0.0,0.25,0.25,0.25,0.25,0.25,0.5,0.5
0.6125,0.62,0.64,0.634166667,0.634166667,0.630833333,0.6183333329999999,0.6175,0.610833333,0.60625,0.6175,0.62875,0.642083333,0.65,0.647083333,0.648333333,0.6425,0.6395833329999999,0.6333333329999999,0.627916667,0.630833333,0.63375,0.6466666670000001,0.650416667,0.651666667,0.655416667,0.663333333,0.67125,0.665,0.67125
0.6645833329999999,0.691666667,0.7170833329999999,0.703333333,0.714166667,0.706666667,0.705833333,0.716666667,0.704583333,0.697916667,0.704583333,0.7125,0.732916667,0.73875,0.726666667,0.725,0.714583333,0.714166667,0.7041666670000001,0.698333333,0.701666667,0.70375,0.73,0.735,0.7383333329999999,0.74125,0.7483333329999999,0.7595833329999999,0.7383333329999999,0.747083333
0.571666667,0.5641666670000001,0.573333333,0.575416667,0.5675,0.5725,0.566666667,0.55875,0.558333333,0.55125,0.55625,0.56375,0.576666667,0.585833333,0.59125,0.597916667,0.590833333,0.589583333,0.58375,0.578333333,0.58,0.58,0.585,0.592916667,0.595833333,0.6,0.6020833329999999,0.6054166670000001,0.6075,0.609166667
0.6944,0.696,0.6792,0.6392,0.6578,0.6842,0.7406,0.7582,0.7656,0.7672,0.763,0.7216,0.7174,0.7020000000000001,0.7174,0.7306,0.7596,0.7648,0.805,0.7956,0.7908,0.765,0.7658,0.7262,0.7176,0.7054,0.705,0.71,0.7378,0.7214
0.023333332999999998,0.023333332999999998,0.022000000000000002,0.0,0.0,0.003666667,0.016333333000000002,0.0164,0.0164,0.0164,0.012733333000000001,6.670000000000001e-05,0.002333333,0.0024,0.0024,0.0034,0.009066666999999999,0.006999999999999999,0.023266667,0.023266667,0.022266667,0.0166,0.016333333000000002,0.0,0.0,0.0,0.0,0.013666667,0.015,0.015
0.4,0.4,0.2,0.0,0.0,0.2,0.4,0.6,0.8,0.8,0.6,0.4,0.4,0.4,0.6,0.8,1.0,1.0,1.0,0.8,0.6,0.4,0.2,0.2,0.2,0.2,0.2,0.4,0.4,0.4
0.6223333329999999,0.6213333329999999,0.6243333329999999,0.6333333329999999,0.6336666670000001,0.636,0.623,0.6153333329999999,0.615,0.613666667,0.6123333329999999,0.6236666670000001,0.6346666670000001,0.645,0.645,0.648333333,0.6456666670000001,0.643,0.6316666670000001,0.633,0.6316666670000001,0.636,0.637333333,0.6466666670000001,0.650666667,0.655666667,0.6609999999999999,0.666333333,0.662333333,0.671333333
0.681333333,0.685333333,0.693666667,0.705333333,0.708333333,0.7190000000000001,0.705,0.705,0.709333333,0.706,0.703333333,0.710333333,0.722333333,0.7333333329999999,0.726333333,0.726666667,0.7240000000000001,0.718333333,0.698666667,0.7040000000000001,0.705333333,0.709666667,0.711333333,0.728666667,0.7373333329999999,0.7413333329999999,0.747,0.7523333329999999,0.74,0.7483333329999999
0.575333333,0.57,0.5670000000000001,0.572666667,0.5720000000000001,0.570666667,0.569,0.561,0.558333333,0.557666667,0.556,0.558666667,0.572666667,0.579666667,0.588,0.5920000000000001,0.594333333,0.59,0.586333333,0.581666667,0.58,0.581333333,0.582666667,0.589,0.594,0.597333333,0.600333333,0.6053333329999999,0.605666667,0.608
0.6625,0.6768333329999999,0.6885,0.6915,0.650666667,0.668166667,0.715333333,0.7403333329999999,0.7635,0.7573333329999999,0.755833333,0.7465,0.721,0.716666667,0.717166667,0.725333333,0.7436666670000001,0.757,0.789666667,0.795166667,0.7865,0.772333333,0.762166667,0.7575,0.722333333,0.711333333,0.700833333,0.716333333,0.734166667,0.718333333
0.019444443999999998,0.019444443999999998,0.019444443999999998,0.018333333,0.0,0.0030555559999999996,0.013611111,0.013666667,0.013666667,0.013666667,0.013666667,0.010611111000000001,0.002,0.002,0.002,0.002833333,0.007555556,0.007777778000000001,0.019444443999999998,0.019388889,0.019388889,0.018555556,0.013833333,0.013611111,0.0,0.0,0.0,0.011388889,0.0125,0.0125
0.333333333,0.333333333,0.333333333,0.166666667,0.0,0.166666667,0.333333333,0.5,0.666666667,0.666666667,0.666666667,0.5,0.5,0.5,0.5,0.666666667,0.833333333,1.0,1.0,0.833333333,0.666666667,0.5,0.333333333,0.333333333,0.166666667,0.166666667,0.166666667,0.333333333,0.5,0.333333333
0.633055556,0.6280555560000001,0.624722222,0.621388889,0.633055556,0.635277778,0.628611111,0.619722222,0.613611111,0.6166666670000001,0.6175,0.6183333329999999,0.629444444,0.638333333,0.6416666670000001,0.646388889,0.646111111,0.645555556,0.635833333,0.6316666670000001,0.635277778,0.635833333,0.638611111,0.638888889,0.6475,0.654166667,0.660277778,0.663888889,0.6597222220000001,0.668055556
0.7019444440000001,0.6958333329999999,0.6880555559999999,0.687777778,0.7091666670000001,0.713333333,0.715555556,0.7044444440000001,0.700833333,0.709722222,0.7091666670000001,0.708333333,0.718888889,0.7244444440000001,0.723888889,0.7263888890000001,0.725555556,0.725555556,0.704722222,0.699444444,0.708888889,0.7113888890000001,0.715,0.713333333,0.731666667,0.74,0.7461111109999999,0.7505555559999999,0.737222222,0.748055556
0.578055556,0.573333333,0.571388889,0.5675,0.570277778,0.573888889,0.568055556,0.563888889,0.560277778,0.557777778,0.5605555560000001,0.558055556,0.566944444,0.575833333,0.5825,0.589166667,0.59,0.593055556,0.5872222220000001,0.5841666670000001,0.5825,0.581111111,0.583333333,0.586388889,0.590555556,0.595555556,0.598055556,0.6033333329999999,0.605555556,0.606388889
0.628571429,0.652,0.673142857,0.697714286,0.693857143,0.660571429,0.697142857,0.718714286,0.7474285709999999,0.7567142859999999,0.7490000000000001,0.7427142859999999,0.7424285709999999,0.7198571429999999,0.727571429,0.7240000000000001,0.7372857140000001,0.7437142859999999,0.779428571,0.783428571,0.787428571,0.771285714,0.768857143,0.7555714290000001,0.7497142859999999,0.7162857140000001,0.706571429,0.711142857,0.736142857,0.718
0.016666667,0.016666667,0.016666667,0.016666667,0.015714286,0.0026190479999999997,0.011666667,0.011714286,0.011714286,0.011714286,0.011714286,0.011714286,0.010761905,0.001761905,0.001714286,0.002428571,0.00647619,0.006666666999999999,0.018333333,0.016666667,0.016619048,0.016619048,0.015904762,0.011857143,0.011666667,0.0,0.0,0.009761905,0.010714286000000002,0.010714286000000002
0.28571428600000004,0.28571428600000004,0.28571428600000004,0.28571428600000004,0.14285714300000002,0.14285714300000002,0.28571428600000004,0.428571429,0.571428571,0.571428571,0.571428571,0.571428571,0.571428571,0.571428571,0.571428571,0.571428571,0.7142857140000001,0.857142857,1.0,0.857142857,0.7142857140000001,0.571428571,0.428571429,0.428571429,0.28571428600000004,0.14285714300000002,0.14285714300000002,0.28571428600000004,0.428571429,0.428571429
0.637380952,0.636428571,0.63,0.622142857,0.622857143,0.63452381,0.629047619,0.625,0.617619048,0.615238095,0.61952381,0.621904762,0.6240476189999999,0.6333333329999999,0.636428571,0.643333333,0.644761905,0.645952381,0.639047619,0.635238095,0.633809524,0.638333333,0.638095238,0.639761905,0.640714286,0.650952381,0.658333333,0.662857143,0.658571429,0.665
0.713095238,0.7114285709999999,0.696666667,0.6838095240000001,0.693571429,0.713333333,0.711190476,0.713571429,0.7009523809999999,0.7023809520000001,0.7119047620000001,0.712619048,0.7159523809999999,0.721190476,0.717619048,0.7242857140000001,0.72547619,0.726666667,0.7128571429999999,0.70452381,0.7042857140000001,0.713571429,0.715714286,0.716190476,0.718095238,0.734761905,0.7442857140000001,0.7492857140000001,0.7378571429999999,0.74452381
0.572380952,0.575952381,0.574047619,0.5711904760000001,0.566190476,0.572142857,0.5711904760000001,0.563809524,0.562857143,0.55952381,0.560238095,0.561666667,0.565238095,0.57047619,0.578809524,0.584285714,0.5878571429999999,0.58952381,0.590238095,0.585238095,0.58452381,0.583095238,0.582857143,0.586428571,0.588095238,0.5923809520000001,0.596428571,0.600952381,0.603809524,0.606190476
0.61825,0.623625,0.651875,0.683125,0.6990000000000001,0.697125,0.686875,0.702375,0.727625,0.7435,0.7495,0.738375,0.739625,0.73875,0.7290000000000001,0.73225,0.734625,0.738125,0.765,0.77525,0.778125,0.774,0.768375,0.76225,0.7490000000000001,0.741,0.7115,0.714875,0.729125,0.72175
0.014583333,0.014583333,0.014583333,0.014583333,0.014583333,0.016041667,0.010208333,0.01025,0.01025,0.01025,0.01025,0.01025,0.011708333000000001,0.009458333000000001,0.001541667,0.002125,0.005666666999999999,0.0058333330000000004,0.016041667,0.016041667,0.014583333,0.014541667,0.014541667,0.013916666999999999,0.010375,0.010208333,0.0,0.008541667,0.009375,0.009375
0.25,0.25,0.25,0.25,0.25,0.25,0.25,0.375,0.5,0.5,0.5,0.5,0.625,0.625,0.625,0.625,0.625,0.75,0.875,0.875,0.75,0.625,0.5,0.5,0.375,0.25,0.125,0.25,0.375,0.375
0.6372916670000001,0.639791667,0.637083333,0.627083333,0.6233333329999999,0.625416667,0.629166667,0.625833333,0.6225,0.618541667,0.617916667,0.623125,0.626458333,0.628125,0.6322916670000001,0.638541667,0.6422916670000001,0.644791667,0.640208333,0.638125,0.6366666670000001,0.6366666670000001,0.64,0.639166667,0.64125,0.6445833329999999,0.655,0.660833333,0.658333333,0.663333333
0.719583333,0.72,0.710208333,0.691875,0.689375,0.6991666670000001,0.7114583329999999,0.71,0.709375,0.702291667,0.705208333,0.714583333,0.71875,0.718333333,0.715625,0.71875,0.72375,0.726458333,0.7154166670000001,0.711666667,0.708125,0.708958333,0.7170833329999999,0.716666667,0.72,0.7225,0.739166667,0.747291667,0.7383333329999999,0.744166667
0.5685416670000001,0.57125,0.57625,0.573541667,0.569583333,0.568333333,0.57,0.567083333,0.562916667,0.561875,0.5614583329999999,0.56125,0.5675,0.5685416670000001,0.57375,0.580833333,0.58375,0.5877083329999999,0.5875,0.588125,0.5854166670000001,0.5847916670000001,0.584375,0.585625,0.587916667,0.59,0.593541667,0.599166667,0.601666667,0.604583333
0.617111111,0.615,0.6266666670000001,0.663111111,0.6858888890000001,0.701333333,0.7164444440000001,0.692666667,0.7121111109999999,0.726333333,0.7385555559999999,0.74,0.7361111109999999,0.736666667,0.744777778,0.733,0.740777778,0.735666667,0.7576666670000001,0.7628888890000001,0.771444444,0.767222222,0.771111111,0.7625555559999999,0.7556666670000001,0.7413333329999999,0.7340000000000001,0.718333333,0.7304444440000001,0.7171111109999999
0.012962963000000001,0.012962963000000001,0.012962963000000001,0.012962963000000001,0.012962963000000001,0.015,0.021296296,0.009111111,0.009111111,0.009111111,0.009111111,0.009111111,0.010407406999999999,0.010444444,0.008407406999999999,0.0019259260000000001,0.005037037,0.005185185,0.014259259,0.014259259,0.014259259,0.012962963000000001,0.012925926,0.012925926,0.01237037,0.009222221999999999,0.009074074,0.007592593000000001,0.008333333,0.008333333
0.222222222,0.222222222,0.222222222,0.222222222,0.222222222,0.333333333,0.333333333,0.333333333,0.444444444,0.444444444,0.444444444,0.444444444,0.5555555560000001,0.666666667,0.666666667,0.666666667,0.666666667,0.666666667,0.7777777779999999,0.7777777779999999,0.7777777779999999,0.666666667,0.5555555560000001,0.5555555560000001,0.444444444,0.333333333,0.222222222,0.222222222,0.333333333,0.333333333
0.638703704,0.639444444,0.64,0.633703704,0.6275925929999999,0.625555556,0.6216666670000001,0.626296296,0.623518519,0.622777778,0.620555556,0.621296296,0.627037037,0.629814815,0.627777778,0.63462963,0.638148148,0.6425925929999999,0.639814815,0.639259259,0.6390740739999999,0.638888889,0.638333333,0.640740741,0.640555556,0.64462963,0.648888889,0.657592593,0.657037037,0.662592593
0.722592593,0.725,0.717962963,0.7044444440000001,0.6959259259999999,0.694814815,0.6990740740000001,0.71037037,0.706666667,0.70962963,0.704814815,0.708333333,0.719814815,0.720555556,0.713703704,0.716851852,0.718888889,0.724814815,0.716481481,0.7140740740000001,0.7140740740000001,0.711851852,0.712592593,0.717777778,0.72,0.7237037040000001,0.727777778,0.7424074070000001,0.737777778,0.743888889
0.57,0.5679629629999999,0.5720370370000001,0.575555556,0.571851852,0.571111111,0.566851852,0.5664814810000001,0.565925926,0.5620370370000001,0.563333333,0.562222222,0.5664814810000001,0.570185185,0.571666667,0.576111111,0.5807407410000001,0.584074074,0.586111111,0.585925926,0.587962963,0.585555556,0.5857407410000001,0.586666667,0.587037037,0.58962963,0.591296296,0.596296296,0.6,0.602592593
0.6049,0.6143,0.6186,0.6393,0.6676,0.6893,0.7183,0.7187,0.7024,0.7125,0.7236,0.7311,0.7378,0.7338,0.7423,0.7468,0.7406,0.7411,0.7535,0.7565,0.7607,0.7623,0.7653,0.7656,0.7566,0.7481,0.735,0.7379,0.732,0.7195
0.011666667,0.011666667,0.011666667,0.011666667,0.011666667,0.0135,0.019833333,0.0192,0.0082,0.0082,0.0082,0.0082,0.009366667,0.0094,0.0094,0.008066667,0.004566667,0.004666667,0.012833333,0.012833333,0.012833333,0.012833333,0.011666667,0.011633333000000001,0.011633333000000001,0.011133333,0.0083,0.015,0.0075,0.0075
0.2,0.2,0.2,0.2,0.2,0.3,0.4,0.4,0.4,0.4,0.4,0.4,0.5,0.6,0.7,0.7,0.7,0.7,0.7,0.7,0.7,0.7,0.6,0.6,0.5,0.4,0.3,0.3,0.3,0.3
0.637833333,0.6405,0.6396666670000001,0.6366666670000001,0.6335,0.629166667,0.622166667,0.619833333,0.624166667,0.6236666670000001,0.624166667,0.6233333329999999,0.625,0.63,0.6293333329999999,0.6303333329999999,0.6346666670000001,0.638833333,0.638333333,0.639,0.64,0.640833333,0.640166667,0.639166667,0.641833333,0.6436666670000001,0.6485,0.651833333,0.6545,0.6609999999999999
0.7225,0.727166667,0.722666667,0.7120000000000001,0.706833333,0.7001666670000001,0.6951666670000001,0.699333333,0.707333333,0.7071666670000001,0.711166667,0.707666667,0.713666667,0.721333333,0.716166667,0.715,0.717166667,0.720333333,0.716,0.715166667,0.716,0.716833333,0.714833333,0.713666667,0.720666667,0.723333333,0.7283333329999999,0.731833333,0.7343333329999999,0.742833333
0.5658333329999999,0.569333333,0.569,0.5718333329999999,0.573833333,0.573,0.5695,0.564,0.5655,0.5648333329999999,0.563333333,0.5638333329999999,0.5668333329999999,0.569,0.572833333,0.574,0.5765,0.581333333,0.583,0.584833333,0.586,0.587833333,0.586333333,0.587666667,0.587833333,0.588666667,0.590833333,0.594,0.597333333,0.601
0.6111818179999999,0.603454545,0.617636364,0.6308181820000001,0.645545455,0.6723636359999999,0.705818182,0.7201818179999999,0.7251818179999999,0.7036363640000001,0.711272727,0.7181818179999999,0.7299090909999999,0.735545455,0.7391818179999999,0.744363636,0.752454545,0.7409090909999999,0.7568181820000001,0.7528181820000001,0.7550909090000001,0.7533636359999999,0.7609999999999999,0.7608181820000001,0.7599090909999999,0.7496363640000001,0.741727273,0.738454545,0.748545455,0.7219090909999999
0.011060606,0.010606061000000002,0.010606061000000002,0.010606061000000002,0.010606061000000002,0.012272726999999999,0.018030303,0.018060606,0.017454545,0.007454545,0.007454545,0.007454545,0.008515152,0.008545455,0.008545455,0.009000000000000001,0.009909091,0.0042727270000000005,0.011666667,0.011666667,0.011666667,0.011666667,0.011666667,0.010606061000000002,0.010575758000000001,0.010575758000000001,0.010121212,0.013757576,0.014242423999999998,0.006818182
0.272727273,0.181818182,0.181818182,0.181818182,0.181818182,0.272727273,0.363636364,0.454545455,0.454545455,0.363636364,0.363636364,0.363636364,0.454545455,0.545454545,0.636363636,0.727272727,0.727272727,0.727272727,0.727272727,0.636363636,0.636363636,0.636363636,0.636363636,0.636363636,0.545454545,0.454545455,0.363636364,0.363636364,0.363636364,0.272727273
0.631969697,0.639545455,0.6406060610000001,0.6366666670000001,0.636212121,0.634393939,0.625757576,0.620454545,0.6184848479999999,0.624242424,0.624848485,0.626363636,0.6265151520000001,0.627878788,0.629545455,0.6315151520000001,0.630757576,0.635606061,0.63530303,0.637727273,0.63969697,0.641515152,0.6418181820000001,0.640757576,0.64030303,0.644545455,0.647272727,0.651212121,0.649545455,0.658333333
0.716969697,0.726666667,0.724848485,0.716818182,0.713484848,0.70969697,0.7,0.695757576,0.6975757579999999,0.7077272729999999,0.7087878790000001,0.713181818,0.712575758,0.7156060609999999,0.717272727,0.717121212,0.715454545,0.7186363640000001,0.7127272729999999,0.714848485,0.716818182,0.718333333,0.7190909090000001,0.7156060609999999,0.716666667,0.7236363640000001,0.727575758,0.731969697,0.725454545,0.7392424240000001
0.562121212,0.565606061,0.570151515,0.569090909,0.570606061,0.57469697,0.5713636360000001,0.566666667,0.563333333,0.564545455,0.565757576,0.5637878789999999,0.567878788,0.569090909,0.571515152,0.574848485,0.574545455,0.577424242,0.580606061,0.582121212,0.585,0.586060606,0.588333333,0.5880303029999999,0.588636364,0.5892424239999999,0.589848485,0.593333333,0.595151515,0.598484848
0.626,0.6093333329999999,0.6074166670000001,0.628916667,0.63725,0.65175,0.688916667,0.708583333,0.726,0.7244166670000001,0.70325,0.707333333,0.718166667,0.7285,0.7403333329999999,0.7413333329999999,0.74975,0.75175,0.7553333329999999,0.755916667,0.751833333,0.748833333,0.752916667,0.75725,0.7559999999999999,0.75325,0.7436666670000001,0.7443333329999999,0.748166667,0.737916667
0.015972222,0.010138889,0.009722221999999999,0.009722221999999999,0.009722221999999999,0.01125,0.016527778,0.016555556000000003,0.016555556000000003,0.016,0.0068333330000000005,0.0068333330000000005,0.007805556,0.007833333,0.007833333,0.00825,0.010611111000000001,0.009194444,0.010722222,0.010694443999999999,0.010694443999999999,0.010694443999999999,0.010694443999999999,0.010694443999999999,0.009722221999999999,0.009694444,0.009694444,0.014972222,0.013166667,0.013055556000000001
0.333333333,0.25,0.166666667,0.166666667,0.166666667,0.25,0.333333333,0.41666666700000005,0.5,0.41666666700000005,0.333333333,0.333333333,0.41666666700000005,0.5,0.583333333,0.666666667,0.75,0.75,0.75,0.666666667,0.583333333,0.583333333,0.583333333,0.666666667,0.583333333,0.5,0.41666666700000005,0.41666666700000005,0.41666666700000005,0.333333333
0.628611111,0.634027778,0.6397222220000001,0.637777778,0.63625,0.636805556,0.630833333,0.623888889,0.619166667,0.619027778,0.625277778,0.626805556,0.629027778,0.629027778,0.627638889,0.6315277779999999,0.631805556,0.6319444439999999,0.632638889,0.635,0.638472222,0.6411111110000001,0.642361111,0.642222222,0.6416666670000001,0.642916667,0.6477777779999999,0.649861111,0.649166667,0.653472222
0.712638889,0.72125,0.724583333,0.7193055559999999,0.717777778,0.715555556,0.70875,0.7001388890000001,0.694444444,0.69875,0.7091666670000001,0.710833333,0.7172222220000001,0.7144444440000001,0.712361111,0.7180555559999999,0.717361111,0.716944444,0.711805556,0.711944444,0.7163888890000001,0.718888889,0.7202777779999999,0.7194444440000001,0.7181944440000001,0.719722222,0.7275,0.730972222,0.7261111109999999,0.730694444
0.561527778,0.562222222,0.566666667,0.570138889,0.568194444,0.571666667,0.573055556,0.5686111110000001,0.5658333329999999,0.562638889,0.565416667,0.5659722220000001,0.5675,0.569861111,0.571388889,0.573472222,0.575277778,0.575555556,0.5770833329999999,0.58,0.5825,0.585138889,0.586666667,0.589722222,0.588888889,0.589861111,0.5902777779999999,0.5922222220000001,0.594444444,0.596388889
0.630769231,0.623153846,0.6125384620000001,0.618615385,0.635,0.643615385,0.668615385,0.692769231,0.7148461540000001,0.725230769,0.722461538,0.700230769,0.708153846,0.7177692309999999,0.733461538,0.7422307690000001,0.7465384620000001,0.749307692,0.7642307690000001,0.754615385,0.7547692309999999,0.746307692,0.7487692309999999,0.750076923,0.753076923,0.7501538459999999,0.7474615379999999,0.745923077,0.7528461540000001,0.738384615
0.01474359,0.01474359,0.009358974,0.008974359,0.008974359,0.010384615,0.01525641,0.015282051000000001,0.015282051000000001,0.015282051000000001,0.014769231,0.006307691999999999,0.007205128000000001,0.007230769000000001,0.007230769000000001,0.007615385,0.009794872,0.009897435999999999,0.014769231,0.009897435999999999,0.009871795,0.009871795,0.009871795,0.009871795,0.009871795,0.008974359,0.008948718,0.014205128000000001,0.014333333,0.012153846000000001
0.307692308,0.307692308,0.23076923100000002,0.153846154,0.153846154,0.23076923100000002,0.307692308,0.384615385,0.46153846200000004,0.46153846200000004,0.384615385,0.307692308,0.384615385,0.46153846200000004,0.538461538,0.615384615,0.692307692,0.7692307690000001,0.7692307690000001,0.692307692,0.615384615,0.538461538,0.538461538,0.615384615,0.615384615,0.538461538,0.46153846200000004,0.46153846200000004,0.46153846200000004,0.384615385
0.6267948720000001,0.630769231,0.634615385,0.637179487,0.637307692,0.6367948720000001,0.6333333329999999,0.628717949,0.622435897,0.619615385,0.620384615,0.627051282,0.629230769,0.631153846,0.628717949,0.629615385,0.6317948720000001,0.632820513,0.629487179,0.632564103,0.635897436,0.639871795,0.6419230770000001,0.642692308,0.642948718,0.643974359,0.646025641,0.650128205,0.648076923,0.652820513
0.7128205129999999,0.716923077,0.71974359,0.719487179,0.72,0.719358974,0.714230769,0.708205128,0.6985897440000001,0.695769231,0.700769231,0.711025641,0.71474359,0.7185897440000001,0.711538462,0.713461538,0.7182051279999999,0.7185897440000001,0.7107692309999999,0.711153846,0.7135897440000001,0.718333333,0.7206410259999999,0.7205128209999999,0.721538462,0.7208974359999999,0.7235897440000001,0.7306410259999999,0.7256410259999999,0.7308974359999999
0.559230769,0.561666667,0.563461538,0.566923077,0.569230769,0.569358974,0.570384615,0.570384615,0.5676923079999999,0.565,0.563589744,0.565641026,0.569230769,0.569358974,0.571923077,0.573205128,0.5739743589999999,0.576153846,0.575384615,0.576794872,0.580512821,0.5828205129999999,0.585769231,0.5880769229999999,0.590384615,0.59,0.590769231,0.592435897,0.593333333,0.595641026
0.634571429,0.6277857139999999,0.625142857,0.622571429,0.625,0.641071429,0.659857143,0.673642857,0.699714286,0.714928571,0.723357143,0.7182857140000001,0.7015,0.7085,0.723142857,0.735714286,0.747,0.746357143,0.761071429,0.7629285709999999,0.753642857,0.7494285709999999,0.7464285709999999,0.7464285709999999,0.7467142859999999,0.747857143,0.745,0.7492857140000001,0.7537142859999999,0.7434285709999999
0.013690476000000002,0.013690476000000002,0.013690476000000002,0.008690475999999999,0.008333333,0.009642857,0.014166666999999999,0.014190476,0.014190476,0.014190476,0.014190476,0.013714286000000001,0.006690476,0.006714286,0.006714286,0.007071429000000001,0.009095238,0.009190476,0.01502381,0.013714286000000001,0.009190476,0.009166667,0.009166667,0.009166667,0.009166667,0.009166667,0.008333333,0.013190476000000001,0.013666667,0.013309524
0.28571428600000004,0.28571428600000004,0.28571428600000004,0.214285714,0.14285714300000002,0.214285714,0.28571428600000004,0.35714285700000004,0.428571429,0.428571429,0.428571429,0.35714285700000004,0.35714285700000004,0.428571429,0.5,0.571428571,0.642857143,0.7142857140000001,0.7857142859999999,0.7142857140000001,0.642857143,0.571428571,0.5,0.571428571,0.571428571,0.571428571,0.5,0.5,0.5,0.428571429
0.626071429,0.628928571,0.631547619,0.632619048,0.636785714,0.637738095,0.633571429,0.631190476,0.62702381,0.622619048,0.620833333,0.622380952,0.629285714,0.631190476,0.630714286,0.63047619,0.63,0.632738095,0.63047619,0.629642857,0.633571429,0.637380952,0.640714286,0.642261905,0.643333333,0.645,0.646785714,0.648333333,0.648452381,0.651547619
0.7128571429999999,0.716785714,0.715833333,0.715357143,0.7201190479999999,0.721309524,0.7178571429999999,0.713333333,0.706190476,0.69952381,0.697857143,0.703095238,0.7146428570000001,0.716190476,0.715595238,0.712619048,0.713928571,0.7192857140000001,0.712738095,0.710238095,0.712738095,0.715595238,0.72,0.720833333,0.7223809520000001,0.7238095240000001,0.724404762,0.726785714,0.725714286,0.7301190479999999
0.5580952379999999,0.55952381,0.562857143,0.563928571,0.566309524,0.570238095,0.568333333,0.568095238,0.569404762,0.566785714,0.5657142860000001,0.563928571,0.568690476,0.5708333329999999,0.571309524,0.573571429,0.573690476,0.574880952,0.575952381,0.575238095,0.5775,0.580952381,0.583571429,0.587142857,0.588809524,0.591309524,0.590833333,0.592738095,0.593452381,0.59452381
0.6345333329999999,0.6315333329999999,0.6293333329999999,0.6336666670000001,0.628266667,0.6313333329999999,0.6564,0.665133333,0.6814,0.7008,0.713866667,0.7194,0.7182666670000001,0.7022666670000001,0.7141333329999999,0.725933333,0.7406,0.7468,0.7575333329999999,0.760066667,0.761466667,0.748733333,0.7493333329999999,0.7444,0.743533333,0.742266667,0.7432,0.746866667,0.7563333329999999,0.744866667
0.012777778,0.012777778,0.012777778,0.012777778,0.008111110999999999,0.009000000000000001,0.013222221999999999,0.013244444,0.013244444,0.013244444,0.013244444,0.013244444,0.013577778,0.006266666999999999,0.006266666999999999,0.0066,0.008488889,0.008577778000000001,0.014022221999999999,0.014022221999999999,0.0128,0.008577778000000001,0.008555556,0.008555556,0.008555556,0.008555556,0.008555556,0.012333333,0.012755556000000001,0.012755556000000001
0.26666666699999997,0.26666666699999997,0.26666666699999997,0.26666666699999997,0.2,0.2,0.26666666699999997,0.333333333,0.4,0.4,0.4,0.4,0.4,0.4,0.46666666700000003,0.533333333,0.6,0.666666667,0.7333333329999999,0.7333333329999999,0.666666667,0.6,0.533333333,0.533333333,0.533333333,0.533333333,0.533333333,0.533333333,0.533333333,0.46666666700000003
0.624222222,0.628111111,0.629777778,0.629888889,0.632555556,0.637222222,0.6346666670000001,0.631555556,0.629444444,0.626888889,0.623555556,0.6226666670000001,0.624777778,0.6311111110000001,0.630777778,0.632222222,0.630777778,0.631,0.630555556,0.630555556,0.630777778,0.6351111110000001,0.638333333,0.6411111110000001,0.642888889,0.645222222,0.647555556,0.648888889,0.646888889,0.651666667
0.7134444440000001,0.716555556,0.715777778,0.7120000000000001,0.7162222220000001,0.721333333,0.719777778,0.716777778,0.7111111109999999,0.706555556,0.7012222220000001,0.7002222220000001,0.7070000000000001,0.716,0.713555556,0.716333333,0.7131111109999999,0.7152222220000001,0.713777778,0.7121111109999999,0.711777778,0.714666667,0.717333333,0.7202222220000001,0.722555556,0.7244444440000001,0.726888889,0.7273333329999999,0.7224444440000001,0.729888889
0.552666667,0.558444444,0.560777778,0.563333333,0.5635555560000001,0.5674444439999999,0.569222222,0.566333333,0.567333333,0.5684444439999999,0.567333333,0.565888889,0.566888889,0.5702222220000001,0.572555556,0.572888889,0.574,0.574555556,0.574777778,0.575777778,0.5760000000000001,0.578111111,0.581777778,0.585,0.587888889,0.589777778,0.5920000000000001,0.592666667,0.593666667,0.594555556
0.6356875,0.6316875,0.63275,0.6370625,0.6383125,0.634,0.6463125,0.6615625,0.6729375,0.6835625,0.7006875,0.71075,0.7193125,0.7179375,0.7079375,0.7173125,0.731125,0.7408125,0.75725,0.7568125,0.758875,0.756375,0.7486875,0.74725,0.7418125,0.7395625,0.73825,0.7450625,0.753625,0.747875
0.011979166999999999,0.011979166999999999,0.011979166999999999,0.011979166999999999,0.011979166999999999,0.00875,0.012395833,0.012416667,0.012416667,0.012416667,0.012416667,0.012416667,0.013145833,0.01275,0.005875,0.0061875,0.007958333,0.008041666999999999,0.013145833,0.013145833,0.013145833,0.012,0.008041666999999999,0.008020833,0.008020833,0.008020833,0.008020833,0.012291667,0.011979166999999999,0.011958333
0.25,0.25,0.25,0.25,0.25,0.25,0.25,0.3125,0.375,0.375,0.375,0.375,0.4375,0.4375,0.4375,0.5,0.5625,0.625,0.6875,0.6875,0.6875,0.625,0.5625,0.5625,0.5,0.5,0.5,0.5625,0.5625,0.5
0.621770833,0.62625,0.6289583329999999,0.6283333329999999,0.63,0.633229167,0.634375,0.632708333,0.629895833,0.629166667,0.6275,0.625104167,0.624895833,0.6267708329999999,0.630729167,0.6321875,0.632395833,0.6316666670000001,0.6290625,0.630625,0.6315625,0.632395833,0.6361458329999999,0.6388541670000001,0.6417708329999999,0.6446875,0.647604167,0.6494791670000001,0.6475,0.65
0.7120833329999999,0.716875,0.715625,0.7121875,0.713020833,0.7176041670000001,0.7198958329999999,0.718645833,0.714479167,0.711145833,0.707708333,0.703229167,0.7040625,0.70875,0.713541667,0.714375,0.7165625,0.714375,0.7103125,0.713125,0.7134375,0.713645833,0.716354167,0.7177083329999999,0.721875,0.724479167,0.727291667,0.729479167,0.7232291670000001,0.7265625
0.5503125,0.553333333,0.5596875,0.5613541670000001,0.5630208329999999,0.564791667,0.566666667,0.567291667,0.565729167,0.5665625,0.568854167,0.567395833,0.5685416670000001,0.5684375,0.571875,0.573958333,0.573333333,0.5747916670000001,0.574479167,0.5746875,0.5764583329999999,0.576666667,0.5790625,0.583229167,0.585833333,0.588854167,0.590520833,0.593645833,0.593541667,0.5946875
0.625,0.632941176,0.6328235289999999,0.639823529,0.641235294,0.6431176470000001,0.647941176,0.651764706,0.669117647,0.6754705879999999,0.6844705879999999,0.6985294120000001,0.7111764709999999,0.718941176,0.7223529409999999,0.711294118,0.7227058820000001,0.7318823529999999,0.7509999999999999,0.756588235,0.755882353,0.7542352940000001,0.755882353,0.7467647059999999,0.7446470590000001,0.738176471,0.735941176,0.740294118,0.751529412,0.745823529
0.01127451,0.01127451,0.01127451,0.01127451,0.01127451,0.012352941000000001,0.011960783999999999,0.011686275,0.011686275,0.011686275,0.011686275,0.011686275,0.012372548999999998,0.012392156999999999,0.012,0.005823529,0.007490196,0.007568627,0.012372548999999998,0.012372548999999998,0.012372548999999998,0.012372548999999998,0.011294118,0.007568627,0.00754902,0.00754902,0.00754902,0.011568627,0.011960783999999999,0.01127451
0.235294118,0.235294118,0.235294118,0.235294118,0.235294118,0.294117647,0.294117647,0.294117647,0.352941176,0.352941176,0.352941176,0.352941176,0.41176470600000004,0.470588235,0.470588235,0.470588235,0.529411765,0.588235294,0.647058824,0.647058824,0.647058824,0.647058824,0.588235294,0.588235294,0.529411765,0.470588235,0.470588235,0.529411765,0.588235294,0.529411765
0.620980392,0.6238235289999999,0.627156863,0.627647059,0.628529412,0.630784314,0.630784314,0.63254902,0.631078431,0.629607843,0.629607843,0.62872549,0.627058824,0.626764706,0.6266666670000001,0.632058824,0.6323529410000001,0.633137255,0.629803922,0.629215686,0.631568627,0.633039216,0.633529412,0.636764706,0.639607843,0.643529412,0.646960784,0.649411765,0.648137255,0.6503921570000001
0.712745098,0.715392157,0.7159803920000001,0.7122549020000001,0.713137255,0.7145098040000001,0.716470588,0.718823529,0.716372549,0.714313725,0.7119607840000001,0.709215686,0.706666667,0.705882353,0.706862745,0.714313725,0.7147058820000001,0.71754902,0.709803922,0.7099019609999999,0.714313725,0.715098039,0.715294118,0.716764706,0.719411765,0.72372549,0.7271568629999999,0.7297058820000001,0.725490196,0.7270588240000001
0.548431373,0.551078431,0.5548039220000001,0.560294118,0.561176471,0.564215686,0.564215686,0.565,0.566666667,0.565098039,0.567058824,0.568823529,0.5698039220000001,0.569901961,0.570098039,0.573235294,0.574313725,0.574117647,0.5747058820000001,0.574411765,0.575392157,0.577058824,0.577647059,0.580588235,0.584117647,0.586862745,0.589607843,0.5921568629999999,0.594411765,0.594509804
0.6208888889999999,0.623,0.6339444439999999,0.6395,0.643611111,0.645611111,0.6557777779999999,0.653,0.659444444,0.671722222,0.6767777779999999,0.683333333,0.699611111,0.7112777779999999,0.7230555559999999,0.724722222,0.716722222,0.723888889,0.742,0.750722222,0.755722222,0.7516666670000001,0.7538888890000001,0.7536666670000001,0.7443333329999999,0.741055556,0.734833333,0.738,0.7466666670000001,0.744277778
0.010648148,0.010648148,0.010648148,0.010648148,0.010648148,0.011666667,0.015185185,0.011314815,0.011037037,0.011037037,0.011037037,0.011037037,0.011685185,0.011703703999999999,0.011703703999999999,0.011611111,0.0070740740000000005,0.007148148000000001,0.011685185,0.011685185,0.011685185,0.011685185,0.011685185,0.010666667,0.007148148000000001,0.00712963,0.00712963,0.010925926,0.011296296,0.011296296
0.222222222,0.222222222,0.222222222,0.222222222,0.222222222,0.27777777800000003,0.333333333,0.333333333,0.333333333,0.333333333,0.333333333,0.333333333,0.38888888899999996,0.444444444,0.5,0.5,0.5,0.5555555560000001,0.611111111,0.611111111,0.611111111,0.611111111,0.611111111,0.611111111,0.5555555560000001,0.5,0.444444444,0.5,0.5555555560000001,0.5555555560000001
0.6188888889999999,0.622962963,0.624814815,0.6260185189999999,0.62787037,0.629351852,0.628611111,0.629259259,0.6310185189999999,0.630740741,0.63,0.630648148,0.63037037,0.628703704,0.6266666670000001,0.628148148,0.632222222,0.633055556,0.631296296,0.629907407,0.630185185,0.632962963,0.6340740739999999,0.634259259,0.6375925929999999,0.641388889,0.645740741,0.648703704,0.648148148,0.650833333
0.711296296,0.715833333,0.71462963,0.712777778,0.7131481479999999,0.714537037,0.713611111,0.715648148,0.716666667,0.7161111109999999,0.714907407,0.7131481479999999,0.71212963,0.7082407409999999,0.7042592590000001,0.707962963,0.71462963,0.715740741,0.7130555559999999,0.7094444440000001,0.7112037040000001,0.715833333,0.7165740740000001,0.715740741,0.718425926,0.7212962959999999,0.7262962959999999,0.7294444440000001,0.7259259259999999,0.7289814809999999
0.5449074070000001,0.5492592589999999,0.552592593,0.555648148,0.560185185,0.562407407,0.563703704,0.562777778,0.564537037,0.566018519,0.565648148,0.56712963,0.571018519,0.571018519,0.571388889,0.5714814810000001,0.5736111110000001,0.575,0.574074074,0.57462963,0.5750925929999999,0.576018519,0.5779629629999999,0.5791666670000001,0.5815740739999999,0.585185185,0.587685185,0.591203704,0.592962963,0.5952777779999999
0.614578947,0.619210526,0.624473684,0.6402105260000001,0.6431052629999999,0.647631579,0.657473684,0.660157895,0.660210526,0.662421053,0.673157895,0.676105263,0.685157895,0.700315789,0.715578947,0.725263158,0.729157895,0.718157895,0.7338947370000001,0.7422105259999999,0.7502105259999999,0.751736842,0.751473684,0.751894737,0.7509999999999999,0.7409473679999999,0.737736842,0.736842105,0.744157895,0.740052632
0.010087719,0.010087719,0.010087719,0.010087719,0.010087719,0.011052632,0.014385965,0.014403508999999998,0.010719298,0.01045614,0.01045614,0.01045614,0.011070175,0.011087719,0.011087719,0.011350876999999999,0.012491228,0.00677193,0.011070175,0.011070175,0.011070175,0.011070175,0.011070175,0.011070175,0.010105263,0.00677193,0.006754385999999999,0.010350877,0.010701753999999999,0.010701753999999999
0.21052631600000002,0.21052631600000002,0.21052631600000002,0.21052631600000002,0.21052631600000002,0.263157895,0.31578947399999996,0.36842105299999994,0.36842105299999994,0.31578947399999996,0.31578947399999996,0.31578947399999996,0.36842105299999994,0.42105263200000004,0.473684211,0.526315789,0.526315789,0.526315789,0.578947368,0.578947368,0.578947368,0.578947368,0.578947368,0.6315789470000001,0.578947368,0.526315789,0.473684211,0.473684211,0.526315789,0.526315789
0.6172807020000001,0.620877193,0.623947368,0.623859649,0.626315789,0.628684211,0.627368421,0.6272807020000001,0.627982456,0.630701754,0.6310526320000001,0.630964912,0.6321052629999999,0.631754386,0.628508772,0.628070175,0.628508772,0.632894737,0.631315789,0.631315789,0.630789474,0.6315789470000001,0.633947368,0.634736842,0.635175439,0.639385965,0.643596491,0.64745614,0.64754386,0.650701754
0.710789474,0.7142982459999999,0.715087719,0.711666667,0.7135964909999999,0.7144736840000001,0.7136842109999999,0.712982456,0.71377193,0.716403509,0.716578947,0.715877193,0.715701754,0.713333333,0.706578947,0.7054385959999999,0.708596491,0.715614035,0.711578947,0.71254386,0.710701754,0.712807018,0.717192982,0.716929825,0.717368421,0.720263158,0.7238596490000001,0.7285087720000001,0.725877193,0.7292105259999999
0.541403509,0.5458771929999999,0.550789474,0.553508772,0.555789474,0.561403509,0.562017544,0.5623684210000001,0.56245614,0.564035088,0.566491228,0.565789474,0.569298246,0.572105263,0.572368421,0.572631579,0.571929825,0.574298246,0.574912281,0.5740350879999999,0.5752631579999999,0.575701754,0.576929825,0.579385965,0.580175439,0.582719298,0.586052632,0.589298246,0.592017544,0.593859649
0.60785,0.6133,0.6208,0.6309,0.6436,0.64695,0.6588,0.66155,0.66665,0.6629999999999999,0.66425,0.6727,0.6782,0.68655,0.70495,0.71805,0.72945,0.7299,0.72795,0.7345,0.74215,0.7467,0.75155,0.7497,0.74945,0.74745,0.7378,0.7395,0.74275,0.738
0.009583333000000001,0.009583333000000001,0.009583333000000001,0.009583333000000001,0.009583333000000001,0.0105,0.013666667,0.013683333,0.013683333,0.010183333000000001,0.009933333,0.009933333,0.010516667,0.010533333,0.010533333,0.010783333,0.0122,0.011933333,0.010516667,0.010516667,0.010516667,0.010516667,0.010516667,0.010516667,0.010516667,0.0096,0.006433333,0.009833333,0.010166666999999999,0.010166666999999999
0.2,0.2,0.2,0.2,0.2,0.25,0.3,0.35,0.4,0.35,0.3,0.3,0.35,0.4,0.45,0.5,0.55,0.55,0.55,0.55,0.55,0.55,0.55,0.6,0.6,0.55,0.5,0.5,0.5,0.5
0.615583333,0.61925,0.621916667,0.623083333,0.62425,0.627166667,0.626833333,0.626166667,0.626166667,0.627833333,0.631,0.631916667,0.6323333329999999,0.6333333329999999,0.631416667,0.62975,0.628416667,0.6293333329999999,0.63125,0.6313333329999999,0.632083333,0.632083333,0.632583333,0.6345833329999999,0.6355833329999999,0.637,0.6415833329999999,0.645333333,0.646416667,0.65
0.709583333,0.713666667,0.713666667,0.71225,0.7125,0.714833333,0.713666667,0.7130833329999999,0.711333333,0.713666667,0.716833333,0.7174166670000001,0.718166667,0.716666667,0.7115,0.707583333,0.7061666670000001,0.709833333,0.711666667,0.711166667,0.713583333,0.71225,0.71425,0.7175,0.7184166670000001,0.719166667,0.72275,0.7260833329999999,0.725166667,0.7290000000000001
0.53875,0.5425,0.5475,0.55175,0.55375,0.5571666670000001,0.561083333,0.5608333329999999,0.562083333,0.562083333,0.564583333,0.566583333,0.567916667,0.570416667,0.573333333,0.5735,0.573,0.572666667,0.57425,0.574833333,0.574666667,0.575833333,0.576583333,0.578333333,0.580333333,0.581333333,0.583666667,0.587666667,0.590166667,0.592916667
0.6028571429999999,0.606952381,0.615095238,0.627095238,0.634571429,0.647238095,0.6576190479999999,0.6626190479999999,0.667666667,0.669,0.664714286,0.664238095,0.674857143,0.679857143,0.691619048,0.7078095240000001,0.7223809520000001,0.730142857,0.738666667,0.7288095240000001,0.7348095240000001,0.739190476,0.746761905,0.749857143,0.74747619,0.746142857,0.744142857,0.73947619,0.745,0.7369523809999999
0.009126984,0.009126984,0.009126984,0.009126984,0.009126984,0.01,0.013015873,0.013031746,0.013031746,0.013031746,0.009698413000000001,0.009460317,0.010015873,0.010031746,0.010031746,0.010269841,0.011619048,0.01168254,0.015253968,0.010015873,0.010015873,0.010015873,0.010015873,0.010015873,0.010015873,0.010015873,0.009142856999999999,0.009380952,0.00968254,0.00968254
0.19047619,0.19047619,0.19047619,0.19047619,0.19047619,0.23809523800000001,0.28571428600000004,0.333333333,0.380952381,0.380952381,0.333333333,0.28571428600000004,0.333333333,0.380952381,0.428571429,0.47619047600000003,0.523809524,0.571428571,0.571428571,0.523809524,0.523809524,0.523809524,0.523809524,0.571428571,0.571428571,0.571428571,0.523809524,0.523809524,0.523809524,0.47619047600000003
0.613253968,0.617539683,0.62031746,0.621190476,0.6234920629999999,0.62515873,0.62547619,0.625714286,0.62515873,0.626111111,0.628253968,0.6318253970000001,0.633174603,0.6334920629999999,0.632936508,0.632460317,0.63,0.6292063489999999,0.627936508,0.631269841,0.632063492,0.633253968,0.633015873,0.633253968,0.635396825,0.6373015870000001,0.639206349,0.643333333,0.644444444,0.648809524
0.708492063,0.7123809520000001,0.713095238,0.711031746,0.713015873,0.713730159,0.714047619,0.713095238,0.711507937,0.711349206,0.714206349,0.717619048,0.71952381,0.7189682540000001,0.714761905,0.7122222220000001,0.708174603,0.707460317,0.706349206,0.7112698409999999,0.7122222220000001,0.714920635,0.7136507940000001,0.71468254,0.718888889,0.720079365,0.721587302,0.724920635,0.7230158729999999,0.7281746029999999
0.534761905,0.539920635,0.544206349,0.548571429,0.552063492,0.55515873,0.557063492,0.56,0.560634921,0.5617460320000001,0.562698413,0.564761905,0.568571429,0.569047619,0.571666667,0.574365079,0.573809524,0.573650794,0.572698413,0.574206349,0.575396825,0.575238095,0.576666667,0.577936508,0.579285714,0.581428571,0.582301587,0.58531746,0.588571429,0.591111111
0.605863636,0.602227273,0.608954545,0.621363636,0.630772727,0.638454545,0.657409091,0.661318182,0.668409091,0.669863636,0.670363636,0.6646818179999999,0.6666818179999999,0.6765909090000001,0.685,0.694954545,0.7124090909999999,0.723363636,0.7385,0.7390000000000001,0.729363636,0.732318182,0.739590909,0.7453636359999999,0.747727273,0.744409091,0.743045455,0.745454545,0.744727273,0.739363636
0.008757576,0.008712121,0.008712121,0.008712121,0.008712121,0.009545455,0.012424242,0.012439394,0.012439394,0.012439394,0.012439394,0.009257576,0.009560606,0.009575758,0.009575758,0.00980303,0.011090909,0.011151515,0.014863636000000001,0.014560606,0.009560606,0.009560606,0.009560606,0.009560606,0.009560606,0.009560606,0.009560606,0.011833333,0.009257576,0.009242424
0.22727272699999998,0.181818182,0.181818182,0.181818182,0.181818182,0.22727272699999998,0.272727273,0.318181818,0.363636364,0.363636364,0.363636364,0.318181818,0.318181818,0.363636364,0.409090909,0.454545455,0.5,0.545454545,0.590909091,0.545454545,0.5,0.5,0.5,0.545454545,0.545454545,0.545454545,0.545454545,0.545454545,0.545454545,0.5
0.610530303,0.615227273,0.618636364,0.61969697,0.6216666670000001,0.624393939,0.623636364,0.624469697,0.6247727270000001,0.625151515,0.626590909,0.629166667,0.633030303,0.634242424,0.633106061,0.6338636360000001,0.632575758,0.630681818,0.627878788,0.628106061,0.631969697,0.633181818,0.634090909,0.633636364,0.634090909,0.637045455,0.639393939,0.640984848,0.642575758,0.6468181820000001
0.7056060609999999,0.711212121,0.7118939390000001,0.7106060609999999,0.711818182,0.714166667,0.7130303029999999,0.713484848,0.7115909090000001,0.711515152,0.711969697,0.715075758,0.7196212120000001,0.720227273,0.717045455,0.71530303,0.712575758,0.7093181820000001,0.704242424,0.706212121,0.712272727,0.7135606059999999,0.716136364,0.714090909,0.716136364,0.720454545,0.722348485,0.7237121209999999,0.722045455,0.725984848
0.53280303,0.536060606,0.541666667,0.545378788,0.5490151520000001,0.553484848,0.555151515,0.5562121210000001,0.559848485,0.560378788,0.562348485,0.562954545,0.566742424,0.569621212,0.57030303,0.5727272729999999,0.574621212,0.574393939,0.573636364,0.5727272729999999,0.574772727,0.575909091,0.576060606,0.577954545,0.578863636,0.580378788,0.582348485,0.583939394,0.586287879,0.589545455
0.605217391,0.605130435,0.604347826,0.6152173910000001,0.625130435,0.634652174,0.648565217,0.660956522,0.666913043,0.670478261,0.671130435,0.670086957,0.667,0.668695652,0.6816521740000001,0.688478261,0.699913043,0.713782609,0.731652174,0.7388260870000001,0.739086957,0.7272173909999999,0.733,0.738565217,0.7435217390000001,0.744782609,0.7415217390000001,0.7443478259999999,0.750217391,0.7393478259999999
0.008376811999999999,0.008376811999999999,0.008333333,0.008333333,0.008333333,0.009130435,0.011884058000000001,0.011898551,0.011898551,0.011898551,0.011898551,0.011898551,0.009362319000000001,0.00915942,0.00915942,0.009376812,0.010608696,0.010666667,0.014217391000000001,0.014217391000000001,0.013927536,0.009144928,0.009144928,0.009144928,0.009144928,0.009144928,0.009144928,0.012115942,0.011608696000000002,0.008855072
0.21739130399999998,0.21739130399999998,0.17391304300000002,0.17391304300000002,0.17391304300000002,0.21739130399999998,0.260869565,0.304347826,0.347826087,0.347826087,0.347826087,0.347826087,0.347826087,0.347826087,0.39130434799999997,0.434782609,0.47826087,0.52173913,0.565217391,0.565217391,0.52173913,0.47826087,0.47826087,0.52173913,0.52173913,0.52173913,0.52173913,0.565217391,0.565217391,0.52173913
0.609057971,0.6125362320000001,0.616376812,0.6181159420000001,0.6202173910000001,0.622608696,0.622971014,0.6227536229999999,0.6236231879999999,0.6247826089999999,0.625652174,0.6275362320000001,0.630434783,0.634057971,0.63384058,0.633985507,0.633913043,0.633115942,0.629347826,0.6280434779999999,0.628913043,0.6330434779999999,0.633985507,0.6346376810000001,0.63442029,0.635724638,0.6390579710000001,0.6410869570000001,0.640362319,0.644927536
0.7045652170000001,0.708333333,0.7107971009999999,0.7095652170000001,0.711376812,0.7129710140000001,0.7134782609999999,0.712536232,0.712028986,0.711594203,0.712101449,0.712898551,0.7171014490000001,0.720289855,0.718333333,0.717463768,0.7155072459999999,0.7134782609999999,0.70615942,0.7042028990000001,0.707391304,0.713550725,0.714782609,0.716449275,0.7155072459999999,0.717753623,0.722608696,0.7243478259999999,0.721014493,0.7249275359999999
0.5315942029999999,0.534130435,0.5378985510000001,0.5428985510000001,0.545942029,0.550507246,0.553550725,0.55442029,0.556231884,0.559637681,0.561014493,0.562608696,0.564927536,0.567826087,0.570797101,0.571376812,0.573043478,0.5751449279999999,0.574347826,0.573623188,0.573333333,0.575289855,0.576666667,0.577318841,0.57884058,0.579927536,0.581304348,0.583913043,0.584927536,0.587318841
0.609125,0.604541667,0.6070416670000001,0.610541667,0.619083333,0.629083333,0.6445,0.652333333,0.666333333,0.668958333,0.671666667,0.6708333329999999,0.672083333,0.6689166670000001,0.673875,0.685125,0.6935,0.70175,0.722125,0.73225,0.738916667,0.736625,0.7280833329999999,0.732291667,0.737083333,0.740875,0.742,0.742833333,0.7489583329999999,0.744833333
0.008027778000000001,0.008027778000000001,0.008027778000000001,0.007986111,0.007986111,0.00875,0.011388889,0.011402778,0.011402778,0.011402778,0.011402778,0.011402778,0.011888889,0.008986111,0.008777778,0.008986111,0.010166666999999999,0.010222222,0.013625,0.013625,0.013625,0.013347221999999999,0.008763889,0.008763889,0.008763889,0.008763889,0.008763889,0.011611111,0.011888889,0.011125
0.208333333,0.208333333,0.208333333,0.166666667,0.166666667,0.208333333,0.25,0.291666667,0.333333333,0.333333333,0.333333333,0.333333333,0.375,0.375,0.375,0.41666666700000005,0.45833333299999995,0.5,0.541666667,0.541666667,0.541666667,0.5,0.45833333299999995,0.5,0.5,0.5,0.5,0.541666667,0.583333333,0.541666667
0.6074305560000001,0.6110416670000001,0.61375,0.615972222,0.618680556,0.621180556,0.6213194439999999,0.622152778,0.622013889,0.623680556,0.625277778,0.626597222,0.628819444,0.6315277779999999,0.6336805560000001,0.634652778,0.634027778,0.634375,0.631736111,0.629444444,0.628819444,0.630069444,0.633819444,0.6345138889999999,0.635347222,0.635972222,0.637708333,0.640694444,0.640486111,0.642708333
0.703402778,0.7072222220000001,0.7080555559999999,0.708611111,0.710347222,0.7125,0.712361111,0.712986111,0.711180556,0.7120138890000001,0.712152778,0.712986111,0.714930556,0.7178472220000001,0.718472222,0.7186805559999999,0.7175694440000001,0.71625,0.7102777779999999,0.706041667,0.705416667,0.7088194440000001,0.714722222,0.7151388890000001,0.7177083329999999,0.7170833329999999,0.7199305559999999,0.724513889,0.7217361109999999,0.7238194440000001
0.528125,0.5329166670000001,0.535972222,0.539236111,0.5435416670000001,0.5475,0.550694444,0.5529166670000001,0.554513889,0.556180556,0.560277778,0.561319444,0.564513889,0.566041667,0.5690277779999999,0.571805556,0.571736111,0.5736111110000001,0.5750694439999999,0.574305556,0.5741666670000001,0.573888889,0.576041667,0.577847222,0.578194444,0.579861111,0.580833333,0.582847222,0.584861111,0.585972222
0.6164,0.60832,0.6064,0.61288,0.61444,0.62312,0.63876,0.64828,0.65784,0.66832,0.6701600000000001,0.6713600000000001,0.67272,0.67372,0.67388,0.67752,0.69008,0.69552,0.71024,0.7230800000000001,0.7326,0.73656,0.7370800000000001,0.7276,0.73112,0.7348,0.73836,0.74324,0.74732,0.74384
0.009040000000000001,0.0077066669999999995,0.0077066669999999995,0.0077066669999999995,0.007666666999999999,0.0084,0.010933333,0.010946667,0.010946667,0.010946667,0.010946667,0.010946667,0.011413333000000001,0.011426667,0.008626667,0.008626667,0.00976,0.009813333,0.013080000000000001,0.013080000000000001,0.013080000000000001,0.013080000000000001,0.012813333,0.008413333,0.008413333,0.008413333,0.008413333,0.011146666999999999,0.011413333000000001,0.011413333000000001
0.24,0.2,0.2,0.2,0.16,0.2,0.24,0.28,0.32,0.32,0.32,0.32,0.36,0.4,0.4,0.4,0.44,0.48,0.52,0.52,0.52,0.52,0.48,0.48,0.48,0.48,0.48,0.52,0.56,0.56
0.604066667,0.6094,0.612266667,0.6134666670000001,0.6166,0.6196666670000001,0.62,0.6206,0.6214666670000001,0.622133333,0.6242,0.6262,0.627866667,0.629933333,0.631266667,0.634466667,0.6346666670000001,0.634466667,0.633,0.631733333,0.630133333,0.629933333,0.630933333,0.6343333329999999,0.6352,0.6368,0.637866667,0.639333333,0.640133333,0.642733333
0.698866667,0.706,0.7070000000000001,0.706066667,0.7094,0.711466667,0.711933333,0.711933333,0.711666667,0.7112,0.712533333,0.713,0.714933333,0.715733333,0.7162,0.7188,0.718733333,0.7182,0.713066667,0.71,0.7071333329999999,0.706866667,0.7101333329999999,0.715066667,0.7164,0.7191333329999999,0.7192,0.721866667,0.722,0.7244
0.526066667,0.5295333329999999,0.5347333329999999,0.537333333,0.54,0.545133333,0.5478,0.5502,0.5530666670000001,0.554533333,0.5569333329999999,0.5606,0.5632,0.5656,0.5672666670000001,0.5700666670000001,0.572133333,0.572333333,0.5736,0.575,0.5748,0.574666667,0.574666667,0.5772,0.578666667,0.5792,0.580733333,0.582333333,0.5838,0.585866667
0.613615385,0.615346154,0.609961538,0.612038462,0.6165384620000001,0.6185,0.632653846,0.642615385,0.6537307689999999,0.660076923,0.6695,0.669923077,0.673153846,0.6742692309999999,0.6783076920000001,0.677384615,0.682576923,0.692153846,0.703923077,0.711615385,0.7237692309999999,0.730576923,0.737,0.736269231,0.7266538459999999,0.729153846,0.732615385,0.739692308,0.7475384620000001,0.7424615379999999
0.011641026,0.008692308000000001,0.007410256,0.007410256,0.007410256,0.008076923,0.010512821,0.010525641,0.010525641,0.010525641,0.010525641,0.010525641,0.010974359,0.010987179,0.010987179,0.008487179000000001,0.009384615,0.009435897,0.012576923,0.012576923,0.012576923,0.012576923,0.012576923,0.012320513,0.008089744,0.008089744,0.008089744,0.010717949,0.010974359,0.010974359
0.269230769,0.23076923100000002,0.192307692,0.192307692,0.192307692,0.192307692,0.23076923100000002,0.269230769,0.307692308,0.307692308,0.307692308,0.307692308,0.346153846,0.384615385,0.423076923,0.423076923,0.423076923,0.46153846200000004,0.5,0.5,0.5,0.5,0.5,0.5,0.46153846200000004,0.46153846200000004,0.46153846200000004,0.5,0.538461538,0.538461538
0.602564103,0.6060897439999999,0.610641026,0.612051282,0.614166667,0.617628205,0.618589744,0.619358974,0.62,0.621602564,0.622692308,0.625128205,0.627435897,0.628974359,0.62974359,0.632115385,0.634487179,0.6350641029999999,0.633141026,0.632948718,0.632307692,0.631153846,0.630769231,0.6315384620000001,0.635,0.636602564,0.638589744,0.639423077,0.638846154,0.642307692
0.6968589740000001,0.701538462,0.705833333,0.705128205,0.706923077,0.7105128209999999,0.710961538,0.711538462,0.710705128,0.711666667,0.7117307690000001,0.713333333,0.714871795,0.715705128,0.714230769,0.7166025640000001,0.7188461540000001,0.7192948720000001,0.715064103,0.7126923079999999,0.710897436,0.708461538,0.708205128,0.7106410259999999,0.716282051,0.7178205129999999,0.721089744,0.721089744,0.7195512820000001,0.7245512820000001
0.5256410260000001,0.5275,0.531410256,0.536089744,0.538141026,0.541666667,0.545512821,0.5474358970000001,0.550448718,0.553141026,0.555320513,0.557371795,0.5624358970000001,0.5642948720000001,0.566794872,0.568333333,0.570448718,0.5726923079999999,0.572371795,0.573589744,0.575448718,0.57525641,0.575384615,0.575833333,0.5780128210000001,0.579615385,0.580064103,0.582179487,0.583269231,0.584807692
0.606962963,0.612703704,0.6166666670000001,0.615259259,0.615592593,0.62037037,0.627851852,0.6365925929999999,0.6480740739999999,0.656037037,0.661518519,0.6692962960000001,0.671703704,0.67462963,0.678666667,0.681518519,0.6822592590000001,0.684851852,0.70037037,0.705481481,0.712703704,0.7221481479999999,0.731222222,0.736222222,0.735037037,0.7249259259999999,0.7272592590000001,0.7341111109999999,0.743962963,0.742851852
0.011209877,0.011209877,0.00837037,0.007135801999999999,0.007135801999999999,0.007814815,0.010123456999999999,0.010135802,0.010135802,0.010135802,0.010135802,0.010135802,0.010567901000000001,0.010580247,0.010580247,0.010765432,0.009222221999999999,0.00908642,0.012111111,0.012111111,0.012111111,0.012111111,0.012111111,0.012111111,0.011864198000000001,0.007790123,0.007790123,0.010320988,0.010567901000000001,0.010567901000000001
0.25925925899999996,0.25925925899999996,0.222222222,0.185185185,0.185185185,0.222222222,0.222222222,0.25925925899999996,0.296296296,0.296296296,0.296296296,0.296296296,0.333333333,0.37037037,0.40740740700000005,0.444444444,0.444444444,0.444444444,0.481481481,0.481481481,0.481481481,0.481481481,0.481481481,0.518518519,0.481481481,0.444444444,0.444444444,0.481481481,0.518518519,0.518518519
0.6021604939999999,0.604567901,0.6074074070000001,0.610493827,0.612777778,0.615246914,0.6166666670000001,0.618024691,0.61882716,0.620185185,0.622160494,0.623641975,0.626358025,0.628518519,0.62882716,0.630617284,0.632222222,0.634876543,0.633765432,0.63308642,0.63345679,0.633209877,0.63191358,0.631358025,0.632283951,0.636358025,0.638333333,0.6400617279999999,0.638950617,0.640987654
0.697777778,0.699506173,0.70154321,0.7040740740000001,0.7059876540000001,0.70808642,0.710061728,0.710617284,0.71037037,0.710740741,0.712160494,0.7125308640000001,0.715123457,0.715617284,0.7142592590000001,0.7146913579999999,0.716728395,0.7193827159999999,0.716234568,0.71462963,0.71345679,0.712037037,0.7096913579999999,0.7087654320000001,0.7119753090000001,0.7176543209999999,0.719753086,0.7228395059999999,0.718888889,0.722098765
0.5233950620000001,0.527037037,0.529382716,0.532839506,0.53691358,0.539814815,0.542160494,0.545246914,0.5477777779999999,0.550617284,0.553950617,0.555802469,0.559259259,0.5635185189999999,0.5654938270000001,0.567839506,0.5687654320000001,0.571049383,0.572716049,0.572407407,0.574074074,0.575864198,0.575925926,0.576481481,0.576666667,0.5789506170000001,0.580432099,0.581481481,0.58308642,0.584259259
0.607,0.606321429,0.614071429,0.621535714,0.618571429,0.619321429,0.629321429,0.6318214289999999,0.642071429,0.6505,0.657571429,0.661607143,0.671035714,0.6731785709999999,0.678857143,0.68175,0.6860714290000001,0.684464286,0.6930357140000001,0.7020000000000001,0.70675,0.711535714,0.7230714290000001,0.7306785709999999,0.735035714,0.7330714290000001,0.72325,0.7288928570000001,0.7384285709999999,0.7395714290000001
0.010809524,0.010809524,0.010809524,0.008071429,0.006880951999999999,0.007535714000000001,0.009797619,0.00977381,0.00977381,0.00977381,0.00977381,0.00977381,0.010190476,0.010202381,0.010202381,0.010380951999999999,0.011392857,0.008940476,0.011678571,0.011678571,0.011678571,0.011678571,0.011678571,0.011678571,0.011678571,0.011440476000000002,0.007511905,0.009952381,0.010190476,0.010190476
0.25,0.25,0.25,0.214285714,0.17857142899999998,0.214285714,0.25,0.25,0.28571428600000004,0.28571428600000004,0.28571428600000004,0.28571428600000004,0.321428571,0.35714285700000004,0.39285714299999996,0.428571429,0.46428571399999996,0.46428571399999996,0.46428571399999996,0.46428571399999996,0.46428571399999996,0.46428571399999996,0.46428571399999996,0.5,0.5,0.46428571399999996,0.428571429,0.46428571399999996,0.5,0.5
0.599583333,0.604107143,0.6058928570000001,0.6073809520000001,0.61125,0.613869048,0.614404762,0.616190476,0.617559524,0.6190476189999999,0.62077381,0.623095238,0.624880952,0.627440476,0.628392857,0.629702381,0.63077381,0.632678571,0.6336309520000001,0.6336904760000001,0.633571429,0.634285714,0.633869048,0.632440476,0.632083333,0.6336904760000001,0.638035714,0.639761905,0.6395833329999999,0.641011905
0.6959523809999999,0.7002976190000001,0.699583333,0.7,0.704940476,0.707142857,0.707738095,0.709761905,0.70952381,0.7104166670000001,0.71125,0.712916667,0.7142857140000001,0.715833333,0.71422619,0.7147023809999999,0.714880952,0.7173214290000001,0.7164285709999999,0.71577381,0.7152976190000001,0.7144642859999999,0.713095238,0.7101785709999999,0.7101190479999999,0.713452381,0.71952381,0.721488095,0.720654762,0.721369048
0.519464286,0.524821429,0.528869048,0.530833333,0.53375,0.538571429,0.5403571429999999,0.54202381,0.5456547620000001,0.548035714,0.551488095,0.554464286,0.5576785710000001,0.560416667,0.564702381,0.566547619,0.56827381,0.569404762,0.5711309520000001,0.572738095,0.572916667,0.57452381,0.576488095,0.576964286,0.577261905,0.577619048,0.579761905,0.581785714,0.5823809520000001,0.584047619
0.615,0.60637931,0.607862069,0.618862069,0.6245172410000001,0.6220689660000001,0.628,0.633103448,0.6372758620000001,0.64462069,0.652172414,0.6577931029999999,0.663551724,0.6724827590000001,0.677310345,0.6818275859999999,0.686137931,0.6880689659999999,0.69237931,0.694862069,0.703344828,0.705827586,0.712793103,0.722827586,0.729724138,0.7331379309999999,0.7311724140000001,0.724965517,0.7332413790000001,0.73437931
0.010896552,0.010436782,0.010436782,0.010436782,0.007793103000000001,0.007275861999999999,0.00945977,0.009471264,0.009436782,0.009436782,0.009436782,0.009436782,0.00983908,0.009850575,0.009850575,0.010022989,0.011000000000000001,0.011045977,0.011448276,0.011275862,0.011275862,0.011275862,0.011275862,0.011275862,0.011275862,0.011275862,0.011045977,0.009609195,0.00983908,0.00983908
0.275862069,0.24137931,0.24137931,0.24137931,0.20689655199999998,0.20689655199999998,0.24137931,0.275862069,0.275862069,0.275862069,0.275862069,0.275862069,0.310344828,0.344827586,0.379310345,0.413793103,0.448275862,0.482758621,0.482758621,0.448275862,0.448275862,0.448275862,0.448275862,0.482758621,0.482758621,0.482758621,0.448275862,0.448275862,0.482758621,0.482758621
0.5958620689999999,0.601551724,0.605402299,0.60591954,0.608218391,0.612356322,0.6131034479999999,0.614022989,0.615804598,0.617816092,0.619655172,0.6217241379999999,0.624310345,0.625977011,0.627356322,0.629252874,0.6298850570000001,0.631264368,0.631551724,0.6335632179999999,0.634137931,0.634367816,0.634885057,0.634310345,0.633103448,0.633448276,0.635402299,0.639425287,0.639310345,0.6415517239999999
0.6917816090000001,0.6984482759999999,0.700344828,0.69816092,0.700977011,0.706091954,0.70683908,0.707528736,0.708735632,0.709597701,0.71091954,0.7120114940000001,0.714597701,0.715,0.714482759,0.7146551720000001,0.714885057,0.7155172409999999,0.71454023,0.7159770109999999,0.71637931,0.7162068970000001,0.7154022990000001,0.7134482759999999,0.711436782,0.711609195,0.7154022990000001,0.7212068970000001,0.7194252870000001,0.722988506
0.516781609,0.520977011,0.526666667,0.530287356,0.5317816089999999,0.53545977,0.5391379310000001,0.540287356,0.5425287360000001,0.5459770110000001,0.5489655170000001,0.552068966,0.556321839,0.558850575,0.561666667,0.565747126,0.567011494,0.568908046,0.56954023,0.571206897,0.573218391,0.573390805,0.575172414,0.577471264,0.577701149,0.57816092,0.578448276,0.581091954,0.5826436779999999,0.583333333
0.6106,0.614133333,0.607866667,0.6127,0.621833333,0.6277,0.630366667,0.6317,0.638333333,0.6399,0.6464333329999999,0.652566667,0.6598,0.6652,0.6765,0.680233333,0.6860666670000001,0.6880666670000001,0.6956,0.6941666670000001,0.6964,0.702566667,0.707233333,0.7129,0.722166667,0.728066667,0.7313,0.7325666670000001,0.7293,0.7295
0.010755556000000001,0.010533333,0.010088889,0.010088889,0.010088889,0.008144444,0.009144444,0.009155556,0.009155556,0.009122222,0.009122222,0.009122222,0.009511111,0.009522222,0.009522222,0.009688889000000001,0.010633333,0.010677778,0.0134,0.011066666999999999,0.0109,0.0109,0.0109,0.0109,0.0109,0.0109,0.0109,0.012955556000000002,0.009511111,0.009511111
0.3,0.26666666699999997,0.233333333,0.233333333,0.233333333,0.233333333,0.233333333,0.26666666699999997,0.3,0.26666666699999997,0.26666666699999997,0.26666666699999997,0.3,0.333333333,0.36666666700000006,0.4,0.433333333,0.46666666700000003,0.5,0.46666666700000003,0.433333333,0.433333333,0.433333333,0.46666666700000003,0.46666666700000003,0.46666666700000003,0.46666666700000003,0.46666666700000003,0.46666666700000003,0.46666666700000003
0.593055556,0.597888889,0.602888889,0.605444444,0.606777778,0.609388889,0.611666667,0.612777778,0.613722222,0.616111111,0.618444444,0.620611111,0.6229444439999999,0.625388889,0.6259444439999999,0.628222222,0.629444444,0.630388889,0.630222222,0.631555556,0.634,0.634888889,0.6349444439999999,0.635277778,0.634888889,0.634388889,0.6351111110000001,0.636833333,0.639,0.641222222
0.689444444,0.694333333,0.698555556,0.6989444440000001,0.6991666670000001,0.7022222220000001,0.705833333,0.706666667,0.706611111,0.708833333,0.7101111109999999,0.711666667,0.713666667,0.7152777779999999,0.713722222,0.714888889,0.714833333,0.7155,0.712888889,0.714166667,0.716555556,0.7172222220000001,0.7170555559999999,0.715666667,0.714555556,0.712833333,0.713555556,0.717166667,0.7192222220000001,0.721722222
0.5127222220000001,0.518333333,0.522888889,0.528111111,0.531222222,0.5335,0.536111111,0.539111111,0.5408333329999999,0.542944444,0.546944444,0.549611111,0.553944444,0.5575,0.560111111,0.562777778,0.566222222,0.567666667,0.569055556,0.569666667,0.571722222,0.573666667,0.574055556,0.5761666670000001,0.5781666670000001,0.578555556,0.578944444,0.579777778,0.581944444,0.583555556
