,2014-10-01,2014-10-02,2014-10-03,2014-10-04,2014-10-05,2014-10-06,2014-10-07,2014-10-08,2014-10-09,2014-10-10,2014-10-11,2014-10-12,2014-10-13,2014-10-14,2014-10-15,2014-10-16,2014-10-17,2014-10-18,2014-10-19,2014-10-20,2014-10-21,2014-10-22,2014-10-23,2014-10-24,2014-10-25,2014-10-26,2014-10-27,2014-10-28,2014-10-29,2014-10-30
0,0.725,0.6859999999999999,0.89,0.743,0.62,0.531,0.57,0.648,0.615,0.604,0.633,0.574,0.485,0.519,0.518,0.604,0.5379999999999999,0.5379999999999999,0.6890000000000001,0.61,0.978,0.9279999999999999,0.69,0.6779999999999999,0.78,0.8109999999999999,0.769,0.353,0.434,0.46399999999999997
1,0.0,0.0,0.03,0.0,0.0,0.0,0.0,0.0,0.0,0.0,0.0,0.0,0.0,0.0,0.0,0.0,0.008333333,0.0,0.0,0.0,0.071666667,0.061666667,0.0,0.0,0.0,0.0,0.0016666670000000001,0.0,0.0,0.0
2,0.0,0.0,1.0,0.0,0.0,0.0,0.0,0.0,0.0,0.0,0.0,0.0,0.0,0.0,0.0,0.0,1.0,0.0,0.0,0.0,1.0,1.0,0.0,0.0,0.0,0.0,1.0,0.0,0.0,0.0
3,0.565,0.57,0.551666667,0.518333333,0.531666667,0.535,0.526666667,0.518333333,0.528333333,0.56,0.566666667,0.573333333,0.6033333329999999,0.54,0.48,0.48,0.47,0.47666666700000004,0.5083333329999999,0.533333333,0.49,0.48,0.47666666700000004,0.48,0.5016666670000001,0.525,0.5166666670000001,0.428333333,0.42,0.451666667
4,0.645,0.656666667,0.585,0.596666667,0.6333333329999999,0.6366666670000001,0.6266666670000001,0.625,0.643333333,0.673333333,0.688333333,0.676666667,0.7333333329999999,0.611666667,0.583333333,0.583333333,0.55,0.6033333329999999,0.625,0.6283333329999999,0.535,0.5116666670000001,0.561666667,0.593333333,0.6,0.62,0.581666667,0.531666667,0.573333333,0.596666667
5,0.5066666670000001,0.498333333,0.535,0.47333333299999997,0.443333333,0.45833333299999995,0.425,0.443333333,0.41666666700000005,0.456666667,0.45833333299999995,0.47666666700000004,0.48166666700000005,0.433333333,0.391666667,0.39833333299999996,0.405,0.36,0.40666666700000004,0.436666667,0.465,0.44833333299999995,0.423333333,0.391666667,0.415,0.465,0.443333333,0.35166666700000004,0.295,0.33166666699999997
6,0.8575,0.7055,0.7879999999999999,0.8165,0.6815,0.5755,0.5505,0.609,0.6315,0.6095,0.6185,0.6035,0.5295,0.502,0.5185,0.561,0.5710000000000001,0.5379999999999999,0.6135,0.6495,0.794,0.953,0.809,0.684,0.7290000000000001,0.7955,0.79,0.561,0.3935,0.449
7,0.026666667,0.0,0.015,0.015,0.0,0.0,0.0,0.0,0.0,0.0,0.0,0.0,0.0,0.0,0.0,0.0,0.004166667,0.004166667,0.0,0.0,0.035833332999999995,0.066666667,0.030833332999999997,0.0,0.0,0.0,0.000833333,0.000833333,0.0,0.0
8,0.5,0.0,0.5,0.5,0.0,0.0,0.0,0.0,0.0,0.0,0.0,0.0,0.0,0.0,0.0,0.0,0.5,0.5,0.0,0.0,0.5,1.0,0.5,0.0,0.0,0.0,0.5,0.5,0.0,0.0
9,0.5691666670000001,0.5675,0.5608333329999999,0.535,0.525,0.533333333,0.530833333,0.5225,0.523333333,0.544166667,0.563333333,0.57,0.588333333,0.571666667,0.51,0.48,0.475,0.47333333299999997,0.4925,0.520833333,0.5116666670000001,0.485,0.47833333299999997,0.47833333299999997,0.490833333,0.513333333,0.520833333,0.4725,0.42416666700000005,0.435833333
10,0.62,0.650833333,0.620833333,0.590833333,0.615,0.635,0.6316666670000001,0.625833333,0.634166667,0.658333333,0.6808333329999999,0.6825,0.705,0.6725,0.5975,0.583333333,0.566666667,0.576666667,0.614166667,0.6266666670000001,0.581666667,0.523333333,0.536666667,0.5775,0.596666667,0.61,0.600833333,0.556666667,0.5525,0.585
11,0.525833333,0.5025,0.5166666670000001,0.504166667,0.45833333299999995,0.45083333299999995,0.441666667,0.434166667,0.43,0.436666667,0.4575,0.4675,0.47916666700000005,0.4575,0.4125,0.395,0.40166666700000003,0.3825,0.38333333299999994,0.42166666700000005,0.45083333299999995,0.456666667,0.435833333,0.4075,0.40333333299999996,0.44,0.454166667,0.3975,0.323333333,0.313333333
12,0.856666667,0.800333333,0.767,0.773,0.7509999999999999,0.6313333329999999,0.573666667,0.583,0.611,0.6223333329999999,0.6173333329999999,0.603666667,0.564,0.526,0.5073333329999999,0.547,0.553333333,0.56,0.588333333,0.6123333329999999,0.759,0.838666667,0.8653333329999999,0.765333333,0.716,0.7563333329999999,0.786666667,0.644333333,0.5186666670000001,0.41700000000000004
13,0.018333333,0.017777778,0.01,0.01,0.01,0.0,0.0,0.0,0.0,0.0,0.0,0.0,0.0,0.0,0.0,0.0,0.002777778,0.002777778,0.002777778,0.0,0.023888889,0.04444444400000001,0.04444444400000001,0.020555556000000003,0.0,0.0,0.000555556,0.000555556,0.000555556,0.0
14,0.666666667,0.333333333,0.333333333,0.333333333,0.333333333,0.0,0.0,0.0,0.0,0.0,0.0,0.0,0.0,0.0,0.0,0.0,0.333333333,0.333333333,0.333333333,0.0,0.333333333,0.666666667,0.666666667,0.333333333,0.0,0.0,0.333333333,0.333333333,0.333333333,0.0
15,0.583333333,0.5694444439999999,0.562222222,0.546666667,0.533888889,0.528333333,0.531111111,0.526666667,0.524444444,0.535555556,0.551666667,0.566666667,0.581111111,0.5722222220000001,0.541111111,0.5,0.47666666700000004,0.475555556,0.485,0.5061111110000001,0.510555556,0.501111111,0.48222222200000003,0.478888889,0.48611111100000004,0.502222222,0.514444444,0.49,0.455,0.433333333
16,0.633888889,0.632222222,0.628888889,0.612777778,0.605,0.622222222,0.632222222,0.629444444,0.6316666670000001,0.647222222,0.668333333,0.679444444,0.699444444,0.6738888890000001,0.642777778,0.592777778,0.5722222220000001,0.578888889,0.592777778,0.6188888889999999,0.596111111,0.558333333,0.536111111,0.5555555560000001,0.585,0.604444444,0.600555556,0.577777778,0.562222222,0.567222222
17,0.540555556,0.5166666670000001,0.513333333,0.502222222,0.483888889,0.45833333299999995,0.44222222200000005,0.44222222200000005,0.428333333,0.438888889,0.443888889,0.46388888899999997,0.472222222,0.46388888899999997,0.435555556,0.407777778,0.39833333299999996,0.38777777799999996,0.390555556,0.401111111,0.436111111,0.45,0.445555556,0.42111111100000004,0.41,0.423888889,0.441111111,0.42,0.363333333,0.326111111
18,0.84,0.8140000000000001,0.82275,0.7609999999999999,0.73475,0.696,0.616,0.59225,0.591,0.60925,0.625,0.6065,0.574,0.55275,0.524,0.5315,0.54475,0.5495,0.59225,0.59375,0.70375,0.80125,0.8015,0.8185,0.769,0.73975,0.7595,0.67825,0.59175,0.505
19,0.01375,0.01375,0.020833333,0.0075,0.0075,0.0075,0.0,0.0,0.0,0.0,0.0,0.0,0.0,0.0,0.0,0.0,0.0020833329999999997,0.0020833329999999997,0.0020833329999999997,0.0020833329999999997,0.017916667,0.033333333,0.033333333,0.033333333,0.015416667,0.0,0.00041666699999999996,0.00041666699999999996,0.00041666699999999996,0.00041666699999999996
20,0.5,0.5,0.5,0.25,0.25,0.25,0.0,0.0,0.0,0.0,0.0,0.0,0.0,0.0,0.0,0.0,0.25,0.25,0.25,0.25,0.25,0.5,0.5,0.5,0.25,0.0,0.25,0.25,0.25,0.25
21,0.589166667,0.58,0.565,0.55125,0.5429166670000001,0.534166667,0.5279166670000001,0.5279166670000001,0.527083333,0.533333333,0.543333333,0.557083333,0.575833333,0.5708333329999999,0.549166667,0.525833333,0.4925,0.47666666700000004,0.48375,0.49708333299999996,0.502083333,0.502916667,0.495,0.48166666700000005,0.48458333299999995,0.495833333,0.505833333,0.49291666700000003,0.4725,0.454166667
22,0.6425,0.6395833329999999,0.620416667,0.620833333,0.617916667,0.612916667,0.6233333329999999,0.630416667,0.632916667,0.642083333,0.6575,0.670416667,0.692916667,0.6775,0.65125,0.627916667,0.5820833329999999,0.58,0.5904166670000001,0.601666667,0.597916667,0.575,0.5591666670000001,0.550416667,0.566666667,0.59375,0.59875,0.583333333,0.576666667,0.5708333329999999
23,0.544166667,0.53,0.52125,0.5033333329999999,0.4875,0.4775,0.45,0.4425,0.435833333,0.43541666700000003,0.44375,0.452083333,0.46833333299999996,0.4625,0.44583333299999994,0.42625,0.407083333,0.38875,0.3925,0.402083333,0.41708333299999995,0.439166667,0.443333333,0.43208333299999996,0.41958333299999995,0.42375,0.42875,0.41875,0.38875,0.355416667
24,0.8282,0.8092,0.8292,0.8068,0.7328,0.6940000000000001,0.6708,0.6224,0.5968,0.5936,0.614,0.6148,0.5822,0.563,0.5458,0.54,0.5328,0.5434,0.5774,0.5958,0.6706,0.7486,0.779,0.7768,0.8108,0.7774,0.7456,0.6782,0.6294,0.5662
25,0.011000000000000001,0.011000000000000001,0.017,0.016666667,0.006,0.006,0.006,0.0,0.0,0.0,0.0,0.0,0.0,0.0,0.0,0.0,0.0016666670000000001,0.0016666670000000001,0.0016666670000000001,0.0016666670000000001,0.016,0.026666667,0.026666667,0.026666667,0.026666667,0.012333333,0.00033333300000000006,0.00033333300000000006,0.00033333300000000006,0.00033333300000000006
26,0.6,0.4,0.6,0.4,0.2,0.2,0.2,0.0,0.0,0.0,0.0,0.0,0.0,0.0,0.0,0.0,0.2,0.2,0.2,0.2,0.4,0.4,0.4,0.4,0.4,0.2,0.2,0.2,0.2,0.2
27,0.591333333,0.585333333,0.574333333,0.555666667,0.547333333,0.541333333,0.532666667,0.526,0.528,0.533666667,0.54,0.549333333,0.566333333,0.568666667,0.552666667,0.535333333,0.5146666670000001,0.489333333,0.483,0.493666667,0.495666667,0.497666667,0.497666667,0.49200000000000005,0.48566666700000005,0.492666667,0.5,0.490333333,0.47833333299999997,0.46833333299999996
28,0.6446666670000001,0.645333333,0.6286666670000001,0.6156666670000001,0.6233333329999999,0.6216666670000001,0.6156666670000001,0.6236666670000001,0.633,0.6409999999999999,0.651333333,0.661333333,0.6829999999999999,0.676666667,0.658666667,0.6376666670000001,0.6123333329999999,0.586333333,0.589,0.598,0.588333333,0.580666667,0.572333333,0.5660000000000001,0.560333333,0.577333333,0.591333333,0.585333333,0.581333333,0.580666667
29,0.547333333,0.535,0.531,0.5116666670000001,0.491333333,0.48166666700000005,0.467,0.448666667,0.437333333,0.44,0.44,0.45033333299999995,0.45799999999999996,0.46133333299999996,0.44833333299999995,0.436333333,0.42200000000000004,0.39766666700000003,0.39233333299999995,0.40133333299999996,0.41466666700000004,0.423333333,0.436,0.433,0.42866666700000006,0.42866666700000006,0.42766666700000006,0.41333333299999997,0.39399999999999996,0.377333333
30,0.801666667,0.8045,0.822666667,0.8148333329999999,0.775666667,0.6991666670000001,0.673333333,0.667,0.621166667,0.598,0.600166667,0.6073333329999999,0.593166667,0.571666667,0.5555,0.5555,0.539666667,0.533666667,0.567666667,0.582833333,0.6595,0.7135,0.738833333,0.762166667,0.777333333,0.8108333329999999,0.7759999999999999,0.6801666670000001,0.6375,0.601833333
31,0.009166667,0.009166667,0.014166666999999999,0.014166666999999999,0.013888889,0.005,0.005,0.005,0.0,0.0,0.0,0.0,0.0,0.0,0.0,0.0,0.001388889,0.001388889,0.001388889,0.001388889,0.013333333000000001,0.023611111,0.022222222000000003,0.022222222000000003,0.022222222000000003,0.022222222000000003,0.010555556,0.000277778,0.000277778,0.000277778
32,0.5,0.5,0.5,0.5,0.333333333,0.166666667,0.166666667,0.166666667,0.0,0.0,0.0,0.0,0.0,0.0,0.0,0.0,0.166666667,0.166666667,0.166666667,0.166666667,0.333333333,0.5,0.333333333,0.333333333,0.333333333,0.333333333,0.333333333,0.166666667,0.166666667,0.166666667
33,0.596111111,0.587777778,0.579722222,0.565,0.551666667,0.545277778,0.538888889,0.530277778,0.526388889,0.533333333,0.539166667,0.545555556,0.558333333,0.561944444,0.553888889,0.540555556,0.524444444,0.5083333329999999,0.4925,0.491388889,0.493055556,0.493055556,0.494166667,0.49472222200000004,0.493611111,0.49222222200000004,0.496666667,0.488055556,0.47861111100000003,0.473888889
34,0.655833333,0.6466666670000001,0.635277778,0.6233333329999999,0.618611111,0.625555556,0.6225,0.617222222,0.6269444439999999,0.6397222220000001,0.648888889,0.655555556,0.673333333,0.671111111,0.661111111,0.646111111,0.6230555560000001,0.610833333,0.592777778,0.595555556,0.5875,0.575555556,0.5775,0.575833333,0.571666667,0.570277778,0.578055556,0.581388889,0.583333333,0.583888889
35,0.546944444,0.539166667,0.535,0.521388889,0.500277778,0.485833333,0.472222222,0.46305555600000003,0.443333333,0.440555556,0.443055556,0.446111111,0.45555555600000003,0.45388888899999996,0.449722222,0.44,0.431111111,0.41166666700000004,0.39916666700000003,0.399722222,0.41194444399999997,0.420277778,0.423333333,0.428611111,0.43,0.43472222200000005,0.431111111,0.415,0.393611111,0.383611111
36,0.798428571,0.7851428570000001,0.816714286,0.811285714,0.787,0.7407142859999999,0.680714286,0.669714286,0.659571429,0.618714286,0.603,0.596428571,0.5898571429999999,0.582571429,0.564,0.562428571,0.5529999999999999,0.539428571,0.555857143,0.573714286,0.639285714,0.697857143,0.710142857,0.730142857,0.7647142859999999,0.7821428570000001,0.804857143,0.715571429,0.645,0.612714286
37,0.010952381,0.007857143,0.012142857,0.012142857,0.012142857,0.011904762,0.004285714,0.004285714,0.004285714,0.0,0.0,0.0,0.0,0.0,0.0,0.0,0.001190476,0.001190476,0.001190476,0.001190476,0.011428571,0.020238095,0.020238095,0.019047619,0.019047619,0.019047619,0.019285714,0.009047619,0.000238095,0.000238095
38,0.571428571,0.428571429,0.571428571,0.428571429,0.428571429,0.28571428600000004,0.14285714300000002,0.14285714300000002,0.14285714300000002,0.0,0.0,0.0,0.0,0.0,0.0,0.0,0.14285714300000002,0.14285714300000002,0.14285714300000002,0.14285714300000002,0.28571428600000004,0.428571429,0.428571429,0.28571428600000004,0.28571428600000004,0.28571428600000004,0.428571429,0.28571428600000004,0.14285714300000002,0.14285714300000002
39,0.595,0.5923809520000001,0.582619048,0.570952381,0.560238095,0.549285714,0.5426190479999999,0.535952381,0.53,0.531190476,0.5380952379999999,0.544047619,0.5538095239999999,0.5557142860000001,0.550238095,0.543333333,0.53047619,0.5176190479999999,0.5083333329999999,0.498333333,0.49119047600000004,0.49119047600000004,0.490714286,0.49214285700000004,0.495714286,0.498095238,0.495714286,0.48690476200000005,0.47833333299999997,0.474761905
40,0.65452381,0.655952381,0.637857143,0.629761905,0.624761905,0.621190476,0.625714286,0.622857143,0.620952381,0.633571429,0.6466666670000001,0.652857143,0.666666667,0.66452381,0.658571429,0.65,0.632380952,0.620238095,0.6128571429999999,0.5978571429999999,0.5869047620000001,0.576666667,0.573571429,0.579761905,0.579285714,0.578571429,0.5719047620000001,0.571428571,0.580238095,0.585238095
41,0.547380952,0.54,0.538571429,0.526190476,0.510238095,0.494285714,0.47714285700000003,0.46809523799999997,0.456428571,0.445238095,0.44309523799999995,0.44785714299999996,0.451190476,0.452380952,0.445,0.44238095200000005,0.435,0.42095238100000004,0.41095238100000003,0.40452381,0.409047619,0.41714285700000003,0.420714286,0.418809524,0.42666666700000005,0.435,0.435952381,0.419761905,0.39785714299999997,0.384761905
42,0.76375,0.784375,0.79825,0.8075,0.787375,0.755,0.719375,0.676625,0.662875,0.652625,0.6205,0.599375,0.5825,0.581,0.5745,0.569,0.559375,0.551125,0.558125,0.562625,0.62425,0.675375,0.696875,0.706125,0.736375,0.7705,0.7805,0.748375,0.680375,0.622375
43,0.009583333000000001,0.009583333000000001,0.010625,0.010625,0.010625,0.010625,0.010416667,0.00375,0.00375,0.00375,0.0,0.0,0.0,0.0,0.0,0.0,0.001041667,0.001041667,0.001041667,0.001041667,0.01,0.017708333,0.017708333,0.017708333,0.016666667,0.016666667,0.016875,0.016875,0.007916666999999999,0.000208333
44,0.5,0.5,0.5,0.5,0.375,0.375,0.25,0.125,0.125,0.125,0.0,0.0,0.0,0.0,0.0,0.0,0.125,0.125,0.125,0.125,0.25,0.375,0.375,0.375,0.25,0.25,0.375,0.375,0.25,0.125
45,0.5997916670000001,0.591875,0.587291667,0.574583333,0.566041667,0.557083333,0.546458333,0.5395833329999999,0.535,0.53375,0.535625,0.5425,0.551458333,0.552083333,0.54625,0.541458333,0.534166667,0.52375,0.516458333,0.511458333,0.49729166700000005,0.48979166700000004,0.489375,0.489375,0.493333333,0.499375,0.500416667,0.48729166700000004,0.478541667,0.475
46,0.664375,0.654791667,0.647083333,0.632708333,0.630208333,0.62625,0.621875,0.625625,0.625416667,0.6275,0.640416667,0.650416667,0.6629166670000001,0.659791667,0.654375,0.649166667,0.6375,0.62875,0.620833333,0.614791667,0.59,0.5775,0.5747916670000001,0.576041667,0.582291667,0.584375,0.578958333,0.566875,0.571666667,0.582291667
47,0.5479166670000001,0.54125,0.539375,0.530416667,0.515833333,0.50375,0.485625,0.472916667,0.46166666700000003,0.456458333,0.446875,0.447291667,0.452083333,0.448958333,0.44479166700000006,0.439166667,0.43770833299999995,0.425625,0.41916666700000005,0.41416666700000004,0.412083333,0.41395833299999996,0.417916667,0.41708333299999995,0.418333333,0.43145833299999997,0.436041667,0.425416667,0.40416666700000003,0.389583333
48,0.742777778,0.755111111,0.796111111,0.792111111,0.786666667,0.7588888890000001,0.7344444440000001,0.7114444440000001,0.6697777779999999,0.656333333,0.650444444,0.6153333329999999,0.586666667,0.5754444439999999,0.574,0.577777778,0.5655555560000001,0.557,0.5664444439999999,0.563888889,0.608777778,0.6579999999999999,0.677,0.694777778,0.714333333,0.7446666670000001,0.770333333,0.733,0.7134444440000001,0.656333333
49,0.008518519,0.008518519,0.011851852,0.009444444,0.009444444,0.009444444,0.009444444,0.009259259,0.003333333,0.003333333,0.003333333,0.0,0.0,0.0,0.0,0.0,0.0009259260000000001,0.0009259260000000001,0.0009259260000000001,0.0009259260000000001,0.008888889,0.015740741000000003,0.015740741000000003,0.015740741000000003,0.015740741000000003,0.014814815,0.015,0.015,0.015,0.0070370369999999995
50,0.444444444,0.444444444,0.5555555560000001,0.444444444,0.444444444,0.333333333,0.333333333,0.222222222,0.111111111,0.111111111,0.111111111,0.0,0.0,0.0,0.0,0.0,0.111111111,0.111111111,0.111111111,0.111111111,0.222222222,0.333333333,0.333333333,0.333333333,0.333333333,0.222222222,0.333333333,0.333333333,0.333333333,0.222222222
51,0.600555556,0.596481481,0.587407407,0.57962963,0.569814815,0.562592593,0.553703704,0.543333333,0.538333333,0.5377777779999999,0.537407407,0.539814815,0.5492592589999999,0.550185185,0.544074074,0.538888889,0.533518519,0.5277777779999999,0.522037037,0.518333333,0.5090740739999999,0.49537037,0.488333333,0.488333333,0.49074074100000004,0.49685185200000004,0.501296296,0.492407407,0.479814815,0.475555556
52,0.67,0.663518519,0.647037037,0.641481481,0.632777778,0.630925926,0.626296296,0.622222222,0.6275925929999999,0.630740741,0.634259259,0.644444444,0.65962963,0.657222222,0.651296296,0.646481481,0.638148148,0.633703704,0.6283333329999999,0.6216666670000001,0.6059259260000001,0.581296296,0.5757407410000001,0.576851852,0.5787037039999999,0.586481481,0.584074074,0.573703704,0.567592593,0.5744444439999999
53,0.542592593,0.542407407,0.540555556,0.532037037,0.520740741,0.509444444,0.495,0.480925926,0.46666666700000003,0.461111111,0.456666667,0.450185185,0.451111111,0.45,0.442592593,0.43962963,0.43537037,0.42907407399999997,0.423518519,0.42111111100000004,0.419814815,0.41611111100000003,0.415,0.415,0.416851852,0.423518519,0.43277777799999995,0.42666666700000005,0.410925926,0.396111111
54,0.7301,0.7371,0.7686,0.7908,0.7749,0.7611,0.74,0.7258,0.7018,0.6632,0.654,0.6428,0.6023,0.5799,0.5697,0.5770000000000001,0.5738,0.5628,0.5702,0.5708,0.6053,0.6407,0.6612,0.6771,0.7033,0.7240000000000001,0.7471,0.7286,0.7031,0.6885
55,0.007666666999999999,0.007666666999999999,0.010666667,0.010666667,0.0085,0.0085,0.0085,0.0085,0.008333333,0.003,0.003,0.003,0.0,0.0,0.0,0.0,0.000833333,0.000833333,0.000833333,0.000833333,0.008,0.014166666999999999,0.014166666999999999,0.014166666999999999,0.014166666999999999,0.014166666999999999,0.0135,0.0135,0.0135,0.0135
56,0.5,0.4,0.5,0.5,0.4,0.4,0.3,0.3,0.2,0.1,0.1,0.1,0.0,0.0,0.0,0.0,0.1,0.1,0.1,0.1,0.2,0.3,0.3,0.3,0.3,0.3,0.3,0.3,0.3,0.3
57,0.599166667,0.5975,0.5920000000000001,0.5805,0.574833333,0.566333333,0.5589999999999999,0.550166667,0.5418333329999999,0.5405,0.540666667,0.541,0.546166667,0.548333333,0.543166667,0.537666667,0.532,0.527833333,0.525833333,0.523166667,0.5155,0.506166667,0.4935,0.4875,0.48966666700000006,0.494166667,0.498833333,0.494,0.48516666700000005,0.47700000000000004
58,0.670666667,0.668666667,0.655666667,0.642,0.6406666670000001,0.633166667,0.6305,0.626166667,0.6243333329999999,0.632166667,0.6365,0.6385,0.653333333,0.654833333,0.649833333,0.6445,0.636833333,0.6346666670000001,0.632833333,0.6283333329999999,0.613,0.5965,0.579333333,0.5775,0.5791666670000001,0.582833333,0.586,0.578833333,0.573666667,0.5705
59,0.5425,0.538166667,0.541666667,0.533833333,0.523166667,0.5145,0.501,0.489833333,0.4745,0.46566666700000003,0.46083333299999996,0.45866666700000003,0.45333333299999995,0.44933333299999995,0.444166667,0.438166667,0.436166667,0.427833333,0.426833333,0.424833333,0.4255,0.42266666700000005,0.416833333,0.41266666700000004,0.415,0.42166666700000005,0.4255,0.42466666700000005,0.4135,0.40299999999999997
60,0.711454545,0.7260909090000001,0.7509999999999999,0.766272727,0.775272727,0.752727273,0.743727273,0.7316363640000001,0.7157272729999999,0.692909091,0.660454545,0.646727273,0.628454545,0.594727273,0.574272727,0.572818182,0.573454545,0.570545455,0.574272727,0.573818182,0.607818182,0.634636364,0.645181818,0.662727273,0.686454545,0.713090909,0.7280909090000001,0.711272727,0.701818182,0.6813636359999999
61,0.0069696969999999995,0.0069696969999999995,0.00969697,0.00969697,0.00969697,0.007727273000000001,0.007727273000000001,0.007727273000000001,0.007727273000000001,0.007575758,0.0027272729999999997,0.0027272729999999997,0.0027272729999999997,0.0,0.0,0.0,0.000757576,0.000757576,0.000757576,0.000757576,0.007272727,0.012878788,0.012878788,0.012878788,0.012878788,0.012878788,0.013030303,0.012272726999999999,0.012272726999999999,0.012272726999999999
62,0.454545455,0.454545455,0.454545455,0.454545455,0.454545455,0.363636364,0.363636364,0.272727273,0.272727273,0.181818182,0.090909091,0.090909091,0.090909091,0.0,0.0,0.0,0.090909091,0.090909091,0.090909091,0.090909091,0.181818182,0.272727273,0.272727273,0.272727273,0.272727273,0.272727273,0.363636364,0.272727273,0.272727273,0.272727273
63,0.600151515,0.596515152,0.593333333,0.58530303,0.576060606,0.571212121,0.5627272729999999,0.55530303,0.548181818,0.543484848,0.542878788,0.543636364,0.546666667,0.545606061,0.5421212120000001,0.537424242,0.531515152,0.5269696970000001,0.526060606,0.526515152,0.520151515,0.512272727,0.5034848479999999,0.492272727,0.488787879,0.49287878799999996,0.496212121,0.492424242,0.487272727,0.482121212
64,0.675,0.669393939,0.661060606,0.65030303,0.641212121,0.64030303,0.632575758,0.63,0.627727273,0.628787879,0.637272727,0.640151515,0.6471212120000001,0.649545455,0.648333333,0.643787879,0.635909091,0.633787879,0.633787879,0.632424242,0.619848485,0.603787879,0.593333333,0.580606061,0.579545455,0.5828787879999999,0.5827272729999999,0.581060606,0.578333333,0.575757576
65,0.539242424,0.538484848,0.537878788,0.535454545,0.5256060610000001,0.517272727,0.506363636,0.49575757600000003,0.483181818,0.472878788,0.465,0.46227272700000005,0.460757576,0.45151515200000003,0.444090909,0.44,0.435151515,0.429242424,0.425909091,0.42772727299999996,0.428484848,0.427575758,0.42272727299999996,0.414545455,0.412878788,0.419545455,0.423636364,0.418787879,0.412878788,0.406060606
66,0.698,0.709333333,0.73975,0.7503333329999999,0.754083333,0.754916667,0.7375,0.73575,0.721916667,0.706416667,0.687916667,0.65325,0.63325,0.6193333329999999,0.588333333,0.57675,0.569916667,0.5705,0.580416667,0.57725,0.6075,0.6345,0.63925,0.6479166670000001,0.6725,0.6968333329999999,0.71775,0.6968333329999999,0.6881666670000001,0.682
67,0.006388889,0.006388889,0.008888889,0.008888889,0.008888889,0.008888889,0.007083333000000001,0.007083333000000001,0.007083333000000001,0.007083333000000001,0.006944444,0.0025,0.0025,0.0025,0.0,0.0,0.0006944439999999999,0.0006944439999999999,0.0006944439999999999,0.0006944439999999999,0.006666666999999999,0.011805556000000002,0.011805556000000002,0.011805556000000002,0.011805556000000002,0.011805556000000002,0.011944443999999999,0.011944443999999999,0.01125,0.01125
68,0.41666666700000005,0.41666666700000005,0.5,0.41666666700000005,0.41666666700000005,0.41666666700000005,0.333333333,0.333333333,0.25,0.25,0.166666667,0.083333333,0.083333333,0.083333333,0.0,0.0,0.083333333,0.083333333,0.083333333,0.083333333,0.166666667,0.25,0.25,0.25,0.25,0.25,0.333333333,0.333333333,0.25,0.25
69,0.6006944439999999,0.597638889,0.592777778,0.5870833329999999,0.580833333,0.572638889,0.5675,0.5590277779999999,0.553055556,0.549166667,0.545416667,0.545416667,0.548611111,0.546111111,0.540138889,0.536944444,0.531805556,0.526944444,0.525416667,0.526666667,0.523472222,0.516805556,0.509305556,0.5015277779999999,0.493055556,0.49180555600000003,0.494861111,0.490555556,0.486388889,0.484305556
70,0.6790277779999999,0.673472222,0.6623611110000001,0.655694444,0.648888889,0.640833333,0.639166667,0.6319444439999999,0.6311111110000001,0.6315277779999999,0.63375,0.640555556,0.6479166670000001,0.644166667,0.644027778,0.642916667,0.635972222,0.633194444,0.633055556,0.6333333329999999,0.624305556,0.610833333,0.6002777779999999,0.593333333,0.5822222220000001,0.582916667,0.582777778,0.578472222,0.580416667,0.579861111
71,0.535833333,0.535833333,0.5381944439999999,0.5325,0.5277777779999999,0.52,0.5095833329999999,0.501111111,0.48916666700000005,0.480972222,0.47166666700000004,0.46597222200000005,0.46388888899999997,0.45847222200000004,0.446527778,0.44027777799999995,0.43708333299999996,0.428888889,0.427361111,0.42680555600000003,0.430833333,0.43013888899999997,0.42722222200000004,0.42013888899999996,0.41458333299999994,0.41722222200000003,0.42152777799999996,0.41763888899999996,0.40847222200000005,0.406111111
72,0.687769231,0.697076923,0.723230769,0.74,0.740307692,0.736923077,0.740692308,0.730615385,0.726461538,0.7128461540000001,0.700769231,0.679153846,0.640307692,0.6244615379999999,0.6115384620000001,0.589538462,0.573769231,0.567461538,0.579615385,0.5826923079999999,0.6080769229999999,0.632153846,0.638769231,0.642230769,0.658076923,0.683153846,0.702384615,0.6896923079999999,0.676615385,0.670923077
73,0.005897436,0.005897436,0.008205128,0.008205128,0.008205128,0.008205128,0.008205128,0.006538461999999999,0.006538461999999999,0.006538461999999999,0.006538461999999999,0.006410256,0.002307692,0.002307692,0.002307692,0.0,0.0006410259999999999,0.0006410259999999999,0.0006410259999999999,0.0006410259999999999,0.006153846,0.010897436000000002,0.010897436000000002,0.010897436000000002,0.010897436000000002,0.010897436000000002,0.011025641000000001,0.011025641000000001,0.011025641000000001,0.010384615
74,0.384615385,0.384615385,0.46153846200000004,0.46153846200000004,0.384615385,0.384615385,0.384615385,0.307692308,0.307692308,0.23076923100000002,0.23076923100000002,0.153846154,0.076923077,0.076923077,0.076923077,0.0,0.076923077,0.076923077,0.076923077,0.076923077,0.153846154,0.23076923100000002,0.23076923100000002,0.23076923100000002,0.23076923100000002,0.23076923100000002,0.307692308,0.307692308,0.307692308,0.23076923100000002
75,0.600128205,0.598333333,0.5941025639999999,0.587051282,0.5828205129999999,0.577307692,0.569102564,0.5637179489999999,0.556666667,0.5535897439999999,0.550512821,0.547564103,0.549871795,0.547948718,0.5410256410000001,0.535512821,0.5317948720000001,0.527564103,0.525512821,0.526025641,0.523846154,0.520128205,0.513717949,0.507051282,0.5015384620000001,0.495512821,0.493717949,0.48974359,0.485128205,0.483717949
76,0.680641026,0.6773076920000001,0.666666667,0.657307692,0.653974359,0.647948718,0.63974359,0.638076923,0.632820513,0.634358974,0.635897436,0.637051282,0.647692308,0.645128205,0.639487179,0.639358974,0.635769231,0.6334615379999999,0.632564103,0.632692308,0.625769231,0.615641026,0.607051282,0.59974359,0.593846154,0.585128205,0.5828205129999999,0.578846154,0.578076923,0.581666667
77,0.534615385,0.532948718,0.5357692310000001,0.533205128,0.5256410260000001,0.522435897,0.512692308,0.504487179,0.494615385,0.48666666700000005,0.479230769,0.472051282,0.467179487,0.46153846200000004,0.45333333299999995,0.44282051299999997,0.437564103,0.431153846,0.427179487,0.42807692299999994,0.42974359,0.43217948700000003,0.429615385,0.424487179,0.41974359,0.41846153799999997,0.419230769,0.416153846,0.408205128,0.40256410299999995
78,0.6759999999999999,0.687642857,0.710857143,0.7246428570000001,0.7314285709999999,0.725357143,0.725,0.7340714290000001,0.722357143,0.717714286,0.707142857,0.691714286,0.665285714,0.631642857,0.6168571429999999,0.611,0.585857143,0.571214286,0.576142857,0.581785714,0.610928571,0.630928571,0.636285714,0.641571429,0.652071429,0.669,0.689285714,0.677428571,0.671428571,0.661428571
79,0.00547619,0.00547619,0.007619048000000001,0.007619048000000001,0.007619048000000001,0.007619048000000001,0.007619048000000001,0.007619048000000001,0.006071429000000001,0.006071429000000001,0.006071429000000001,0.006071429000000001,0.005952381,0.002142857,0.002142857,0.002142857,0.000595238,0.000595238,0.000595238,0.000595238,0.005714286,0.010119048,0.010119048,0.010119048,0.010119048,0.010119048,0.010238095,0.010238095,0.010238095,0.010238095
80,0.35714285700000004,0.35714285700000004,0.428571429,0.428571429,0.428571429,0.35714285700000004,0.35714285700000004,0.35714285700000004,0.28571428600000004,0.28571428600000004,0.214285714,0.214285714,0.14285714300000002,0.071428571,0.071428571,0.071428571,0.071428571,0.071428571,0.071428571,0.071428571,0.14285714300000002,0.214285714,0.214285714,0.214285714,0.214285714,0.214285714,0.28571428600000004,0.28571428600000004,0.28571428600000004,0.28571428600000004
81,0.599166667,0.59797619,0.595,0.588690476,0.583095238,0.579404762,0.573690476,0.56547619,0.561190476,0.556904762,0.55452381,0.552142857,0.5515476189999999,0.549166667,0.5430952379999999,0.536666667,0.530833333,0.527857143,0.526190476,0.526071429,0.523452381,0.520714286,0.51702381,0.511309524,0.5066666670000001,0.5032142860000001,0.49702381,0.489047619,0.484761905,0.482738095
82,0.6767857140000001,0.6789285709999999,0.670714286,0.661666667,0.655595238,0.652738095,0.6464285710000001,0.6386904760000001,0.638452381,0.635714286,0.638214286,0.638809524,0.643928571,0.645119048,0.640714286,0.63547619,0.63297619,0.633452381,0.632857143,0.632261905,0.625714286,0.617619048,0.611785714,0.606071429,0.599761905,0.595714286,0.584880952,0.5791666670000001,0.578452381,0.579404762
83,0.535238095,0.53202381,0.5330952379999999,0.531309524,0.526785714,0.520833333,0.51547619,0.507738095,0.498214286,0.49190476200000005,0.48464285700000004,0.479047619,0.472738095,0.464761905,0.45654761899999996,0.449404762,0.44011904799999996,0.43202381,0.42940476200000005,0.427857143,0.430714286,0.431071429,0.431547619,0.42690476200000005,0.423809524,0.42297619,0.420238095,0.41440476200000004,0.4075,0.402738095
84,0.660133333,0.676666667,0.701133333,0.713,0.717666667,0.718066667,0.715,0.719866667,0.7261333329999999,0.714466667,0.712066667,0.6982666670000001,0.6779333329999999,0.6555333329999999,0.624066667,0.616,0.6061333329999999,0.582666667,0.579066667,0.5784,0.6082,0.632066667,0.634866667,0.639066667,0.6508,0.662666667,0.675666667,0.6668666670000001,0.6612,0.6576
85,0.005111111,0.005111111,0.007111111,0.007111111,0.007111111,0.007111111,0.007111111,0.007111111,0.007111111,0.005666666999999999,0.005666666999999999,0.005666666999999999,0.005666666999999999,0.005555556,0.002,0.002,0.002555556,0.000555556,0.000555556,0.000555556,0.005333333000000001,0.009444444,0.009444444,0.009444444,0.009444444,0.009444444,0.009555556,0.009555556,0.009555556,0.009555556
86,0.333333333,0.333333333,0.4,0.4,0.4,0.4,0.333333333,0.333333333,0.333333333,0.26666666699999997,0.26666666699999997,0.2,0.2,0.133333333,0.066666667,0.066666667,0.133333333,0.066666667,0.066666667,0.066666667,0.133333333,0.2,0.2,0.2,0.2,0.2,0.26666666699999997,0.26666666699999997,0.26666666699999997,0.26666666699999997
87,0.599555556,0.5972222220000001,0.594888889,0.589888889,0.584888889,0.579888889,0.575888889,0.57,0.563,0.561111111,0.5575555560000001,0.555777778,0.5555555560000001,0.5507777779999999,0.544555556,0.538888889,0.532222222,0.527222222,0.526555556,0.526666667,0.523666667,0.520555556,0.517777778,0.514555556,0.5106666670000001,0.507888889,0.5041111110000001,0.492444444,0.484444444,0.482555556
88,0.678333333,0.675444444,0.672666667,0.6657777779999999,0.6597777779999999,0.654333333,0.6509999999999999,0.645,0.639,0.640777778,0.639222222,0.640777778,0.6451111110000001,0.641777778,0.6409999999999999,0.636888889,0.629777778,0.631,0.632888889,0.632555556,0.625777778,0.618111111,0.6138888889999999,0.610555556,0.605666667,0.601111111,0.594777778,0.581333333,0.578777778,0.579666667
89,0.5337777779999999,0.5327777779999999,0.532222222,0.529111111,0.525444444,0.522222222,0.514444444,0.5106666670000001,0.5016666670000001,0.495444444,0.48966666700000006,0.48411111100000004,0.47922222200000003,0.470111111,0.45988888899999997,0.452666667,0.446444444,0.43477777799999995,0.430333333,0.429888889,0.430333333,0.431888889,0.430555556,0.428888889,0.42611111100000004,0.426555556,0.424333333,0.41566666700000005,0.40644444399999996,0.402444444
90,0.6594375,0.66175,0.69,0.70375,0.7071875,0.706,0.7088125,0.7108125,0.7133125,0.7185,0.709375,0.7034375,0.6849375,0.6679999999999999,0.6469375,0.6228125,0.611125,0.601875,0.5893125,0.581,0.603375,0.6281875,0.6356875,0.6375625,0.647875,0.6608125,0.6693125,0.6555,0.6523125,0.648875
91,0.004791667,0.004791667,0.006666666999999999,0.006666666999999999,0.006666666999999999,0.006666666999999999,0.006666666999999999,0.006666666999999999,0.006666666999999999,0.006666666999999999,0.0053125,0.0053125,0.0053125,0.0053125,0.005208333,0.001875,0.002395833,0.002395833,0.0005208330000000001,0.0005208330000000001,0.005,0.008854167,0.008854167,0.008854167,0.008854167,0.008854167,0.008958333,0.008958333,0.008958333,0.008958333
92,0.3125,0.3125,0.375,0.375,0.375,0.375,0.375,0.3125,0.3125,0.3125,0.25,0.25,0.1875,0.1875,0.125,0.0625,0.125,0.125,0.0625,0.0625,0.125,0.1875,0.1875,0.1875,0.1875,0.1875,0.25,0.25,0.25,0.25
93,0.601770833,0.5977083329999999,0.594375,0.590104167,0.58625,0.581770833,0.5765625,0.572291667,0.567395833,0.5628125,0.5614583329999999,0.5585416670000001,0.55875,0.554583333,0.5463541670000001,0.540520833,0.5345833329999999,0.52875,0.526041667,0.526979167,0.524375,0.5209375,0.5178125,0.515416667,0.51375,0.5115625,0.5084375,0.499375,0.487916667,0.482395833
94,0.6802083329999999,0.676979167,0.669791667,0.6679166670000001,0.66375,0.658333333,0.652604167,0.649375,0.644895833,0.6411458329999999,0.64375,0.6415625,0.6465625,0.643020833,0.638125,0.637395833,0.631458333,0.628125,0.630625,0.632604167,0.626458333,0.618645833,0.614583333,0.612604167,0.6098958329999999,0.6065625,0.5998958329999999,0.590833333,0.580833333,0.5798958329999999
95,0.5375,0.5315625,0.5329166670000001,0.528541667,0.52375,0.52125,0.5161458329999999,0.51,0.504791667,0.498854167,0.493125,0.488854167,0.48395833299999996,0.47635416700000005,0.465208333,0.45604166700000004,0.4496875,0.441041667,0.433020833,0.430729167,0.43208333299999996,0.43145833299999997,0.431354167,0.428125,0.428020833,0.428541667,0.42760416700000003,0.41979166700000003,0.408125,0.401770833
96,0.6562941179999999,0.6609999999999999,0.6751764709999999,0.693117647,0.6988235290000001,0.6968235290000001,0.698,0.7052352940000001,0.7051764709999999,0.706882353,0.713470588,0.701411765,0.690588235,0.6751764709999999,0.659176471,0.644411765,0.617823529,0.606823529,0.607,0.590529412,0.604352941,0.622470588,0.6318235289999999,0.638176471,0.645941176,0.657470588,0.667176471,0.650705882,0.642470588,0.641235294
97,0.004509804,0.004509804,0.00627451,0.00627451,0.00627451,0.00627451,0.00627451,0.00627451,0.00627451,0.00627451,0.00627451,0.005,0.005,0.005,0.005,0.004901961,0.002254902,0.002254902,0.002254902,0.000490196,0.004705882,0.008333333,0.008333333,0.008333333,0.008333333,0.008333333,0.008431373,0.008431373,0.008431373,0.008431373
98,0.294117647,0.294117647,0.352941176,0.352941176,0.352941176,0.352941176,0.352941176,0.352941176,0.294117647,0.294117647,0.294117647,0.235294118,0.235294118,0.176470588,0.176470588,0.117647059,0.117647059,0.117647059,0.117647059,0.058823529000000006,0.117647059,0.176470588,0.176470588,0.176470588,0.176470588,0.176470588,0.235294118,0.235294118,0.235294118,0.235294118
99,0.603627451,0.599901961,0.595,0.589901961,0.586666667,0.583235294,0.5785294120000001,0.573137255,0.569705882,0.5669607839999999,0.5630392160000001,0.562156863,0.561176471,0.557647059,0.5501960779999999,0.54245098,0.536372549,0.531176471,0.52754902,0.526470588,0.524803922,0.521764706,0.518333333,0.515588235,0.514607843,0.514411765,0.511862745,0.50372549,0.49470588200000004,0.485784314
100,0.6827450979999999,0.6788235290000001,0.6715686270000001,0.665490196,0.665882353,0.662156863,0.656470588,0.650980392,0.649019608,0.6465686270000001,0.643921569,0.645686275,0.646960784,0.644509804,0.639509804,0.6349019610000001,0.632254902,0.629803922,0.627941176,0.630490196,0.626862745,0.619705882,0.615294118,0.6133333329999999,0.611862745,0.610490196,0.605098039,0.5958823529999999,0.589803922,0.581764706
101,0.538431373,0.535196078,0.531764706,0.529411765,0.523529412,0.519901961,0.515588235,0.511862745,0.504509804,0.501960784,0.496470588,0.49215686299999994,0.48843137299999995,0.48098039200000003,0.471372549,0.46127451,0.453039216,0.444411765,0.43901960799999995,0.433235294,0.432745098,0.433039216,0.43098039200000005,0.429019608,0.42735294100000004,0.430196078,0.429411765,0.423137255,0.41245098,0.403627451
102,0.653666667,0.657944444,0.673722222,0.6789444440000001,0.6890555559999999,0.6895,0.689777778,0.6952222220000001,0.7002222220000001,0.699555556,0.702777778,0.705722222,0.6893888890000001,0.6810555559999999,0.666444444,0.656111111,0.6385,0.613388889,0.611388889,0.607166667,0.6120555560000001,0.6223333329999999,0.626222222,0.634388889,0.646055556,0.655111111,0.663666667,0.6497222220000001,0.6386666670000001,0.632555556
103,0.0042592590000000005,0.0042592590000000005,0.005925926,0.005925926,0.005925926,0.005925926,0.005925926,0.005925926,0.005925926,0.005925926,0.005925926,0.005925926,0.004722222,0.004722222,0.004722222,0.004722222,0.005092593,0.00212963,0.00212963,0.00212963,0.0044444440000000005,0.00787037,0.00787037,0.00787037,0.00787037,0.00787037,0.007962963,0.007962963,0.007962963,0.007962963
104,0.27777777800000003,0.27777777800000003,0.333333333,0.333333333,0.333333333,0.333333333,0.333333333,0.333333333,0.333333333,0.27777777800000003,0.27777777800000003,0.27777777800000003,0.222222222,0.222222222,0.166666667,0.166666667,0.166666667,0.111111111,0.111111111,0.111111111,0.111111111,0.166666667,0.166666667,0.166666667,0.166666667,0.166666667,0.222222222,0.222222222,0.222222222,0.222222222
105,0.60537037,0.6017592589999999,0.5972222220000001,0.5907407410000001,0.586666667,0.583796296,0.5800925929999999,0.575185185,0.570648148,0.5691666670000001,0.566944444,0.563611111,0.5644444439999999,0.56,0.553333333,0.5462962960000001,0.538425926,0.533055556,0.529907407,0.52787037,0.524444444,0.522314815,0.519259259,0.5162037039999999,0.514814815,0.515185185,0.514537037,0.507222222,0.499074074,0.492314815
106,0.6849074070000001,0.681296296,0.6736111109999999,0.667407407,0.663703704,0.6642592589999999,0.660185185,0.6547222220000001,0.650555556,0.65037037,0.648888889,0.645740741,0.650555556,0.645,0.6411111110000001,0.636388889,0.630185185,0.630648148,0.6295370370000001,0.627962963,0.625185185,0.6204629629999999,0.616481481,0.614074074,0.612592593,0.612314815,0.6088888889999999,0.601018519,0.59462963,0.590185185
107,0.53962963,0.536203704,0.535185185,0.528518519,0.52462963,0.519907407,0.51462963,0.511574074,0.506574074,0.501851852,0.499537037,0.49537037,0.49157407399999997,0.48537037,0.476018519,0.467314815,0.458148148,0.44787037,0.442314815,0.438888889,0.435,0.433611111,0.4325,0.428796296,0.42824074100000004,0.429444444,0.430925926,0.42509259299999996,0.416018519,0.40796296299999996
108,0.658684211,0.655368421,0.670157895,0.6773684209999999,0.675842105,0.6807368420000001,0.683210526,0.687578947,0.691,0.695157895,0.696052632,0.696,0.694105263,0.680421053,0.6724736840000001,0.663157895,0.649894737,0.633210526,0.617368421,0.6113157889999999,0.626684211,0.628684211,0.625894737,0.628947368,0.6420526320000001,0.654736842,0.6611052629999999,0.647315789,0.638368421,0.629473684
109,0.0040526320000000005,0.004035088,0.005614035,0.005614035,0.005614035,0.005614035,0.005614035,0.005614035,0.005614035,0.005614035,0.005614035,0.005614035,0.005614035,0.004473684,0.004473684,0.004473684,0.004912281,0.004824561,0.002017544,0.002017544,0.005789474,0.00745614,0.00745614,0.00745614,0.00745614,0.00745614,0.00754386,0.00754386,0.00754386,0.00754386
110,0.31578947399999996,0.263157895,0.31578947399999996,0.31578947399999996,0.31578947399999996,0.31578947399999996,0.31578947399999996,0.31578947399999996,0.31578947399999996,0.31578947399999996,0.263157895,0.263157895,0.263157895,0.21052631600000002,0.21052631600000002,0.15789473699999998,0.21052631600000002,0.15789473699999998,0.10526315800000001,0.10526315800000001,0.15789473699999998,0.15789473699999998,0.15789473699999998,0.15789473699999998,0.15789473699999998,0.15789473699999998,0.21052631600000002,0.21052631600000002,0.21052631600000002,0.21052631600000002
111,0.605350877,0.6035087720000001,0.599122807,0.593070175,0.587631579,0.583947368,0.580789474,0.576842105,0.572719298,0.570087719,0.569035088,0.567280702,0.565701754,0.563157895,0.555789474,0.549473684,0.542280702,0.535175439,0.531754386,0.530087719,0.525877193,0.5221052629999999,0.519912281,0.5171929820000001,0.515438596,0.515350877,0.515263158,0.51,0.502631579,0.49657894700000005
112,0.6853508770000001,0.683421053,0.67622807,0.669561404,0.665614035,0.662280702,0.662280702,0.658333333,0.654122807,0.651754386,0.652368421,0.650350877,0.650350877,0.648508772,0.641754386,0.638070175,0.631842105,0.62877193,0.630350877,0.629473684,0.623070175,0.619210526,0.617368421,0.615263158,0.6133333329999999,0.612982456,0.6107017539999999,0.604824561,0.599561404,0.594736842
113,0.540701754,0.53745614,0.536140351,0.531929825,0.524035088,0.521140351,0.514912281,0.510877193,0.5065789470000001,0.503947368,0.499561404,0.498333333,0.49464912299999997,0.48850877200000004,0.480438596,0.471929825,0.464035088,0.45298245600000003,0.445701754,0.442017544,0.440263158,0.435701754,0.433070175,0.430350877,0.428070175,0.430175439,0.430175439,0.42675438600000004,0.418245614,0.41157894700000003
114,0.6563,0.66005,0.6671,0.6738,0.6745,0.6686,0.6752,0.68145,0.68395,0.68665,0.69205,0.68995,0.68545,0.68535,0.6723,0.66905,0.6569,0.6443,0.636,0.617,0.62965,0.64175,0.63175,0.6285,0.6365,0.6505,0.66045,0.6457,0.63665,0.62965
115,0.00385,0.00385,0.005333333000000001,0.005333333000000001,0.005333333000000001,0.005333333000000001,0.005333333000000001,0.005333333000000001,0.005333333000000001,0.005333333000000001,0.005333333000000001,0.005333333000000001,0.005333333000000001,0.005333333000000001,0.00425,0.00425,0.004666667,0.004666667,0.004583333,0.0019166670000000002,0.0055,0.008583333,0.007083333000000001,0.007083333000000001,0.007083333000000001,0.007083333000000001,0.007166667,0.007166667,0.007166667,0.007166667
116,0.3,0.3,0.3,0.3,0.3,0.3,0.3,0.3,0.3,0.3,0.3,0.25,0.25,0.25,0.2,0.2,0.2,0.2,0.15,0.1,0.15,0.2,0.15,0.15,0.15,0.15,0.2,0.2,0.2,0.2
117,0.607,0.603583333,0.600916667,0.5950833329999999,0.59,0.585,0.5810833329999999,0.577666667,0.574416667,0.5720833329999999,0.569916667,0.56925,0.569083333,0.564416667,0.5589999999999999,0.552,0.5455,0.539,0.533833333,0.531833333,0.528083333,0.5235833329999999,0.519833333,0.517916667,0.516416667,0.515916667,0.515416667,0.510916667,0.5055,0.500083333
118,0.687916667,0.683916667,0.6785,0.67225,0.66775,0.664166667,0.6605,0.660416667,0.6575833329999999,0.655083333,0.6535833329999999,0.6535833329999999,0.6545,0.648416667,0.64525,0.638833333,0.6336666670000001,0.630416667,0.628583333,0.63025,0.62475,0.6175,0.6163333329999999,0.616166667,0.6145,0.613666667,0.6114166670000001,0.60675,0.60325,0.5994166670000001
119,0.54075,0.5385833329999999,0.537333333,0.5329999999999999,0.5275,0.52075,0.516333333,0.511333333,0.506166667,0.504083333,0.5016666670000001,0.49841666700000004,0.4975,0.49158333299999996,0.48366666700000005,0.47633333299999997,0.468583333,0.45883333299999995,0.450666667,0.44525,0.443166667,0.440666667,0.43508333299999996,0.431,0.42958333299999996,0.42991666700000003,0.430833333,0.42625,0.42016666700000005,0.413916667
120,0.653904762,0.657714286,0.6709999999999999,0.670714286,0.671238095,0.667666667,0.663904762,0.673904762,0.678285714,0.680142857,0.6840952379999999,0.686428571,0.6801904759999999,0.67752381,0.677380952,0.669047619,0.662809524,0.651238095,0.6464285710000001,0.634761905,0.634190476,0.643857143,0.644047619,0.6339523810000001,0.635714286,0.644809524,0.6561428570000001,0.645809524,0.635619048,0.628428571
121,0.003666667,0.003666667,0.005095238,0.005079365,0.005079365,0.005079365,0.005079365,0.005079365,0.005079365,0.005079365,0.005079365,0.005079365,0.005079365,0.005079365,0.005079365,0.0040476190000000006,0.0044444440000000005,0.0044444440000000005,0.0044444440000000005,0.004365079,0.005238095,0.008174603,0.008174603,0.006746032,0.006746032,0.006746032,0.0068253969999999995,0.0068253969999999995,0.0068253969999999995,0.0068253969999999995
122,0.28571428600000004,0.28571428600000004,0.333333333,0.28571428600000004,0.28571428600000004,0.28571428600000004,0.28571428600000004,0.28571428600000004,0.28571428600000004,0.28571428600000004,0.28571428600000004,0.28571428600000004,0.23809523800000001,0.23809523800000001,0.23809523800000001,0.19047619,0.23809523800000001,0.19047619,0.19047619,0.14285714300000002,0.14285714300000002,0.19047619,0.19047619,0.14285714300000002,0.14285714300000002,0.14285714300000002,0.19047619,0.19047619,0.19047619,0.19047619
123,0.607777778,0.605238095,0.601111111,0.596984127,0.5920634920000001,0.5873809520000001,0.5822222220000001,0.578095238,0.57531746,0.573730159,0.571825397,0.570079365,0.5708730160000001,0.567698413,0.560396825,0.555238095,0.5480952379999999,0.542222222,0.537539683,0.533809524,0.52984127,0.525793651,0.521349206,0.517936508,0.5171428570000001,0.5168253970000001,0.515952381,0.5112698410000001,0.506587302,0.502936508
124,0.69,0.686428571,0.6792063490000001,0.674603175,0.670396825,0.666269841,0.662380952,0.658809524,0.659603175,0.658333333,0.656666667,0.65468254,0.657380952,0.6524603170000001,0.64531746,0.6423015870000001,0.634603175,0.632222222,0.63015873,0.628571429,0.625714286,0.619365079,0.61484127,0.615238095,0.615396825,0.614761905,0.612142857,0.607619048,0.60515873,0.602936508
125,0.54015873,0.538730159,0.538412698,0.534285714,0.528730159,0.524206349,0.516190476,0.512857143,0.5068253970000001,0.503809524,0.501904762,0.50047619,0.49761904799999995,0.494444444,0.48682539700000005,0.479603175,0.472936508,0.46341269799999996,0.456349206,0.45,0.446190476,0.443412698,0.43984127,0.433015873,0.430238095,0.43126984100000004,0.430555556,0.42706349200000004,0.42,0.41595238100000004
126,0.654409091,0.655363636,0.6682727270000001,0.6742727270000001,0.668409091,0.664863636,0.663227273,0.663181818,0.671227273,0.674909091,0.6779999999999999,0.679090909,0.6772727270000001,0.672863636,0.6702727270000001,0.674045455,0.663090909,0.657136364,0.652954545,0.644772727,0.650363636,0.647545455,0.645954545,0.6455909089999999,0.6405909089999999,0.643681818,0.650454545,0.642363636,0.636181818,0.6278181820000001
127,0.0035,0.0035,0.004863636,0.004863636,0.004848485,0.004848485,0.004848485,0.004848485,0.004848485,0.004848485,0.004848485,0.004848485,0.004848485,0.004848485,0.004848485,0.004848485,0.004242424,0.004242424,0.004242424,0.004242424,0.007424241999999999,0.00780303,0.00780303,0.00780303,0.006439394,0.006439394,0.006515152,0.006515152,0.006515152,0.006515152
128,0.272727273,0.272727273,0.318181818,0.318181818,0.272727273,0.272727273,0.272727273,0.272727273,0.272727273,0.272727273,0.272727273,0.272727273,0.272727273,0.22727272699999998,0.22727272699999998,0.22727272699999998,0.22727272699999998,0.22727272699999998,0.181818182,0.181818182,0.181818182,0.181818182,0.181818182,0.181818182,0.13636363599999998,0.13636363599999998,0.181818182,0.181818182,0.181818182,0.181818182
129,0.609166667,0.606060606,0.60280303,0.597348485,0.594015152,0.5894696970000001,0.5846212120000001,0.5793181820000001,0.575833333,0.574621212,0.573409091,0.571893939,0.571590909,0.569469697,0.563712121,0.556742424,0.551363636,0.544848485,0.5406818179999999,0.537348485,0.5318181820000001,0.527575758,0.523560606,0.519469697,0.51719697,0.5175,0.5168181820000001,0.5119696970000001,0.507121212,0.504090909
130,0.691363636,0.688484848,0.681818182,0.675454545,0.672727273,0.668863636,0.664469697,0.6606818179999999,0.658106061,0.660227273,0.65969697,0.657575758,0.658257576,0.65530303,0.649318182,0.6425,0.638106061,0.633181818,0.631893939,0.6300757579999999,0.624318182,0.620530303,0.616742424,0.613863636,0.614545455,0.615606061,0.613257576,0.608484848,0.606060606,0.6047727270000001
131,0.542045455,0.538257576,0.538560606,0.535454545,0.530151515,0.5255303029999999,0.51969697,0.512878788,0.5084848479999999,0.504545455,0.501742424,0.500757576,0.49962121200000004,0.49469697,0.489772727,0.48280303,0.476212121,0.46780303,0.46083333299999996,0.455454545,0.45068181799999996,0.446287879,0.4425,0.437651515,0.43219697,0.43181818200000005,0.43181818200000005,0.42696969700000004,0.421060606,0.41598484799999996
132,0.658565217,0.655782609,0.665565217,0.671521739,0.671913043,0.6624347829999999,0.66073913,0.662565217,0.661086957,0.6683043479999999,0.673086957,0.673478261,0.670652174,0.670391304,0.666130435,0.667391304,0.668130435,0.657652174,0.658521739,0.6510869570000001,0.65926087,0.6624347829999999,0.649391304,0.647347826,0.651434783,0.648,0.649130435,0.637521739,0.633304348,0.628695652
133,0.003347826,0.003347826,0.004652174,0.004652174,0.004652174,0.004637680999999999,0.004637680999999999,0.004637680999999999,0.004637680999999999,0.004637680999999999,0.004637680999999999,0.004637680999999999,0.004637680999999999,0.004637680999999999,0.004637680999999999,0.004637680999999999,0.005,0.004057971,0.004057971,0.004057971,0.0071739130000000005,0.009782609,0.007463768000000001,0.007463768000000001,0.007463768000000001,0.00615942,0.006231884,0.006231884,0.006231884,0.006231884
134,0.260869565,0.260869565,0.304347826,0.304347826,0.304347826,0.260869565,0.260869565,0.260869565,0.260869565,0.260869565,0.260869565,0.260869565,0.260869565,0.260869565,0.21739130399999998,0.21739130399999998,0.260869565,0.21739130399999998,0.21739130399999998,0.17391304300000002,0.21739130399999998,0.21739130399999998,0.17391304300000002,0.17391304300000002,0.17391304300000002,0.130434783,0.17391304300000002,0.17391304300000002,0.17391304300000002,0.17391304300000002
135,0.611521739,0.607463768,0.6036956520000001,0.599130435,0.594492754,0.591449275,0.58673913,0.58173913,0.5771014489999999,0.5751449279999999,0.5742753620000001,0.573405797,0.57326087,0.570217391,0.56557971,0.560072464,0.552971014,0.548115942,0.54326087,0.540362319,0.535289855,0.529565217,0.525362319,0.5216666670000001,0.518695652,0.517536232,0.5174637679999999,0.512971014,0.507971014,0.504710145
136,0.694057971,0.6898550720000001,0.683985507,0.678115942,0.673623188,0.67115942,0.667028986,0.662753623,0.659927536,0.6587681160000001,0.661449275,0.660434783,0.660869565,0.656231884,0.6521739129999999,0.646449275,0.638478261,0.636594203,0.632826087,0.63173913,0.625942029,0.61942029,0.617971014,0.615724638,0.61326087,0.614782609,0.614130435,0.609710145,0.606956522,0.6056521739999999
137,0.544275362,0.540144928,0.538115942,0.5357246379999999,0.531449275,0.527028986,0.52115942,0.5163768120000001,0.508695652,0.506231884,0.5025362320000001,0.500652174,0.499927536,0.49673913,0.490217391,0.485797101,0.47942029,0.47115942,0.46514492799999996,0.459782609,0.455869565,0.45057971,0.445289855,0.440289855,0.436666667,0.433623188,0.432318841,0.428333333,0.421231884,0.41717391299999995
138,0.661166667,0.659708333,0.6655416670000001,0.668791667,0.669375,0.666041667,0.6585833329999999,0.6602083329999999,0.6605833329999999,0.658708333,0.6668333329999999,0.668958333,0.665625,0.664333333,0.664041667,0.6635416670000001,0.662,0.662708333,0.658958333,0.6565,0.664708333,0.670458333,0.6635833329999999,0.6505833329999999,0.652875,0.658083333,0.653041667,0.636791667,0.6290416670000001,0.62625
139,0.003208333,0.003208333,0.004458333,0.004458333,0.004458333,0.004458333,0.0044444440000000005,0.0044444440000000005,0.0044444440000000005,0.0044444440000000005,0.0044444440000000005,0.0044444440000000005,0.0044444440000000005,0.0044444440000000005,0.0044444440000000005,0.0044444440000000005,0.004791667,0.004791667,0.0038888890000000004,0.0038888890000000004,0.006875,0.009444444,0.009375,0.007152778,0.007152778,0.007152778,0.005972221999999999,0.005972221999999999,0.005972221999999999,0.005972221999999999
140,0.25,0.25,0.291666667,0.291666667,0.291666667,0.291666667,0.25,0.25,0.25,0.25,0.25,0.25,0.25,0.25,0.25,0.208333333,0.25,0.25,0.208333333,0.208333333,0.208333333,0.25,0.208333333,0.166666667,0.166666667,0.166666667,0.166666667,0.166666667,0.166666667,0.166666667
141,0.614027778,0.609791667,0.605138889,0.600138889,0.596319444,0.592013889,0.58875,0.583888889,0.579513889,0.576388889,0.5747916670000001,0.574236111,0.5746527779999999,0.571875,0.5664583329999999,0.5620138889999999,0.556319444,0.549791667,0.546458333,0.542847222,0.538263889,0.532986111,0.527361111,0.523472222,0.520833333,0.5189583329999999,0.5175,0.51375,0.5090972220000001,0.505625
142,0.697291667,0.6925,0.6854861109999999,0.6803472220000001,0.67625,0.672083333,0.669305556,0.665277778,0.661944444,0.660486111,0.66,0.662083333,0.663472222,0.658819444,0.6531944439999999,0.6493055560000001,0.642430556,0.637013889,0.6361111110000001,0.632638889,0.627708333,0.621180556,0.617013889,0.616944444,0.615069444,0.613541667,0.613402778,0.610694444,0.608194444,0.606527778
143,0.545763889,0.5423611110000001,0.5399305560000001,0.535416667,0.531875,0.528402778,0.5227777779999999,0.517916667,0.512222222,0.5065277779999999,0.504236111,0.501458333,0.499861111,0.49715277799999996,0.492361111,0.486388889,0.482430556,0.47444444399999997,0.46847222200000005,0.46395833299999995,0.46,0.45555555600000003,0.449444444,0.443055556,0.43923611100000004,0.43784722200000004,0.434027778,0.42895833299999997,0.422777778,0.4175
144,0.6614800000000001,0.6621600000000001,0.66892,0.66864,0.66684,0.66384,0.6622,0.6581600000000001,0.6584,0.65832,0.65768,0.6631199999999999,0.6616,0.65976,0.6584800000000001,0.66164,0.65852,0.65704,0.66376,0.657,0.6693600000000001,0.67524,0.67124,0.6641600000000001,0.65576,0.6592,0.66252,0.6410399999999999,0.62868,0.62244
145,0.0030800000000000003,0.0030800000000000003,0.00428,0.00428,0.00428,0.00428,0.00428,0.004266667,0.004266667,0.004266667,0.004266667,0.004266667,0.004266667,0.004266667,0.004266667,0.004266667,0.0046,0.0046,0.0046,0.0037333329999999997,0.0066,0.009066666999999999,0.009066666999999999,0.009000000000000001,0.006866667,0.006866667,0.006933333000000001,0.005733333,0.005733333,0.005733333
146,0.24,0.24,0.28,0.28,0.28,0.28,0.28,0.24,0.24,0.24,0.24,0.24,0.24,0.24,0.24,0.24,0.24,0.24,0.24,0.2,0.24,0.24,0.24,0.2,0.16,0.16,0.2,0.16,0.16,0.16
147,0.616266667,0.612266667,0.6074666670000001,0.601666667,0.5974,0.593866667,0.5894,0.585933333,0.581666667,0.578733333,0.5760000000000001,0.574733333,0.5754,0.5732666670000001,0.5682,0.563,0.558333333,0.553133333,0.548133333,0.545933333,0.5407333329999999,0.535933333,0.5307333329999999,0.525466667,0.5226,0.521,0.5188666670000001,0.513933333,0.51,0.5068
148,0.6999333329999999,0.695666667,0.6882,0.6819333329999999,0.678466667,0.674666667,0.670266667,0.667533333,0.6644,0.6624,0.6616,0.660666667,0.664933333,0.6614,0.6558,0.6504,0.645333333,0.6408666670000001,0.6365333329999999,0.6358,0.628733333,0.623066667,0.6188,0.616066667,0.616266667,0.615266667,0.612266667,0.6101333329999999,0.6092,0.607733333
149,0.547466667,0.5438666670000001,0.5420666670000001,0.537266667,0.5317333329999999,0.528933333,0.524266667,0.5196,0.513866667,0.51,0.5046,0.503133333,0.5006666670000001,0.4972,0.492933333,0.4886,0.48313333299999994,0.47753333299999995,0.471733333,0.4672,0.46399999999999997,0.459533333,0.454266667,0.44713333299999997,0.441933333,0.44026666700000006,0.438066667,0.430733333,0.4236,0.419133333
150,0.665269231,0.662423077,0.670923077,0.671769231,0.666769231,0.661615385,0.660230769,0.661653846,0.6565,0.656307692,0.657346154,0.654461538,0.656269231,0.656115385,0.654307692,0.656384615,0.656884615,0.653884615,0.658269231,0.661692308,0.669346154,0.6793076920000001,0.675807692,0.6715,0.668615385,0.6617307689999999,0.663423077,0.650615385,0.633076923,0.622346154
151,0.0029615379999999997,0.0029615379999999997,0.004115385,0.004115385,0.004115385,0.004115385,0.004115385,0.004115385,0.004102564,0.004102564,0.004102564,0.004102564,0.004102564,0.004102564,0.004102564,0.004102564,0.004423077,0.004423077,0.004423077,0.004423077,0.0063461540000000006,0.008717949000000001,0.008717949000000001,0.008717949000000001,0.008653846,0.006602564,0.006666666999999999,0.006666666999999999,0.005512820999999999,0.005512820999999999
152,0.23076923100000002,0.23076923100000002,0.269230769,0.269230769,0.269230769,0.269230769,0.269230769,0.269230769,0.23076923100000002,0.23076923100000002,0.23076923100000002,0.23076923100000002,0.23076923100000002,0.23076923100000002,0.23076923100000002,0.23076923100000002,0.269230769,0.23076923100000002,0.23076923100000002,0.23076923100000002,0.23076923100000002,0.269230769,0.23076923100000002,0.23076923100000002,0.192307692,0.153846154,0.192307692,0.192307692,0.153846154,0.153846154
153,0.617435897,0.6144871789999999,0.6099358970000001,0.604038462,0.598974359,0.595,0.591282051,0.586666667,0.583717949,0.580833333,0.578269231,0.575897436,0.575833333,0.5740384620000001,0.569679487,0.564807692,0.559423077,0.555192308,0.551410256,0.547564103,0.543782051,0.538397436,0.533653846,0.528782051,0.524551282,0.522692308,0.520833333,0.515384615,0.5103205129999999,0.50775641
154,0.701217949,0.6982692309999999,0.691410256,0.684679487,0.680064103,0.6768589740000001,0.672820513,0.668525641,0.666602564,0.66474359,0.663397436,0.6621794870000001,0.663461538,0.662884615,0.658397436,0.653012821,0.646538462,0.643717949,0.64025641,0.636217949,0.631923077,0.624230769,0.620705128,0.617820513,0.615448718,0.616410256,0.613974359,0.609166667,0.608717949,0.608717949
155,0.548846154,0.5455769229999999,0.543525641,0.539423077,0.533653846,0.528910256,0.524935897,0.521153846,0.5156410260000001,0.5116666670000001,0.508012821,0.503525641,0.502307692,0.49807692299999995,0.49314102600000004,0.48929487200000005,0.485384615,0.478397436,0.474807692,0.470384615,0.467115385,0.463397436,0.458141026,0.45185897399999997,0.44589743600000004,0.44282051299999997,0.440384615,0.43474359,0.42551282100000004,0.42006410299999997
156,0.6700370370000001,0.666037037,0.6708518520000001,0.673592593,0.6698518520000001,0.661740741,0.658222222,0.6597777779999999,0.659925926,0.654555556,0.655444444,0.654259259,0.648185185,0.651185185,0.6509999999999999,0.652444444,0.652,0.652481481,0.655185185,0.656481481,0.673407407,0.6789259259999999,0.679703704,0.6758888890000001,0.675518519,0.6738888890000001,0.665703704,0.651925926,0.6425925929999999,0.626814815
157,0.002851852,0.002851852,0.003962963,0.003962963,0.003962963,0.003962963,0.003962963,0.003962963,0.003962963,0.003950617,0.003950617,0.003950617,0.003950617,0.003950617,0.003950617,0.003950617,0.0042592590000000005,0.0042592590000000005,0.0042592590000000005,0.0042592590000000005,0.00691358,0.008395062,0.008395062,0.008395062,0.008395062,0.008333333,0.006419753,0.006419753,0.006419753,0.005308642
158,0.222222222,0.222222222,0.25925925899999996,0.25925925899999996,0.25925925899999996,0.25925925899999996,0.25925925899999996,0.25925925899999996,0.25925925899999996,0.222222222,0.222222222,0.222222222,0.222222222,0.222222222,0.222222222,0.222222222,0.25925925899999996,0.25925925899999996,0.222222222,0.222222222,0.25925925899999996,0.25925925899999996,0.25925925899999996,0.222222222,0.222222222,0.185185185,0.185185185,0.185185185,0.185185185,0.148148148
159,0.6176543210000001,0.6156790120000001,0.6121604939999999,0.60654321,0.601358025,0.5966049379999999,0.5924691360000001,0.588580247,0.584506173,0.582839506,0.580308642,0.57808642,0.57691358,0.574506173,0.570555556,0.566358025,0.561296296,0.556358025,0.55345679,0.550740741,0.545432099,0.541419753,0.536111111,0.531666667,0.5277777779999999,0.5245679010000001,0.522469136,0.517407407,0.511851852,0.508148148
160,0.70154321,0.699567901,0.6940740740000001,0.687901235,0.682777778,0.67845679,0.675,0.6710493829999999,0.667592593,0.6668518520000001,0.665617284,0.663888889,0.664814815,0.66154321,0.659938272,0.655617284,0.649197531,0.644938272,0.643024691,0.639814815,0.632469136,0.627469136,0.62191358,0.619691358,0.617160494,0.6156172839999999,0.615123457,0.6109259260000001,0.607839506,0.608271605
161,0.548888889,0.546975309,0.545185185,0.540925926,0.535864198,0.530864198,0.525061728,0.52191358,0.517283951,0.51345679,0.509691358,0.506851852,0.502716049,0.499753086,0.494135802,0.48962963,0.48617284,0.480740741,0.475740741,0.47339506200000003,0.470185185,0.466419753,0.46191358,0.45567901200000005,0.450493827,0.44660493799999995,0.442839506,0.437098765,0.42956790100000003,0.422037037
162,0.68175,0.670607143,0.6740357140000001,0.673428571,0.671678571,0.664892857,0.6584642860000001,0.657857143,0.658178571,0.657928571,0.653785714,0.652535714,0.648214286,0.643571429,0.6464285710000001,0.649321429,0.648357143,0.647928571,0.653785714,0.653571429,0.667964286,0.6825,0.679321429,0.679642857,0.679607143,0.6803571429999999,0.677285714,0.654535714,0.6441428570000001,0.636214286
163,0.009595238,0.00275,0.0038214290000000003,0.0038214290000000003,0.0038214290000000003,0.0038214290000000003,0.0038214290000000003,0.0038214290000000003,0.0038214290000000003,0.0038214290000000003,0.0038095240000000003,0.0038095240000000003,0.0038095240000000003,0.0038095240000000003,0.0038095240000000003,0.0038095240000000003,0.004107143,0.004107143,0.004107143,0.004107143,0.006666666999999999,0.008869048000000001,0.008095238000000001,0.008095238000000001,0.008095238000000001,0.008095238000000001,0.008095238000000001,0.0061904759999999994,0.0061904759999999994,0.0061904759999999994
164,0.25,0.214285714,0.25,0.25,0.25,0.25,0.25,0.25,0.25,0.25,0.214285714,0.214285714,0.214285714,0.214285714,0.214285714,0.214285714,0.25,0.25,0.25,0.214285714,0.25,0.28571428600000004,0.25,0.25,0.214285714,0.214285714,0.214285714,0.17857142899999998,0.17857142899999998,0.17857142899999998
165,0.6158928570000001,0.615952381,0.613392857,0.608809524,0.603869048,0.598988095,0.594107143,0.589821429,0.586428571,0.583630952,0.582261905,0.5800595239999999,0.578988095,0.575595238,0.5711309520000001,0.5673214289999999,0.562916667,0.55827381,0.554642857,0.552738095,0.548571429,0.5430952379999999,0.539107143,0.534107143,0.530595238,0.527678571,0.524285714,0.5191071429999999,0.513928571,0.509702381
166,0.697678571,0.699940476,0.69547619,0.690595238,0.6859523809999999,0.6811309520000001,0.676607143,0.673214286,0.670059524,0.667797619,0.6676190479999999,0.666011905,0.666369048,0.6629166670000001,0.65875,0.6572023810000001,0.6518452379999999,0.6475595239999999,0.64422619,0.6425,0.636071429,0.628154762,0.625119048,0.6208928570000001,0.618988095,0.617261905,0.614404762,0.612142857,0.609583333,0.6074404760000001
167,0.548571429,0.547083333,0.546547619,0.5426190479999999,0.537440476,0.5330952379999999,0.527083333,0.5221428570000001,0.518154762,0.515119048,0.511488095,0.508511905,0.5059523810000001,0.500238095,0.495892857,0.490714286,0.48660714299999996,0.48166666700000005,0.478095238,0.47434523799999995,0.473095238,0.46940476200000003,0.464880952,0.459404762,0.45422619,0.451011905,0.446488095,0.43958333299999997,0.43202381,0.426071429
168,0.68362069,0.681896552,0.6781724140000001,0.6764137929999999,0.671586207,0.666827586,0.66162069,0.658103448,0.65637931,0.656310345,0.657068966,0.651034483,0.646758621,0.643758621,0.639241379,0.644965517,0.645482759,0.6445517239999999,0.6493448279999999,0.652275862,0.664758621,0.6769310340000001,0.682758621,0.679275862,0.683103448,0.684137931,0.6834137929999999,0.666103448,0.646931034,0.637931034
169,0.009954023000000001,0.009264368,0.003689655,0.003689655,0.003689655,0.003689655,0.003689655,0.003689655,0.003689655,0.003689655,0.003689655,0.0036781609999999997,0.0036781609999999997,0.0036781609999999997,0.0036781609999999997,0.0036781609999999997,0.003965517,0.003965517,0.003965517,0.003965517,0.006436781999999999,0.008563218000000001,0.008563218000000001,0.007816092,0.007816092,0.007816092,0.007873563,0.007816092,0.005977011,0.005977011
170,0.275862069,0.24137931,0.24137931,0.24137931,0.24137931,0.24137931,0.24137931,0.24137931,0.24137931,0.24137931,0.24137931,0.20689655199999998,0.20689655199999998,0.20689655199999998,0.20689655199999998,0.20689655199999998,0.24137931,0.24137931,0.24137931,0.24137931,0.24137931,0.275862069,0.275862069,0.24137931,0.24137931,0.20689655199999998,0.24137931,0.20689655199999998,0.172413793,0.172413793
171,0.616551724,0.614310345,0.613735632,0.610114943,0.606149425,0.6014942529999999,0.5964942529999999,0.591494253,0.587701149,0.585517241,0.583045977,0.581954023,0.580862069,0.5776436779999999,0.572298851,0.5679885060000001,0.5639655170000001,0.559942529,0.556551724,0.553908046,0.5505747129999999,0.546206897,0.540804598,0.537068966,0.532988506,0.530402299,0.5272988510000001,0.520977011,0.515689655,0.511781609
172,0.69816092,0.696264368,0.695977011,0.6920689659999999,0.68862069,0.684252874,0.679252874,0.6748275859999999,0.6721839079999999,0.6701724139999999,0.668505747,0.667931034,0.668333333,0.664482759,0.6601724139999999,0.656149425,0.6535057470000001,0.650172414,0.646781609,0.643678161,0.6387931029999999,0.631781609,0.625862069,0.624022989,0.620172414,0.619022989,0.616034483,0.611551724,0.610804598,0.609137931
173,0.5493678160000001,0.54683908,0.546666667,0.544022989,0.539195402,0.534712644,0.529367816,0.524195402,0.5185057470000001,0.516034483,0.51316092,0.510287356,0.507586207,0.503448276,0.496494253,0.492528736,0.487758621,0.48224137899999997,0.47908046,0.47666666700000004,0.474022989,0.47224137899999996,0.467816092,0.46235632200000004,0.457873563,0.454597701,0.450747126,0.443218391,0.434597701,0.42856321799999997
174,0.685,0.6837,0.6888333329999999,0.680333333,0.674533333,0.6669,0.6636,0.661166667,0.656666667,0.6546333329999999,0.6555333329999999,0.6543,0.6455,0.6425,0.639566667,0.638066667,0.6414,0.6419,0.646033333,0.648033333,0.663133333,0.673533333,0.677366667,0.6826,0.682633333,0.687366667,0.686966667,0.6724,0.658366667,0.640833333
175,0.009788889,0.009622222,0.009955555999999999,0.003566667,0.003566667,0.003566667,0.003566667,0.003566667,0.003566667,0.003566667,0.003566667,0.003566667,0.0035555559999999996,0.0035555559999999996,0.0035555559999999996,0.0035555559999999996,0.003833333,0.003833333,0.003833333,0.003833333,0.0062222219999999995,0.008277778000000001,0.008277778000000001,0.008277778000000001,0.007555556,0.007555556,0.007611110999999999,0.007611110999999999,0.007555556,0.005777778000000001
176,0.3,0.26666666699999997,0.26666666699999997,0.233333333,0.233333333,0.233333333,0.233333333,0.233333333,0.233333333,0.233333333,0.233333333,0.233333333,0.2,0.2,0.2,0.2,0.233333333,0.233333333,0.233333333,0.233333333,0.26666666699999997,0.26666666699999997,0.26666666699999997,0.26666666699999997,0.233333333,0.233333333,0.233333333,0.233333333,0.2,0.166666667
177,0.617722222,0.615,0.612222222,0.610555556,0.6075,0.603777778,0.599,0.593888889,0.589388889,0.586777778,0.584888889,0.582722222,0.582666667,0.5795,0.574388889,0.569222222,0.564722222,0.561055556,0.558222222,0.555777778,0.5517777779999999,0.548222222,0.543888889,0.5387777779999999,0.535888889,0.5327222220000001,0.529944444,0.524,0.517611111,0.513555556
178,0.699722222,0.696777778,0.692555556,0.692666667,0.6901111109999999,0.6868888890000001,0.682333333,0.677444444,0.6737777779999999,0.672222222,0.6707777779999999,0.6687777779999999,0.670111111,0.666444444,0.6617777779999999,0.657611111,0.652611111,0.651833333,0.649333333,0.646166667,0.640055556,0.634555556,0.629444444,0.624777778,0.623222222,0.620166667,0.617777778,0.613222222,0.6102777779999999,0.6103333329999999
179,0.550722222,0.547666667,0.546444444,0.544222222,0.540666667,0.5365,0.531055556,0.5265,0.520611111,0.516444444,0.5141111110000001,0.5119444439999999,0.5093333329999999,0.5051111110000001,0.49972222200000005,0.49322222200000004,0.489611111,0.4835,0.47972222200000003,0.47766666700000004,0.476277778,0.47316666700000004,0.470611111,0.465277778,0.46077777799999997,0.458111111,0.454222222,0.447444444,0.43827777799999995,0.431166667
