0.765,0.809,0.7440000000000001,0.914,0.746,0.741,0.68,0.748,0.716,0.703,0.68,0.6779999999999999,0.773,0.855,0.621,0.7040000000000001,0.6579999999999999,0.614,0.73,0.7829999999999999,0.579,0.634,0.743,0.7340000000000001,0.708,0.6940000000000001,0.684,0.759,0.805,0.7979999999999999
0.005,0.028333333,0.001333333,0.081666667,0.0,0.0,0.0,0.0,0.0,0.0,0.0,0.0,0.068333333,0.006666666999999999,0.0,0.0,0.0,0.0,0.000666667,0.0016666670000000001,0.0,0.0,0.0,0.0,0.0,0.0,0.0,0.000666667,0.005,0.0
1.0,1.0,1.0,1.0,0.0,0.0,0.0,0.0,1.0,0.0,0.0,0.0,1.0,1.0,0.0,0.0,0.0,0.0,1.0,1.0,0.0,0.0,0.0,0.0,0.0,0.0,0.0,1.0,1.0,0.0
0.653333333,0.635,0.645,0.6,0.6316666670000001,0.6466666670000001,0.656666667,0.651666667,0.6466666670000001,0.651666667,0.671666667,0.683333333,0.678333333,0.6266666670000001,0.696666667,0.678333333,0.678333333,0.701666667,0.681666667,0.71,0.731666667,0.701666667,0.671666667,0.673333333,0.69,0.696666667,0.693333333,0.681666667,0.685,0.7
0.726666667,0.72,0.7333333329999999,0.6366666670000001,0.703333333,0.7333333329999999,0.7416666670000001,0.7416666670000001,0.723333333,0.7466666670000001,0.7533333329999999,0.77,0.768333333,0.661666667,0.788333333,0.745,0.7416666670000001,0.813333333,0.7383333329999999,0.8,0.81,0.796666667,0.7433333329999999,0.74,0.7616666670000001,0.788333333,0.786666667,0.7433333329999999,0.76,0.7616666670000001
0.595,0.58,0.586666667,0.573333333,0.573333333,0.586666667,0.586666667,0.593333333,0.605,0.598333333,0.6033333329999999,0.601666667,0.6183333329999999,0.606666667,0.61,0.6216666670000001,0.6333333329999999,0.596666667,0.645,0.676666667,0.66,0.6333333329999999,0.6316666670000001,0.6333333329999999,0.63,0.648333333,0.6416666670000001,0.643333333,0.6266666670000001,0.661666667
0.779,0.787,0.7765,0.8290000000000001,0.83,0.7435,0.7105,0.7140000000000001,0.732,0.7095,0.6915,0.679,0.7255,0.8140000000000001,0.738,0.6625,0.6809999999999999,0.636,0.672,0.7565,0.6809999999999999,0.6065,0.6885,0.7385,0.721,0.701,0.6890000000000001,0.7215,0.782,0.8015
0.0025,0.016666667,0.014833333,0.0415,0.040833333,0.0,0.0,0.0,0.0,0.0,0.0,0.0,0.034166667000000005,0.0375,0.003333333,0.0,0.0,0.0,0.00033333300000000006,0.001166667,0.000833333,0.0,0.0,0.0,0.0,0.0,0.0,0.00033333300000000006,0.002833333,0.0025
1.0,1.0,1.0,1.0,0.5,0.0,0.0,0.0,0.5,0.5,0.0,0.0,0.5,1.0,0.5,0.0,0.0,0.0,0.5,1.0,0.5,0.0,0.0,0.0,0.0,0.0,0.0,0.5,1.0,0.5
0.639166667,0.644166667,0.64,0.6225,0.615833333,0.639166667,0.651666667,0.654166667,0.649166667,0.649166667,0.661666667,0.6775,0.6808333329999999,0.6525,0.661666667,0.6875,0.678333333,0.69,0.691666667,0.6958333329999999,0.720833333,0.716666667,0.686666667,0.6725,0.681666667,0.693333333,0.695,0.6875,0.683333333,0.6925
0.701666667,0.723333333,0.726666667,0.685,0.67,0.718333333,0.7375,0.7416666670000001,0.7325,0.735,0.75,0.7616666670000001,0.769166667,0.715,0.725,0.7666666670000001,0.7433333329999999,0.7775,0.775833333,0.769166667,0.805,0.803333333,0.77,0.7416666670000001,0.750833333,0.775,0.7875,0.765,0.7516666670000001,0.760833333
0.595833333,0.5875,0.583333333,0.58,0.573333333,0.58,0.586666667,0.59,0.599166667,0.601666667,0.600833333,0.6025,0.61,0.6125,0.6083333329999999,0.615833333,0.6275,0.615,0.620833333,0.660833333,0.668333333,0.6466666670000001,0.6325,0.6325,0.6316666670000001,0.639166667,0.645,0.6425,0.635,0.644166667
0.757,0.789,0.7726666670000001,0.822333333,0.801333333,0.800333333,0.722333333,0.723,0.714666667,0.722333333,0.699666667,0.687,0.710333333,0.7686666670000001,0.7496666670000001,0.726666667,0.6609999999999999,0.658666667,0.667333333,0.7090000000000001,0.697333333,0.665333333,0.652,0.703666667,0.7283333329999999,0.7120000000000001,0.695333333,0.712333333,0.7493333329999999,0.787333333
0.0017777779999999998,0.011111111000000002,0.011555556000000002,0.037111111,0.027666667000000002,0.027222222,0.0,0.0,0.0,0.0,0.0,0.0,0.022777778,0.025,0.025,0.0022222220000000003,0.0,0.0,0.000222222,0.000777778,0.000777778,0.000555556,0.0,0.0,0.0,0.0,0.0,0.000222222,0.001888889,0.001888889
1.0,1.0,1.0,1.0,0.666666667,0.333333333,0.0,0.0,0.333333333,0.333333333,0.333333333,0.0,0.333333333,0.666666667,0.666666667,0.333333333,0.0,0.0,0.333333333,0.666666667,0.666666667,0.333333333,0.0,0.0,0.0,0.0,0.0,0.333333333,0.666666667,0.666666667
0.645,0.637777778,0.644444444,0.6266666670000001,0.625555556,0.626111111,0.645,0.651666667,0.651666667,0.65,0.656666667,0.668888889,0.6777777779999999,0.6627777779999999,0.667222222,0.667222222,0.684444444,0.686111111,0.687222222,0.697777778,0.707777778,0.7144444440000001,0.701666667,0.682222222,0.678333333,0.686666667,0.693333333,0.690555556,0.686666667,0.688888889
0.712777778,0.707777778,0.726666667,0.696666667,0.6911111109999999,0.6911111109999999,0.7261111109999999,0.738888889,0.7355555559999999,0.737222222,0.7411111109999999,0.7566666670000001,0.7638888890000001,0.7333333329999999,0.7394444440000001,0.731666667,0.7583333329999999,0.7666666670000001,0.7644444440000001,0.7838888890000001,0.7827777779999999,0.802222222,0.783333333,0.76,0.7483333329999999,0.763333333,0.7788888890000001,0.7727777779999999,0.763333333,0.755
0.594444444,0.590555556,0.5872222220000001,0.58,0.577777778,0.577777778,0.5822222220000001,0.588888889,0.595,0.598888889,0.6022222220000001,0.601111111,0.607777778,0.6088888889999999,0.611666667,0.612777778,0.6216666670000001,0.617222222,0.625,0.639444444,0.660555556,0.656666667,0.6416666670000001,0.632777778,0.6316666670000001,0.637222222,0.64,0.644444444,0.637222222,0.643888889
0.74725,0.77,0.77775,0.8079999999999999,0.80325,0.78625,0.77025,0.72875,0.72125,0.71175,0.71175,0.69425,0.7085,0.7465,0.73175,0.73825,0.7095,0.64925,0.6765,0.69625,0.6765,0.6815,0.68475,0.6725,0.70475,0.71975,0.705,0.71125,0.7355,0.7615
0.00425,0.008416667,0.008666667,0.029083333,0.027833333,0.02075,0.020416667,0.0,0.0,0.0,0.0,0.0,0.017083333,0.01875,0.01875,0.01875,0.0016666670000000001,0.0,0.000166667,0.000583333,0.000583333,0.000583333,0.00041666699999999996,0.0,0.0,0.0,0.0,0.000166667,0.0014166670000000001,0.0014166670000000001
1.0,1.0,1.0,1.0,0.75,0.5,0.25,0.0,0.25,0.25,0.25,0.25,0.25,0.5,0.5,0.5,0.25,0.0,0.25,0.5,0.5,0.5,0.25,0.0,0.0,0.0,0.0,0.25,0.5,0.5
0.648333333,0.6425,0.6395833329999999,0.6333333329999999,0.627916667,0.630833333,0.63375,0.6466666670000001,0.650416667,0.651666667,0.655416667,0.663333333,0.67125,0.665,0.67125,0.67,0.67,0.68875,0.685,0.692916667,0.70625,0.70625,0.70375,0.694583333,0.6841666670000001,0.682916667,0.688333333,0.690416667,0.6891666670000001,0.69
0.725,0.714583333,0.714166667,0.7041666670000001,0.698333333,0.701666667,0.70375,0.73,0.735,0.7383333329999999,0.74125,0.7483333329999999,0.7595833329999999,0.7383333329999999,0.747083333,0.740833333,0.734166667,0.772083333,0.7595833329999999,0.773333333,0.790416667,0.78625,0.7875,0.7725,0.760416667,0.7583333329999999,0.769166667,0.77,0.7695833329999999,0.762916667
0.597916667,0.590833333,0.589583333,0.58375,0.578333333,0.58,0.58,0.585,0.592916667,0.595833333,0.6,0.6020833329999999,0.6054166670000001,0.6075,0.609166667,0.614166667,0.617916667,0.6154166670000001,0.624166667,0.637916667,0.6445833329999999,0.65375,0.650416667,0.6395833329999999,0.632083333,0.635833333,0.638333333,0.640833333,0.64,0.643333333
0.7306,0.7596,0.7648,0.805,0.7956,0.7908,0.765,0.7658,0.7262,0.7176,0.7054,0.705,0.71,0.7378,0.7214,0.7262,0.7222,0.6904,0.6654,0.6978,0.6728,0.6679999999999999,0.6938,0.6946,0.6796,0.7026,0.7126,0.7158,0.73,0.748
0.0034,0.009066666999999999,0.006999999999999999,0.023266667,0.023266667,0.022266667,0.0166,0.016333333000000002,0.0,0.0,0.0,0.0,0.013666667,0.015,0.015,0.015,0.015,0.001333333,0.000133333,0.000466667,0.000466667,0.000466667,0.000466667,0.00033333300000000006,0.0,0.0,0.0,0.000133333,0.001133333,0.001133333
0.8,1.0,1.0,1.0,0.8,0.6,0.4,0.2,0.2,0.2,0.2,0.2,0.4,0.4,0.4,0.4,0.4,0.2,0.2,0.4,0.4,0.4,0.4,0.2,0.0,0.0,0.0,0.2,0.4,0.4
0.648333333,0.6456666670000001,0.643,0.6316666670000001,0.633,0.6316666670000001,0.636,0.637333333,0.6466666670000001,0.650666667,0.655666667,0.6609999999999999,0.666333333,0.662333333,0.671333333,0.672666667,0.671666667,0.676333333,0.687333333,0.69,0.700666667,0.705333333,0.699333333,0.697666667,0.693666667,0.686666667,0.685,0.687,0.689333333,0.691333333
0.726666667,0.7240000000000001,0.718333333,0.698666667,0.7040000000000001,0.705333333,0.709666667,0.711333333,0.728666667,0.7373333329999999,0.7413333329999999,0.747,0.7523333329999999,0.74,0.7483333329999999,0.7466666670000001,0.741,0.75,0.765333333,0.7676666670000001,0.780666667,0.791666667,0.777666667,0.778,0.770333333,0.7659999999999999,0.764,0.764,0.768,0.768
0.5920000000000001,0.594333333,0.59,0.586333333,0.581666667,0.58,0.581333333,0.582666667,0.589,0.594,0.597333333,0.600333333,0.6053333329999999,0.605666667,0.608,0.611666667,0.618,0.613666667,0.6213333329999999,0.6346666670000001,0.642333333,0.642333333,0.649333333,0.647,0.6376666670000001,0.635333333,0.637,0.639333333,0.638,0.644333333
0.725333333,0.7436666670000001,0.757,0.789666667,0.795166667,0.7865,0.772333333,0.762166667,0.7575,0.722333333,0.711333333,0.700833333,0.716333333,0.734166667,0.718333333,0.7185,0.714833333,0.7041666670000001,0.6970000000000001,0.685,0.6779999999999999,0.666333333,0.6805,0.7005,0.6968333329999999,0.682,0.6995,0.720333333,0.730666667,0.7413333329999999
0.002833333,0.007555556,0.007777778000000001,0.019444443999999998,0.019388889,0.019388889,0.018555556,0.013833333,0.013611111,0.0,0.0,0.0,0.011388889,0.0125,0.0125,0.0125,0.0125,0.0125,0.001222222,0.000388889,0.000388889,0.000388889,0.000388889,0.000388889,0.000277778,0.0,0.0,0.000111111,0.0009444439999999999,0.0009444439999999999
0.666666667,0.833333333,1.0,1.0,0.833333333,0.666666667,0.5,0.333333333,0.333333333,0.166666667,0.166666667,0.166666667,0.333333333,0.5,0.333333333,0.333333333,0.333333333,0.333333333,0.333333333,0.333333333,0.333333333,0.333333333,0.333333333,0.333333333,0.166666667,0.0,0.0,0.166666667,0.333333333,0.333333333
0.646388889,0.646111111,0.645555556,0.635833333,0.6316666670000001,0.635277778,0.635833333,0.638611111,0.638888889,0.6475,0.654166667,0.660277778,0.663888889,0.6597222220000001,0.668055556,0.6725,0.6736111109999999,0.676666667,0.677222222,0.6911111109999999,0.6969444440000001,0.700833333,0.699722222,0.695,0.6963888890000001,0.6941666670000001,0.687777778,0.684444444,0.686666667,0.6911111109999999
0.7263888890000001,0.725555556,0.725555556,0.704722222,0.699444444,0.708888889,0.7113888890000001,0.715,0.713333333,0.731666667,0.74,0.7461111109999999,0.7505555559999999,0.737222222,0.748055556,0.747777778,0.745833333,0.753055556,0.748055556,0.771111111,0.7747222220000001,0.783333333,0.7836111109999999,0.771388889,0.775277778,0.773333333,0.769444444,0.7605555559999999,0.763333333,0.7669444440000001
0.589166667,0.59,0.593055556,0.5872222220000001,0.5841666670000001,0.5825,0.581111111,0.583333333,0.586388889,0.590555556,0.595555556,0.598055556,0.6033333329999999,0.605555556,0.606388889,0.6102777779999999,0.6152777779999999,0.614444444,0.6188888889999999,0.630555556,0.638888889,0.640833333,0.640555556,0.6466666670000001,0.644166667,0.639444444,0.636388889,0.638055556,0.637222222,0.641944444
0.7240000000000001,0.7372857140000001,0.7437142859999999,0.779428571,0.783428571,0.787428571,0.771285714,0.768857143,0.7555714290000001,0.7497142859999999,0.7162857140000001,0.706571429,0.711142857,0.736142857,0.718,0.7162857140000001,0.709857143,0.7004285709999999,0.707857143,0.7092857140000001,0.669857143,0.6717142859999999,0.677285714,0.688142857,0.701571429,0.6964285709999999,0.682285714,0.708,0.7324285709999999,0.7402857140000001
0.002428571,0.00647619,0.006666666999999999,0.018333333,0.016666667,0.016619048,0.016619048,0.015904762,0.011857143,0.011666667,0.0,0.0,0.009761905,0.010714286000000002,0.010714286000000002,0.010714286000000002,0.010714286000000002,0.010714286000000002,0.010809524,0.0012857139999999999,0.00033333300000000006,0.00033333300000000006,0.00033333300000000006,0.00033333300000000006,0.00033333300000000006,0.000238095,0.0,9.520000000000001e-05,0.0008095239999999999,0.0008095239999999999
0.571428571,0.7142857140000001,0.857142857,1.0,0.857142857,0.7142857140000001,0.571428571,0.428571429,0.428571429,0.28571428600000004,0.14285714300000002,0.14285714300000002,0.28571428600000004,0.428571429,0.428571429,0.28571428600000004,0.28571428600000004,0.28571428600000004,0.428571429,0.428571429,0.28571428600000004,0.28571428600000004,0.28571428600000004,0.28571428600000004,0.28571428600000004,0.14285714300000002,0.0,0.14285714300000002,0.28571428600000004,0.28571428600000004
0.643333333,0.644761905,0.645952381,0.639047619,0.635238095,0.633809524,0.638333333,0.638095238,0.639761905,0.640714286,0.650952381,0.658333333,0.662857143,0.658571429,0.665,0.66952381,0.673333333,0.677619048,0.677380952,0.681904762,0.6969047620000001,0.697619048,0.696666667,0.6959523809999999,0.694285714,0.6964285709999999,0.694047619,0.6869047620000001,0.68452381,0.688571429
0.7242857140000001,0.72547619,0.726666667,0.7128571429999999,0.70452381,0.7042857140000001,0.713571429,0.715714286,0.716190476,0.718095238,0.734761905,0.7442857140000001,0.7492857140000001,0.7378571429999999,0.74452381,0.747619048,0.746904762,0.75547619,0.750952381,0.75547619,0.776666667,0.777857143,0.7776190479999999,0.777380952,0.77,0.7771428570000001,0.775238095,0.7657142859999999,0.76047619,0.763095238
0.584285714,0.5878571429999999,0.58952381,0.590238095,0.585238095,0.58452381,0.583095238,0.582857143,0.586428571,0.588095238,0.5923809520000001,0.596428571,0.600952381,0.603809524,0.606190476,0.6085714289999999,0.613571429,0.612619048,0.618809524,0.627142857,0.634761905,0.638095238,0.63952381,0.63952381,0.644285714,0.644761905,0.639761905,0.637380952,0.636428571,0.640714286
0.73225,0.734625,0.738125,0.765,0.77525,0.778125,0.774,0.768375,0.76225,0.7490000000000001,0.741,0.7115,0.714875,0.729125,0.72175,0.71625,0.7090000000000001,0.697875,0.704125,0.71725,0.693,0.665375,0.680625,0.684375,0.690625,0.700625,0.694875,0.691875,0.720125,0.740625
0.002125,0.005666666999999999,0.0058333330000000004,0.016041667,0.016041667,0.014583333,0.014541667,0.014541667,0.013916666999999999,0.010375,0.010208333,0.0,0.008541667,0.009375,0.009375,0.009375,0.009375,0.009375,0.009458333000000001,0.009666667,0.001125,0.000291667,0.000291667,0.000291667,0.000291667,0.000291667,0.000208333,8.329999999999999e-05,0.000708333,0.000708333
0.625,0.625,0.75,0.875,0.875,0.75,0.625,0.5,0.5,0.375,0.25,0.125,0.25,0.375,0.375,0.375,0.25,0.25,0.375,0.5,0.375,0.25,0.25,0.25,0.25,0.25,0.125,0.125,0.25,0.25
0.638541667,0.6422916670000001,0.644791667,0.640208333,0.638125,0.6366666670000001,0.6366666670000001,0.64,0.639166667,0.64125,0.6445833329999999,0.655,0.660833333,0.658333333,0.663333333,0.666666667,0.670625,0.676875,0.678125,0.6814583329999999,0.688125,0.6975,0.694375,0.69375,0.695208333,0.694583333,0.696041667,0.6925,0.686666667,0.6864583329999999
0.71875,0.72375,0.726458333,0.7154166670000001,0.711666667,0.708125,0.708958333,0.7170833329999999,0.716666667,0.72,0.7225,0.739166667,0.747291667,0.7383333329999999,0.744166667,0.744583333,0.746875,0.755208333,0.7533333329999999,0.757083333,0.7622916670000001,0.779166667,0.773541667,0.7729166670000001,0.775416667,0.7722916670000001,0.778333333,0.77125,0.765,0.760625
0.580833333,0.58375,0.5877083329999999,0.5875,0.588125,0.5854166670000001,0.5847916670000001,0.584375,0.585625,0.587916667,0.59,0.593541667,0.599166667,0.601666667,0.604583333,0.608125,0.611666667,0.611458333,0.6166666670000001,0.6260416670000001,0.63125,0.6345833329999999,0.6372916670000001,0.63875,0.638333333,0.644791667,0.644375,0.640208333,0.636041667,0.6395833329999999
0.733,0.740777778,0.735666667,0.7576666670000001,0.7628888890000001,0.771444444,0.767222222,0.771111111,0.7625555559999999,0.7556666670000001,0.7413333329999999,0.7340000000000001,0.718333333,0.7304444440000001,0.7171111109999999,0.719777778,0.709777778,0.698444444,0.7014444440000001,0.712888889,0.701888889,0.686444444,0.674,0.686555556,0.687,0.691,0.698777778,0.7020000000000001,0.7044444440000001,0.728777778
0.0019259260000000001,0.005037037,0.005185185,0.014259259,0.014259259,0.014259259,0.012962963000000001,0.012925926,0.012925926,0.01237037,0.009222221999999999,0.009074074,0.007592593000000001,0.008333333,0.008333333,0.008333333,0.008333333,0.008333333,0.008407406999999999,0.008592593,0.008592593,0.001,0.000259259,0.000259259,0.000259259,0.000259259,0.000259259,0.000259259,0.00062963,0.00062963
0.666666667,0.666666667,0.666666667,0.7777777779999999,0.7777777779999999,0.7777777779999999,0.666666667,0.5555555560000001,0.5555555560000001,0.444444444,0.333333333,0.222222222,0.222222222,0.333333333,0.333333333,0.333333333,0.333333333,0.222222222,0.333333333,0.444444444,0.444444444,0.333333333,0.222222222,0.222222222,0.222222222,0.222222222,0.222222222,0.222222222,0.222222222,0.222222222
0.63462963,0.638148148,0.6425925929999999,0.639814815,0.639259259,0.6390740739999999,0.638888889,0.638333333,0.640740741,0.640555556,0.64462963,0.648888889,0.657592593,0.657037037,0.662592593,0.665,0.667962963,0.6740740740000001,0.677407407,0.681666667,0.6870370370000001,0.68962963,0.69462963,0.6920370370000001,0.693333333,0.69537037,0.694444444,0.694444444,0.691666667,0.688148148
0.716851852,0.718888889,0.724814815,0.716481481,0.7140740740000001,0.7140740740000001,0.711851852,0.712592593,0.717777778,0.72,0.7237037040000001,0.727777778,0.7424074070000001,0.737777778,0.743888889,0.744259259,0.744259259,0.754259259,0.7533333329999999,0.7585185190000001,0.762962963,0.766111111,0.775185185,0.769814815,0.7716666670000001,0.7768518520000001,0.7738888890000001,0.774444444,0.77,0.76462963
0.576111111,0.5807407410000001,0.584074074,0.586111111,0.585925926,0.587962963,0.585555556,0.5857407410000001,0.586666667,0.587037037,0.58962963,0.591296296,0.596296296,0.6,0.602592593,0.606481481,0.6109259260000001,0.61,0.615185185,0.6233333329999999,0.629814815,0.631481481,0.634259259,0.636851852,0.637777778,0.639444444,0.644444444,0.644259259,0.638703704,0.638888889
0.7468,0.7406,0.7411,0.7535,0.7565,0.7607,0.7623,0.7653,0.7656,0.7566,0.7481,0.735,0.7379,0.732,0.7195,0.7158,0.7136,0.7002,0.7016,0.7096,0.6995,0.6951,0.6921,0.68,0.6887,0.6877,0.6903,0.7048,0.7123,0.7138
0.008066667,0.004566667,0.004666667,0.012833333,0.012833333,0.012833333,0.012833333,0.011666667,0.011633333000000001,0.011633333000000001,0.011133333,0.0083,0.015,0.0075,0.0075,0.0075,0.0075,0.0075,0.007566666999999999,0.007733333,0.007733333,0.007733333,0.0009,0.00023333299999999998,0.00023333299999999998,0.00023333299999999998,0.00023333299999999998,0.0003,0.0007333330000000001,0.000566667
0.7,0.7,0.7,0.7,0.7,0.7,0.7,0.6,0.6,0.5,0.4,0.3,0.3,0.3,0.3,0.3,0.3,0.3,0.3,0.4,0.4,0.4,0.3,0.2,0.2,0.2,0.2,0.3,0.3,0.2
0.6303333329999999,0.6346666670000001,0.638833333,0.638333333,0.639,0.64,0.640833333,0.640166667,0.639166667,0.641833333,0.6436666670000001,0.6485,0.651833333,0.6545,0.6609999999999999,0.664166667,0.666333333,0.671333333,0.6748333329999999,0.680666667,0.686666667,0.6885,0.6878333329999999,0.6925,0.6918333329999999,0.693666667,0.6951666670000001,0.6931666670000001,0.6935,0.6925
0.715,0.717166667,0.720333333,0.716,0.715166667,0.716,0.716833333,0.714833333,0.713666667,0.720666667,0.723333333,0.7283333329999999,0.731833333,0.7343333329999999,0.742833333,0.7440000000000001,0.7440000000000001,0.751166667,0.7526666670000001,0.758,0.7636666670000001,0.766333333,0.763833333,0.7716666670000001,0.769,0.773333333,0.777833333,0.770833333,0.773,0.769166667
0.574,0.5765,0.581333333,0.583,0.584833333,0.586,0.587833333,0.586333333,0.587666667,0.587833333,0.588666667,0.590833333,0.594,0.597333333,0.601,0.6045,0.609166667,0.6095,0.6135,0.6213333329999999,0.627,0.630166667,0.6315,0.634166667,0.636166667,0.638833333,0.6396666670000001,0.644333333,0.6425,0.6409999999999999
0.744363636,0.752454545,0.7409090909999999,0.7568181820000001,0.7528181820000001,0.7550909090000001,0.7533636359999999,0.7609999999999999,0.7608181820000001,0.7599090909999999,0.7496363640000001,0.741727273,0.738454545,0.748545455,0.7219090909999999,0.718090909,0.710545455,0.704545455,0.702909091,0.7090000000000001,0.6977272729999999,0.693545455,0.699454545,0.695909091,0.682545455,0.689181818,0.687363636,0.696545455,0.713909091,0.7200909090000001
0.009000000000000001,0.009909091,0.0042727270000000005,0.011666667,0.011666667,0.011666667,0.011666667,0.011666667,0.010606061000000002,0.010575758000000001,0.010575758000000001,0.010121212,0.013757576,0.014242423999999998,0.006818182,0.006818182,0.006818182,0.006818182,0.006878788,0.007030303000000001,0.007030303000000001,0.007030303000000001,0.007030303000000001,0.000818182,0.00021212099999999998,0.00021212099999999998,0.00021212099999999998,0.000272727,0.0007272730000000001,0.000666667
0.727272727,0.727272727,0.727272727,0.727272727,0.636363636,0.636363636,0.636363636,0.636363636,0.636363636,0.545454545,0.454545455,0.363636364,0.363636364,0.363636364,0.272727273,0.272727273,0.272727273,0.272727273,0.363636364,0.363636364,0.363636364,0.363636364,0.363636364,0.272727273,0.181818182,0.181818182,0.181818182,0.272727273,0.363636364,0.272727273
0.6315151520000001,0.630757576,0.635606061,0.63530303,0.637727273,0.63969697,0.641515152,0.6418181820000001,0.640757576,0.64030303,0.644545455,0.647272727,0.651212121,0.649545455,0.658333333,0.662575758,0.665454545,0.669545455,0.6722727270000001,0.678030303,0.68530303,0.688030303,0.686969697,0.686515152,0.692272727,0.692272727,0.6936363640000001,0.693939394,0.6924242420000001,0.694090909
0.717121212,0.715454545,0.7186363640000001,0.7127272729999999,0.714848485,0.716818182,0.718333333,0.7190909090000001,0.7156060609999999,0.716666667,0.7236363640000001,0.727575758,0.731969697,0.725454545,0.7392424240000001,0.743030303,0.7437878790000001,0.75030303,0.75,0.756969697,0.762727273,0.7666666670000001,0.7642424240000001,0.7616666670000001,0.7707575759999999,0.7707575759999999,0.774545455,0.77469697,0.769848485,0.7719696970000001
0.574848485,0.574545455,0.577424242,0.580606061,0.582121212,0.585,0.586060606,0.588333333,0.5880303029999999,0.588636364,0.5892424239999999,0.589848485,0.593333333,0.595151515,0.598484848,0.6028787879999999,0.607121212,0.6080303029999999,0.612727273,0.619242424,0.624848485,0.627575758,0.63030303,0.6316666670000001,0.633787879,0.637272727,0.639090909,0.64,0.642727273,0.644242424
0.7413333329999999,0.74975,0.75175,0.7553333329999999,0.755916667,0.751833333,0.748833333,0.752916667,0.75725,0.7559999999999999,0.75325,0.7436666670000001,0.7443333329999999,0.748166667,0.737916667,0.7204166670000001,0.7130833329999999,0.7025,0.706666667,0.709583333,0.6981666670000001,0.692416667,0.697666667,0.702333333,0.696916667,0.6835,0.68875,0.693333333,0.705583333,0.720916667
0.00825,0.010611111000000001,0.009194444,0.010722222,0.010694443999999999,0.010694443999999999,0.010694443999999999,0.010694443999999999,0.010694443999999999,0.009722221999999999,0.009694444,0.009694444,0.014972222,0.013166667,0.013055556000000001,0.00625,0.00625,0.00625,0.0063055559999999995,0.0064444440000000006,0.0064444440000000006,0.0064444440000000006,0.0064444440000000006,0.0064444440000000006,0.00075,0.00019444400000000002,0.00019444400000000002,0.00025,0.000666667,0.000666667
0.666666667,0.75,0.75,0.75,0.666666667,0.583333333,0.583333333,0.583333333,0.666666667,0.583333333,0.5,0.41666666700000005,0.41666666700000005,0.41666666700000005,0.333333333,0.25,0.25,0.25,0.333333333,0.41666666700000005,0.333333333,0.333333333,0.333333333,0.333333333,0.25,0.166666667,0.166666667,0.25,0.333333333,0.333333333
0.6315277779999999,0.631805556,0.6319444439999999,0.632638889,0.635,0.638472222,0.6411111110000001,0.642361111,0.642222222,0.6416666670000001,0.642916667,0.6477777779999999,0.649861111,0.649166667,0.653472222,0.66,0.663888889,0.668472222,0.670555556,0.675416667,0.6825,0.686666667,0.686666667,0.6858333329999999,0.6868055559999999,0.692638889,0.692361111,0.692638889,0.6931944440000001,0.6930555559999999
0.7180555559999999,0.717361111,0.716944444,0.711805556,0.711944444,0.7163888890000001,0.718888889,0.7202777779999999,0.7194444440000001,0.7181944440000001,0.719722222,0.7275,0.730972222,0.7261111109999999,0.730694444,0.739722222,0.742916667,0.749583333,0.7493055559999999,0.754166667,0.761388889,0.7655555559999999,0.7647222220000001,0.762222222,0.7616666670000001,0.772222222,0.772083333,0.7719444440000001,0.773472222,0.769166667
0.573472222,0.575277778,0.575555556,0.5770833329999999,0.58,0.5825,0.585138889,0.586666667,0.589722222,0.588888889,0.589861111,0.5902777779999999,0.5922222220000001,0.594444444,0.596388889,0.6004166670000001,0.6054166670000001,0.60625,0.611111111,0.6180555560000001,0.622638889,0.625555556,0.627916667,0.630555556,0.6315277779999999,0.635,0.637638889,0.639444444,0.638888889,0.6443055560000001
0.7422307690000001,0.7465384620000001,0.749307692,0.7642307690000001,0.754615385,0.7547692309999999,0.746307692,0.7487692309999999,0.750076923,0.753076923,0.7501538459999999,0.7474615379999999,0.745923077,0.7528461540000001,0.738384615,0.735307692,0.715615385,0.705461538,0.704615385,0.712538462,0.699538462,0.693230769,0.696307692,0.700461538,0.702769231,0.6966923079999999,0.683538462,0.694153846,0.701923077,0.7126923079999999
0.007615385,0.009794872,0.009897435999999999,0.014769231,0.009897435999999999,0.009871795,0.009871795,0.009871795,0.009871795,0.009871795,0.008974359,0.008948718,0.014205128000000001,0.014333333,0.012153846000000001,0.012051282,0.005769231,0.005769231,0.005820513,0.005948718,0.005948718,0.005948718,0.005948718,0.005948718,0.005948718,0.000692308,0.000179487,0.00023076900000000003,0.000615385,0.000615385
0.615384615,0.692307692,0.7692307690000001,0.7692307690000001,0.692307692,0.615384615,0.538461538,0.538461538,0.615384615,0.615384615,0.538461538,0.46153846200000004,0.46153846200000004,0.46153846200000004,0.384615385,0.307692308,0.23076923100000002,0.23076923100000002,0.307692308,0.384615385,0.384615385,0.307692308,0.307692308,0.307692308,0.307692308,0.23076923100000002,0.153846154,0.23076923100000002,0.307692308,0.307692308
0.629615385,0.6317948720000001,0.632820513,0.629487179,0.632564103,0.635897436,0.639871795,0.6419230770000001,0.642692308,0.642948718,0.643974359,0.646025641,0.650128205,0.648076923,0.652820513,0.655384615,0.661410256,0.666794872,0.669487179,0.673589744,0.67974359,0.683974359,0.685512821,0.685641026,0.686153846,0.6875641029999999,0.6926923079999999,0.691538462,0.692051282,0.6937179490000001
0.713461538,0.7182051279999999,0.7185897440000001,0.7107692309999999,0.711153846,0.7135897440000001,0.718333333,0.7206410259999999,0.7205128209999999,0.721538462,0.7208974359999999,0.7235897440000001,0.7306410259999999,0.7256410259999999,0.7308974359999999,0.731794872,0.739871795,0.7483333329999999,0.7487179490000001,0.753205128,0.7584615379999999,0.7641025640000001,0.7638461540000001,0.762820513,0.762179487,0.763717949,0.773333333,0.769871795,0.7710256409999999,0.772564103
0.573205128,0.5739743589999999,0.576153846,0.575384615,0.576794872,0.580512821,0.5828205129999999,0.585769231,0.5880769229999999,0.590384615,0.59,0.590769231,0.592435897,0.593333333,0.595641026,0.598333333,0.6029487179999999,0.60474359,0.609230769,0.616153846,0.621282051,0.6234615379999999,0.626025641,0.6283333329999999,0.6305128210000001,0.632820513,0.6355128210000001,0.638076923,0.6384615379999999,0.6406410260000001
0.735714286,0.747,0.746357143,0.761071429,0.7629285709999999,0.753642857,0.7494285709999999,0.7464285709999999,0.7464285709999999,0.7467142859999999,0.747857143,0.745,0.7492857140000001,0.7537142859999999,0.7434285709999999,0.735928571,0.729785714,0.708357143,0.7072142859999999,0.7102142859999999,0.703,0.694857143,0.6967857140000001,0.6990000000000001,0.701,0.702142857,0.6957857140000001,0.6889285709999999,0.7020714290000001,0.708785714
0.007071429000000001,0.009095238,0.009190476,0.01502381,0.013714286000000001,0.009190476,0.009166667,0.009166667,0.009166667,0.009166667,0.009166667,0.008333333,0.013190476000000001,0.013666667,0.013309524,0.011285713999999999,0.011190476000000001,0.005357143000000001,0.005404762,0.00552381,0.00552381,0.00552381,0.00552381,0.00552381,0.00552381,0.00552381,0.0006428569999999999,0.00021428599999999997,0.000571429,0.000571429
0.571428571,0.642857143,0.7142857140000001,0.7857142859999999,0.7142857140000001,0.642857143,0.571428571,0.5,0.571428571,0.571428571,0.571428571,0.5,0.5,0.5,0.428571429,0.35714285700000004,0.28571428600000004,0.214285714,0.28571428600000004,0.35714285700000004,0.35714285700000004,0.35714285700000004,0.28571428600000004,0.28571428600000004,0.28571428600000004,0.28571428600000004,0.214285714,0.214285714,0.28571428600000004,0.28571428600000004
0.63047619,0.63,0.632738095,0.63047619,0.629642857,0.633571429,0.637380952,0.640714286,0.642261905,0.643333333,0.645,0.646785714,0.648333333,0.648452381,0.651547619,0.654642857,0.65702381,0.664285714,0.667857143,0.672380952,0.677738095,0.6813095240000001,0.6830952379999999,0.684642857,0.6859523809999999,0.6869047620000001,0.68797619,0.6919047620000001,0.6910714290000001,0.692619048
0.712619048,0.713928571,0.7192857140000001,0.712738095,0.710238095,0.712738095,0.715595238,0.72,0.720833333,0.7223809520000001,0.7238095240000001,0.724404762,0.726785714,0.725714286,0.7301190479999999,0.731904762,0.7325,0.745119048,0.747619048,0.752380952,0.757261905,0.7611904759999999,0.762619048,0.7621428570000001,0.762738095,0.7640476190000001,0.765357143,0.7711904759999999,0.769166667,0.770357143
0.573571429,0.573690476,0.574880952,0.575952381,0.575238095,0.5775,0.580952381,0.583571429,0.587142857,0.588809524,0.591309524,0.590833333,0.592738095,0.593452381,0.59452381,0.5975,0.600833333,0.6025,0.607619048,0.6140476189999999,0.619285714,0.622142857,0.6240476189999999,0.626547619,0.628452381,0.6317857139999999,0.633452381,0.636071429,0.637261905,0.640119048
0.725933333,0.7406,0.7468,0.7575333329999999,0.760066667,0.761466667,0.748733333,0.7493333329999999,0.7444,0.743533333,0.742266667,0.7432,0.746866667,0.7563333329999999,0.744866667,0.7408,0.730733333,0.722066667,0.7098,0.7122666670000001,0.701466667,0.6984,0.6980666670000001,0.6992666670000001,0.6996,0.700533333,0.7009333329999999,0.7,0.696666667,0.708466667
0.0066,0.008488889,0.008577778000000001,0.014022221999999999,0.014022221999999999,0.0128,0.008577778000000001,0.008555556,0.008555556,0.008555556,0.008555556,0.008555556,0.012333333,0.012755556000000001,0.012755556000000001,0.012422222,0.010533333,0.010444444,0.005044444,0.0051555559999999995,0.0051555559999999995,0.0051555559999999995,0.0051555559999999995,0.0051555559999999995,0.0051555559999999995,0.0051555559999999995,0.0051555559999999995,0.000644444,0.000533333,0.000533333
0.533333333,0.6,0.666666667,0.7333333329999999,0.7333333329999999,0.666666667,0.6,0.533333333,0.533333333,0.533333333,0.533333333,0.533333333,0.533333333,0.533333333,0.46666666700000003,0.4,0.333333333,0.26666666699999997,0.26666666699999997,0.333333333,0.333333333,0.333333333,0.333333333,0.26666666699999997,0.26666666699999997,0.26666666699999997,0.26666666699999997,0.26666666699999997,0.26666666699999997,0.26666666699999997
0.632222222,0.630777778,0.631,0.630555556,0.630555556,0.630777778,0.6351111110000001,0.638333333,0.6411111110000001,0.642888889,0.645222222,0.647555556,0.648888889,0.646888889,0.651666667,0.653333333,0.656222222,0.66,0.665444444,0.670666667,0.676333333,0.679333333,0.680666667,0.682444444,0.685,0.686666667,0.687333333,0.687555556,0.691444444,0.691666667
0.716333333,0.7131111109999999,0.7152222220000001,0.713777778,0.7121111109999999,0.711777778,0.714666667,0.717333333,0.7202222220000001,0.722555556,0.7244444440000001,0.726888889,0.7273333329999999,0.7224444440000001,0.729888889,0.7311111109999999,0.7325555559999999,0.737888889,0.7446666670000001,0.7511111109999999,0.756222222,0.7598888890000001,0.76,0.761111111,0.762111111,0.7644444440000001,0.7655555559999999,0.7638888890000001,0.770444444,0.7686666670000001
0.572888889,0.574,0.574555556,0.574777778,0.575777778,0.5760000000000001,0.578111111,0.581777778,0.585,0.587888889,0.589777778,0.5920000000000001,0.592666667,0.593666667,0.594555556,0.596333333,0.599888889,0.600555556,0.6053333329999999,0.612222222,0.617111111,0.620222222,0.622777778,0.6246666670000001,0.626777778,0.629777778,0.632444444,0.6341111110000001,0.635444444,0.638888889
0.7173125,0.731125,0.7408125,0.75725,0.7568125,0.758875,0.756375,0.7486875,0.74725,0.7418125,0.7395625,0.73825,0.7450625,0.753625,0.747875,0.7423125,0.735625,0.7234375,0.7225625,0.714375,0.7039375,0.69725,0.7011875,0.7003125,0.6998125,0.69925,0.6995,0.7045625,0.7065625,0.703
0.0061875,0.007958333,0.008041666999999999,0.013145833,0.013145833,0.013145833,0.012,0.008041666999999999,0.008020833,0.008020833,0.008020833,0.008020833,0.012291667,0.011979166999999999,0.011958333,0.011958333,0.011645833000000001,0.009875,0.009833333,0.0048333329999999996,0.0048333329999999996,0.0048333329999999996,0.0048333329999999996,0.0048333329999999996,0.0048333329999999996,0.0048333329999999996,0.0048333329999999996,0.004875,0.000916667,0.0005
0.5,0.5625,0.625,0.6875,0.6875,0.6875,0.625,0.5625,0.5625,0.5,0.5,0.5,0.5625,0.5625,0.5,0.4375,0.375,0.3125,0.3125,0.3125,0.3125,0.3125,0.3125,0.3125,0.25,0.25,0.25,0.3125,0.3125,0.25
0.6321875,0.632395833,0.6316666670000001,0.6290625,0.630625,0.6315625,0.632395833,0.6361458329999999,0.6388541670000001,0.6417708329999999,0.6446875,0.647604167,0.6494791670000001,0.6475,0.65,0.653333333,0.654895833,0.6590625,0.661354167,0.668229167,0.674479167,0.6779166670000001,0.678854167,0.6802083329999999,0.682916667,0.6857291670000001,0.687083333,0.6869791670000001,0.687395833,0.6919791670000001
0.714375,0.7165625,0.714375,0.7103125,0.713125,0.7134375,0.713645833,0.716354167,0.7177083329999999,0.721875,0.724479167,0.727291667,0.729479167,0.7232291670000001,0.7265625,0.730833333,0.731770833,0.737604167,0.737916667,0.748125,0.754791667,0.75875,0.7588541670000001,0.75875,0.7611458329999999,0.76375,0.765833333,0.764166667,0.763645833,0.769895833
0.573958333,0.573333333,0.5747916670000001,0.574479167,0.5746875,0.5764583329999999,0.576666667,0.5790625,0.583229167,0.585833333,0.588854167,0.590520833,0.593645833,0.593541667,0.5946875,0.59625,0.598645833,0.5996875,0.6033333329999999,0.609791667,0.615208333,0.618125,0.6209375,0.6234375,0.625,0.628125,0.630520833,0.633125,0.633645833,0.637083333
0.711294118,0.7227058820000001,0.7318823529999999,0.7509999999999999,0.756588235,0.755882353,0.7542352940000001,0.755882353,0.7467647059999999,0.7446470590000001,0.738176471,0.735941176,0.740294118,0.751529412,0.745823529,0.745294118,0.7373529409999999,0.728470588,0.723823529,0.726117647,0.706411765,0.6998235290000001,0.6999411759999999,0.703117647,0.700764706,0.699470588,0.6983529409999999,0.703,0.710470588,0.711941176
0.005823529,0.007490196,0.007568627,0.012372548999999998,0.012372548999999998,0.012372548999999998,0.012372548999999998,0.011294118,0.007568627,0.00754902,0.00754902,0.00754902,0.011568627,0.011960783999999999,0.01127451,0.011254901999999999,0.011254901999999999,0.010960784,0.009333333000000001,0.009352941,0.00454902,0.00454902,0.00454902,0.00454902,0.00454902,0.00454902,0.00454902,0.004588235,0.004882353,0.000862745
0.470588235,0.529411765,0.588235294,0.647058824,0.647058824,0.647058824,0.647058824,0.588235294,0.588235294,0.529411765,0.470588235,0.470588235,0.529411765,0.588235294,0.529411765,0.470588235,0.41176470600000004,0.352941176,0.352941176,0.352941176,0.294117647,0.294117647,0.294117647,0.294117647,0.294117647,0.235294118,0.235294118,0.294117647,0.352941176,0.294117647
0.632058824,0.6323529410000001,0.633137255,0.629803922,0.629215686,0.631568627,0.633039216,0.633529412,0.636764706,0.639607843,0.643529412,0.646960784,0.649411765,0.648137255,0.6503921570000001,0.651666667,0.654803922,0.657647059,0.660392157,0.664215686,0.671960784,0.676078431,0.67754902,0.678529412,0.6807843140000001,0.68372549,0.6861764709999999,0.686764706,0.686862745,0.688137255
0.714313725,0.7147058820000001,0.71754902,0.709803922,0.7099019609999999,0.714313725,0.715098039,0.715294118,0.716764706,0.719411765,0.72372549,0.7271568629999999,0.7297058820000001,0.725490196,0.7270588240000001,0.727647059,0.731470588,0.736568627,0.737647059,0.741568627,0.7517647059999999,0.757254902,0.7578431370000001,0.757745098,0.7589215690000001,0.762745098,0.7650980390000001,0.764509804,0.7639215690000001,0.763529412
0.573235294,0.574313725,0.574117647,0.5747058820000001,0.574411765,0.575392157,0.577058824,0.577647059,0.580588235,0.584117647,0.586862745,0.589607843,0.5921568629999999,0.594411765,0.594509804,0.59627451,0.5984313729999999,0.598529412,0.602352941,0.6076470589999999,0.612745098,0.61627451,0.618921569,0.6216666670000001,0.6238235289999999,0.626372549,0.628921569,0.63127451,0.632745098,0.635294118
0.724722222,0.716722222,0.723888889,0.742,0.750722222,0.755722222,0.7516666670000001,0.7538888890000001,0.7536666670000001,0.7443333329999999,0.741055556,0.734833333,0.738,0.7466666670000001,0.744277778,0.7435,0.7404444440000001,0.7305,0.728555556,0.7271111109999999,0.717944444,0.7023888890000001,0.7022222220000001,0.701833333,0.7033888890000001,0.7003888890000001,0.698611111,0.701722222,0.708666667,0.715333333
0.011611111,0.0070740740000000005,0.007148148000000001,0.011685185,0.011685185,0.011685185,0.011685185,0.011685185,0.010666667,0.007148148000000001,0.00712963,0.00712963,0.010925926,0.011296296,0.011296296,0.010648148,0.01062963,0.01062963,0.010388889,0.008907406999999999,0.008833333,0.004296296,0.004296296,0.004296296,0.004296296,0.004296296,0.004296296,0.004333333,0.004611110999999999,0.004611110999999999
0.5,0.5,0.5555555560000001,0.611111111,0.611111111,0.611111111,0.611111111,0.611111111,0.611111111,0.5555555560000001,0.5,0.444444444,0.5,0.5555555560000001,0.5555555560000001,0.5,0.444444444,0.38888888899999996,0.38888888899999996,0.38888888899999996,0.333333333,0.27777777800000003,0.27777777800000003,0.27777777800000003,0.27777777800000003,0.27777777800000003,0.222222222,0.27777777800000003,0.333333333,0.333333333
0.628148148,0.632222222,0.633055556,0.631296296,0.629907407,0.630185185,0.632962963,0.6340740739999999,0.634259259,0.6375925929999999,0.641388889,0.645740741,0.648703704,0.648148148,0.650833333,0.651944444,0.653148148,0.657407407,0.658981481,0.663148148,0.667962963,0.6736111109999999,0.6758333329999999,0.677314815,0.6791666670000001,0.681666667,0.6842592590000001,0.6859259259999999,0.686666667,0.687592593
0.707962963,0.71462963,0.715740741,0.7130555559999999,0.7094444440000001,0.7112037040000001,0.715833333,0.7165740740000001,0.715740741,0.718425926,0.7212962959999999,0.7262962959999999,0.7294444440000001,0.7259259259999999,0.7289814809999999,0.7280555559999999,0.7284259259999999,0.736018519,0.736666667,0.7411111109999999,0.74537037,0.754259259,0.7564814809999999,0.756851852,0.757962963,0.7605555559999999,0.764074074,0.7638888890000001,0.764259259,0.763796296
0.5714814810000001,0.5736111110000001,0.575,0.574074074,0.57462963,0.5750925929999999,0.576018519,0.5779629629999999,0.5791666670000001,0.5815740739999999,0.585185185,0.587685185,0.591203704,0.592962963,0.5952777779999999,0.596018519,0.598333333,0.598333333,0.601111111,0.606481481,0.610555556,0.6138888889999999,0.61712963,0.619722222,0.62212963,0.625185185,0.627222222,0.629722222,0.6310185189999999,0.634351852
0.725263158,0.729157895,0.718157895,0.7338947370000001,0.7422105259999999,0.7502105259999999,0.751736842,0.751473684,0.751894737,0.7509999999999999,0.7409473679999999,0.737736842,0.736842105,0.744157895,0.740052632,0.742157895,0.7390000000000001,0.733789474,0.730473684,0.7314210529999999,0.719315789,0.7135263159999999,0.7045263159999999,0.703894737,0.702157895,0.702894737,0.6995263159999999,0.701789474,0.707157895,0.713368421
0.011350876999999999,0.012491228,0.00677193,0.011070175,0.011070175,0.011070175,0.011070175,0.011070175,0.011070175,0.010105263,0.00677193,0.006754385999999999,0.010350877,0.010701753999999999,0.010701753999999999,0.010701753999999999,0.010087719,0.010070175,0.010105263,0.009929825,0.008438596,0.008368421,0.004070175,0.004070175,0.004070175,0.004070175,0.004070175,0.004105263,0.004368421,0.004368421
0.526315789,0.526315789,0.526315789,0.578947368,0.578947368,0.578947368,0.578947368,0.578947368,0.6315789470000001,0.578947368,0.526315789,0.473684211,0.473684211,0.526315789,0.526315789,0.526315789,0.473684211,0.42105263200000004,0.42105263200000004,0.42105263200000004,0.36842105299999994,0.31578947399999996,0.263157895,0.263157895,0.263157895,0.263157895,0.263157895,0.263157895,0.31578947399999996,0.31578947399999996
0.628070175,0.628508772,0.632894737,0.631315789,0.631315789,0.630789474,0.6315789470000001,0.633947368,0.634736842,0.635175439,0.639385965,0.643596491,0.64745614,0.64754386,0.650701754,0.652280702,0.653333333,0.655701754,0.658684211,0.661666667,0.666754386,0.669736842,0.673508772,0.6757017540000001,0.677982456,0.6800877190000001,0.682280702,0.684122807,0.6858771929999999,0.687368421
0.7054385959999999,0.708596491,0.715614035,0.711578947,0.71254386,0.710701754,0.712807018,0.717192982,0.716929825,0.717368421,0.720263158,0.7238596490000001,0.7285087720000001,0.725877193,0.7292105259999999,0.7298245609999999,0.72877193,0.7328947370000001,0.736140351,0.74,0.744736842,0.748070175,0.7536842109999999,0.755614035,0.7571052629999999,0.759561404,0.761929825,0.7629824559999999,0.763684211,0.764122807
0.572631579,0.571929825,0.574298246,0.574912281,0.5740350879999999,0.5752631579999999,0.575701754,0.576929825,0.579385965,0.580175439,0.582719298,0.586052632,0.589298246,0.592017544,0.593859649,0.596666667,0.597982456,0.598245614,0.6007894739999999,0.605087719,0.609298246,0.611754386,0.614824561,0.617982456,0.620263158,0.623508772,0.626052632,0.628070175,0.6295614039999999,0.632631579
0.71805,0.72945,0.7299,0.72795,0.7345,0.74215,0.7467,0.75155,0.7497,0.74945,0.74745,0.7378,0.7395,0.74275,0.738,0.73825,0.73795,0.73275,0.7336,0.7331,0.7238,0.71505,0.715,0.706,0.7041,0.70175,0.70195,0.7025,0.70695,0.7117
0.010783333,0.0122,0.011933333,0.010516667,0.010516667,0.010516667,0.010516667,0.010516667,0.010516667,0.010516667,0.0096,0.006433333,0.009833333,0.010166666999999999,0.010166666999999999,0.010166666999999999,0.010166666999999999,0.009583333000000001,0.0096,0.009683333,0.009433333,0.008016667,0.00795,0.0038666670000000003,0.0038666670000000003,0.0038666670000000003,0.0038666670000000003,0.0039,0.00415,0.00415
0.5,0.55,0.55,0.55,0.55,0.55,0.55,0.55,0.6,0.6,0.55,0.5,0.5,0.5,0.5,0.5,0.5,0.45,0.45,0.45,0.4,0.35,0.3,0.25,0.25,0.25,0.25,0.3,0.3,0.3
0.62975,0.628416667,0.6293333329999999,0.63125,0.6313333329999999,0.632083333,0.632083333,0.632583333,0.6345833329999999,0.6355833329999999,0.637,0.6415833329999999,0.645333333,0.646416667,0.65,0.652083333,0.6535833329999999,0.65575,0.657,0.66125,0.665166667,0.6685,0.6698333329999999,0.6735,0.676416667,0.6789166670000001,0.68075,0.68225,0.6841666670000001,0.686583333
0.707583333,0.7061666670000001,0.709833333,0.711666667,0.711166667,0.713583333,0.71225,0.71425,0.7175,0.7184166670000001,0.719166667,0.72275,0.7260833329999999,0.725166667,0.7290000000000001,0.73,0.7304166670000001,0.733,0.733166667,0.7393333329999999,0.7435,0.7473333329999999,0.747833333,0.753,0.755916667,0.7586666670000001,0.760916667,0.7609999999999999,0.762833333,0.7635833329999999
0.5735,0.573,0.572666667,0.57425,0.574833333,0.574666667,0.575833333,0.576583333,0.578333333,0.580333333,0.581333333,0.583666667,0.587666667,0.590166667,0.592916667,0.59525,0.5985,0.597916667,0.600583333,0.604583333,0.607833333,0.6105,0.61275,0.61575,0.618583333,0.6216666670000001,0.624416667,0.626916667,0.628,0.631166667
0.7078095240000001,0.7223809520000001,0.730142857,0.738666667,0.7288095240000001,0.7348095240000001,0.739190476,0.746761905,0.749857143,0.74747619,0.746142857,0.744142857,0.73947619,0.745,0.7369523809999999,0.736380952,0.7344285709999999,0.732047619,0.732619048,0.7359523809999999,0.725761905,0.71952381,0.7163809520000001,0.7159047620000001,0.706095238,0.703619048,0.7009047620000001,0.704666667,0.7073809520000001,0.7112857140000001
0.010269841,0.011619048,0.01168254,0.015253968,0.010015873,0.010015873,0.010015873,0.010015873,0.010015873,0.010015873,0.010015873,0.009142856999999999,0.009380952,0.00968254,0.00968254,0.00968254,0.00968254,0.00968254,0.00915873,0.009222221999999999,0.009222221999999999,0.008984127,0.007634920999999999,0.007571429,0.00368254,0.00368254,0.00368254,0.003714286,0.003952381,0.003952381
0.47619047600000003,0.523809524,0.571428571,0.571428571,0.523809524,0.523809524,0.523809524,0.523809524,0.571428571,0.571428571,0.571428571,0.523809524,0.523809524,0.523809524,0.47619047600000003,0.47619047600000003,0.47619047600000003,0.47619047600000003,0.47619047600000003,0.47619047600000003,0.428571429,0.380952381,0.333333333,0.28571428600000004,0.23809523800000001,0.23809523800000001,0.23809523800000001,0.28571428600000004,0.333333333,0.28571428600000004
0.632460317,0.63,0.6292063489999999,0.627936508,0.631269841,0.632063492,0.633253968,0.633015873,0.633253968,0.635396825,0.6373015870000001,0.639206349,0.643333333,0.644444444,0.648809524,0.651349206,0.653333333,0.655873016,0.6569841270000001,0.65952381,0.664603175,0.666904762,0.6686507939999999,0.67,0.674285714,0.677380952,0.679603175,0.6807936509999999,0.682380952,0.684920635
0.7122222220000001,0.708174603,0.707460317,0.706349206,0.7112698409999999,0.7122222220000001,0.714920635,0.7136507940000001,0.71468254,0.718888889,0.720079365,0.721587302,0.724920635,0.7230158729999999,0.7281746029999999,0.729761905,0.730555556,0.734365079,0.733253968,0.736349206,0.742698413,0.746031746,0.747142857,0.747460317,0.753412698,0.757460317,0.76,0.760079365,0.760952381,0.762777778
0.574365079,0.573809524,0.573650794,0.572698413,0.574206349,0.575396825,0.575238095,0.576666667,0.577936508,0.579285714,0.581428571,0.582301587,0.58531746,0.588571429,0.591111111,0.594285714,0.5970634920000001,0.598412698,0.60015873,0.604206349,0.607222222,0.609047619,0.6115079370000001,0.6137301589999999,0.616428571,0.62,0.622619048,0.62531746,0.626904762,0.629603175
0.694954545,0.7124090909999999,0.723363636,0.7385,0.7390000000000001,0.729363636,0.732318182,0.739590909,0.7453636359999999,0.747727273,0.744409091,0.743045455,0.745454545,0.744727273,0.739363636,0.735454545,0.732818182,0.728954545,0.731954545,0.7349090909999999,0.728818182,0.7215909090000001,0.7205909090000001,0.7171818179999999,0.715545455,0.705545455,0.7027272729999999,0.703545455,0.709227273,0.7115
0.00980303,0.011090909,0.011151515,0.014863636000000001,0.014560606,0.009560606,0.009560606,0.009560606,0.009560606,0.009560606,0.009560606,0.009560606,0.011833333,0.009257576,0.009242424,0.009242424,0.009242424,0.009242424,0.009272727,0.008818181999999999,0.00880303,0.00880303,0.008575758000000001,0.007287879000000001,0.007227273,0.003515152,0.003515152,0.003545455,0.003772727,0.003772727
0.454545455,0.5,0.545454545,0.590909091,0.545454545,0.5,0.5,0.5,0.545454545,0.545454545,0.545454545,0.545454545,0.545454545,0.545454545,0.5,0.454545455,0.454545455,0.454545455,0.5,0.5,0.454545455,0.409090909,0.363636364,0.318181818,0.272727273,0.22727272699999998,0.22727272699999998,0.272727273,0.318181818,0.318181818
0.6338636360000001,0.632575758,0.630681818,0.627878788,0.628106061,0.631969697,0.633181818,0.634090909,0.633636364,0.634090909,0.637045455,0.639393939,0.640984848,0.642575758,0.6468181820000001,0.650151515,0.652575758,0.6555303029999999,0.657045455,0.659393939,0.66280303,0.666287879,0.6671212120000001,0.668863636,0.6709090910000001,0.67530303,0.6781060609999999,0.67969697,0.6809848479999999,0.683181818
0.71530303,0.712575758,0.7093181820000001,0.704242424,0.706212121,0.712272727,0.7135606059999999,0.716136364,0.714090909,0.716136364,0.720454545,0.722348485,0.7237121209999999,0.722045455,0.725984848,0.7289393940000001,0.73030303,0.734318182,0.734545455,0.736287879,0.73969697,0.745151515,0.7459090909999999,0.746818182,0.748106061,0.755,0.7587878790000001,0.7592424240000001,0.7600757579999999,0.760984848
0.5727272729999999,0.574621212,0.574393939,0.573636364,0.5727272729999999,0.574772727,0.575909091,0.576060606,0.577954545,0.578863636,0.580378788,0.582348485,0.583939394,0.586287879,0.589545455,0.5925,0.596060606,0.597045455,0.600530303,0.603636364,0.606742424,0.6084090910000001,0.610075758,0.6125,0.614469697,0.617878788,0.620984848,0.623560606,0.625378788,0.6284848479999999
0.688478261,0.699913043,0.713782609,0.731652174,0.7388260870000001,0.739086957,0.7272173909999999,0.733,0.738565217,0.7435217390000001,0.744782609,0.7415217390000001,0.7443478259999999,0.750217391,0.7393478259999999,0.7378260870000001,0.732086957,0.727652174,0.7290000000000001,0.734173913,0.728130435,0.7246956520000001,0.722521739,0.721173913,0.716782609,0.714608696,0.704608696,0.705173913,0.707956522,0.713086957
0.009376812,0.010608696,0.010666667,0.014217391000000001,0.014217391000000001,0.013927536,0.009144928,0.009144928,0.009144928,0.009144928,0.009144928,0.009144928,0.012115942,0.011608696000000002,0.008855072,0.00884058,0.00884058,0.00884058,0.008869565,0.008942029,0.008434783000000001,0.00842029,0.00842029,0.008202899,0.006971014,0.006913043000000001,0.0033623190000000003,0.0033913040000000004,0.0036086959999999998,0.0036086959999999998
0.434782609,0.47826087,0.52173913,0.565217391,0.565217391,0.52173913,0.47826087,0.47826087,0.52173913,0.52173913,0.52173913,0.52173913,0.565217391,0.565217391,0.52173913,0.47826087,0.434782609,0.434782609,0.47826087,0.52173913,0.47826087,0.434782609,0.39130434799999997,0.347826087,0.304347826,0.260869565,0.21739130399999998,0.260869565,0.304347826,0.304347826
0.633985507,0.633913043,0.633115942,0.629347826,0.6280434779999999,0.628913043,0.6330434779999999,0.633985507,0.6346376810000001,0.63442029,0.635724638,0.6390579710000001,0.6410869570000001,0.640362319,0.644927536,0.648188406,0.6513768120000001,0.654710145,0.656666667,0.659347826,0.662536232,0.664492754,0.666521739,0.667391304,0.669782609,0.6720289859999999,0.676086957,0.67826087,0.6799275359999999,0.681811594
0.717463768,0.7155072459999999,0.7134782609999999,0.70615942,0.7042028990000001,0.707391304,0.713550725,0.714782609,0.716449275,0.7155072459999999,0.717753623,0.722608696,0.7243478259999999,0.721014493,0.7249275359999999,0.7268115940000001,0.729492754,0.7339130429999999,0.734492754,0.7373913040000001,0.739492754,0.742173913,0.745072464,0.7456521740000001,0.7474637679999999,0.749855072,0.7563768120000001,0.758115942,0.759275362,0.760144928
0.571376812,0.573043478,0.5751449279999999,0.574347826,0.573623188,0.573333333,0.575289855,0.576666667,0.577318841,0.57884058,0.579927536,0.581304348,0.583913043,0.584927536,0.587318841,0.590942029,0.5942753620000001,0.596086957,0.599130435,0.60384058,0.606086957,0.607898551,0.60942029,0.611086957,0.61326087,0.615942029,0.6189130429999999,0.6219565220000001,0.623695652,0.6269565220000001
0.685125,0.6935,0.70175,0.722125,0.73225,0.738916667,0.736625,0.7280833329999999,0.732291667,0.737083333,0.740875,0.742,0.742833333,0.7489583329999999,0.744833333,0.737875,0.7345,0.727166667,0.72775,0.73125,0.7277083329999999,0.724208333,0.725458333,0.723,0.720625,0.715833333,0.713333333,0.706875,0.709333333,0.7117083329999999
0.008986111,0.010166666999999999,0.010222222,0.013625,0.013625,0.013625,0.013347221999999999,0.008763889,0.008763889,0.008763889,0.008763889,0.008763889,0.011611111,0.011888889,0.011125,0.008486111,0.008472222,0.008472222,0.0085,0.008569444,0.008569444,0.008083333,0.008069444,0.008069444,0.007861111,0.006680556,0.006625,0.00325,0.003458333,0.003458333
0.41666666700000005,0.45833333299999995,0.5,0.541666667,0.541666667,0.541666667,0.5,0.45833333299999995,0.5,0.5,0.5,0.5,0.541666667,0.583333333,0.541666667,0.5,0.45833333299999995,0.41666666700000005,0.45833333299999995,0.5,0.5,0.45833333299999995,0.41666666700000005,0.375,0.333333333,0.291666667,0.25,0.25,0.291666667,0.291666667
0.634652778,0.634027778,0.634375,0.631736111,0.629444444,0.628819444,0.630069444,0.633819444,0.6345138889999999,0.635347222,0.635972222,0.637708333,0.640694444,0.640486111,0.642708333,0.646319444,0.649444444,0.653472222,0.655833333,0.658888889,0.6623611110000001,0.664166667,0.664791667,0.666805556,0.668333333,0.670902778,0.6729166670000001,0.6763194440000001,0.6785416670000001,0.6807638890000001
0.7186805559999999,0.7175694440000001,0.71625,0.7102777779999999,0.706041667,0.705416667,0.7088194440000001,0.714722222,0.7151388890000001,0.7177083329999999,0.7170833329999999,0.7199305559999999,0.724513889,0.7217361109999999,0.7238194440000001,0.7257638890000001,0.727430556,0.732986111,0.734097222,0.737222222,0.7404166670000001,0.741875,0.742222222,0.744861111,0.746319444,0.749166667,0.751388889,0.755833333,0.758194444,0.759375
0.571805556,0.571736111,0.5736111110000001,0.5750694439999999,0.574305556,0.5741666670000001,0.573888889,0.576041667,0.577847222,0.578194444,0.579861111,0.580833333,0.582847222,0.584861111,0.585972222,0.58875,0.5927083329999999,0.594375,0.598125,0.602361111,0.606180556,0.607222222,0.6088888889999999,0.6104166670000001,0.611875,0.614722222,0.617013889,0.619930556,0.622152778,0.625277778
0.67752,0.69008,0.69552,0.71024,0.7230800000000001,0.7326,0.73656,0.7370800000000001,0.7276,0.73112,0.7348,0.73836,0.74324,0.74732,0.74384,0.7432,0.73468,0.72968,0.72728,0.72996,0.72516,0.72396,0.72496,0.7258,0.7224,0.7195600000000001,0.7145600000000001,0.71516,0.7108,0.7128800000000001
0.008626667,0.00976,0.009813333,0.013080000000000001,0.013080000000000001,0.013080000000000001,0.013080000000000001,0.012813333,0.008413333,0.008413333,0.008413333,0.008413333,0.011146666999999999,0.011413333000000001,0.011413333000000001,0.01068,0.008146667,0.008133333000000001,0.008159999999999999,0.008226667,0.008226667,0.008226667,0.0077599999999999995,0.007746667,0.007746667,0.007546667,0.006413333,0.0063866669999999995,0.0033200000000000005,0.0033200000000000005
0.4,0.44,0.48,0.52,0.52,0.52,0.52,0.48,0.48,0.48,0.48,0.48,0.52,0.56,0.56,0.52,0.48,0.44,0.44,0.48,0.48,0.48,0.44,0.4,0.36,0.32,0.28,0.28,0.28,0.28
0.634466667,0.6346666670000001,0.634466667,0.633,0.631733333,0.630133333,0.629933333,0.630933333,0.6343333329999999,0.6352,0.6368,0.637866667,0.639333333,0.640133333,0.642733333,0.644133333,0.6476,0.6515333329999999,0.6546,0.6579999999999999,0.6618,0.663933333,0.664466667,0.665133333,0.6677333329999999,0.669466667,0.6718,0.673266667,0.676666667,0.6794
0.7188,0.718733333,0.7182,0.713066667,0.71,0.7071333329999999,0.706866667,0.7101333329999999,0.715066667,0.7164,0.7191333329999999,0.7192,0.721866667,0.722,0.7244,0.724666667,0.7264,0.730866667,0.7332,0.736733333,0.740133333,0.7426666670000001,0.741933333,0.742133333,0.745533333,0.748,0.7506666670000001,0.751066667,0.7559999999999999,0.7583333329999999
0.5700666670000001,0.572133333,0.572333333,0.5736,0.575,0.5748,0.574666667,0.574666667,0.5772,0.578666667,0.5792,0.580733333,0.582333333,0.5838,0.585866667,0.5874,0.590533333,0.592866667,0.5964,0.601266667,0.604666667,0.607266667,0.6082,0.609866667,0.6112,0.6133333329999999,0.6158,0.618066667,0.6202,0.623733333
0.677384615,0.682576923,0.692153846,0.703923077,0.711615385,0.7237692309999999,0.730576923,0.737,0.736269231,0.7266538459999999,0.729153846,0.732615385,0.739692308,0.7475384620000001,0.7424615379999999,0.742307692,0.739923077,0.730038462,0.729692308,0.729423077,0.724153846,0.7216538459999999,0.724692308,0.725307692,0.725115385,0.721307692,0.718192308,0.716269231,0.718615385,0.714153846
0.008487179000000001,0.009384615,0.009435897,0.012576923,0.012576923,0.012576923,0.012576923,0.012576923,0.012320513,0.008089744,0.008089744,0.008089744,0.010717949,0.010974359,0.010974359,0.010974359,0.010269231,0.007833333,0.007846154000000001,0.007910256,0.007910256,0.007910256,0.007910256,0.007461538,0.007448718000000001,0.007448718000000001,0.00725641,0.0061923080000000005,0.006333333000000001,0.003192308
0.423076923,0.423076923,0.46153846200000004,0.5,0.5,0.5,0.5,0.5,0.5,0.46153846200000004,0.46153846200000004,0.46153846200000004,0.5,0.538461538,0.538461538,0.538461538,0.5,0.46153846200000004,0.46153846200000004,0.46153846200000004,0.46153846200000004,0.46153846200000004,0.46153846200000004,0.423076923,0.384615385,0.346153846,0.307692308,0.307692308,0.307692308,0.269230769
0.632115385,0.634487179,0.6350641029999999,0.633141026,0.632948718,0.632307692,0.631153846,0.630769231,0.6315384620000001,0.635,0.636602564,0.638589744,0.639423077,0.638846154,0.642307692,0.644102564,0.6454487179999999,0.649679487,0.652692308,0.6567307689999999,0.660833333,0.663333333,0.664230769,0.664807692,0.666089744,0.668846154,0.670384615,0.6721794870000001,0.673717949,0.6775641029999999
0.7166025640000001,0.7188461540000001,0.7192948720000001,0.715064103,0.7126923079999999,0.710897436,0.708461538,0.708205128,0.7106410259999999,0.716282051,0.7178205129999999,0.721089744,0.721089744,0.7195512820000001,0.7245512820000001,0.725192308,0.725320513,0.72974359,0.7311538459999999,0.7357692309999999,0.739551282,0.742307692,0.742692308,0.741858974,0.742884615,0.747179487,0.7494871790000001,0.750384615,0.7514102559999999,0.7562179490000001
0.568333333,0.570448718,0.5726923079999999,0.572371795,0.573589744,0.575448718,0.57525641,0.575384615,0.575833333,0.5780128210000001,0.579615385,0.580064103,0.582179487,0.583269231,0.584807692,0.58724359,0.589166667,0.590769231,0.594871795,0.599487179,0.6035256410000001,0.605769231,0.6082051279999999,0.609166667,0.610641026,0.612628205,0.614423077,0.616858974,0.618397436,0.621794872
0.681518519,0.6822592590000001,0.684851852,0.70037037,0.705481481,0.712703704,0.7221481479999999,0.731222222,0.736222222,0.735037037,0.7249259259999999,0.7272592590000001,0.7341111109999999,0.743962963,0.742851852,0.741037037,0.739185185,0.7352592590000001,0.730037037,0.731666667,0.723851852,0.720814815,0.7224444440000001,0.725037037,0.724666667,0.723962963,0.7199259259999999,0.719703704,0.719555556,0.721555556
0.010765432,0.009222221999999999,0.00908642,0.012111111,0.012111111,0.012111111,0.012111111,0.012111111,0.012111111,0.011864198000000001,0.007790123,0.007790123,0.010320988,0.010567901000000001,0.010567901000000001,0.010567901000000001,0.010567901000000001,0.009888889,0.007567901,0.007617284,0.007617284,0.007617284,0.007617284,0.007617284,0.007185185,0.00717284,0.00717284,0.007012346,0.006148148000000001,0.006098765
0.444444444,0.444444444,0.444444444,0.481481481,0.481481481,0.481481481,0.481481481,0.481481481,0.518518519,0.481481481,0.444444444,0.444444444,0.481481481,0.518518519,0.518518519,0.518518519,0.518518519,0.481481481,0.481481481,0.481481481,0.444444444,0.444444444,0.444444444,0.444444444,0.40740740700000005,0.37037037,0.333333333,0.333333333,0.333333333,0.296296296
0.630617284,0.632222222,0.634876543,0.633765432,0.63308642,0.63345679,0.633209877,0.63191358,0.631358025,0.632283951,0.636358025,0.638333333,0.6400617279999999,0.638950617,0.640987654,0.643641975,0.64537037,0.647530864,0.650864198,0.654814815,0.6595061729999999,0.662345679,0.663641975,0.664567901,0.665740741,0.667222222,0.669753086,0.670802469,0.6726543209999999,0.674691358
0.7146913579999999,0.716728395,0.7193827159999999,0.716234568,0.71462963,0.71345679,0.712037037,0.7096913579999999,0.7087654320000001,0.7119753090000001,0.7176543209999999,0.719753086,0.7228395059999999,0.718888889,0.722098765,0.725308642,0.725802469,0.728580247,0.730061728,0.7337037040000001,0.7385185190000001,0.7416666670000001,0.742345679,0.742592593,0.742592593,0.7445679009999999,0.748641975,0.749259259,0.750740741,0.7517901229999999
0.567839506,0.5687654320000001,0.571049383,0.572716049,0.572407407,0.574074074,0.575864198,0.575925926,0.576481481,0.576666667,0.5789506170000001,0.580432099,0.581481481,0.58308642,0.584259259,0.58617284,0.5889506170000001,0.589444444,0.592777778,0.597901235,0.601728395,0.60462963,0.606728395,0.6091358020000001,0.6099382720000001,0.612037037,0.613703704,0.615493827,0.617222222,0.62
0.68175,0.6860714290000001,0.684464286,0.6930357140000001,0.7020000000000001,0.70675,0.711535714,0.7230714290000001,0.7306785709999999,0.735035714,0.7330714290000001,0.72325,0.7288928570000001,0.7384285709999999,0.7395714290000001,0.7414642859999999,0.7380714290000001,0.734714286,0.7350714290000001,0.731928571,0.7262142859999999,0.7206428570000001,0.721607143,0.7228571429999999,0.7244285709999999,0.723571429,0.722535714,0.7213214290000001,0.72275,0.722357143
0.010380951999999999,0.011392857,0.008940476,0.011678571,0.011678571,0.011678571,0.011678571,0.011678571,0.011678571,0.011678571,0.011440476000000002,0.007511905,0.009952381,0.010190476,0.010190476,0.010190476,0.010190476,0.010190476,0.009559524,0.007357143000000001,0.0073452380000000005,0.0073452380000000005,0.0073452380000000005,0.0073452380000000005,0.0073452380000000005,0.006928571,0.006916667,0.006940476,0.006940476,0.005928571
0.428571429,0.46428571399999996,0.46428571399999996,0.46428571399999996,0.46428571399999996,0.46428571399999996,0.46428571399999996,0.46428571399999996,0.5,0.5,0.46428571399999996,0.428571429,0.46428571399999996,0.5,0.5,0.5,0.5,0.5,0.5,0.5,0.46428571399999996,0.428571429,0.428571429,0.428571429,0.428571429,0.39285714299999996,0.35714285700000004,0.35714285700000004,0.35714285700000004,0.321428571
0.629702381,0.63077381,0.632678571,0.6336309520000001,0.6336904760000001,0.633571429,0.634285714,0.633869048,0.632440476,0.632083333,0.6336904760000001,0.638035714,0.639761905,0.6395833329999999,0.641011905,0.642321429,0.6448809520000001,0.647380952,0.64875,0.65297619,0.657559524,0.661011905,0.662678571,0.663988095,0.66547619,0.666845238,0.668154762,0.670178571,0.6713095240000001,0.673630952
0.7147023809999999,0.714880952,0.7173214290000001,0.7164285709999999,0.71577381,0.7152976190000001,0.7144642859999999,0.713095238,0.7101785709999999,0.7101190479999999,0.713452381,0.71952381,0.721488095,0.720654762,0.721369048,0.722916667,0.7258928570000001,0.728928571,0.728928571,0.732559524,0.7364285709999999,0.7405952379999999,0.74172619,0.742261905,0.74327381,0.74422619,0.746071429,0.7484523809999999,0.749642857,0.751130952
0.566547619,0.56827381,0.569404762,0.5711309520000001,0.572738095,0.572916667,0.57452381,0.576488095,0.576964286,0.577261905,0.577619048,0.579761905,0.581785714,0.5823809520000001,0.584047619,0.585595238,0.5878571429999999,0.58922619,0.591428571,0.59577381,0.6001190479999999,0.6028571429999999,0.6055952379999999,0.607678571,0.609880952,0.6113095239999999,0.613095238,0.614761905,0.6158928570000001,0.618809524
0.6818275859999999,0.686137931,0.6880689659999999,0.69237931,0.694862069,0.703344828,0.705827586,0.712793103,0.722827586,0.729724138,0.7331379309999999,0.7311724140000001,0.724965517,0.7332413790000001,0.73437931,0.738344828,0.738586207,0.733793103,0.734551724,0.7367241379999999,0.7266551720000001,0.723034483,0.721413793,0.722034483,0.722344828,0.72337931,0.7222068970000001,0.723793103,0.7242068970000001,0.725344828
0.010022989,0.011000000000000001,0.011045977,0.011448276,0.011275862,0.011275862,0.011275862,0.011275862,0.011275862,0.011275862,0.011275862,0.011045977,0.009609195,0.00983908,0.00983908,0.00983908,0.00983908,0.00983908,0.009862069000000001,0.009287356,0.007103448,0.007091954,0.007091954,0.007091954,0.007091954,0.007091954,0.006689655,0.006701149,0.006873563,0.006701149
0.413793103,0.448275862,0.482758621,0.482758621,0.448275862,0.448275862,0.448275862,0.448275862,0.482758621,0.482758621,0.482758621,0.448275862,0.448275862,0.482758621,0.482758621,0.482758621,0.482758621,0.482758621,0.517241379,0.517241379,0.482758621,0.448275862,0.413793103,0.413793103,0.413793103,0.413793103,0.379310345,0.379310345,0.379310345,0.344827586
0.629252874,0.6298850570000001,0.631264368,0.631551724,0.6335632179999999,0.634137931,0.634367816,0.634885057,0.634310345,0.633103448,0.633448276,0.635402299,0.639425287,0.639310345,0.6415517239999999,0.6422988510000001,0.6435632179999999,0.64683908,0.6485632179999999,0.650862069,0.655689655,0.65908046,0.66137931,0.663045977,0.664885057,0.666551724,0.667758621,0.66862069,0.670689655,0.672298851
0.7146551720000001,0.714885057,0.7155172409999999,0.71454023,0.7159770109999999,0.71637931,0.7162068970000001,0.7154022990000001,0.7134482759999999,0.711436782,0.711609195,0.7154022990000001,0.7212068970000001,0.7194252870000001,0.722988506,0.722183908,0.723563218,0.7289080459999999,0.729252874,0.73137931,0.735229885,0.738505747,0.740689655,0.7416666670000001,0.742931034,0.744827586,0.745689655,0.7459770109999999,0.748850575,0.750057471
0.565747126,0.567011494,0.568908046,0.56954023,0.571206897,0.573218391,0.573390805,0.575172414,0.577471264,0.577701149,0.57816092,0.578448276,0.581091954,0.5826436779999999,0.583333333,0.585344828,0.587241379,0.58816092,0.591149425,0.594367816,0.597988506,0.6012643679999999,0.603850575,0.606551724,0.6084482760000001,0.6112068970000001,0.612356322,0.614137931,0.615172414,0.617471264
0.680233333,0.6860666670000001,0.6880666670000001,0.6956,0.6941666670000001,0.6964,0.702566667,0.707233333,0.7129,0.722166667,0.728066667,0.7313,0.7325666670000001,0.7293,0.7295,0.7333666670000001,0.735666667,0.734433333,0.733666667,0.736166667,0.7314666670000001,0.723566667,0.7237,0.721833333,0.721566667,0.7214,0.722066667,0.723433333,0.7265,0.726666667
0.009688889000000001,0.010633333,0.010677778,0.0134,0.011066666999999999,0.0109,0.0109,0.0109,0.0109,0.0109,0.0109,0.0109,0.012955556000000002,0.009511111,0.009511111,0.009511111,0.009511111,0.009511111,0.009533333,0.009588889,0.008977778,0.006866667,0.006855556,0.006855556,0.006855556,0.006855556,0.006855556,0.006488889,0.006644444,0.006644444
0.4,0.433333333,0.46666666700000003,0.5,0.46666666700000003,0.433333333,0.433333333,0.433333333,0.46666666700000003,0.46666666700000003,0.46666666700000003,0.46666666700000003,0.46666666700000003,0.46666666700000003,0.46666666700000003,0.46666666700000003,0.46666666700000003,0.46666666700000003,0.5,0.533333333,0.5,0.46666666700000003,0.433333333,0.4,0.4,0.4,0.4,0.4,0.4,0.36666666700000006
0.628222222,0.629444444,0.630388889,0.630222222,0.631555556,0.634,0.634888889,0.6349444439999999,0.635277778,0.634888889,0.634388889,0.6351111110000001,0.636833333,0.639,0.641222222,0.642777778,0.6435,0.6455,0.648,0.650611111,0.653555556,0.657222222,0.6595,0.6617777779999999,0.663944444,0.665944444,0.667444444,0.668222222,0.669166667,0.671666667
0.714888889,0.714833333,0.7155,0.712888889,0.714166667,0.716555556,0.7172222220000001,0.7170555559999999,0.715666667,0.714555556,0.712833333,0.713555556,0.717166667,0.7192222220000001,0.721722222,0.723722222,0.722833333,0.726555556,0.729222222,0.731611111,0.7340000000000001,0.7372777779999999,0.738666667,0.7406666670000001,0.7423333329999999,0.7444444440000001,0.746222222,0.745611111,0.7464444440000001,0.749277778
0.562777778,0.566222222,0.567666667,0.569055556,0.569666667,0.571722222,0.573666667,0.574055556,0.5761666670000001,0.5781666670000001,0.578555556,0.578944444,0.579777778,0.581944444,0.583555556,0.584611111,0.586944444,0.587555556,0.590055556,0.594,0.596555556,0.599166667,0.6022777779999999,0.604833333,0.6073333329999999,0.609777778,0.612222222,0.613388889,0.614555556,0.616722222
